Position	NT Change	ORFs	AA Change	Week	Region	Count	Total Coverage	Abundance
27810	T27810C	ORF7b	F19L	2024-09-15	3	1061338	14410615	0.07364973666980902
17334	G17334T	ORF1	T5690T	2024-09-15	3	455171	8099280	0.05619894607915765
19716	C19716T	ORF1	Y6484Y	2024-09-15	3	1041485	23209798	0.04487264387221293
28291	C28291A	N	P6P	2024-09-15	3	221120	55054326	0.004016396459017589
2060	G2060A	ORF1	A599T	2024-09-15	7	4	6414089	6.236271433090499e-07
15372	G15372T	ORF1	T5036T	2024-09-15	3	227602	4225572	0.05386300363595745
28883	G28883C, G28884C	N	G204P	2024-09-15	3	77117	8972413	0.008594900836597691
24872	G24872T	S	V1104L	2024-09-15	3	1098317	12413639	0.08847663445022044
25006	C25006T	S	F1148F	2024-09-15	3	221610	13017066	0.017024573740349783
18894	C18894T	ORF1	C6210C	2024-09-15	3	1556931	11262250	0.1382433350351839
22926	T22926C	S	L455S	2024-09-15	3	290147	8020502	0.036175665812439174
22928	T22928C	S	F456L	2024-09-15	3	288685	5034132	0.057345536430113475
22599	G22599C	S	R346T	2024-09-15	6	117214	3324694	0.03525557540032256
23039	C23039G	S	Q493E	2024-09-15	3	184995	6073239	0.030460681688963664
11727	G11727A	ORF1	R3821K	2024-09-15	3	61497	512060	0.12009725422802016
13121	A13121T	ORF1	S4286C	2024-09-15	3	572809	15475582	0.037013729112094135
12616	C12616T	ORF1	D4117D	2024-09-15	3	43950	754896	0.0582199402301774
11083	G11083T	ORF1	L3606F	2024-09-15	2	5879	8020944	0.0007329561208755478
3565	T3565C	ORF1	G1100G	2024-09-15	7	47395	2729552	0.01736365528115969
22031	T22031-22031del, 22035-insertG	S	FR157-158SG	2024-09-15	3	580773	37085088	0.015660553373905976
19722	A19722G	ORF1	K6486K	2024-09-15	3	811475	27526335	0.029479950745349863
7113	C7113T	ORF1	T2283I	2024-09-15	7	228407	16528350	0.01381910475032293
21652	TTC21652-21654del	S	NS30-31Ndel	2024-09-15	3	177605	1863080	0.09532870300792237
22000	C22000A	S	H146Q	2024-09-15	3	38312	8919727	0.0042951987207680235
18131	C18131T	ORF1	T5956I	2024-09-15	6	1814	2513875	0.0007215951469345135
18657	C18657T	ORF1	T6131T	2024-09-15	7	18	37159748	4.843951040787467e-07
23277	C23277T	S	T572I	2024-09-15	3	99077	27551696	0.003596039967920668
22111	G22111T	S	Q183H	2024-09-15	3	70493	11195896	0.006296325010521713
4999	C4999T	ORF1	N1578N	2024-09-15	7	11150	21406557	0.0005208684423188652
21627	C21627A	S	T22N	2024-09-15	4	1431	1406130	0.0010176868426105695
28714	C28714T	N	G147G	2024-09-15	7	63398	38765952	0.0016354041814837929
21738	T21738C	S	F59S	2024-09-15	8	30	2012273	1.4908513904425493e-05
25593	G25593T	ORF3a	K67N	2024-09-15	3	94574	14294199	0.006616250410393755
936	C936T	ORF1	T224I	2024-09-15	7	4	22946846	1.743158950907676e-07
621	G621A	ORF1	R119H	2024-09-15	8	2	2739458	7.300714228873011e-07
20031	C20031T	ORF1	A6589A	2024-09-15	8	4	9834094	4.067481966310267e-07
18555	C18555T	ORF1	D6097D	2024-09-15	7	11	29726537	3.7003973924039653e-07
25881	A25881C	ORF3a	V163V	2024-09-15	5	158	3847499	4.106563770386945e-05
24819	A24819G	S	K1086R	2024-09-15	5	3960	10217367	0.0003875753900197575
16516	A16516-16516del	ORF1	5418fs	2024-09-15	9	1	8730610	1.1453953389282077e-07
25595	G25595T	ORF3a	R68I	2024-09-15	5	6685	14711363	0.00045441064842190355
21653	T21653C	S	S31P	2024-09-15	5	2	2120337	9.432462858498437e-07
2890	G2890A	ORF1	V875V	2024-09-15	5	638	2233560	0.0002856426511936102
17721	G17721T	ORF1	V5819V	2024-09-15	3	12767	21636659	0.0005900633734626034
10681	C10681T	ORF1	Y3472Y	2024-09-15	7	17	13475232	1.261573826706657e-06
22132	G22132T	S	R190S	2024-09-15	7	44	7085541	6.209829284736339e-06
25892	T25892G	ORF3a	I167S	2024-09-15	7	2	2935291	6.813634491435432e-07
22792	C22792T	S	I410I	2024-09-15	7	39	3488254	1.1180378493079919e-05
25892	T25892C	ORF3a	I167T	2024-09-15	6	6	2935291	2.0440903474306297e-06
22896	T22896C	S	V445P	2024-09-15	1	19	3617297	5.252540778376783e-06
22953	T22953A	S	F464Y	2024-09-15	4	3	3255348	9.215604598955319e-07
25890	A25890C	ORF3a	S166S	2024-09-15	7	1	3482569	2.8714434660160357e-07
19722	A19722G	ORF1	K6486K	2024-09-22	1	3026286	42799143	0.0707090326551632
27810	T27810C	ORF7b	F19L	2024-09-22	7	1032390	30797988	0.0335213456151746
28714	C28714T	N	G147G	2024-09-22	5	12485	88785577	0.00014061968646101157
22031	T22031-22031del, 22035-insertG	S	FR157-158SG	2024-09-22	10	1047058	171291096	0.006112740384357164
13121	A13121T	ORF1	S4286C	2024-09-22	1	790036	23214573	0.034031898842162636
22000	C22000A	S	H146Q	2024-09-22	7	322481	36028276	0.00895077521888641
15372	G15372T	ORF1	T5036T	2024-09-22	7	368142	17379469	0.021182580434419486
17334	G17334T	ORF1	T5690T	2024-09-22	5	429933	20599055	0.02087149143492262
3565	T3565C	ORF1	G1100G	2024-09-22	7	193910	8116892	0.0238896858551278
22599	G22599C	S	R346T	2024-09-22	10	29356	6572758	0.004466313836596449
12616	C12616T	ORF1	D4117D	2024-09-22	6	7492	1795939	0.004171633891796993
11296	T11296G	ORF1	F3677L	2024-09-22	7	6633	5423337	0.0012230477287323285
18894	C18894T	ORF1	C6210C	2024-09-22	7	320924	10679102	0.03005159048017333
21652	TTC21652-21654del	S	NS30-31Ndel	2024-09-22	6	87753	3133717	0.02800284773641015
25595	G25595T	ORF3a	R68I	2024-09-22	10	22059	28271123	0.0007802661394101677
17721	G17721T	ORF1	V5819V	2024-09-22	7	5700	48506560	0.0001175098790761497
18555	C18555T	ORF1	D6097D	2024-09-22	7	17	35373358	4.805876784443252e-07
4999	C4999T	ORF1	N1578N	2024-09-22	1	55200	28797511	0.0019168323262381947
13297	C13297T	ORF1	D4344D	2024-09-22	10	316	14466978	2.1842847898158137e-05
18657	C18657T	ORF1	T6131T	2024-09-22	7	27	92496370	2.919033471259467e-07
22111	G22111T	S	Q183H	2024-09-22	10	129763	49037817	0.0026461822311543764
25593	G25593T	ORF3a	K67N	2024-09-22	10	13659	38308817	0.00035654977286299393
26781	C26781T	M	L87F	2024-09-22	6	117	11842286	9.879849211545812e-06
19716	C19716T	ORF1	Y6484Y	2024-09-22	1	315636	32061824	0.009844605222709725
20031	C20031T	ORF1	A6589A	2024-09-22	7	4	11117130	3.598050935808073e-07
28291	C28291A	N	P6P	2024-09-22	5	348366	89130572	0.00390849056819696
22928	T22928C	S	F456L	2024-09-22	7	244400	6910463	0.03536666067092755
23039	C23039G	S	Q493E	2024-09-22	7	137984	7718152	0.017877854698896835
22926	T22926C	S	L455S	2024-09-22	7	244853	10344016	0.023670980400649032
24872	G24872T	S	V1104L	2024-09-22	5	690160	18950723	0.036418663287938934
11727	G11727A	ORF1	R3821K	2024-09-22	1	51668	892283	0.057905395485513
21627	C21627A	S	T22N	2024-09-22	8	1853	2700255	0.0006862314855448837
7113	C7113T	ORF1	T2283I	2024-09-22	7	938195	38414367	0.024423023812939572
11083	G11083T	ORF1	L3606F	2024-09-22	7	4731	21815204	0.000216867098744527
28883	G28883C, G28884C	N	G204P	2024-09-22	10	221606	18888278	0.011732461794558509
25892	T25892C	ORF3a	I167T	2024-09-22	8	183	4129842	4.4311622575391505e-05
24092	A24092G	S	I844V	2024-09-22	10	108	11937816	9.046880937015615e-06
22132	G22132T	S	R190S	2024-09-22	7	80969	18277004	0.004430102439108729
16516	A16516-16516del	ORF1	5418fs	2024-09-22	6	4	4534323	8.821603577865979e-07
25892	T25892G	ORF3a	I167S	2024-09-22	4	1711	4129842	0.0004143015640792069
22107	A22107G	S	K182R	2024-09-22	7	477	36321725	1.3132636183991813e-05
18131	C18131T	ORF1	T5956I	2024-09-22	7	6	5693302	1.0538699686052136e-06
24819	A24819G	S	K1086R	2024-09-22	5	17682	21766420	0.0008123522379886081
25881	A25881C	ORF3a	V163V	2024-09-22	10	309	5368116	5.756209441077652e-05
10681	C10681T	ORF1	Y3472Y	2024-09-22	8	2679	16324175	0.00016411242834630233
25890	A25890C	ORF3a	S166S	2024-09-22	10	462	4801006	9.622983183107874e-05
22792	C22792T	S	I410I	2024-09-22	7	19	6989196	2.7184814962980007e-06
2890	G2890A	ORF1	V875V	2024-09-22	10	4469	3828876	0.0011671832673609695
25006	C25006T	S	F1148F	2024-09-22	1	161480	21340158	0.007566954284031075
936	C936T	ORF1	T224I	2024-09-22	7	29	30388913	9.542954037217454e-07
2060	G2060A	ORF1	A599T	2024-09-22	7	44	18024999	2.4410542269655604e-06
21653	T21653C	S	S31P	2024-09-22	6	4	3254452	1.229085572624823e-06
23277	C23277T	S	T572I	2024-09-22	5	56446	58084956	0.0009717834683390309
21738	T21738C	S	F59S	2024-09-22	6	519	1391052	0.00037309892081676316
621	G621A	ORF1	R119H	2024-09-22	6	3	1938143	1.5478734025301538e-06
7628	TG7628-7629del	ORF1	2455fs	2024-09-22	2	5	1669635	2.994666498965343e-06
22953	T22953A	S	F464Y	2024-09-22	2	4	4020319	9.949459234453784e-07
22896	T22896C	S	V445P	2024-09-22	8	796	5083866	0.00015657375705811286
10681	C10681T	ORF1	Y3472Y	2024-09-29	8	56	8431096	6.642078325285349e-06
13121	A13121T	ORF1	S4286C	2024-09-29	3	328911	9541710	0.03447086528515329
12616	C12616T	ORF1	D4117D	2024-09-29	8	4250	812157	0.005232978352707666
11296	T11296G	ORF1	F3677L	2024-09-29	8	2624	3471245	0.0007559247474609255
21652	TTC21652-21654del	S	NS30-31Ndel	2024-09-29	3	90722	1552379	0.05844062564618563
28714	C28714T	N	G147G	2024-09-29	8	101263	38218176	0.0026496031626417754
4999	C4999T	ORF1	N1578N	2024-09-29	7	19	20767583	9.148873992702955e-07
23277	C23277T	S	T572I	2024-09-29	4	278674	31031763	0.008980282557584627
26781	C26781T	M	L87F	2024-09-29	2	39	8193904	4.759635943989581e-06
24872	G24872T	S	V1104L	2024-09-29	8	172103	8054773	0.02136658599814048
27810	T27810C	ORF7b	F19L	2024-09-29	6	2185007	23008754	0.09496416016269286
22031	T22031-22031del, 22035-insertG	S	FR157-158SG	2024-09-29	6	2521817	89096182	0.028304433965531766
15372	G15372T	ORF1	T5036T	2024-09-29	6	755534	10370325	0.07285538302801503
19722	A19722G	ORF1	K6486K	2024-09-29	6	1377791	25220130	0.05463060658291611
3565	T3565C	ORF1	G1100G	2024-09-29	7	100599	4831269	0.020822479559718162
17334	G17334T	ORF1	T5690T	2024-09-29	6	767289	10518179	0.0729488440917387
24819	A24819G	S	K1086R	2024-09-29	6	16517	13083505	0.001262429295513702
22599	G22599C	S	R346T	2024-09-29	6	84658	3671745	0.023056612046860554
22926	T22926C	S	L455S	2024-09-29	6	84031	2356859	0.03565380873442153
22928	T22928C	S	F456L	2024-09-29	6	83060	2002982	0.04146817095710296
23039	C23039G	S	Q493E	2024-09-29	6	69545	2370273	0.02934050212781397
11727	G11727A	ORF1	R3821K	2024-09-29	6	91647	694478	0.13196530343653795
28291	C28291A	N	P6P	2024-09-29	6	661056	54036849	0.012233429821194793
11083	G11083T	ORF1	L3606F	2024-09-29	6	9653	15560432	0.0006203555274043805
22132	G22132T	S	R190S	2024-09-29	3	21816	12083391	0.0018054534525945574
17721	G17721T	ORF1	V5819V	2024-09-29	6	3164	21922637	0.00014432570315332048
22000	C22000A	S	H146Q	2024-09-29	6	177547	18931936	0.009378174530063909
22111	G22111T	S	Q183H	2024-09-29	3	148507	28095957	0.005285707121490825
25595	G25595T	ORF3a	R68I	2024-09-29	6	42430	24207419	0.0017527684384692147
25593	G25593T	ORF3a	K67N	2024-09-29	6	65310	34972459	0.0018674694850596579
28883	G28883C, G28884C	N	G204P	2024-09-29	6	121201	11627997	0.01042320530354454
22107	A22107G	S	K182R	2024-09-29	6	33073	14969529	0.0022093547499056248
19716	C19716T	ORF1	Y6484Y	2024-09-29	6	418414	18995840	0.02202661214244803
25890	A25890C	ORF3a	S166S	2024-09-29	6	587	3459223	0.000169691286164552
24092	A24092G	S	I844V	2024-09-29	6	110	8694252	1.2652037231034941e-05
3037	C3037-3037del	ORF1	924fs	2024-09-29	6	40	2334094	1.713727039270912e-05
25892	T25892G	ORF3a	I167S	2024-09-29	6	764	2892348	0.00026414525499697826
936	C936T	ORF1	T224I	2024-09-29	7	16	16379689	9.768195232522425e-07
2890	G2890A	ORF1	V875V	2024-09-29	7	958	2428119	0.00039454408947831634
21627	C21627A	S	T22N	2024-09-29	6	12040	1428257	0.008429855411176
22792	C22792T	S	I410I	2024-09-29	6	14409	4008431	0.003594673327294395
22896	T22896C	S	V445P	2024-09-29	7	279	1227621	0.00022726883948710554
25006	C25006T	S	F1148F	2024-09-29	6	153032	8452419	0.018105112867689118
25881	A25881C	ORF3a	V163V	2024-09-29	2	12	3498603	3.429940464808382e-06
18894	C18894T	ORF1	C6210C	2024-09-29	6	403962	6415221	0.06296930378548143
2060	G2060A	ORF1	A599T	2024-09-29	6	62468	8408533	0.0074291199190156
16516	A16516-16516del	ORF1	5418fs	2024-09-29	6	12	2974019	4.03494395967208e-06
21738	T21738C	S	F59S	2024-09-29	6	539	890742	0.0006051134896524471
7113	C7113T	ORF1	T2283I	2024-09-29	6	2470304	22060712	0.11197752819582614
16342	T16342C	ORF1	S5360P	2024-09-29	6	464	19190635	2.4178459962372272e-05
18657	C18657T	ORF1	T6131T	2024-09-29	6	1282979	40314163	0.03182452281100317
25892	T25892C	ORF3a	I167T	2024-09-29	6	65	2892348	2.247309106649684e-05
20031	C20031T	ORF1	A6589A	2024-09-29	6	72	9231696	7.799216958617355e-06
18555	C18555T	ORF1	D6097D	2024-09-29	6	572457	21332347	0.02683516258197
16323	C16323T	ORF1	C5353C	2024-09-29	6	184	21512805	8.553045500110282e-06
22992	G22992A, C22993T	S	S477N	2024-09-29	6	4	2091154	1.912819428889503e-06
621	G621A	ORF1	R119H	2024-09-29	6	1	887962	1.1261743182703764e-06
16600	T16600C	ORF1	L5446L	2024-09-29	6	4	1523763	2.6250801469782373e-06
13297	C13297T	ORF1	D4344D	2024-09-29	8	2014	5573893	0.0003613273523549878
18131	C18131T	ORF1	T5956I	2024-09-29	7	7	3988669	1.7549713952198089e-06
21811	C21811T	S	V83V	2024-09-29	7	4	868746	4.6043377465910634e-06
22953	T22953A	S	F464Y	2024-09-29	8	9	1447184	6.218974228570797e-06
21653	T21653C	S	S31P	2024-09-29	1	265	1537327	0.00017237711950678026
12892	G12892A	ORF1	L4209L	2024-09-29	7	7	3887688	1.8005560116964118e-06
7628	TG7628-7629del	ORF1	2455fs	2024-09-29	3	19	1054801	1.8012876362460786e-05
7113	C7113T	ORF1	T2283I	2024-10-06	7	642845	32418445	0.019829606262730986
27810	T27810C	ORF7b	F19L	2024-10-06	7	315637	21916733	0.014401644624680148
28291	C28291A	N	P6P	2024-10-06	7	76475	66492120	0.0011501362868261682
17334	G17334T	ORF1	T5690T	2024-10-06	7	115819	10147460	0.011413595126268052
19722	A19722G	ORF1	K6486K	2024-10-06	7	297691	39021688	0.007628860135420077
25595	G25595T	ORF3a	R68I	2024-10-06	7	1032	16413421	6.287537497514991e-05
3565	T3565C	ORF1	G1100G	2024-10-06	7	73969	3027324	0.024433790370637566
13121	A13121T	ORF1	S4286C	2024-10-06	7	129622	6501409	0.019937524312037592
28883	G28883C, G28884C	N	G204P	2024-10-06	7	85	10147558	8.37639952390516e-06
22031	T22031-22031del, 22035-insertG	S	FR157-158SG	2024-10-06	7	917303	99607335	0.009209191270903895
15372	G15372T	ORF1	T5036T	2024-10-06	7	90481	9725170	0.00930379623183965
24872	G24872T	S	V1104L	2024-10-06	7	504618	12542404	0.04023295693552847
22111	G22111T	S	Q183H	2024-10-06	7	1799	27891782	6.44992851299354e-05
25006	C25006T	S	F1148F	2024-10-06	7	96787	14274958	0.006780195080083598
18894	C18894T	ORF1	C6210C	2024-10-06	7	265653	10090779	0.026326312368945944
18131	C18131T	ORF1	T5956I	2024-10-06	7	990	2767197	0.0003577627469240535
11727	G11727A	ORF1	R3821K	2024-10-06	7	15717	534136	0.02942509023919002
22599	G22599C	S	R346T	2024-10-06	7	29619	13009539	0.002276714032680174
11296	T11296G	ORF1	F3677L	2024-10-06	7	1400	2742667	0.0005104520526917777
22926	T22926C	S	L455S	2024-10-06	7	11484	1347791	0.00852060890746414
22928	T22928C	S	F456L	2024-10-06	7	11446	932828	0.012270214873481499
23039	C23039G	S	Q493E	2024-10-06	7	10214	1467493	0.006960169486328044
12616	C12616T	ORF1	D4117D	2024-10-06	7	632	477681	0.001323058693981967
21652	TTC21652-21654del	S	NS30-31Ndel	2024-10-06	7	13017	1261753	0.010316599207610364
25593	G25593T	ORF3a	K67N	2024-10-06	7	31056	26579424	0.0011684226114155069
24092	A24092G	S	I844V	2024-10-06	7	20	8755234	2.2843478540950477e-06
18657	C18657T	ORF1	T6131T	2024-10-06	7	45569	64495060	0.00070655023811126
16323	C16323T	ORF1	C5353C	2024-10-06	7	13	28695314	4.5303564198670207e-07
28714	C28714T	N	G147G	2024-10-06	7	90310	66852323	0.0013508879863456651
25892	T25892C	ORF3a	I167T	2024-10-06	7	10	1852662	5.397638641047315e-06
25890	A25890C	ORF3a	S166S	2024-10-06	7	114	1818440	6.26910978641033e-05
22132	G22132T	S	R190S	2024-10-06	7	2577	13043116	0.0001975754873298681
22000	C22000A	S	H146Q	2024-10-06	7	752	21869823	3.438528057588761e-05
25881	A25881C	ORF3a	V163V	2024-10-06	7	41	1865446	2.1978658186835748e-05
11083	G11083T	ORF1	L3606F	2024-10-06	7	1398	7568622	0.0001847099775890512
6255	C6255T	ORF1	A1997V	2024-10-06	7	34	18142792	1.8740224768051135e-06
18555	C18555T	ORF1	D6097D	2024-10-06	7	48	26615692	1.803447379838931e-06
19716	C19716T	ORF1	Y6484Y	2024-10-06	7	120484	26739611	0.004505824710763369
4999	C4999T	ORF1	N1578N	2024-10-06	7	19	16446970	1.1552279842426902e-06
16342	T16342C	ORF1	S5360P	2024-10-06	7	51	27163517	1.8775182904334516e-06
23277	C23277T	S	T572I	2024-10-06	7	51010	21664592	0.0023545331479125015
25892	T25892G	ORF3a	I167S	2024-10-06	7	139	1852662	7.502717711055768e-05
2060	G2060A	ORF1	A599T	2024-10-06	7	10923	12482294	0.0008750795326564172
13297	C13297T	ORF1	D4344D	2024-10-06	7	1	4244441	2.3560228543640963e-07
936	C936T	ORF1	T224I	2024-10-06	7	18	19544078	9.209950963151088e-07
12892	G12892A	ORF1	L4209L	2024-10-06	7	7	3217072	2.1758916182168134e-06
24819	A24819G	S	K1086R	2024-10-06	7	73	15765123	4.630474497407981e-06
10681	C10681T	ORF1	Y3472Y	2024-10-06	7	7	8331578	8.401769748779883e-07
22107	A22107G	S	K182R	2024-10-06	7	266	20302559	1.3101796674990577e-05
621	G621A	ORF1	R119H	2024-10-06	6	4	770097	5.194150866708999e-06
17721	G17721T	ORF1	V5819V	2024-10-06	7	546110	36724538	0.014870438941941216
20031	C20031T	ORF1	A6589A	2024-10-06	4	45	12299840	3.6585841767047375e-06
21738	T21738C	S	F59S	2024-10-06	7	1386	590150	0.002348555452003728
3037	C3037-3037del	ORF1	924fs	2024-10-06	4	24	2021780	1.1870727774535311e-05
21627	C21627A	S	T22N	2024-10-06	7	4380	1222937	0.003581541812865258
16516	A16516-16516del	ORF1	5418fs	2024-10-06	1	24	445141	5.391550093116563e-05
2890	G2890A	ORF1	V875V	2024-10-06	7	3	2623842	1.1433615286286292e-06
21653	T21653C	S	S31P	2024-10-06	4	1377	1324330	0.0010397710540424215
16600	T16600C	ORF1	L5446L	2024-10-06	6	46	672694	6.838176050328976e-05
583	C583T	ORF1	V106V	2024-10-06	9	1	966322	1.03485173679167e-06
15807	A15807G	ORF1	Q5181Q	2024-10-06	7	1	1835764	5.447323294279657e-07
26781	C26781T	M	L87F	2024-10-06	4	92	2612841	3.5210715079869e-05
22896	T22896G	S	V445R	2024-10-06	8	191	906086	0.00021079676763574318
22953	T22953A	S	F464Y	2024-10-06	7	9	955582	9.418344003968263e-06
22896	T22896C	S	V445P	2024-10-06	7	8	906086	8.82918398474317e-06
22792	C22792T	S	I410I	2024-10-06	7	11	10543906	1.0432566451180425e-06
14512	G14512T	ORF1	D4750Y	2024-10-06	7	10	321491	3.11050698153292e-05
22992	G22992A, C22993T	S	S477N	2024-10-06	4	2278	1441481	0.001580319130116873
21811	C21811T	S	V83V	2024-10-06	6	1	628289	1.5916242366172255e-06
7628	TG7628-7629del	ORF1	2455fs	2024-10-06	3	1	1208703	8.273331000253991e-07
19722	A19722G	ORF1	K6486K	2024-10-13	7	608998	43149807	0.014113574134873883
24872	G24872T	S	V1104L	2024-10-13	1	1853594	15484439	0.11970688766961464
27810	T27810C	ORF7b	F19L	2024-10-13	7	448086	15805267	0.02835042267871843
15372	G15372T	ORF1	T5036T	2024-10-13	7	196882	8969762	0.02194952329838852
18894	C18894T	ORF1	C6210C	2024-10-13	7	216547	11207980	0.019320787510327463
17334	G17334T	ORF1	T5690T	2024-10-13	7	106767	7422078	0.014385054967086038
13121	A13121T	ORF1	S4286C	2024-10-13	7	134514	5687810	0.023649524157804146
7113	C7113T	ORF1	T2283I	2024-10-13	7	302890	18064129	0.016767484333177648
22031	T22031-22031del, 22035-insertG	S	FR157-158SG	2024-10-13	1	1537727	50367251	0.030530294377193627
3565	T3565C	ORF1	G1100G	2024-10-13	7	114330	1982315	0.057674991108880275
28423	G28423A	N	A50A	2024-10-13	7	79	41191602	1.9178666564121493e-06
22926	T22926C	S	L455S	2024-10-13	1	67489	764544	0.08827353298175121
23039	C23039G	S	Q493E	2024-10-13	1	59684	1405280	0.042471251280883526
22928	T22928C	S	F456L	2024-10-13	1	67111	694794	0.09659121984357953
11727	G11727A	ORF1	R3821K	2024-10-13	7	7188	490461	0.0146555995277912
23277	C23277T	S	T572I	2024-10-13	1	64990	12025838	0.005404197196070661
21652	TTC21652-21654del	S	NS30-31Ndel	2024-10-13	1	232118	1119014	0.20743082749634947
28291	C28291A	N	P6P	2024-10-13	7	344167	67197150	0.005121749955169229
12616	C12616T	ORF1	D4117D	2024-10-13	7	851	561319	0.0015160719662081633
11296	T11296G	ORF1	F3677L	2024-10-13	7	1422	2024812	0.0007022874222396944
15009	T15009A	ORF1	D4915E	2024-10-13	7	868	1024605	0.0008471557331849835
17721	G17721T	ORF1	V5819V	2024-10-13	7	634	22936221	2.764186829207828e-05
25593	G25593T	ORF3a	K67N	2024-10-13	7	8504	16577945	0.0005129706969108656
25595	G25595T	ORF3a	R68I	2024-10-13	7	207794	12417367	0.016734143397710642
22132	G22132T	S	R190S	2024-10-13	2	2163	7865969	0.0002749820142947423
22111	G22111T	S	Q183H	2024-10-13	7	239	15958997	1.4975878496624819e-05
11083	G11083T	ORF1	L3606F	2024-10-13	7	3584	4252393	0.0008428195606567878
22599	G22599C	S	R346T	2024-10-13	1	599962	22511928	0.026650849274215873
16332	C16332T	ORF1	D5356D	2024-10-13	10	7474	27174862	0.00027503359538679536
22000	C22000A	S	H146Q	2024-10-13	1	36262	9426434	0.0038468417643405767
24819	A24819G	S	K1086R	2024-10-13	7	115	18821981	6.109877594712268e-06
16342	T16342C	ORF1	S5360P	2024-10-13	7	143	24141184	5.923487431270977e-06
16516	A16516-16516del	ORF1	5418fs	2024-10-13	4	8	408020	1.960688201558747e-05
19716	C19716T	ORF1	Y6484Y	2024-10-13	7	271207	32367747	0.008378927331581033
28714	C28714T	N	G147G	2024-10-13	7	80	47034291	1.7008866998760542e-06
28883	G28883C, G28884C	N	G204P	2024-10-13	7	28223	10676945	0.0026433591256675012
2060	G2060A	ORF1	A599T	2024-10-13	7	5386	6864655	0.0007845987890141602
16323	C16323T	ORF1	C5353C	2024-10-13	7	329	25338720	1.2984081279559504e-05
25006	C25006T	S	F1148F	2024-10-13	1	242579	15932159	0.015225745613008256
6255	C6255T	ORF1	A1997V	2024-10-13	7	21	15410082	1.3627442086291299e-06
10681	C10681T	ORF1	Y3472Y	2024-10-13	7	15	4870851	3.079544005759979e-06
29409	C29409T	N	T379I	2024-10-13	7	114495	114876512	0.0009966789381627465
16887	C16887T	ORF1	Y5541Y	2024-10-13	7	7122	8128271	0.0008762011010705721
18555	C18555T	ORF1	D6097D	2024-10-13	7	28	29486090	9.496003030581539e-07
20031	C20031T	ORF1	A6589A	2024-10-13	7	35	13831913	2.5303802879616146e-06
22107	A22107G	S	K182R	2024-10-13	7	350	8729654	4.0093227062607524e-05
22792	C22792T	S	I410I	2024-10-13	7	584	15780531	3.700762667618726e-05
4999	C4999T	ORF1	N1578N	2024-10-13	1	40971	11131684	0.0036805751941934393
25892	T25892G	ORF3a	I167S	2024-10-13	2	14	1831057	7.645857010458986e-06
18131	C18131T	ORF1	T5956I	2024-10-13	7	1	2888514	3.461987721021951e-07
25890	A25890C	ORF3a	S166S	2024-10-13	7	15	1835915	8.17031289574953e-06
27476	C27476T	ORF7a	T28I	2024-10-13	7	43	11422426	3.764524278817827e-06
5239	C5239T	ORF1	Y1658Y	2024-10-13	7	6	1180522	5.0824974036909096e-06
18657	C18657T	ORF1	T6131T	2024-10-13	7	93707	54287606	0.001726121428158022
21627	C21627A	S	T22N	2024-10-13	10	2869	849311	0.003378032310896715
24092	A24092G	S	I844V	2024-10-13	7	16	9410253	1.7002730957392963e-06
26781	C26781T	M	L87F	2024-10-13	7	4	1429965	2.7972712618840323e-06
2890	G2890A	ORF1	V875V	2024-10-13	7	4239	2964074	0.0014301262384137509
12892	G12892A	ORF1	L4209L	2024-10-13	7	3	2335862	1.2843224471308665e-06
13297	C13297T	ORF1	D4344D	2024-10-13	4	22346	3361754	0.006647125280433964
22896	T22896C	S	V445P	2024-10-13	7	149	654741	0.00022757090208189192
25881	A25881C	ORF3a	V163V	2024-10-13	1	29	2116987	1.3698714257574562e-05
936	C936T	ORF1	T224I	2024-10-13	7	8	11897643	6.724020883800262e-07
3037	C3037-3037del	ORF1	924fs	2024-10-13	7	5	2055671	2.432295829439633e-06
583	C583T	ORF1	V106V	2024-10-13	8	4	1138592	3.5131109299907253e-06
15807	A15807G	ORF1	Q5181Q	2024-10-13	7	3	1559363	1.923862500264531e-06
21738	T21738C	S	F59S	2024-10-13	1	63395	1030657	0.06150930911059645
621	G621A	ORF1	R119H	2024-10-13	4	2	931172	2.1478309055684665e-06
16600	T16600C	ORF1	L5446L	2024-10-13	8	17	664299	2.559088603174173e-05
22992	G22992A, C22993T	S	S477N	2024-10-13	1	1857	1237219	0.0015009468816757582
25892	T25892C	ORF3a	I167T	2024-10-13	1	3	1831057	1.63839793081264e-06
593	C593T	ORF1	H110Y	2024-10-13	4	2	1127507	1.773824907517204e-06
21811	C21811T	S	V83V	2024-10-13	4	519	1260695	0.0004116776857209714
22953	T22953A	S	F464Y	2024-10-13	10	4	679539	5.886343535838267e-06
14512	G14512T	ORF1	D4750Y	2024-10-13	3	1	199755	5.0061325123276014e-06
22895	G22895C, T22896G	S	V445R	2024-10-13	6	595	654741	0.0009087562868370852
7628	TG7628-7629del	ORF1	2455fs	2024-10-13	1	2	945515	2.115249361459099e-06
21653	T21653C	S	S31P	2024-10-13	8	7	1118948	6.2558760550088114e-06
22031	T22031-22031del, 22035-insertG	S	FR157-158SG	2024-10-20	7	321736	62725063	0.005129305330470533
28291	C28291A	N	P6P	2024-10-20	7	181422	48903372	0.003709805532428316
27810	T27810C	ORF7b	F19L	2024-10-20	7	294428	14145012	0.020814969969626042
21627	C21627A	S	T22N	2024-10-20	10	19261	583704	0.032997889341172926
28883	G28883C, G28884C	N	G204P	2024-10-20	7	30616	6790147	0.00450888618464372
21652	TTC21652-21654del	S	NS30-31Ndel	2024-10-20	7	24498	596529	0.04106757592673617
21738	T21738C	S	F59S	2024-10-20	8	703	214109	0.0032833743560522913
22000	C22000A	S	H146Q	2024-10-20	4	6302	14060641	0.00044820147246487556
22132	G22132T	S	R190S	2024-10-20	7	772	8837544	8.735458629682636e-05
17334	G17334T	ORF1	T5690T	2024-10-20	7	72062	7142486	0.010089204235052053
23277	C23277T	S	T572I	2024-10-20	4	166498	10408216	0.015996785616286213
28297	T28297C	N	N8N	2024-10-20	7	186	60958667	3.0512478233817023e-06
28423	G28423A	N	A50A	2024-10-20	5	3998	30706273	0.0001302014086828447
25892	T25892G	ORF3a	I167S	2024-10-20	2	52	786354	6.61279779844701e-05
26781	C26781T	M	L87F	2024-10-20	1	29	1812135	1.6003222717954236e-05
20031	C20031T	ORF1	A6589A	2024-10-20	4	47	10803270	4.350534606651504e-06
24872	G24872T	S	V1104L	2024-10-20	7	223160	14637682	0.0152455832829269
25153	C25153A	S	L1197L	2024-10-20	4	34	767858	4.427902033969822e-05
25890	A25890C	ORF3a	S166S	2024-10-20	4	44	773835	5.685966646636557e-05
19722	A19722G	ORF1	K6486K	2024-10-20	7	491233	37948656	0.012944674509684876
22599	G22599C	S	R346T	2024-10-20	5	41737	18561007	0.002248638772670039
25881	A25881C	ORF3a	V163V	2024-10-20	4	19	987868	1.9233338867136093e-05
7113	C7113T	ORF1	T2283I	2024-10-20	7	485388	20170051	0.02406478793732351
19716	C19716T	ORF1	Y6484Y	2024-10-20	7	44	25606368	1.7183225672613937e-06
13121	A13121T	ORF1	S4286C	2024-10-20	7	79375	4689354	0.016926638509270148
15372	G15372T	ORF1	T5036T	2024-10-20	7	68043	7253769	0.009380364883414401
25595	G25595T	ORF3a	R68I	2024-10-20	7	287	17485577	1.64135275604574e-05
3565	T3565C	ORF1	G1100G	2024-10-20	7	37982	1795016	0.021159699969248186
12616	C12616T	ORF1	D4117D	2024-10-20	7	779	787030	0.0009897970852445269
18894	C18894T	ORF1	C6210C	2024-10-20	7	46573	9633097	0.004834686082783138
11296	T11296G	ORF1	F3677L	2024-10-20	10	1771	1792863	0.0009878055378464501
22926	T22926C	S	L455S	2024-10-20	7	14416	597871	0.024112224877941898
22928	T22928C	S	F456L	2024-10-20	7	14562	511331	0.028478617568659048
25006	C25006T	S	F1148F	2024-10-20	4	638427	15999703	0.03990242818882325
11727	G11727A	ORF1	R3821K	2024-10-20	7	7729	384868	0.020082210004469064
23039	C23039G	S	Q493E	2024-10-20	7	13383	1106009	0.012100263198581566
15009	T15009A	ORF1	D4915E	2024-10-20	2	26	794152	3.2739324461815874e-05
25593	G25593T	ORF3a	K67N	2024-10-20	7	285	22798327	1.2500917282219874e-05
28714	C28714T	N	G147G	2024-10-20	7	105	59326074	1.7698794631176841e-06
22111	G22111T	S	Q183H	2024-10-20	7	475	18859266	2.518655816191362e-05
11083	G11083T	ORF1	L3606F	2024-10-20	7	133	3232920	4.113927966049268e-05
18555	C18555T	ORF1	D6097D	2024-10-20	7	10	17942972	5.573212731982193e-07
18657	C18657T	ORF1	T6131T	2024-10-20	7	43714	39116316	0.0011175387784473365
3037	C3037-3037del	ORF1	924fs	2024-10-20	8	13	1137809	1.1425467719098725e-05
16516	A16516-16516del	ORF1	5418fs	2024-10-20	3	21	461393	4.551434460427445e-05
2890	G2890A	ORF1	V875V	2024-10-20	8	359	2657698	0.0001350793054741359
16332	C16332T	ORF1	D5356D	2024-10-20	7	21	20778211	1.0106741143402576e-06
16342	T16342C	ORF1	S5360P	2024-10-20	7	60	20351194	2.948229966261439e-06
2060	G2060A	ORF1	A599T	2024-10-20	8	65275	6124867	0.010657374274412816
18131	C18131T	ORF1	T5956I	2024-10-20	7	4	2260563	1.7694707026523924e-06
593	C593T	ORF1	H110Y	2024-10-20	4	1	563313	1.7752120046936606e-06
6255	C6255T	ORF1	A1997V	2024-10-20	5	87	15337044	5.672540288728389e-06
13297	C13297T	ORF1	D4344D	2024-10-20	7	1	3215643	3.109797947097983e-07
16600	T16600C	ORF1	L5446L	2024-10-20	8	75	438082	0.00017120082541624627
16887	C16887T	ORF1	Y5541Y	2024-10-20	6	8742	7224947	0.0012099742738597252
17721	G17721T	ORF1	V5819V	2024-10-20	7	175481	22812810	0.007692213278416819
4255	G4255T	ORF1	P1330P	2024-10-20	5	244	4546158	5.367169376867236e-05
16323	C16323T	ORF1	C5353C	2024-10-20	7	16	21721142	7.366095208069631e-07
22992	G22992A, C22993T	S	S477N	2024-10-20	6	2735	1034961	0.002642611653965705
10681	C10681T	ORF1	Y3472Y	2024-10-20	7	1	4028108	2.4825550854147903e-07
12892	G12892A	ORF1	L4209L	2024-10-20	10	429	1648578	0.0002602242660037924
4999	C4999T	ORF1	N1578N	2024-10-20	10	10293	10081180	0.0010210114292176114
22792	C22792T	S	I410I	2024-10-20	10	32722	13318242	0.002456930877213374
22893	A22893G	S	K444R	2024-10-20	8	4	479110	8.348813424891987e-06
22895	G22895C, T22896C	S	V445P	2024-10-20	1	16	447965	3.571707611085687e-05
25892	T25892C	ORF3a	I167T	2024-10-20	6	5	786354	6.3584594215836636e-06
621	G621A	ORF1	R119H	2024-10-20	8	7	636065	1.1005164566514428e-05
1485	G1485T	ORF1	G407V	2024-10-20	6	1	655698	1.52509234434145e-06
8818	C8818T	ORF1	C2851C	2024-10-20	8	80	3024126	2.645392420818445e-05
24092	A24092G	S	I844V	2024-10-20	4	55	8047442	6.834469884964688e-06
583	C583T	ORF1	V106V	2024-10-20	8	3	642451	4.669616826808582e-06
569	G569T	ORF1	E102*	2024-10-20	9	1	663516	1.5071226616991904e-06
22953	T22953A	S	F464Y	2024-10-20	8	5	558884	8.946400326364684e-06
29409	C29409T	N	T379I	2024-10-20	7	111	107995323	1.0278222881929805e-06
936	C936T	ORF1	T224I	2024-10-20	4	14	7565742	1.8504463937575456e-06
15807	A15807G	ORF1	Q5181Q	2024-10-20	8	7	1485152	4.713322272737067e-06
22107	A22107G	S	K182R	2024-10-20	7	92	11128187	8.267294573680331e-06
22895	G22895C, T22896G	S	V445R	2024-10-20	6	1	447965	2.2323172569285545e-06
591	C591A	ORF1	P109H	2024-10-20	6	1	433275	2.3080030004039005e-06
24819	A24819G	S	K1086R	2024-10-20	4	245	16354242	1.4980822712541492e-05
21653	T21653C	S	S31P	2024-10-20	10	10	594412	1.6823348115448544e-05
27476	C27476T	ORF7a	T28I	2024-10-20	7	19	12389670	1.5335355986075496e-06
9803	C9803T	ORF1	L3180L	2024-10-20	10	13	6863050	1.8942015576165117e-06
21811	C21811T	S	V83V	2024-10-20	6	1	241002	4.149343158977934e-06
5239	C5239T	ORF1	Y1658Y	2024-10-20	6	2	1513412	1.3215172074755586e-06
14512	G14512T	ORF1	D4750Y	2024-10-20	8	2	290366	6.8878587713437524e-06
7628	TG7628-7629del	ORF1	2455fs	2024-10-20	1	1	980543	1.019843086942643e-06
25006	C25006T	S	F1148F	2024-10-27	4	335573	17556732	0.019113636865904202
24872	G24872T	S	V1104L	2024-10-27	4	1800487	17314277	0.10398857543979458
28291	C28291A	N	P6P	2024-10-27	7	469909	74078461	0.006343395821897542
22111	G22111T	S	Q183H	2024-10-27	7	1138	26854754	4.237610964524196e-05
22031	T22031-22031del, 22035-insertG	S	FR157-158SG	2024-10-27	1	1306819	81653948	0.01600435780520986
22599	G22599C	S	R346T	2024-10-27	7	124967	16167867	0.007729343641928771
13121	A13121T	ORF1	S4286C	2024-10-27	7	100262	7027902	0.014266277475127001
17334	G17334T	ORF1	T5690T	2024-10-27	7	346993	8534893	0.04065581138509879
3565	T3565C	ORF1	G1100G	2024-10-27	7	73997	2436281	0.030372933171501974
28883	G28883C, G28884C	N	G204P	2024-10-27	7	186731	8402805	0.022222460237980055
21652	TTC21652-21654del	S	NS30-31Ndel	2024-10-27	4	70963	890127	0.07972233175715375
22132	G22132T	S	R190S	2024-10-27	7	1025	10686118	9.591883600761287e-05
22000	C22000A	S	H146Q	2024-10-27	4	586753	16921237	0.03467553820090103
22120	C22120A	S	F186L	2024-10-27	4	1090	18902452	5.766447654515933e-05
29409	C29409T	N	T379I	2024-10-27	7	111	117469524	9.44925936705081e-07
24819	A24819G	S	K1086R	2024-10-27	4	340	17736673	1.9169322228582554e-05
11083	G11083T	ORF1	L3606F	2024-10-27	7	485	5123910	9.46542776902795e-05
22107	A22107G	S	K182R	2024-10-27	8	5690	12354121	0.00046057505831454944
4255	G4255T	ORF1	P1330P	2024-10-27	7	236	7904521	2.9856331585430666e-05
28297	T28297C	N	N8N	2024-10-27	7	239	98597929	2.4239860048176062e-06
28714	C28714T	N	G147G	2024-10-27	7	77788	58984343	0.001318790649240596
4364	A4364C	ORF1	I1367L	2024-10-27	7	180	4564243	3.943698878433948e-05
28423	G28423A	N	A50A	2024-10-27	7	59	42358257	1.392880731612729e-06
7113	C7113T	ORF1	T2283I	2024-10-27	7	983740	25405918	0.03872089959512583
22926	T22926C	S	L455S	2024-10-27	1	17547	782362	0.02242823654523098
22928	T22928C	S	F456L	2024-10-27	1	17332	613012	0.02827350851206828
23277	C23277T	S	T572I	2024-10-27	4	492413	17522291	0.02810209007486521
25595	G25595T	ORF3a	R68I	2024-10-27	7	675	22100220	3.054268238053739e-05
12892	G12892A	ORF1	L4209L	2024-10-27	7	10	2355198	4.2459275186205155e-06
6310	C6310T	ORF1	S2015S	2024-10-27	4	10	6712867	1.4896764675957382e-06
9803	C9803T	ORF1	L3180L	2024-10-27	7	4	9319372	4.292134706072469e-07
23039	C23039G	S	Q493E	2024-10-27	1	14700	1226759	0.011982793686453493
22792	C22792T	S	I410I	2024-10-27	8	550	13557481	4.056800817201957e-05
22895	G22895C, T22896C	S	V445P	2024-10-27	4	6232	602293	0.01034712341003465
25593	G25593T	ORF3a	K67N	2024-10-27	7	637	32908955	1.935643353002245e-05
6341	G6341A	ORF1	D2026N	2024-10-27	4	20	5197039	3.848345182708846e-06
12616	C12616T	ORF1	D4117D	2024-10-27	7	1736	734252	0.002364310890538943
936	C936T	ORF1	T224I	2024-10-27	7	16	11075272	1.4446597790103935e-06
6255	C6255T	ORF1	A1997V	2024-10-27	7	31	15073583	2.0565780544678728e-06
5239	C5239T	ORF1	Y1658Y	2024-10-27	3	7	2580293	2.7128702050503567e-06
10465	G10465A	ORF1	K3400K	2024-10-27	7	2	3752633	5.329591249663902e-07
16887	C16887T	ORF1	Y5541Y	2024-10-27	7	37	8902563	4.156106505508582e-06
19722	A19722G	ORF1	K6486K	2024-10-27	7	519449	46026676	0.011285824768227886
19716	C19716T	ORF1	Y6484Y	2024-10-27	7	12386	30441619	0.00040687717693332936
21627	C21627A	S	T22N	2024-10-27	7	737	779281	0.0009457435764506
11296	T11296G	ORF1	F3677L	2024-10-27	7	1445	3291635	0.00043899156498214414
2060	G2060A	ORF1	A599T	2024-10-27	7	57464	10191938	0.005638181864921077
15372	G15372T	ORF1	T5036T	2024-10-27	7	293795	10346263	0.028396243165285863
25890	A25890C	ORF3a	S166S	2024-10-27	7	15	843890	1.7774828472905238e-05
25881	A25881C	ORF3a	V163V	2024-10-27	7	3	950698	3.1555762187361286e-06
2890	G2890A	ORF1	V875V	2024-10-27	7	7	2842875	2.4622960911049555e-06
10681	C10681T	ORF1	Y3472Y	2024-10-27	7	12	6174725	1.9434063865192375e-06
15807	A15807G	ORF1	Q5181Q	2024-10-27	7	7	2671294	2.6204528591761146e-06
18894	C18894T	ORF1	C6210C	2024-10-27	7	196069	12752196	0.015375312612823705
25892	T25892G	ORF3a	I167S	2024-10-27	7	21	880598	2.3847430950331478e-05
11727	G11727A	ORF1	R3821K	2024-10-27	7	2331	438408	0.005316965018886516
27810	T27810C	ORF7b	F19L	2024-10-27	7	368012	14574557	0.025250304348873178
3037	C3037-3037del	ORF1	924fs	2024-10-27	7	17	1222623	1.3904531486811551e-05
16323	C16323T	ORF1	C5353C	2024-10-27	7	60	19875764	3.018751882946487e-06
18131	C18131T	ORF1	T5956I	2024-10-27	7	2	2678680	7.466364030044649e-07
16516	A16516-16516del	ORF1	5418fs	2024-10-27	6	2	565336	3.5377191617020675e-06
16342	T16342C	ORF1	S5360P	2024-10-27	7	63	19596500	3.214859796392213e-06
21738	T21738C	S	F59S	2024-10-27	8	555	326512	0.0016997843877100995
17721	G17721T	ORF1	V5819V	2024-10-27	7	1112	27409687	4.056959862401931e-05
24092	A24092G	S	I844V	2024-10-27	7	7	7533237	9.292154222680104e-07
27476	C27476T	ORF7a	T28I	2024-10-27	7	60	17903295	3.351338398881323e-06
4999	C4999T	ORF1	N1578N	2024-10-27	4	83	10392704	7.986371977879867e-06
22953	T22953A	S	F464Y	2024-10-27	8	1	569081	1.7572190953484653e-06
1485	G1485T	ORF1	G407V	2024-10-27	3	3	629596	4.76496038729598e-06
22992	G22992A, C22993T	S	S477N	2024-10-27	8	8	1139570	7.020191826741665e-06
21811	C21811T	S	V83V	2024-10-27	10	8	360723	2.2177682044116952e-05
25153	C25153A	S	L1197L	2024-10-27	3	22	728519	3.019825152123692e-05
569	G569T	ORF1	E102*	2024-10-27	1	2	621309	3.2190101865577355e-06
22895	G22895C, T22896G	S	V445R	2024-10-27	1	1	602293	1.660321471443301e-06
593	C593T	ORF1	H110Y	2024-10-27	8	83	566205	0.00014659001598361018
583	C583T	ORF1	V106V	2024-10-27	1	1	568336	1.7595225359646407e-06
591	C591A	ORF1	P109H	2024-10-27	7	2	541306	3.69476783926282e-06
621	G621A	ORF1	R119H	2024-10-27	4	1	553842	1.8055690973237855e-06
16332	C16332T	ORF1	D5356D	2024-10-27	7	177	19813054	8.933504143278467e-06
22893	A22893G	S	K444R	2024-10-27	1	6	608349	9.862759698791318e-06
25892	T25892C	ORF3a	I167T	2024-10-27	7	4	880598	4.542367800063139e-06
25925	C25925T	ORF3a	P178L	2024-10-27	3	2	647445	3.089065480465522e-06
14512	G14512T	ORF1	D4750Y	2024-10-27	3	4	426550	9.37756417770484e-06
16600	T16600C	ORF1	L5446L	2024-10-27	4	3	500254	5.99695354759782e-06
18657	C18657T	ORF1	T6131T	2024-10-27	7	203	54109006	3.751685994749192e-06
15009	T15009A	ORF1	D4915E	2024-10-27	7	970	917605	0.0010570997324556863
26781	C26781T	M	L87F	2024-10-27	7	17	3039259	5.593468671146487e-06
13297	C13297T	ORF1	D4344D	2024-10-27	7	5	3982225	1.2555794813201163e-06
18555	C18555T	ORF1	D6097D	2024-10-27	7	346953	25154091	0.013793104270792373
8818	C8818T	ORF1	C2851C	2024-10-27	7	7	2819930	2.4823311216945103e-06
7628	TG7628-7629del	ORF1	2455fs	2024-10-27	2	14	1072160	1.305775257424265e-05
21653	T21653C	S	S31P	2024-10-27	3	37	917247	4.0338098680072e-05
22926	T22926C	S	L455S	2024-11-03	7	59695	884733	0.06747233346105548
23039	C23039G	S	Q493E	2024-11-03	7	59847	1190569	0.050267561140933455
22928	T22928C	S	F456L	2024-11-03	7	59454	679236	0.08753069625284879
15009	T15009A	ORF1	D4915E	2024-11-03	10	2175	1273410	0.0017080123448064645
22953	T22953A	S	F464Y	2024-11-03	8	2	651583	3.069447790995161e-06
10681	C10681T	ORF1	Y3472Y	2024-11-03	7	18	7481729	2.4058609981730157e-06
18657	C18657T	ORF1	T6131T	2024-11-03	7	159903	99531745	0.0016065527636433983
22895	G22895C, T22896C	S	V445P	2024-11-03	10	14	692435	2.021850426393813e-05
936	C936T	ORF1	T224I	2024-11-03	7	9	12249651	7.347148094259992e-07
15372	G15372T	ORF1	T5036T	2024-11-03	7	363052	13830239	0.02625059480172396
16323	C16323T	ORF1	C5353C	2024-11-03	7	70	33189103	2.1091259983736228e-06
16342	T16342C	ORF1	S5360P	2024-11-03	7	122	34473275	3.5389733061335194e-06
22792	C22792T	S	I410I	2024-11-03	10	61699	13941812	0.00442546492521919
28883	G28883C, G28884C	N	G204P	2024-11-03	7	58843	7898583	0.007449817264691654
24872	G24872T	S	V1104L	2024-11-03	7	394364	12750673	0.030928877244361924
24819	A24819G	S	K1086R	2024-11-03	7	6251	15277689	0.0004091587412206126
7113	C7113T	ORF1	T2283I	2024-11-03	7	83257	11373448	0.0073202954811944455
25006	C25006T	S	F1148F	2024-11-03	7	140848	14146899	0.009956104161060315
7086	C7086T	ORF1	T2274I	2024-11-03	5	2427	9823773	0.00024705375419403525
19716	C19716T	ORF1	Y6484Y	2024-11-03	7	72080	31989486	0.0022532403302760163
27810	T27810C	ORF7b	F19L	2024-11-03	7	784492	21494844	0.036496752430489846
28291	C28291A	N	P6P	2024-11-03	7	648963	93748412	0.006922389256044145
22031	T22031-22031del, 22035-insertG	S	FR157-158SG	2024-11-03	7	151224	27390022	0.005521134667215675
28714	C28714T	N	G147G	2024-11-03	7	7957	25774635	0.0003087143620074542
21652	TTC21652-21654del	S	NS30-31Ndel	2024-11-03	7	12416	844193	0.014707537257475483
22132	G22132T	S	R190S	2024-11-03	7	4906	4560434	0.001075774805643498
22111	G22111T	S	Q183H	2024-11-03	10	5714	7823758	0.000730339563161335
22599	G22599C	S	R346T	2024-11-03	10	131202	17059597	0.007690803012521339
22000	C22000A	S	H146Q	2024-11-03	10	2112	6120359	0.0003450777969070115
19722	A19722G	ORF1	K6486K	2024-11-03	7	487715	53407718	0.009131919847240056
22120	C22120A	S	F186L	2024-11-03	10	440	6895560	6.38091757594742e-05
17334	G17334T	ORF1	T5690T	2024-11-03	7	304247	10573557	0.0287743282605844
16332	C16332T	ORF1	D5356D	2024-11-03	7	398	34061265	1.1684827325115495e-05
9803	C9803T	ORF1	L3180L	2024-11-03	5	92	10087919	9.119819459295817e-06
22107	A22107G	S	K182R	2024-11-03	7	27998	4877554	0.00574017222566885
28297	T28297C	N	N8N	2024-11-03	7	284222	148711447	0.0019112314871093951
7869	C7869T	ORF1	S2535L	2024-11-03	10	29882	20949101	0.0014264096583428568
25153	C25153A	S	L1197L	2024-11-03	10	94	972309	9.667708516531268e-05
28423	G28423A	N	A50A	2024-11-03	7	145	53988854	2.6857395417209633e-06
3565	T3565C	ORF1	G1100G	2024-11-03	7	110670	2703019	0.040943108428020666
16887	C16887T	ORF1	Y5541Y	2024-11-03	5	74	11929123	6.2033059764745486e-06
23277	C23277T	S	T572I	2024-11-03	10	7958	11936645	0.0006666864935666596
12616	C12616T	ORF1	D4117D	2024-11-03	7	616	589700	0.0010445989486179412
21738	T21738C	S	F59S	2024-11-03	6	4116	547590	0.007516572618199748
21764	ATACA21764-21768del, G21770-21770del	S	IHV68-70Fdel	2024-11-03	5	3	481548	6.22990854494256e-06
21627	C21627A	S	T22N	2024-11-03	7	2488	737711	0.003372594417054917
25925	C25925T	ORF3a	P178L	2024-11-03	6	131	847218	0.00015462372140346404
25892	T25892C	ORF3a	I167T	2024-11-03	7	3	1059921	2.83039962412293e-06
25892	T25892G	ORF3a	I167S	2024-11-03	7	48	1059921	4.528639398596688e-05
25881	A25881C	ORF3a	V163V	2024-11-03	4	45	1111720	4.04778181556507e-05
25890	A25890C	ORF3a	S166S	2024-11-03	10	82	1075411	7.624991747341249e-05
13121	A13121T	ORF1	S4286C	2024-11-03	7	64453	3978204	0.016201532148678147
4255	G4255T	ORF1	P1330P	2024-11-03	7	557	11123107	5.007593651665852e-05
27112	G27112C	M	S197T	2024-11-03	5	568	18798216	3.021563322817442e-05
4364	A4364C	ORF1	I1367L	2024-11-03	7	385	5916972	6.506706470809731e-05
29409	C29409T	N	T379I	2024-11-03	7	194992	80271853	0.0024291453692989995
22992	G22992A, C22993T	S	S477N	2024-11-03	6	1	1181328	8.465049503609497e-07
18894	C18894T	ORF1	C6210C	2024-11-03	7	286218	13735371	0.02083802468823012
1485	G1485T	ORF1	G407V	2024-11-03	1	2	616486	3.2441937043176973e-06
569	G569T	ORF1	E102*	2024-11-03	4	1	602526	1.659679416323943e-06
5701	T5701C	ORF1	A1812A	2024-11-03	6	126	10718252	1.1755648215772496e-05
591	C591A	ORF1	P109H	2024-11-03	4	1	514345	1.9442203190465543e-06
593	C593T	ORF1	H110Y	2024-11-03	1	393	586816	0.0006697158905005999
621	G621A	ORF1	R119H	2024-11-03	1	1	602396	1.6600375832508849e-06
16600	T16600C	ORF1	L5446L	2024-11-03	4	3	419825	7.145834573929614e-06
2060	G2060A	ORF1	A599T	2024-11-03	7	14784	5125894	0.0028841798133164673
22895	G22895C, T22896G	S	V445R	2024-11-03	3	5	692435	7.2208943799779044e-06
25593	G25593T	ORF3a	K67N	2024-11-03	7	300	14443945	2.0769948930157237e-05
27476	C27476T	ORF7a	T28I	2024-11-03	4	36	7832175	4.5964243648794875e-06
22893	A22893G	S	K444R	2024-11-03	1	873	681385	0.0012812139979600373
25595	G25595T	ORF3a	R68I	2024-11-03	10	14321	9335096	0.0015341031308087245
18131	C18131T	ORF1	T5956I	2024-11-03	1	5	2412252	2.0727519347066557e-06
26781	C26781T	M	L87F	2024-11-03	10	9	1284242	7.00802496725695e-06
11727	G11727A	ORF1	R3821K	2024-11-03	7	10081	473315	0.021298712274066954
3037	C3037-3037del	ORF1	924fs	2024-11-03	4	7	1530008	4.5751394763948945e-06
16516	A16516-16516del	ORF1	5418fs	2024-11-03	9	2	378215	5.287997567521119e-06
583	C583T	ORF1	V106V	2024-11-03	4	1	567543	1.7619810305122254e-06
12892	G12892A	ORF1	L4209L	2024-11-03	5	6	2518652	2.382226683162263e-06
5239	C5239T	ORF1	Y1658Y	2024-11-03	4	1028	954880	0.0010765750670241286
21653	T21653C	S	S31P	2024-11-03	3	194	847715	0.0002288504981037259
8818	C8818T	ORF1	C2851C	2024-11-03	7	70	2022493	3.461075019789933e-05
6310	C6310T	ORF1	S2015S	2024-11-03	10	6391	6192029	0.0010321334089359077
15807	A15807G	ORF1	Q5181Q	2024-11-03	7	5	1290167	3.875467284467825e-06
10323	A10323G	ORF1	K3353R	2024-11-03	7	7	3550079	1.9717871067094565e-06
25844	C25844T	ORF3a	T151I	2024-11-03	9	3	1059825	2.8306560045290495e-06
17721	G17721T	ORF1	V5819V	2024-11-03	7	812	24125405	3.365746606119151e-05
6255	C6255T	ORF1	A1997V	2024-11-03	7	54	18188038	2.968984340147079e-06
24092	A24092G	S	I844V	2024-11-03	7	63	10332345	6.097357376278086e-06
4999	C4999T	ORF1	N1578N	2024-11-03	10	75	16032900	4.677881106973785e-06
2890	G2890A	ORF1	V875V	2024-11-03	7	10	2813496	3.554296860560669e-06
6341	G6341A	ORF1	D2026N	2024-11-03	4	2	3417427	5.852356173226232e-07
21811	C21811T	S	V83V	2024-11-03	3	1	741206	1.349152597253665e-06
10465	G10465A	ORF1	K3400K	2024-11-03	7	1	7301732	1.3695380767193317e-07
14512	G14512T	ORF1	D4750Y	2024-11-03	6	2	199195	1.0040412660960365e-05
13297	C13297T	ORF1	D4344D	2024-11-03	7	1	1931791	5.176543425246313e-07
9286	C9286T	ORF1	N3007N	2024-11-03	6	5098	770530	0.006616225195644556
12616	C12616T	ORF1	D4117D	2024-11-10	7	662	402227	0.0016458368035959794
28291	C28291A	N	P6P	2024-11-10	3	732282	63425640	0.011545520076738681
17334	G17334T	ORF1	T5690T	2024-11-10	3	250805	5692085	0.04406206161714029
15372	G15372T	ORF1	T5036T	2024-11-10	3	598922	12293797	0.0487174141560984
3037	C3037-3037del	ORF1	924fs	2024-11-10	8	1	1293956	7.72823805446244e-07
18894	C18894T	ORF1	C6210C	2024-11-10	3	1301440	16335286	0.07967047531337988
21652	TTC21652-21654del	S	NS30-31Ndel	2024-11-10	4	1306	826882	0.001579427294341877
21738	T21738C	S	F59S	2024-11-10	4	648	377629	0.001715969906972187
2060	G2060A	ORF1	A599T	2024-11-10	7	3	7908478	3.7933974147743724e-07
11727	G11727A	ORF1	R3821K	2024-11-10	4	10115	405590	0.02493897778544836
3565	T3565C	ORF1	G1100G	2024-11-10	3	121819	1709115	0.07127606977880364
24872	G24872T	S	V1104L	2024-11-10	3	1278514	18362135	0.06962774208990404
27810	T27810C	ORF7b	F19L	2024-11-10	3	650034	10864451	0.05983127909546465
28883	G28883C, G28884C	N	G204P	2024-11-10	3	159646	7281414	0.021925137068157366
21627	C21627A	S	T22N	2024-11-10	3	21451	647101	0.03314938471737797
11296	T11296G	ORF1	F3677L	2024-11-10	4	778	1608860	0.00048357221883818356
25006	C25006T	S	F1148F	2024-11-10	1	1029316	18414499	0.0558970406960298
18657	C18657T	ORF1	T6131T	2024-11-10	3	542437	40620388	0.013353811391461844
19716	C19716T	ORF1	Y6484Y	2024-11-10	3	701567	43032758	0.016303091705160984
28297	T28297C	N	N8N	2024-11-10	3	243668	70670560	0.0034479421133779046
21653	T21653C	S	S31P	2024-11-10	6	111	663517	0.00016729036332151248
7113	C7113T	ORF1	T2283I	2024-11-10	3	695654	11328521	0.06140730992156875
13121	A13121T	ORF1	S4286C	2024-11-10	4	223537	4790069	0.046666759915149444
4364	A4364C	ORF1	I1367L	2024-11-10	3	10083	4708902	0.0021412635047405957
593	C593T	ORF1	H110Y	2024-11-10	4	2	917009	2.181003676081696e-06
19722	A19722G	ORF1	K6486K	2024-11-10	3	1494548	54720634	0.02731232975115018
5239	C5239T	ORF1	Y1658Y	2024-11-10	6	5	1235982	4.0453663564679745e-06
16516	A16516-16516del	ORF1	5418fs	2024-11-10	9	1	263490	3.795210444419143e-06
22132	G22132T	S	R190S	2024-11-10	7	642	6188637	0.00010373851301991052
22031	T22031-22031del, 22035-insertG	S	FR157-158SG	2024-11-10	3	591911	42285046	0.013998116497260047
7869	C7869T	ORF1	S2535L	2024-11-10	4	31	9554849	3.2444259454021723e-06
12892	G12892A	ORF1	L4209L	2024-11-10	6	4	1305337	3.064342771253707e-06
621	G621A	ORF1	R119H	2024-11-10	3	4	778264	5.139644131040367e-06
5701	T5701C	ORF1	A1812A	2024-11-10	8	3505	9888243	0.0003544613537511163
10681	C10681T	ORF1	Y3472Y	2024-11-10	4	36	5591651	6.43817005031251e-06
15807	A15807G	ORF1	Q5181Q	2024-11-10	4	12	1910001	6.282719223707212e-06
2890	G2890A	ORF1	V875V	2024-11-10	6	9	2996393	3.0036113420369092e-06
16342	T16342C	ORF1	S5360P	2024-11-10	4	149	21636669	6.886457430207949e-06
22107	A22107G	S	K182R	2024-11-10	7	67	6586735	1.0171959248398486e-05
22926	T22926C	S	L455S	2024-11-10	1	22711	592557	0.038327114522316
22928	T22928C	S	F456L	2024-11-10	1	22479	564616	0.03981289938648568
23277	C23277T	S	T572I	2024-11-10	1	11537	9696696	0.0011897867067297975
28714	C28714T	N	G147G	2024-11-10	3	3838	42087065	9.119191371505711e-05
16887	C16887T	ORF1	Y5541Y	2024-11-10	1	5008	5918544	0.0008461540541051988
22599	G22599C	S	R346T	2024-11-10	5	128844	26110553	0.004934556537351009
24819	A24819G	S	K1086R	2024-11-10	1	65105	20349012	0.0031994182321972192
27476	C27476T	ORF7a	T28I	2024-11-10	3	11128	12806104	0.0008689606144070047
25593	G25593T	ORF3a	K67N	2024-11-10	1	1680	23157716	7.25460144687844e-05
9803	C9803T	ORF1	L3180L	2024-11-10	7	42828	5815754	0.007364135415631404
16323	C16323T	ORF1	C5353C	2024-11-10	4	76	22794357	3.334158537571382e-06
7086	C7086T	ORF1	T2274I	2024-11-10	5	34514	10549199	0.00327171759675782
24092	A24092G	S	I844V	2024-11-10	3	72	8085686	8.904624790030185e-06
25892	T25892C	ORF3a	I167T	2024-11-10	6	2	1349962	1.481523183615539e-06
16332	C16332T	ORF1	D5356D	2024-11-10	4	90	23360590	3.85264242041832e-06
22000	C22000A	S	H146Q	2024-11-10	7	75127	8393438	0.008950682664243186
25890	A25890C	ORF3a	S166S	2024-11-10	6	44	1343005	3.2762350102940795e-05
936	C936T	ORF1	T224I	2024-11-10	3	36	10994438	3.2743829197999933e-06
23039	C23039G	S	Q493E	2024-11-10	1	17387	1248814	0.013922809962092032
25881	A25881C	ORF3a	V163V	2024-11-10	6	13	1747757	7.438104953949548e-06
25595	G25595T	ORF3a	R68I	2024-11-10	1	1776	16202238	0.00010961448659129683
25892	T25892G	ORF3a	I167S	2024-11-10	6	46	1349962	3.4075033223157395e-05
1485	G1485T	ORF1	G407V	2024-11-10	6	5	1222439	4.090183641065116e-06
6310	C6310T	ORF1	S2015S	2024-11-10	3	3460	2735254	0.0012649647893760506
22111	G22111T	S	Q183H	2024-11-10	7	419	11138469	3.761737811543041e-05
4999	C4999T	ORF1	N1578N	2024-11-10	3	50	9534081	5.244343948829468e-06
13297	C13297T	ORF1	D4344D	2024-11-10	10	3820	3957129	0.0009653463407435037
22120	C22120A	S	F186L	2024-11-10	7	176	9365425	1.8792526767338376e-05
25153	C25153A	S	L1197L	2024-11-10	3	26	1308513	1.9869882836471627e-05
29409	C29409T	N	T379I	2024-11-10	4	1145723	115784074	0.009895341910321794
6255	C6255T	ORF1	A1997V	2024-11-10	4	99	12378367	7.997823945597993e-06
14512	G14512T	ORF1	D4750Y	2024-11-10	6	2	210572	9.497938947248448e-06
17721	G17721T	ORF1	V5819V	2024-11-10	4	2048	18150474	0.0001128345188120156
15009	T15009A	ORF1	D4915E	2024-11-10	3	1213	719785	0.0016852254492661003
28423	G28423A	N	A50A	2024-11-10	3	242506	35785245	0.006776703638608594
22953	T22953A	S	F464Y	2024-11-10	8	2	563355	3.550159313399189e-06
4255	G4255T	ORF1	P1330P	2024-11-10	5	136	7161714	1.8989867509369964e-05
22893	A22893G	S	K444R	2024-11-10	1	5	567272	8.814113864248544e-06
22792	C22792T	S	I410I	2024-11-10	3	252155	19908489	0.012665702555327027
22895	G22895C, T22896C	S	V445P	2024-11-10	8	137	564139	0.00024284795059373665
26781	C26781T	M	L87F	2024-11-10	7	5	1725629	2.897494189075404e-06
27112	G27112C	M	S197T	2024-11-10	3	169	11055857	1.5286015367239283e-05
16600	T16600C	ORF1	L5446L	2024-11-10	4	96	627690	0.00015294173875639248
22992	G22992A, C22993T	S	S477N	2024-11-10	1	1	992929	1.0071213551019257e-06
8818	C8818T	ORF1	C2851C	2024-11-10	3	7803	1781955	0.004378898457031743
10323	A10323G	ORF1	K3353R	2024-11-10	5	21	1637820	1.2821921822910942e-05
21764	ATACA21764-21768del, G21770-21770del	S	IHV68-70Fdel	2024-11-10	5	5	342316	1.4606387080942755e-05
18131	C18131T	ORF1	T5956I	2024-11-10	4	3860	1936755	0.001993024414549078
25925	C25925T	ORF3a	P178L	2024-11-10	4	1	1051344	9.511634631481228e-07
569	G569T	ORF1	E102*	2024-11-10	6	1	591011	1.6920158846451252e-06
591	C591A	ORF1	P109H	2024-11-10	9	238	894024	0.00026621209274023963
25844	C25844T	ORF3a	T151I	2024-11-10	4	1	818097	1.2223489390622384e-06
583	C583T	ORF1	V106V	2024-11-10	3	1	909279	1.0997724570786305e-06
10465	G10465A	ORF1	K3400K	2024-11-10	4	1	3323794	3.0086100402130817e-07
9286	C9286T	ORF1	N3007N	2024-11-10	4	2	489226	4.088090166916722e-06
6341	G6341A	ORF1	D2026N	2024-11-10	3	11	2210992	4.975142379529189e-06
21811	C21811T	S	V83V	2024-11-10	3	1	460817	2.170058830294889e-06
3505	C3505T	ORF1	N1080N	2024-11-10	3	1	343865	2.908118011428904e-06
22895	G22895C, T22896G	S	V445R	2024-11-10	1	24	564139	4.2542706673355324e-05
12616	C12616T	ORF1	D4117D	2024-11-17	7	136	378624	0.00035919540229885057
11727	G11727A	ORF1	R3821K	2024-11-17	7	7741	345846	0.022382794654268085
15372	G15372T	ORF1	T5036T	2024-11-17	7	182065	14427364	0.012619422369879903
17334	G17334T	ORF1	T5690T	2024-11-17	7	103594	6465933	0.016021508419589253
18894	C18894T	ORF1	C6210C	2024-11-17	7	240634	16401298	0.014671643671128956
21652	TTC21652-21654del	S	NS30-31Ndel	2024-11-17	7	7161	634484	0.011286336613689234
13121	A13121T	ORF1	S4286C	2024-11-17	7	35490	4814557	0.007371394709835194
24872	G24872T	S	V1104L	2024-11-17	7	533789	13096544	0.040758004554483994
3037	C3037-3037del	ORF1	924fs	2024-11-17	7	2	1081999	1.8484305438359924e-06
27810	T27810C	ORF7b	F19L	2024-11-17	10	470588	17472746	0.026932687054456124
3565	T3565C	ORF1	G1100G	2024-11-17	7	41471	1799594	0.023044642291539092
19722	A19722G	ORF1	K6486K	2024-11-17	7	321958	54334751	0.0059254527549044995
7113	C7113T	ORF1	T2283I	2024-11-17	7	318805	14199883	0.02245124132360809
28291	C28291A	N	P6P	2024-11-17	7	953216	81576618	0.011684916871645745
22031	T22031-22031del, 22035-insertG	S	FR157-158SG	2024-11-17	7	412713	62071494	0.006648994142141963
2060	G2060A	ORF1	A599T	2024-11-17	10	29496	6971851	0.004230727248760766
16516	A16516-16516del	ORF1	5418fs	2024-11-17	8	3	215692	1.3908721695751349e-05
11296	T11296G	ORF1	F3677L	2024-11-17	10	1105	1624503	0.0006802080390125472
28297	T28297C	N	N8N	2024-11-17	7	136	88924571	1.5293860681093418e-06
583	C583T	ORF1	V106V	2024-11-17	6	1	559358	1.7877638292471011e-06
5701	T5701C	ORF1	A1812A	2024-11-17	7	44	9624120	4.57184656882915e-06
16342	T16342C	ORF1	S5360P	2024-11-17	7	70	21023971	3.3295327509726874e-06
24819	A24819G	S	K1086R	2024-11-17	10	101	15899945	6.352223230960862e-06
7869	C7869T	ORF1	S2535L	2024-11-17	4	144	11044443	1.3038231081458794e-05
10323	A10323G	ORF1	K3353R	2024-11-17	6	5	1797198	2.782108593488308e-06
25006	C25006T	S	F1148F	2024-11-17	7	79236	14719375	0.005383108997494799
25844	C25844T	ORF3a	T151I	2024-11-17	9	6	852412	7.038849758098196e-06
28883	G28883C, G28884C	N	G204P	2024-11-17	7	41231	7683601	0.005366103731830947
19716	C19716T	ORF1	Y6484Y	2024-11-17	7	449022	40259432	0.011153212494403797
18657	C18657T	ORF1	T6131T	2024-11-17	7	341054	50839425	0.006708455101527997
22000	C22000A	S	H146Q	2024-11-17	7	336	12449919	2.698812739263605e-05
22599	G22599C	S	R346T	2024-11-17	10	129623	32900970	0.003939792656569092
22926	T22926C	S	L455S	2024-11-17	7	34871	759527	0.04591146858505359
22928	T22928C	S	F456L	2024-11-17	7	34231	630903	0.054257152050315186
23039	C23039G	S	Q493E	2024-11-17	7	30807	1284274	0.0239878717469948
23277	C23277T	S	T572I	2024-11-17	7	53698	9357930	0.0057382348446718455
13297	C13297T	ORF1	D4344D	2024-11-17	3	12	3278792	3.659884494045368e-06
21627	C21627A	S	T22N	2024-11-17	7	5903	514095	0.011482313580174871
21738	T21738C	S	F59S	2024-11-17	7	6931	245492	0.028233099245596596
22132	G22132T	S	R190S	2024-11-17	7	56286	8655301	0.006503066733323313
25595	G25595T	ORF3a	R68I	2024-11-17	7	74226	15360271	0.004832336616977656
14964	A14964C	ORF1	K4900N	2024-11-17	10	578	850070	0.000679944004611385
22111	G22111T	S	Q183H	2024-11-17	10	8010	18233380	0.00043930417728364133
15009	T15009A	ORF1	D4915E	2024-11-17	10	896	885428	0.0010119399883446198
22120	C22120A	S	F186L	2024-11-17	7	258	15323607	1.6836766957022586e-05
27112	G27112C	M	S197T	2024-11-17	10	108	15522350	6.957709367460468e-06
4255	G4255T	ORF1	P1330P	2024-11-17	7	44	3320088	1.3252660772846984e-05
7086	C7086T	ORF1	T2274I	2024-11-17	7	15	13743725	1.0914071694536962e-06
22107	A22107G	S	K182R	2024-11-17	7	5647	9350825	0.000603903933610136
28423	G28423A	N	A50A	2024-11-17	7	90	44687782	2.0139733048285997e-06
29409	C29409T	N	T379I	2024-11-17	7	20804	82563712	0.0002519751049952793
4364	A4364C	ORF1	I1367L	2024-11-17	7	91	2523486	3.6061226414570956e-05
6310	C6310T	ORF1	S2015S	2024-11-17	3	7	2685561	2.6065317451363048e-06
22792	C22792T	S	I410I	2024-11-17	7	22874	22551159	0.0010143159382628626
4999	C4999T	ORF1	N1578N	2024-11-17	7	4854	9666345	0.0005021546406630428
5180	G5180A	ORF1	D1639N	2024-11-17	1	6	1120385	5.355301972089951e-06
6255	C6255T	ORF1	A1997V	2024-11-17	7	20	12324682	1.6227599219192835e-06
24092	A24092G	S	I844V	2024-11-17	7	56	8371081	6.6896975432444145e-06
10681	C10681T	ORF1	Y3472Y	2024-11-17	7	20	5267054	3.7971890928021623e-06
14512	G14512T	ORF1	D4750Y	2024-11-17	3	1	228368	4.378897218524487e-06
15807	A15807G	ORF1	Q5181Q	2024-11-17	7	2	1511233	1.3234226621573245e-06
16323	C16323T	ORF1	C5353C	2024-11-17	7	33	21483396	1.5360699956375612e-06
18131	C18131T	ORF1	T5956I	2024-11-17	3	6	1964695	3.053909130933809e-06
22895	G22895C, T22896C	S	V445P	2024-11-17	7	257	611846	0.00042004033694753253
22953	T22953A	S	F464Y	2024-11-17	7	16	624800	2.5608194622279128e-05
25153	C25153A	S	L1197L	2024-11-17	7	20	783030	2.5541805550234348e-05
26781	C26781T	M	L87F	2024-11-17	10	26	1680633	1.547036146499563e-05
25925	C25925T	ORF3a	P178L	2024-11-17	6	17	829821	2.0486345850490648e-05
16600	T16600C	ORF1	L5446L	2024-11-17	10	2	450319	4.441296059015942e-06
27476	C27476T	ORF7a	T28I	2024-11-17	7	10648	13268213	0.0008025195254251647
22893	A22893G	S	K444R	2024-11-17	7	6	598640	1.0022718161165309e-05
569	G569T	ORF1	E102*	2024-11-17	9	2	434854	4.5992448040031826e-06
593	C593T	ORF1	H110Y	2024-11-17	6	1	556690	1.796331890280048e-06
8818	C8818T	ORF1	C2851C	2024-11-17	7	14	1656208	8.453044545129597e-06
9803	C9803T	ORF1	L3180L	2024-11-17	7	6	9132167	6.57018208274115e-07
10465	G10465A	ORF1	K3400K	2024-11-17	3	2	2571968	7.776146515042178e-07
16332	C16332T	ORF1	D5356D	2024-11-17	7	39	21339735	1.8275765842453057e-06
591	C591A	ORF1	P109H	2024-11-17	6	1	542779	1.8423704675383534e-06
1485	G1485T	ORF1	G407V	2024-11-17	1	1	767094	1.303621198966489e-06
2890	G2890A	ORF1	V875V	2024-11-17	10	10	2562121	3.90301629001909e-06
22895	G22895C, T22896G	S	V445R	2024-11-17	1	67	611846	0.00010950467928204156
22992	G22992A, C22993T	S	S477N	2024-11-17	7	7	1048713	6.67484812336645e-06
25881	A25881C	ORF3a	V163V	2024-11-17	3	11	1128240	9.749698645678225e-06
5239	C5239T	ORF1	Y1658Y	2024-11-17	7	1	1051470	9.510494831046059e-07
21653	T21653C	S	S31P	2024-11-17	10	58	560762	0.0001034306889553857
12892	G12892A	ORF1	L4209L	2024-11-17	10	6813	1548961	0.004398432239417261
16887	C16887T	ORF1	Y5541Y	2024-11-17	7	211	6461993	3.265246495933994e-05
21764	ATACA21764-21768del, G21770-21770del	S	IHV68-70Fdel	2024-11-17	4	3	199250	1.5056461731493098e-05
3505	C3505T	ORF1	N1080N	2024-11-17	10	484	452422	0.00106979766678013
6341	G6341A	ORF1	D2026N	2024-11-17	3	9	2350397	3.829140353735986e-06
9286	C9286T	ORF1	N3007N	2024-11-17	3	5	590321	8.469968034340638e-06
21811	C21811T	S	V83V	2024-11-17	7	3	232264	1.2916336582509557e-05
24376	T24376C	S	L938L	2024-11-17	3	3	160566	1.868390568364411e-05
18894	C18894T	ORF1	C6210C	2024-11-24	7	72389	12015208	0.006024781260549131
3565	T3565C	ORF1	G1100G	2024-11-24	7	38836	1244135	0.03121526200934786
593	C593T	ORF1	H110Y	2024-11-24	4	5	630033	7.936092236438409e-06
2060	G2060A	ORF1	A599T	2024-11-24	7	17788	6620117	0.0026869615748482995
3037	C3037-3037del	ORF1	924fs	2024-11-24	7	1	1069723	9.348214444300067e-07
21738	T21738C	S	F59S	2024-11-24	10	109	186179	0.0005854580806643069
22031	T22031-22031del, 22035-insertG	S	FR157-158SG	2024-11-24	7	183126	56041285	0.0032676980907914584
12616	C12616T	ORF1	D4117D	2024-11-24	7	278	361270	0.0007695075705151272
11727	G11727A	ORF1	R3821K	2024-11-24	10	5679	368095	0.015428082424374143
17334	G17334T	ORF1	T5690T	2024-11-24	10	25300	4862676	0.005202896512126245
15372	G15372T	ORF1	T5036T	2024-11-24	10	100212	9349372	0.010718580884363142
28297	T28297C	N	N8N	2024-11-24	10	179948	44737576	0.004022301074157438
16600	T16600C	ORF1	L5446L	2024-11-24	4	96	426200	0.00022524636320976068
7869	C7869T	ORF1	S2535L	2024-11-24	4	17346	6234719	0.0027821622754770504
27810	T27810C	ORF7b	F19L	2024-11-24	7	214923	8831124	0.024336992663674523
21652	TTC21652-21654del	S	NS30-31Ndel	2024-11-24	7	5499	466473	0.011788463640982436
13121	A13121T	ORF1	S4286C	2024-11-24	7	13689	4259279	0.0032139242345946345
24872	G24872T	S	V1104L	2024-11-24	7	289584	13436356	0.02155227205947803
21653	T21653C	S	S31P	2024-11-24	7	1	433656	2.305975243049791e-06
12892	G12892A	ORF1	L4209L	2024-11-24	3	593	792707	0.000748069589394316
22132	G22132T	S	R190S	2024-11-24	7	51966	7561989	0.0068720015329300265
7113	C7113T	ORF1	T2283I	2024-11-24	7	128589	11343722	0.011335697401611217
19722	A19722G	ORF1	K6486K	2024-11-24	10	489003	46590683	0.010495725078767358
5239	C5239T	ORF1	Y1658Y	2024-11-24	3	187	973738	0.00019204344495131134
16516	A16516-16516del	ORF1	5418fs	2024-11-24	9	1	184160	5.430060816681147e-06
6310	C6310T	ORF1	S2015S	2024-11-24	7	12	2183996	5.494515557720801e-06
11296	T11296G	ORF1	F3677L	2024-11-24	7	607	1448570	0.0004190339438204574
28883	G28883C, G28884C	N	G204P	2024-11-24	7	14557	4995645	0.0029139380400328685
8818	C8818T	ORF1	C2851C	2024-11-24	7	553	1993502	0.00027740127674815476
21627	C21627A	S	T22N	2024-11-24	7	3514	398985	0.00880734864719225
18131	C18131T	ORF1	T5956I	2024-11-24	1	124	1678115	7.38924328785572e-05
25006	C25006T	S	F1148F	2024-11-24	10	140235	14377740	0.009753619136248117
16342	T16342C	ORF1	S5360P	2024-11-24	10	57	19101772	2.9840163519907997e-06
28291	C28291A	N	P6P	2024-11-24	10	242979	45618111	0.005326371361584876
22107	A22107G	S	K182R	2024-11-24	7	34	8195667	4.1485336092840275e-06
22599	G22599C	S	R346T	2024-11-24	5	96904	20581194	0.0047083760057846985
25595	G25595T	ORF3a	R68I	2024-11-24	7	13277	10793904	0.0012300461445645615
9286	C9286T	ORF1	N3007N	2024-11-24	10	149	510079	0.0002921116140833087
13297	C13297T	ORF1	D4344D	2024-11-24	10	6	3142426	1.9093528375847198e-06
5701	T5701C	ORF1	A1812A	2024-11-24	7	14	8191526	1.709083264827579e-06
6255	C6255T	ORF1	A1997V	2024-11-24	10	2111	9568986	0.00022060853678749243
6341	G6341A	ORF1	D2026N	2024-11-24	6	8	2032245	3.936533242793069e-06
10323	A10323G	ORF1	K3353R	2024-11-24	7	2	1201587	1.664465411160407e-06
16323	C16323T	ORF1	C5353C	2024-11-24	10	854	16927937	5.044914805625753e-05
22111	G22111T	S	Q183H	2024-11-24	7	341	15967345	2.135608643766387e-05
24819	A24819G	S	K1086R	2024-11-24	7	73783	14660569	0.005032751457327475
28423	G28423A	N	A50A	2024-11-24	10	62	24230952	2.5587108587396812e-06
9803	C9803T	ORF1	L3180L	2024-11-24	10	3	7185797	4.1749022411849375e-07
16332	C16332T	ORF1	D5356D	2024-11-24	10	27	16932047	1.5946093227830043e-06
19716	C19716T	ORF1	Y6484Y	2024-11-24	7	71417	35086872	0.0020354336516518203
18657	C18657T	ORF1	T6131T	2024-11-24	10	45495	28463929	0.001598338725479536
29409	C29409T	N	T379I	2024-11-24	7	37	73309384	5.047102837475759e-07
23277	C23277T	S	T572I	2024-11-24	10	169	7012847	2.409862927281887e-05
23039	C23039G	S	Q493E	2024-11-24	10	982	1637913	0.0005995434433941241
22926	T22926C	S	L455S	2024-11-24	7	30382	959196	0.031674444013527994
22928	T22928C	S	F456L	2024-11-24	7	29247	638823	0.045782634626492784
15009	T15009A	ORF1	D4915E	2024-11-24	10	239	637600	0.0003748431618569636
4364	A4364C	ORF1	I1367L	2024-11-24	7	24	1904713	1.2600323513306204e-05
14964	A14964C	ORF1	K4900N	2024-11-24	10	193	621712	0.0003104331265923772
1954	G1954A	ORF1	Q563Q	2024-11-24	7	24	52585876	4.563963144780549e-07
22792	C22792T	S	I410I	2024-11-24	7	111	15218686	7.293665169253114e-06
22000	C22000A	S	H146Q	2024-11-24	7	388	10576947	3.668355339210833e-05
27112	G27112C	M	S197T	2024-11-24	5	20	8359220	2.3925677276109493e-06
27476	C27476T	ORF7a	T28I	2024-11-24	7	8328	10993395	0.0007575457808984394
10681	C10681T	ORF1	Y3472Y	2024-11-24	10	14	4385520	3.192323829329247e-06
22120	C22120A	S	F186L	2024-11-24	7	97	13004670	7.458859009878759e-06
24092	A24092G	S	I844V	2024-11-24	10	5	6058238	8.253224782519274e-07
26781	C26781T	M	L87F	2024-11-24	7	6	1004620	5.972407477454162e-06
16887	C16887T	ORF1	Y5541Y	2024-11-24	5	3532	4815163	0.0007335161862640994
4255	G4255T	ORF1	P1330P	2024-11-24	7	29	2529107	1.1466497858730374e-05
9943	C9943T	ORF1	Y3226Y	2024-11-24	10	3	5600986	5.356199783395281e-07
4999	C4999T	ORF1	N1578N	2024-11-24	7	11	6554019	1.678359492091799e-06
7086	C7086T	ORF1	T2274I	2024-11-24	7	8	9912644	8.070500665614542e-07
25153	C25153A	S	L1197L	2024-11-24	10	3	591773	5.069511451181449e-06
22893	A22893G	S	K444R	2024-11-24	8	144	672648	0.00021407928069361686
10465	G10465A	ORF1	K3400K	2024-11-24	4	3	1725810	1.7383141829054182e-06
14512	G14512T	ORF1	D4750Y	2024-11-24	7	1	213238	4.689595663061931e-06
22953	T22953A	S	F464Y	2024-11-24	8	3	633932	4.732368771413969e-06
24376	T24376C	S	L938L	2024-11-24	3	1	274047	3.6490091115757514e-06
25881	A25881C	ORF3a	V163V	2024-11-24	10	3	1329247	2.2569168860264494e-06
1485	G1485T	ORF1	G407V	2024-11-24	7	1	792289	1.2621656996373797e-06
25844	C25844T	ORF3a	T151I	2024-11-24	6	1	682682	1.4648108489750718e-06
15807	A15807G	ORF1	Q5181Q	2024-11-24	7	2	1327422	1.5066798651822858e-06
3505	C3505T	ORF1	N1080N	2024-11-24	6	11	352824	3.117701743645557e-05
569	G569T	ORF1	E102*	2024-11-24	10	7	426449	1.641462402303675e-05
583	C583T	ORF1	V106V	2024-11-24	1	12	635279	1.8889338385181944e-05
5180	G5180A	ORF1	D1639N	2024-11-24	4	6	1124830	5.334139381062027e-06
22895	G22895C, T22896C	S	V445P	2024-11-24	10	82	855134	9.589140415420273e-05
591	C591A	ORF1	P109H	2024-11-24	10	1	601925	1.6613365452506542e-06
22895	G22895C, T22896G	S	V445R	2024-11-24	7	10	855134	1.1694073677341797e-05
25925	C25925T	ORF3a	P178L	2024-11-24	6	1	684830	1.4602164040710832e-06
21811	C21811T	S	V83V	2024-11-24	10	1	194254	5.1478991423600025e-06
6701	C6701T	ORF1	L2146F	2024-11-24	4	2265	576744	0.0039272190087803254
22992	G22992A, C22993T	S	S477N	2024-11-24	3	734	917029	0.0008004108921310013
21764	ATACA21764-21768del, G21770-21770del	S	IHV68-70Fdel	2024-11-24	8	1	158070	6.326311127981274e-06
19722	A19722G	ORF1	K6486K	2024-12-01	7	859577	31505109	0.027283733568419014
24872	G24872T	S	V1104L	2024-12-01	7	674068	12226116	0.055133453665906655
22599	G22599C	S	R346T	2024-12-01	10	33065	15487816	0.0021349039787146233
28291	C28291A	N	P6P	2024-12-01	7	641464	38898338	0.01649078168841044
22792	C22792T	S	I410I	2024-12-01	10	4045	10969900	0.00036873626924584544
27810	T27810C	ORF7b	F19L	2024-12-01	7	361481	7579315	0.047693096275850784
22031	T22031-22031del, 22035-insertG	S	FR157-158SG	2024-12-01	7	442223	59927983	0.007379240512733426
18894	C18894T	ORF1	C6210C	2024-12-01	7	476433	11813855	0.04032832635917742
15372	G15372T	ORF1	T5036T	2024-12-01	7	98254	6706000	0.0146516552341187
13121	A13121T	ORF1	S4286C	2024-12-01	1	67957	3386222	0.020068678308746445
23277	C23277T	S	T572I	2024-12-01	10	19944	9475267	0.0021048483383106775
7113	C7113T	ORF1	T2283I	2024-12-01	3	562236	11628954	0.04834794255786032
3565	T3565C	ORF1	G1100G	2024-12-01	7	91086	1262398	0.07215315613617893
22111	G22111T	S	Q183H	2024-12-01	10	356	16955984	2.099553762258799e-05
17334	G17334T	ORF1	T5690T	2024-12-01	7	70019	4319197	0.01621111516793515
21652	TTC21652-21654del	S	NS30-31Ndel	2024-12-01	10	3166	498244	0.006354316359052994
28883	G28883C, G28884C	N	G204P	2024-12-01	7	127093	4023129	0.03159058533792976
11727	G11727A	ORF1	R3821K	2024-12-01	7	8256	317885	0.025971656416628654
4364	A4364C	ORF1	I1367L	2024-12-01	10	177	1847298	9.581561827057682e-05
22926	T22926C	S	L455S	2024-12-01	10	20985	462397	0.04538307990752535
29409	C29409T	N	T379I	2024-12-01	10	6713	72402273	9.271808358834259e-05
22132	G22132T	S	R190S	2024-12-01	10	16890	7518918	0.0022463338475030583
25595	G25595T	ORF3a	R68I	2024-12-01	10	650	15357036	4.2325875904699315e-05
21627	C21627A	S	T22N	2024-12-01	10	5186	390237	0.013289360055555983
23039	C23039G	S	Q493E	2024-12-01	10	118819	1063294	0.1117461398258619
22928	T22928C	S	F456L	2024-12-01	10	20935	398952	0.05247498445928332
22000	C22000A	S	H146Q	2024-12-01	10	206	11170024	1.8442216417798207e-05
19716	C19716T	ORF1	Y6484Y	2024-12-01	7	394008	23978980	0.016431391160091048
24819	A24819G	S	K1086R	2024-12-01	10	939	13746043	6.831056763026275e-05
22120	C22120A	S	F186L	2024-12-01	10	15664	13994872	0.0011192671144116216
28297	T28297C	N	N8N	2024-12-01	10	959	47177925	2.0327303500524873e-05
22107	A22107G	S	K182R	2024-12-01	10	301	9131190	3.29639400779088e-05
22893	A22893G	S	K444R	2024-12-01	1	155	392065	0.0003953426090061597
1954	G1954A	ORF1	Q563Q	2024-12-01	10	72	40528665	1.7765203961196353e-06
11296	T11296G	ORF1	F3677L	2024-12-01	10	531	1478224	0.0003592148415936962
15009	T15009A	ORF1	D4915E	2024-12-01	10	1209	550501	0.002196181296673394
28423	G28423A	N	A50A	2024-12-01	10	38825	21496585	0.001806100829503849
14964	A14964C	ORF1	K4900N	2024-12-01	10	1193	478210	0.002494719892934067
16342	T16342C	ORF1	S5360P	2024-12-01	10	117	10867923	1.0765626513916228e-05
16323	C16323T	ORF1	C5353C	2024-12-01	10	53	10603261	4.998462265523785e-06
27112	G27112C	M	S197T	2024-12-01	10	18	5749516	3.130698305735648e-06
12616	C12616T	ORF1	D4117D	2024-12-01	7	217	465736	0.0004659291959393304
25006	C25006T	S	F1148F	2024-12-01	7	558011	16056391	0.03475320201158529
424	A424G	ORF1	L53L	2024-12-01	8	10	3138539	3.186195870116637e-06
9943	C9943T	ORF1	Y3226Y	2024-12-01	10	29	4185063	6.9294058416802805e-06
16332	C16332T	ORF1	D5356D	2024-12-01	10	42646	10656955	0.004001705928194311
16943	G16943T	ORF1	S5560I	2024-12-01	10	23342	3682662	0.006338349813260082
5701	T5701C	ORF1	A1812A	2024-12-01	10	151	7570069	1.9946978026224066e-05
6255	C6255T	ORF1	A1997V	2024-12-01	10	119197	8633039	0.013807073036505453
7925	G7925T	ORF1	A2554S	2024-12-01	10	738	4491340	0.0001643162174317687
15807	A15807G	ORF1	Q5181Q	2024-12-01	10	50	1215370	4.1139735224664096e-05
22865	G22865T	S	A435S	2024-12-01	7	129	8740413	1.475902797728208e-05
24092	A24092G	S	I844V	2024-12-01	10	50	5900729	8.473529287652423e-06
18657	C18657T	ORF1	T6131T	2024-12-01	7	237180	24983973	0.009493285955760518
27476	C27476T	ORF7a	T28I	2024-12-01	10	166068	11020062	0.015069606686423362
13297	C13297T	ORF1	D4344D	2024-12-01	10	141	3896595	3.618543882543605e-05
2060	G2060A	ORF1	A599T	2024-12-01	10	117692	7297895	0.016126842055140558
16887	C16887T	ORF1	Y5541Y	2024-12-01	4	17	3595496	4.728137647768208e-06
9286	C9286T	ORF1	N3007N	2024-12-01	1	1191	386744	0.003079556502492605
6701	C6701T	ORF1	L2146F	2024-12-01	6	2	513522	3.894672477518003e-06
21738	T21738C	S	F59S	2024-12-01	6	642	234358	0.0027393986977188745
3505	C3505T	ORF1	N1080N	2024-12-01	3	1	343297	2.9129296207074343e-06
4255	G4255T	ORF1	P1330P	2024-12-01	10	156	2308699	6.757052348530493e-05
10681	C10681T	ORF1	Y3472Y	2024-12-01	10	37	5990846	6.176089320272963e-06
9803	C9803T	ORF1	L3180L	2024-12-01	10	635	4688453	0.0001354391309884092
4999	C4999T	ORF1	N1578N	2024-12-01	1	85898	6175633	0.013909181455569007
593	C593T	ORF1	H110Y	2024-12-01	3	60	461193	0.0001300973778873487
6310	C6310T	ORF1	S2015S	2024-12-01	4	4	2565090	1.5593994752620766e-06
10323	A10323G	ORF1	K3353R	2024-12-01	7	2	988346	2.023582834351533e-06
11003	C11003T	ORF1	H3580Y	2024-12-01	1	17	1714858	9.913357257568848e-06
18131	C18131T	ORF1	T5956I	2024-12-01	3	2717	1372241	0.001979972905633923
26781	C26781T	M	L87F	2024-12-01	10	14	1950503	7.177635717555933e-06
7869	C7869T	ORF1	S2535L	2024-12-01	10	47	6756883	6.955870036524238e-06
12892	G12892A	ORF1	L4209L	2024-12-01	8	27	658313	4.1013924987050234e-05
7086	C7086T	ORF1	T2274I	2024-12-01	10	88862	12673322	0.007011736938428614
5239	C5239T	ORF1	Y1658Y	2024-12-01	7	1666	1161156	0.00143477706699186
9431	G9431A	ORF1	V3056I	2024-12-01	7	3	1360766	2.204640621532284e-06
25844	C25844T	ORF3a	T151I	2024-12-01	1	1	681134	1.4681398961144209e-06
22895	G22895C, T22896G	S	V445R	2024-12-01	8	1	426419	2.345111263803911e-06
22992	G22992A, C22993T	S	S477N	2024-12-01	8	2	1100683	1.8170535930872012e-06
21737	T21737C	S	F59L	2024-12-01	3	1	249329	4.0107648929727385e-06
1485	G1485T	ORF1	G407V	2024-12-01	6	2	958262	2.08711187545786e-06
10465	G10465A	ORF1	K3400K	2024-12-01	8	2	1557403	1.2841891276695884e-06
16600	T16600C	ORF1	L5446L	2024-12-01	7	46	423306	0.00010866843370989308
583	C583T	ORF1	V106V	2024-12-01	3	2	475296	4.207904127112368e-06
8818	C8818T	ORF1	C2851C	2024-12-01	10	23	2057231	1.1180076520332427e-05
25925	C25925T	ORF3a	P178L	2024-12-01	8	6	506421	1.1847849911437322e-05
25153	C25153A	S	L1197L	2024-12-01	8	2	608736	3.2854965042317196e-06
25881	A25881C	ORF3a	V163V	2024-12-01	10	14	645051	2.1703710249267113e-05
24376	T24376C	S	L938L	2024-12-01	6	4	314750	1.2708498808578237e-05
22895	G22895C, T22896C	S	V445P	2024-12-01	10	90	426419	0.000211060013742352
569	G569T	ORF1	E102*	2024-12-01	7	1	490702	2.037896727545435e-06
5180	G5180A	ORF1	D1639N	2024-12-01	3	6680	1147152	0.005823116727338661
591	C591A	ORF1	P109H	2024-12-01	8	1	419244	2.385245823434563e-06
14512	G14512T	ORF1	D4750Y	2024-12-01	6	4	250365	1.597667405587842e-05
6341	G6341A	ORF1	D2026N	2024-12-01	7	1	2259349	4.426053699539115e-07
21653	T21653C	S	S31P	2024-12-01	6	39	473015	8.244981660201051e-05
21811	C21811T	S	V83V	2024-12-01	1	1	242019	4.131906999037266e-06
21764	ATACA21764-21768del, G21770-21770del	S	IHV68-70Fdel	2024-12-01	6	1	198423	5.039738336785554e-06
27810	T27810C	ORF7b	F19L	2024-12-08	8	134038	10690214	0.012538383235358993
16887	C16887T	ORF1	Y5541Y	2024-12-08	7	1788	4838318	0.00036954991383369176
28883	G28883C, G28884C	N	G204P	2024-12-08	7	19913	4346097	0.004581812140870303
16943	G16943T	ORF1	S5560I	2024-12-08	7	19	4842951	3.923227800570355e-06
24872	G24872T	S	V1104L	2024-12-08	7	571438	11817386	0.04835570235244918
21652	TTC21652-21654del	S	NS30-31Ndel	2024-12-08	4	21299	737488	0.028880469919510553
22926	T22926C	S	L455S	2024-12-08	7	12347	470397	0.026248041547884023
22928	T22928C	S	F456L	2024-12-08	7	12387	433067	0.02860296443737343
23039	C23039G	S	Q493E	2024-12-08	7	11924	989794	0.012046951183781676
5701	T5701C	ORF1	A1812A	2024-12-08	7	2197	7221044	0.00030424963481734776
11727	G11727A	ORF1	R3821K	2024-12-08	7	3563	305005	0.011681775708594942
15009	T15009A	ORF1	D4915E	2024-12-08	3	478	553994	0.0008628252291541064
27112	G27112C	M	S197T	2024-12-08	7	496978	9715864	0.05115118943616337
28291	C28291A	N	P6P	2024-12-08	7	407871	56375357	0.00723491649019624
19722	A19722G	ORF1	K6486K	2024-12-08	7	207557	43241638	0.004799933804542742
17334	G17334T	ORF1	T5690T	2024-12-08	7	47734	5012427	0.009523131209691433
22111	G22111T	S	Q183H	2024-12-08	10	9908	14247287	0.0006954306458485745
28423	G28423A	N	A50A	2024-12-08	7	7301	28975970	0.0002519674060954646
22031	T22031-22031del, 22035-insertG	S	FR157-158SG	2024-12-08	7	202680	48629811	0.004167813853934164
18894	C18894T	ORF1	C6210C	2024-12-08	7	171154	8866165	0.019304174916663516
3565	T3565C	ORF1	G1100G	2024-12-08	7	20937	1130918	0.018513278593142914
12616	C12616T	ORF1	D4117D	2024-12-08	4	1013	452531	0.0022385206759315936
22599	G22599C	S	R346T	2024-12-08	7	71864	23122104	0.0031080216575446592
11296	T11296G	ORF1	F3677L	2024-12-08	10	177	1401943	0.00012625334981522073
9431	G9431A	ORF1	V3056I	2024-12-08	7	3	1295508	2.315693920840319e-06
13121	A13121T	ORF1	S4286C	2024-12-08	7	32653	4156821	0.007855281716484785
28297	T28297C	N	N8N	2024-12-08	7	89	61646656	1.4437117237956914e-06
2060	G2060A	ORF1	A599T	2024-12-08	7	25978	6054782	0.004290493035091932
15372	G15372T	ORF1	T5036T	2024-12-08	7	77561	8815827	0.008797926728825328
22792	C22792T	S	I410I	2024-12-08	7	39	16918493	2.3051698517119697e-06
19716	C19716T	ORF1	Y6484Y	2024-12-08	7	218180	38995342	0.005595027221456347
18657	C18657T	ORF1	T6131T	2024-12-08	7	86772	27903886	0.0031096744016227704
22992	G22992A, C22993T	S	S477N	2024-12-08	6	33	678656	4.862551867219917e-05
7113	C7113T	ORF1	T2283I	2024-12-08	7	112071	11555955	0.009698116685293426
13297	C13297T	ORF1	D4344D	2024-12-08	7	3657	6521672	0.0005607457719431459
16600	T16600C	ORF1	L5446L	2024-12-08	10	73	329703	0.0002214113914644392
5239	C5239T	ORF1	Y1658Y	2024-12-08	7	1	1043969	9.578828490118001e-07
25844	C25844T	ORF3a	T151I	2024-12-08	4	3	567457	5.286744193833189e-06
4999	C4999T	ORF1	N1578N	2024-12-08	7	1864	7795802	0.00023910304545959478
6255	C6255T	ORF1	A1997V	2024-12-08	7	2388	10514948	0.0002271052600545433
4364	A4364C	ORF1	I1367L	2024-12-08	7	19	2538695	7.484160168905678e-06
22120	C22120A	S	F186L	2024-12-08	10	19614	11307372	0.0017346205643539454
22132	G22132T	S	R190S	2024-12-08	10	19641	7458935	0.002633217744892535
25006	C25006T	S	F1148F	2024-12-08	7	340527	13735161	0.02479235591049861
21738	T21738C	S	F59S	2024-12-08	8	371	537884	0.0006897397951974775
12892	G12892A	ORF1	L4209L	2024-12-08	7	4	1079460	3.705556481944676e-06
22893	A22893G	S	K444R	2024-12-08	7	19	443501	4.2840940606672815e-05
22107	A22107G	S	K182R	2024-12-08	10	103	8253211	1.247999112103156e-05
22895	G22895C, T22896C	S	V445P	2024-12-08	7	286	504353	0.0005670631482314966
21627	C21627A	S	T22N	2024-12-08	7	2788	610949	0.004563392361719227
11003	C11003T	ORF1	H3580Y	2024-12-08	8	10	2305119	4.338170827623216e-06
1954	G1954A	ORF1	Q563Q	2024-12-08	7	4935	62855650	7.851322832553637e-05
424	A424G	ORF1	L53L	2024-12-08	7	2	2779383	7.195841667017464e-07
569	G569T	ORF1	E102*	2024-12-08	4	1	324172	3.0847821526843774e-06
591	C591A	ORF1	P109H	2024-12-08	4	3	400018	7.4996625151868165e-06
593	C593T	ORF1	H110Y	2024-12-08	4	589	420499	0.0014007167674596134
10681	C10681T	ORF1	Y3472Y	2024-12-08	7	10	4804888	2.0812139637802173e-06
23277	C23277T	S	T572I	2024-12-08	10	19	12441053	1.527201917715486e-06
27476	C27476T	ORF7a	T28I	2024-12-08	7	9227	10359733	0.0008906600199059184
583	C583T	ORF1	V106V	2024-12-08	4	4	419884	9.526440635985176e-06
1485	G1485T	ORF1	G407V	2024-12-08	7	1	511325	1.9557033198063856e-06
5180	G5180A	ORF1	D1639N	2024-12-08	6	6109	1124511	0.005432583585220598
6701	C6701T	ORF1	L2146F	2024-12-08	6	403	520293	0.0007745635632230301
10465	G10465A	ORF1	K3400K	2024-12-08	10	35	2959221	1.1827437018053061e-05
16323	C16323T	ORF1	C5353C	2024-12-08	7	13	16507290	7.875308424338581e-07
16332	C16332T	ORF1	D5356D	2024-12-08	7	6705	16463066	0.0004072752912489083
26840	G26840T	M	T106T	2024-12-08	7	17	2335978	7.27746579805118e-06
18131	C18131T	ORF1	T5956I	2024-12-08	7	965	1385513	0.0006964929235597212
22000	C22000A	S	H146Q	2024-12-08	10	48	10327030	4.647996568229201e-06
25595	G25595T	ORF3a	R68I	2024-12-08	10	281	13700967	2.050950126366993e-05
6310	C6310T	ORF1	S2015S	2024-12-08	7	2	2969627	6.734852558924067e-07
7086	C7086T	ORF1	T2274I	2024-12-08	7	4	9872492	4.051661930949146e-07
6341	G6341A	ORF1	D2026N	2024-12-08	6	4	3016193	1.3261750822974525e-06
29409	C29409T	N	T379I	2024-12-08	7	70	72107828	9.707683886969942e-07
7869	C7869T	ORF1	S2535L	2024-12-08	7	29	8685267	3.3389877363585945e-06
14964	A14964C	ORF1	K4900N	2024-12-08	7	154	538906	0.0002857641221289056
24819	A24819G	S	K1086R	2024-12-08	7	76501	13581868	0.005632583087981712
25925	C25925T	ORF3a	P178L	2024-12-08	7	85	549148	0.00015478523093956457
22895	G22895C, T22896G	S	V445R	2024-12-08	7	44	504353	8.724048434330717e-05
4255	G4255T	ORF1	P1330P	2024-12-08	7	21	3165522	6.633976955459479e-06
10323	A10323G	ORF1	K3353R	2024-12-08	7	27330	1737695	0.015727731276202094
7925	G7925T	ORF1	A2554S	2024-12-08	7	786	5629681	0.00013961714704616477
21811	C21811T	S	V83V	2024-12-08	7	7	628416	1.1139118036459924e-05
21737	T21737C	S	F59L	2024-12-08	3	2	552949	3.6169701003166656e-06
8818	C8818T	ORF1	C2851C	2024-12-08	7	6	1466791	4.09056232278491e-06
21653	T21653C	S	S31P	2024-12-08	7	16	778294	2.0557784076454398e-05
24376	T24376C	S	L938L	2024-12-08	7	388	194916	0.001990601079439348
25881	A25881C	ORF3a	V163V	2024-12-08	8	2	690971	2.8944774816888118e-06
3505	C3505T	ORF1	N1080N	2024-12-08	3	93	250366	0.0003714561881405622
9803	C9803T	ORF1	L3180L	2024-12-08	10	11	6159886	1.7857473336357198e-06
22865	G22865T	S	A435S	2024-12-08	7	2	12977383	1.541142771235156e-07
25153	C25153A	S	L1197L	2024-12-08	7	3	612575	4.897359506999143e-06
9286	C9286T	ORF1	N3007N	2024-12-08	6	1	426928	2.3423153318592364e-06
515	GTTATG515-520del	ORF1	VM84-85del	2024-12-08	8	21	303867	6.910918263582422e-05
9943	C9943T	ORF1	Y3226Y	2024-12-08	10	12	4816965	2.491195182028518e-06
21764	ATACA21764-21768del, G21770-21770del	S	IHV68-70Fdel	2024-12-08	10	1	458271	2.1821149494513074e-06
24872	G24872T	S	V1104L	2024-12-15	6	985380	14130404	0.06973473652982604
28883	G28883C, G28884C	N	G204P	2024-12-15	7	109903	7321716	0.015010552171103059
25006	C25006T	S	F1148F	2024-12-15	6	404509	15143243	0.026712177834034626
24819	A24819G	S	K1086R	2024-12-15	6	72106	15209692	0.004740792910204888
27810	T27810C	ORF7b	F19L	2024-12-15	7	450165	19650861	0.02290815654336978
25925	C25925T	ORF3a	P178L	2024-12-15	6	2609	653999	0.003989302735936905
28291	C28291A	N	P6P	2024-12-15	7	595883	77366474	0.007702082946160892
7113	C7113T	ORF1	T2283I	2024-12-15	7	212702	12787624	0.016633426193951275
17334	G17334T	ORF1	T5690T	2024-12-15	7	180185	6846567	0.026317569082432116
22928	T22928C	S	F456L	2024-12-15	6	37300	516675	0.07219238399380655
22926	T22926C	S	L455S	2024-12-15	6	37531	578595	0.0648657523829276
19722	A19722G	ORF1	K6486K	2024-12-15	7	505137	32531528	0.015527613704465404
6255	C6255T	ORF1	A1997V	2024-12-15	7	2362	16046775	0.00014719468553650187
18894	C18894T	ORF1	C6210C	2024-12-15	7	254503	10943685	0.023255694951015128
16332	C16332T	ORF1	D5356D	2024-12-15	7	31393	22779725	0.0013781114565693834
23039	C23039G	S	Q493E	2024-12-15	6	33111	929766	0.03561218629203477
19716	C19716T	ORF1	Y6484Y	2024-12-15	7	453876	26394376	0.017195935982726018
21652	TTC21652-21654del	S	NS30-31Ndel	2024-12-15	6	18403	669978	0.027468066115603797
11727	G11727A	ORF1	R3821K	2024-12-15	7	13600	381877	0.035613561434702797
12616	C12616T	ORF1	D4117D	2024-12-15	7	526	406107	0.0012952251500220385
1954	G1954A	ORF1	Q563Q	2024-12-15	5	8546	30265767	0.0002823652214067464
16887	C16887T	ORF1	Y5541Y	2024-12-15	7	66202	8308091	0.00796837685095168
22031	T22031-22031del, 22035-insertG	S	FR157-158SG	2024-12-15	6	860004	46666449	0.018428743099780317
21738	T21738C	S	F59S	2024-12-15	1	39546	310028	0.12755622072845033
16943	G16943T	ORF1	S5560I	2024-12-15	7	66220	8413681	0.007870514700997103
4999	C4999T	ORF1	N1578N	2024-12-15	7	4808	13482954	0.00035659841307772764
21627	C21627A	S	T22N	2024-12-15	1	58788	555931	0.10574693622050219
11296	T11296G	ORF1	F3677L	2024-12-15	7	1228	1826227	0.0006724246219117338
6701	C6701T	ORF1	L2146F	2024-12-15	1	4	711310	5.623427197705642e-06
11003	C11003T	ORF1	H3580Y	2024-12-15	7	6	4531170	1.3241613093307027e-06
15009	T15009A	ORF1	D4915E	2024-12-15	8	334	953063	0.00035044902593008015
22599	G22599C	S	R346T	2024-12-15	7	57104	19827556	0.002880032213753425
25153	C25153A	S	L1197L	2024-12-15	7	13	742384	1.751115325761331e-05
29409	C29409T	N	T379I	2024-12-15	7	65932	105573601	0.000624512182737804
8818	C8818T	ORF1	C2851C	2024-12-15	7	17	1620815	1.0488550513167758e-05
13121	A13121T	ORF1	S4286C	2024-12-15	7	110191	3189111	0.034552262370296925
18657	C18657T	ORF1	T6131T	2024-12-15	7	315024	54951321	0.0057327830208121835
2060	G2060A	ORF1	A599T	2024-12-15	7	127243	6970412	0.01825473157110369
14964	A14964C	ORF1	K4900N	2024-12-15	3	1869	915002	0.0020426184860798118
28297	T28297C	N	N8N	2024-12-15	7	146	94458911	1.5456455982220672e-06
7925	G7925T	ORF1	A2554S	2024-12-15	7	685	9867168	6.942214828003334e-05
25595	G25595T	ORF3a	R68I	2024-12-15	7	379	14007677	2.705659189600103e-05
28423	G28423A	N	A50A	2024-12-15	7	16237	37607560	0.00043174829741679597
22132	G22132T	S	R190S	2024-12-15	3	173007	7029711	0.024610826817773875
27112	G27112C	M	S197T	2024-12-15	7	56	12737996	4.396295932264384e-06
22111	G22111T	S	Q183H	2024-12-15	3	95693	12644639	0.0075678712535802726
22895	G22895C, T22896C	S	V445P	2024-12-15	4	1386	566772	0.002445427791069425
27476	C27476T	ORF7a	T28I	2024-12-15	7	2034	11015011	0.00018465710111410693
15372	G15372T	ORF1	T5036T	2024-12-15	7	142917	6769727	0.02111119104212031
22107	A22107G	S	K182R	2024-12-15	3	115737	7478213	0.01547655837029515
22120	C22120A	S	F186L	2024-12-15	3	86736	10445839	0.008303401957468424
10681	C10681T	ORF1	Y3472Y	2024-12-15	7	2964	4865199	0.0006092248230750685
21653	T21653C	S	S31P	2024-12-15	7	37	648392	5.706424508630582e-05
5701	T5701C	ORF1	A1812A	2024-12-15	7	30	5766434	5.202522043952988e-06
25881	A25881C	ORF3a	V163V	2024-12-15	7	6	749669	8.003532225555544e-06
22792	C22792T	S	I410I	2024-12-15	7	12006	12717970	0.000944018581581809
7869	C7869T	ORF1	S2535L	2024-12-15	7	12	12959079	9.259917313568348e-07
11124	C11124T	ORF1	A3620V	2024-12-15	7	16	3790579	4.220991041210327e-06
22865	G22865T	S	A435S	2024-12-15	7	9557	4423902	0.0021603100611179904
5180	G5180A	ORF1	D1639N	2024-12-15	10	4	1122891	3.5622335560619864e-06
7119	C7119T	ORF1	S2285F	2024-12-15	5	25	13047619	1.916058401153498e-06
5239	C5239T	ORF1	Y1658Y	2024-12-15	10	84	1102110	7.621743746087051e-05
26840	G26840T	M	T106T	2024-12-15	7	28	1754712	1.5957034544700213e-05
3565	T3565C	ORF1	G1100G	2024-12-15	7	57458	2022069	0.028415449720063955
424	A424G	ORF1	L53L	2024-12-15	8	3	2426266	1.2364678893410697e-06
593	C593T	ORF1	H110Y	2024-12-15	6	1695	479522	0.003534770041833326
21737	T21737C	S	F59L	2024-12-15	6	4	308055	1.2984694291603772e-05
22992	G22992A, C22993T	S	S477N	2024-12-15	4	372	665993	0.0005585644293558641
22895	G22895C, T22896G	S	V445R	2024-12-15	3	937	566772	0.0016532221069495317
25844	C25844T	ORF3a	T151I	2024-12-15	1	1	680464	1.4695854593336312e-06
22893	A22893G	S	K444R	2024-12-15	4	332	524241	0.0006332965182044136
16600	T16600C	ORF1	L5446L	2024-12-15	4	158	367123	0.00043037347156130233
24376	T24376C	S	L938L	2024-12-15	1	369	205896	0.0017921669192213544
18131	C18131T	ORF1	T5956I	2024-12-15	7	3	1804399	1.6626034485720731e-06
23277	C23277T	S	T572I	2024-12-15	1	142528	10133103	0.014065582872294893
569	G569T	ORF1	E102*	2024-12-15	4	5	404598	1.235794541742668e-05
1485	G1485T	ORF1	G407V	2024-12-15	3	1	445768	2.24331939484216e-06
583	C583T	ORF1	V106V	2024-12-15	4	1	483812	2.066918555141253e-06
10465	G10465A	ORF1	K3400K	2024-12-15	3	32	3792090	8.438618281739094e-06
3505	C3505T	ORF1	N1080N	2024-12-15	1	4	220508	1.813993143105919e-05
9803	C9803T	ORF1	L3180L	2024-12-15	7	13	9237218	1.4073501350731357e-06
591	C591A	ORF1	P109H	2024-12-15	1	5	447176	1.118127985401721e-05
4255	G4255T	ORF1	P1330P	2024-12-15	7	75	7246548	1.034975549737613e-05
4364	A4364C	ORF1	I1367L	2024-12-15	7	602	4843239	0.00012429698389858522
10323	A10323G	ORF1	K3353R	2024-12-15	7	9698	2765560	0.0035067038863738267
7086	C7086T	ORF1	T2274I	2024-12-15	7	4228	12062413	0.00035051030005356305
6341	G6341A	ORF1	D2026N	2024-12-15	4	17	3228255	5.266002840543885e-06
13297	C13297T	ORF1	D4344D	2024-12-15	7	5036	2557033	0.0019694700850556093
6310	C6310T	ORF1	S2015S	2024-12-15	7	1306	3823187	0.0003415998223471674
9286	C9286T	ORF1	N3007N	2024-12-15	1	4261	705524	0.00603948271072281
9943	C9943T	ORF1	Y3226Y	2024-12-15	7	12	4414689	2.7181982694590716e-06
9431	G9431A	ORF1	V3056I	2024-12-15	8	6	1460179	4.1090852559857386e-06
12892	G12892A	ORF1	L4209L	2024-12-15	7	6	1658712	3.617264479909713e-06
21728	T21728G	S	L56V	2024-12-15	3	55	335115	0.00016412276382734285
21764	ATACA21764-21768del, G21770-21770del	S	IHV68-70Fdel	2024-12-15	2	54	242154	0.00022299858767561138
515	GTTATG515-520del	ORF1	VM84-85del	2024-12-15	6	20	277289	7.212691451878726e-05
28883	G28883C, G28884C	N	G204P	2024-12-22	10	166616	4001617	0.04163716817476535
24872	G24872T	S	V1104L	2024-12-22	10	367753	8693989	0.04229968544933747
29409	C29409T	N	T379I	2024-12-22	10	52542	55946609	0.0009391453912783168
28291	C28291A	N	P6P	2024-12-22	10	703246	38141105	0.018438008023102633
13121	A13121T	ORF1	S4286C	2024-12-22	10	20047	2232550	0.008979418154128687
24819	A24819G	S	K1086R	2024-12-22	10	3689	8151022	0.00045258128367215794
18657	C18657T	ORF1	T6131T	2024-12-22	10	384701	21877868	0.017584026012041027
27810	T27810C	ORF7b	F19L	2024-12-22	10	264831	10005903	0.026467476248770352
7113	C7113T	ORF1	T2283I	2024-12-22	10	119938	7188258	0.016685266444248385
19716	C19716T	ORF1	Y6484Y	2024-12-22	10	578637	19414116	0.02980496253344731
12616	C12616T	ORF1	D4117D	2024-12-22	10	1387	51829	0.026761079704412587
17334	G17334T	ORF1	T5690T	2024-12-22	10	87062	3133482	0.027784426398492157
11727	G11727A	ORF1	R3821K	2024-12-22	10	14045	144382	0.09727666883683561
18894	C18894T	ORF1	C6210C	2024-12-22	10	287999	6437709	0.04473625632969741
15372	G15372T	ORF1	T5036T	2024-12-22	10	25227	1791787	0.01407924044543241
1954	G1954A	ORF1	Q563Q	2024-12-22	8	1426	3409905	0.00041819346873299987
22031	T22031-22031del, 22035-insertG	S	FR157-158SG	2024-12-22	10	218196	21953303	0.0099390966361645
21627	C21627A	S	T22N	2024-12-22	10	8537	314450	0.027148990300524724
28423	G28423A	N	A50A	2024-12-22	10	24036	21054664	0.0011415997899562776
11296	T11296G	ORF1	F3677L	2024-12-22	10	17	1159233	1.4664868926264177e-05
21738	T21738C	S	F59S	2024-12-22	10	2279	136319	0.01671813907085586
28297	T28297C	N	N8N	2024-12-22	10	15812	26223445	0.0006029718826035252
12892	G12892A	ORF1	L4209L	2024-12-22	10	236	734161	0.0003214553755920023
24376	T24376C	S	L938L	2024-12-22	5	231	144175	0.0016022195248829548
8818	C8818T	ORF1	C2851C	2024-12-22	7	6	1202264	4.9905844307073985e-06
25006	C25006T	S	F1148F	2024-12-22	10	274607	8651723	0.031740151643782404
22132	G22132T	S	R190S	2024-12-22	10	3515	4420246	0.0007952046107841057
19722	A19722G	ORF1	K6486K	2024-12-22	10	291994	16959745	0.017216886220871835
22599	G22599C	S	R346T	2024-12-22	10	14486	10060503	0.0014398882441563807
22111	G22111T	S	Q183H	2024-12-22	10	2604	6434770	0.0004046764686228101
2060	G2060A	ORF1	A599T	2024-12-22	10	79322	3870124	0.02049598410800274
23277	C23277T	S	T572I	2024-12-22	10	60923	6446201	0.00945099291815443
23915	G23915T	S	V785F	2024-12-22	10	294	4924782	5.969807394520204e-05
14964	A14964C	ORF1	K4900N	2024-12-22	10	656	611137	0.0010734090719429522
15009	T15009A	ORF1	D4915E	2024-12-22	10	379	592188	0.0006399994596310631
21652	TTC21652-21654del	S	NS30-31Ndel	2024-12-22	10	3594	329991	0.010891206123803376
22120	C22120A	S	F186L	2024-12-22	10	3158	6385177	0.0004945830005965378
24185	T24185C	S	S875P	2024-12-22	10	49	4882760	1.0035307899630537e-05
6341	G6341A	ORF1	D2026N	2024-12-22	5	2	1910789	1.0466880435254755e-06
6310	C6310T	ORF1	S2015S	2024-12-22	10	108	1954091	5.5268664560657616e-05
7119	C7119T	ORF1	S2285F	2024-12-22	5	9	6835391	1.3166766904775455e-06
16943	G16943T	ORF1	S5560I	2024-12-22	10	3544	4555698	0.0007779268950663542
22107	A22107G	S	K182R	2024-12-22	10	182	4448023	4.091705461055395e-05
22792	C22792T	S	I410I	2024-12-22	10	1028	8172722	0.00012578428582300975
829	C829T	ORF1	N188N	2024-12-22	10	74	6061732	1.2207732047540208e-05
3565	T3565C	ORF1	G1100G	2024-12-22	10	56745	876695	0.06472604497573273
16332	C16332T	ORF1	D5356D	2024-12-22	10	18038	11943894	0.0015102277364484314
16887	C16887T	ORF1	Y5541Y	2024-12-22	10	5437	4823899	0.0011270965664911309
4999	C4999T	ORF1	N1578N	2024-12-22	10	3122	5582949	0.000559202672279471
6701	C6701T	ORF1	L2146F	2024-12-22	2	41	471711	8.691762541047378e-05
25925	C25925T	ORF3a	P178L	2024-12-22	10	4121	314184	0.013116517709367758
6255	C6255T	ORF1	A1997V	2024-12-22	10	1384	9051830	0.00015289725944919426
22865	G22865T	S	A435S	2024-12-22	7	34	149554	0.0002273426320927558
22926	T22926C	S	L455S	2024-12-22	10	15238	259379	0.05874800966924847
22928	T22928C	S	F456L	2024-12-22	10	15216	256427	0.05933852519430481
515	GTTATG515-520del	ORF1	VM84-85del	2024-12-22	6	16	103635	0.00015438799633328508
23039	C23039G	S	Q493E	2024-12-22	10	99711	348989	0.28571387636859613
7925	G7925T	ORF1	A2554S	2024-12-22	10	318	3872283	8.212209696450389e-05
22895	G22895C, T22896G	S	V445R	2024-12-22	10	233	244879	0.0009514903278762165
27112	G27112C	M	S197T	2024-12-22	2	43	6405343	6.713145572376061e-06
7086	C7086T	ORF1	T2274I	2024-12-22	10	2281	7000375	0.00032583968715961645
26840	G26840T	M	T106T	2024-12-22	10	229	1141220	0.00020066244895813252
4364	A4364C	ORF1	I1367L	2024-12-22	10	2516	2228319	0.0011291022515178483
7869	C7869T	ORF1	S2535L	2024-12-22	10	142	4016975	3.5349983507490086e-05
10323	A10323G	ORF1	K3353R	2024-12-22	10	8	1594254	5.018020967800614e-06
11570	T11570A	ORF1	F3769I	2024-12-22	10	5	153567	3.255907844784361e-05
27476	C27476T	ORF7a	T28I	2024-12-22	10	6497	6561358	0.0009901913597764366
18131	C18131T	ORF1	T5956I	2024-12-22	10	11	764987	1.437932932193619e-05
16600	T16600C	ORF1	L5446L	2024-12-22	6	68	201305	0.0003377958818707931
5701	T5701C	ORF1	A1812A	2024-12-22	10	146	1238192	0.00011791386150128575
7255	A7255C	ORF1	A2330A	2024-12-22	10	32	102835	0.0003111781008411533
11003	C11003T	ORF1	H3580Y	2024-12-22	5	466	1256654	0.0003708260189359999
593	C593T	ORF1	H110Y	2024-12-22	6	1	222881	4.48669918028006e-06
25844	C25844T	ORF3a	T151I	2024-12-22	9	1	241907	4.133820021743893e-06
21653	T21653C	S	S31P	2024-12-22	7	14	312468	4.4804587989810155e-05
22992	G22992A, C22993T	S	S477N	2024-12-22	8	5	241992	2.0661840060828457e-05
13297	C13297T	ORF1	D4344D	2024-12-22	10	5150	2482566	0.0020744664995814813
20799	T20799C	ORF1	Y6845Y	2024-12-22	7	10	3526605	2.8355883349567074e-06
22893	A22893G	S	K444R	2024-12-22	8	1	237477	4.210934111513957e-06
424	A424G	ORF1	L53L	2024-12-22	6	1	162082	6.169716563221085e-06
21728	T21728G	S	L56V	2024-12-22	10	1	135296	7.39120151371807e-06
23638	C23638T	S	I692I	2024-12-22	10	14	5630478	2.486467401169137e-06
5239	C5239T	ORF1	Y1658Y	2024-12-22	5	477	712486	0.0006694868390396442
5180	G5180A	ORF1	D1639N	2024-12-22	6	4	701059	5.70565387506615e-06
11124	C11124T	ORF1	A3620V	2024-12-22	1	5	1290961	3.8730836950147994e-06
10465	G10465A	ORF1	K3400K	2024-12-22	6	2	1779842	1.1236952493535943e-06
21737	T21737C	S	F59L	2024-12-22	9	24	136141	0.00017628781924622266
21764	ATACA21764-21768del, G21770-21770del	S	IHV68-70Fdel	2024-12-22	5	1	129024	7.750496031746031e-06
9431	G9431A	ORF1	V3056I	2024-12-22	5	4	923797	4.329955607130138e-06
22895	G22895C, T22896C	S	V445P	2024-12-22	6	4	244879	1.633459790345436e-05
9286	C9286T	ORF1	N3007N	2024-12-22	5	10	380631	2.6272163854231526e-05
3505	C3505T	ORF1	N1080N	2024-12-22	7	1	112817	8.863912353634647e-06
9943	C9943T	ORF1	Y3226Y	2024-12-22	1	2	260057	7.690621671402808e-06
16887	C16887T	ORF1	Y5541Y	2024-12-29	7	2030	4092555	0.000496022655773716
16943	G16943T	ORF1	S5560I	2024-12-29	5	10	3740232	2.6736309405405867e-06
19716	C19716T	ORF1	Y6484Y	2024-12-29	10	620472	26034558	0.023832630459867995
28883	G28883C, G28884C	N	G204P	2024-12-29	10	137071	5450168	0.025149866939881485
18657	C18657T	ORF1	T6131T	2024-12-29	2	170277	37150572	0.004583428755821041
22031	T22031-22031del, 22035-insertG	S	FR157-158SG	2024-12-29	10	401644	22430268	0.017906339772667895
27810	T27810C	ORF7b	F19L	2024-12-29	10	280616	8584013	0.03269053763082605
28892	C28892A	N	P207T	2024-12-29	7	20	5457055	3.664980470235319e-06
17012	C17012A	ORF1	S5583*	2024-12-29	7	6	1325413	4.526890863451619e-06
3565	T3565C	ORF1	G1100G	2024-12-29	10	75614	837268	0.09031039046040217
6701	C6701T	ORF1	L2146F	2024-12-29	7	1	540111	1.8514712716460134e-06
24872	G24872T	S	V1104L	2024-12-29	10	762397	10713082	0.07116504848931428
15007	G15007A	ORF1	D4915N	2024-12-29	1	11	468198	2.349433359390685e-05
11727	G11727A	ORF1	R3821K	2024-12-29	10	13552	233941	0.05792913597872968
22599	G22599C	S	R346T	2024-12-29	5	137006	20829968	0.006577350478886958
17329	G17329T	ORF1	E5689*	2024-12-29	7	54	4122652	1.3098364838943476e-05
12423	G12423T	ORF1	R4053I	2024-12-29	7	13	3419087	3.8021846182913744e-06
11296	T11296G	ORF1	F3677L	2024-12-29	6	24	946162	2.536563506038078e-05
7086	C7086T	ORF1	T2274I	2024-12-29	7	3397	7248744	0.00046863291074977954
15007	G15007A, T15009C	ORF1	D4915N	2024-12-29	2	1	466119	2.145374893535771e-06
15757	C15757A	ORF1	Q5165K	2024-12-29	7	7	907295	7.715241459503249e-06
17334	G17334T	ORF1	T5690T	2024-12-29	10	51122	3243117	0.015763230250404162
18894	C18894T	ORF1	C6210C	2024-12-29	10	345420	7038812	0.04907362208281738
22132	G22132T	S	R190S	2024-12-29	5	23892	4673924	0.00511176476125842
9967	C9967A	ORF1	L3234L	2024-12-29	2	6	281854	2.128761699319506e-05
15009	T15009C	ORF1	D4915D	2024-12-29	7	101	466119	0.00021668286424711286
7113	C7113T	ORF1	T2283I	2024-12-29	10	65114	8915517	0.00730344633967946
19722	A19722G	ORF1	K6486K	2024-12-29	10	563332	22000132	0.02560584636492181
28297	T28297C	N	N8N	2024-12-29	7	32710	29356778	0.0011142230935561115
28291	C28291A	N	P6P	2024-12-29	10	955307	45089662	0.021186829921235602
29409	C29409T	N	T379I	2024-12-29	7	96636	70818164	0.0013645651700318014
28423	G28423A	N	A50A	2024-12-29	7	9653	25107637	0.00038446469494520733
13121	A13121T	ORF1	S4286C	2024-12-29	6	38299	1681790	0.022772759975977976
15372	G15372T	ORF1	T5036T	2024-12-29	10	5978	1299616	0.004599820254598281
21652	TTC21652-21654del	S	NS30-31Ndel	2024-12-29	10	3000	301214	0.00995969642845286
21627	C21627A	S	T22N	2024-12-29	10	11011	257760	0.042718032278088146
23915	G23915T	S	V785F	2024-12-29	5	356	6452491	5.517249074814672e-05
7925	G7925T	ORF1	A2554S	2024-12-29	5	125	4227495	2.9568337750842992e-05
16332	C16332T	ORF1	D5356D	2024-12-29	10	19637	14971629	0.0013116141202804317
22111	G22111T	S	Q183H	2024-12-29	5	19247	7351870	0.002617973386362925
22120	C22120A	S	F186L	2024-12-29	5	17302	6804963	0.0025425560726781322
22501	T22501C	S	Y313Y	2024-12-29	10	206	16722415	1.2318794863062543e-05
24185	T24185C	S	S875P	2024-12-29	5	60	5836025	1.0280970352251746e-05
6255	C6255T	ORF1	A1997V	2024-12-29	10	89666	8233843	0.010889933169724027
27112	G27112C	M	S197T	2024-12-29	7	9	7072294	1.2725715305387474e-06
7255	A7255C	ORF1	A2330A	2024-12-29	5	24	121035	0.00019828975089850043
20799	T20799C	ORF1	Y6845Y	2024-12-29	7	5	2896445	1.7262540804330826e-06
5180	G5180A	ORF1	D1639N	2024-12-29	6	2	786441	2.543102406919273e-06
7869	C7869T	ORF1	S2535L	2024-12-29	7	2	4850931	4.122919909600858e-07
22107	A22107G	S	K182R	2024-12-29	10	105504	4941582	0.02135024775466642
22792	C22792T	S	I410I	2024-12-29	7	14	13254847	1.056217397303794e-06
23277	C23277T	S	T572I	2024-12-29	3	6175	6476811	0.0009534012957920187
27476	C27476T	ORF7a	T28I	2024-12-29	10	415	7105019	5.840941452795552e-05
25006	C25006T	S	F1148F	2024-12-29	10	402811	10297686	0.03911665203231095
12616	C12616T	ORF1	D4117D	2024-12-29	5	1916	80211	0.023886998042662477
22926	T22926C	S	L455S	2024-12-29	10	36265	412751	0.08786168900862748
22928	T22928C	S	F456L	2024-12-29	10	36181	372608	0.09710204826520097
23039	C23039G	S	Q493E	2024-12-29	10	127817	714659	0.17885033281607032
21351	G21351T	ORF1	W7029C	2024-12-29	7	2	3299789	6.060993596863314e-07
27537	T27537C	ORF7a	P48P	2024-12-29	7	16	6858832	2.3327586971076125e-06
829	C829T	ORF1	N188N	2024-12-29	7	3	6395613	4.6907153387798793e-07
451	T451G	ORF1	P62P	2024-12-29	3	1	515489	1.9399056041933e-06
24819	A24819G	S	K1086R	2024-12-29	10	106431	9914806	0.010734551941813083
2060	G2060A	ORF1	A599T	2024-12-29	10	85444	3416579	0.025008641685147628
1954	G1954A	ORF1	Q563Q	2024-12-29	6	14317	3052850	0.004689716166860474
4999	C4999T	ORF1	N1578N	2024-12-29	10	54907	6172336	0.008895659601162348
18131	C18131T	ORF1	T5956I	2024-12-29	10	16	953414	1.678179678502728e-05
4364	A4364C	ORF1	I1367L	2024-12-29	7	1329	2256291	0.0005890197673970246
25925	C25925T	ORF3a	P178L	2024-12-29	4	5439	495797	0.0109702156326077
14964	A14964C	ORF1	K4900N	2024-12-29	7	211	541138	0.00038991902250442586
22895	G22895C, T22896G	S	V445R	2024-12-29	6	430	423475	0.001015408229529488
21738	T21738C	S	F59S	2024-12-29	10	1465	220104	0.006655944462617672
22986	C22986T	S	A475V	2024-12-29	4	19	369608	5.1405813726975606e-05
8818	C8818T	ORF1	C2851C	2024-12-29	5	973	1241979	0.0007834270949830874
12892	G12892A	ORF1	L4209L	2024-12-29	7	2	929650	2.1513472812348733e-06
21728	T21728G	S	L56V	2024-12-29	3	4	229131	1.7457262439390568e-05
5701	T5701C	ORF1	A1812A	2024-12-29	3	229	1600066	0.00014311909633727608
7119	C7119T	ORF1	S2285F	2024-12-29	7	6	10023961	5.985657765428257e-07
9431	G9431A	ORF1	V3056I	2024-12-29	7	1	791049	1.2641441933432694e-06
21780	C21780A	S	T73N	2024-12-29	10	1	204235	4.896320415207971e-06
21811	C21811A	S	V83V	2024-12-29	2	2	157847	1.2670497380374667e-05
23638	C23638T	S	I692I	2024-12-29	5	1019	8122843	0.00012544868834717105
11570	T11570A	ORF1	F3769I	2024-12-29	2	5	234681	2.130551685053328e-05
22895	G22895C, T22896C	S	V445P	2024-12-29	4	133	423475	0.000314068126807958
16600	T16600C	ORF1	L5446L	2024-12-29	6	2	286612	6.978074888699706e-06
5239	C5239T	ORF1	Y1658Y	2024-12-29	6	475	749014	0.0006341670516171928
22893	A22893G	S	K444R	2024-12-29	1	87	388928	0.0002236917887115353
11124	C11124T	ORF1	A3620V	2024-12-29	7	11	1767536	6.223352735106951e-06
593	C593T	ORF1	H110Y	2024-12-29	6	4	461888	8.660108078148815e-06
3505	C3505T	ORF1	N1080N	2024-12-29	3	2	217564	9.192697321248e-06
21737	T21737C	S	F59L	2024-12-29	6	2	224014	8.928013427732196e-06
22992	G22992A, C22993T	S	S477N	2024-12-29	1	94	366427	0.0002565313145592437
24376	T24376C	S	L938L	2024-12-29	8	15	204792	7.32450486347123e-05
13297	C13297T	ORF1	D4344D	2024-12-29	1	559	2248756	0.00024858188260531603
9286	C9286T	ORF1	N3007N	2024-12-29	7	1	369657	2.7052105059555208e-06
21653	T21653C	S	S31P	2024-12-29	4	1	335470	2.980892479208275e-06
22865	G22865T	S	A435S	2024-12-29	7	160	232254	0.0006889009446554204
21707	C21707T	S	H49Y	2024-12-29	6	1	309713	3.2287956914950294e-06
21789	C21789T	S	T76I	2024-12-29	10	1	165427	6.044962430558494e-06
21654	C21654T	S	S31F	2024-12-29	3	1	301375	3.3181252592285357e-06
9943	C9943T	ORF1	Y3226Y	2024-12-29	2	2	293168	6.822026960650549e-06
10323	A10323G	ORF1	K3353R	2024-12-29	5	4	1374252	2.910674315918769e-06
11003	C11003T	ORF1	H3580Y	2024-12-29	7	1	1818503	5.499028596598411e-07
21761	G21761T	S	A67S	2024-12-29	10	3	233022	1.2874320879573603e-05
26840	G26840T	M	T106T	2024-12-29	5	10	1130480	8.84580001415328e-06
424	A424G	ORF1	L53L	2024-12-29	1	2	439728	4.548266200924207e-06
25844	C25844T	ORF3a	T151I	2024-12-29	3	2	375240	5.329922183136126e-06
515	GTTATG515-520del	ORF1	VM84-85del	2024-12-29	10	230	210935	0.001090383293431626
21823	T21823A	S	N87K	2024-12-29	10	1	170062	5.880208394585504e-06
21764	ATACA21764-21768del, G21770-21770del	S	IHV68-70Fdel	2024-12-29	2	3	194350	1.5436068947774633e-05
21793	G21793C	S	K77N	2024-12-29	8	2	171667	1.1650462814635312e-05
6255	C6255T	ORF1	A1997V	2025-01-05	5	125628	16992116	0.0073933111096934605
27810	T27810C	ORF7b	F19L	2025-01-05	5	735324	18372126	0.04002389271660776
19716	C19716T	ORF1	Y6484Y	2025-01-05	5	857200	37783231	0.022687313321616144
22599	G22599C	S	R346T	2025-01-05	5	310410	23580023	0.013164109297094408
17334	G17334T	ORF1	T5690T	2025-01-05	5	211391	6768855	0.031229949526175402
28883	G28883C, G28884C	N	G204P	2025-01-05	5	396145	8829492	0.044866114607726014
25925	C25925T	ORF3a	P178L	2025-01-05	6	7056	739441	0.009542343472974855
14964	A14964C	ORF1	K4900N	2025-01-05	10	892	1050999	0.000848716316571186
28291	C28291A	N	P6P	2025-01-05	5	1892926	80069391	0.023641069032234802
23915	G23915T	S	V785F	2025-01-05	5	840	11223544	7.484267001581675e-05
17329	G17329T	ORF1	E5689*	2025-01-05	5	286	8616767	3.319110288116181e-05
29518	C29518T	N	D415D	2025-01-05	5	330	126539995	2.6078711319689875e-06
29409	C29409T	N	T379I	2025-01-05	5	19676	106516382	0.00018472275935921294
15009	T15009C	ORF1	D4915D	2025-01-05	10	141	1004031	0.00014043391090514138
28423	G28423A	N	A50A	2025-01-05	5	54649	42072528	0.0012989236111507253
12423	G12423T	ORF1	R4053I	2025-01-05	5	135	5370889	2.513550363822451e-05
16332	C16332T	ORF1	D5356D	2025-01-05	5	67696	25134227	0.0026933790325041626
19722	A19722G	ORF1	K6486K	2025-01-05	5	312436	33715352	0.009266876406925842
13121	A13121T	ORF1	S4286C	2025-01-05	10	15801	3245069	0.004869233905349933
22501	T22501C	S	Y313Y	2025-01-05	5	1816	21642627	8.390848301363786e-05
28892	C28892A	N	P207T	2025-01-05	5	122	8911892	1.3689573437380077e-05
24185	T24185C	S	S875P	2025-01-05	5	145	10118757	1.4329823317231553e-05
28396	G28396A	N	R41R	2025-01-05	5	5558	41578595	0.000133674550571033
16943	G16943T	ORF1	S5560I	2025-01-05	5	2015	9327680	0.00021602370578750556
28297	T28297C	N	N8N	2025-01-05	5	27396	55205128	0.0004962582461542341
4999	C4999T	ORF1	N1578N	2025-01-05	5	55521	13113216	0.004233972810331195
9286	C9286T	ORF1	N3007N	2025-01-05	3	4032	703703	0.005729689940216256
13297	C13297T	ORF1	D4344D	2025-01-05	6	5	3707557	1.34859693323663e-06
15757	C15757A	ORF1	Q5165K	2025-01-05	5	68	1902596	3.574064068252009e-05
16887	C16887T	ORF1	Y5541Y	2025-01-05	10	81978	9678512	0.008470103668828432
17012	C17012A	ORF1	S5583*	2025-01-05	5	43	2653972	1.620213024101234e-05
18657	C18657T	ORF1	T6131T	2025-01-05	10	199545	54399323	0.0036681522672625906
22792	C22792T	S	I410I	2025-01-05	5	97374	15653371	0.006220640908594066
22926	T22926C	S	L455S	2025-01-05	5	88472	574212	0.15407549824803382
22928	T22928C	S	F456L	2025-01-05	5	88492	542461	0.163130621371859
23039	C23039G	S	Q493E	2025-01-05	5	314556	1503053	0.20927804941010064
23638	C23638T	S	I692I	2025-01-05	10	1247	12369102	0.00010081572615376605
22031	T22031-22031del, 22035-insertG	S	FR157-158SG	2025-01-05	5	455403	43087824	0.010569180750459805
7113	C7113T	ORF1	T2283I	2025-01-05	5	136845	12276726	0.011146701490283321
24872	G24872T	S	V1104L	2025-01-05	5	1251905	17898389	0.06994512187661135
18894	C18894T	ORF1	C6210C	2025-01-05	5	501373	15188602	0.03300981881018411
23277	C23277T	S	T572I	2025-01-05	5	35444	12885171	0.002750758992643559
15372	G15372T	ORF1	T5036T	2025-01-05	3	91192	2541254	0.03588464592677473
3565	T3565C	ORF1	G1100G	2025-01-05	4	305861	2198748	0.13910689174020852
25006	C25006T	S	F1148F	2025-01-05	5	617712	18895912	0.032690245382175784
22111	G22111T	S	Q183H	2025-01-05	5	7551	14640290	0.0005157684717993974
11003	C11003T	ORF1	H3580Y	2025-01-05	10	306	3104549	9.856504117023117e-05
21627	C21627A	S	T22N	2025-01-05	10	4452	560133	0.00794811232332321
21652	TTC21652-21654del	S	NS30-31Ndel	2025-01-05	4	58880	609063	0.09667308636380802
11727	G11727A	ORF1	R3821K	2025-01-05	4	42692	395427	0.10796430188125748
21738	T21738C	S	F59S	2025-01-05	10	3803	324859	0.01170661733244269
22132	G22132T	S	R190S	2025-01-05	5	41256	8421867	0.004898676267388217
7925	G7925T	ORF1	A2554S	2025-01-05	5	367	10226066	3.588867898955473e-05
12616	C12616T	ORF1	D4117D	2025-01-05	10	1893	96600	0.019596273291925467
7255	A7255C	ORF1	A2330A	2025-01-05	5	149	200825	0.0007419394995642973
22120	C22120A	S	F186L	2025-01-05	5	30942	12748464	0.0024271159254950245
21351	G21351T	ORF1	W7029C	2025-01-05	5	147	6891510	2.1330593730546716e-05
27537	T27537C	ORF7a	P48P	2025-01-05	5	491	13148913	3.7341489749000544e-05
829	C829T	ORF1	N188N	2025-01-05	10	46	11509323	3.996759844171547e-06
4422	G4422T	ORF1	R1386L	2025-01-05	4	320	4388014	7.29259295891034e-05
4364	A4364C	ORF1	I1367L	2025-01-05	10	147	4613490	3.186307979425554e-05
22107	A22107G	S	K182R	2025-01-05	5	10221	8508296	0.0012012981212689356
7119	C7119T	ORF1	S2285F	2025-01-05	10	47	11479041	4.094418688808586e-06
2193	G2193T	ORF1	R643I	2025-01-05	5	1729	7416037	0.00023314338911739518
7869	C7869T	ORF1	S2535L	2025-01-05	10	16	12383468	1.2920451686070493e-06
9431	G9431A	ORF1	V3056I	2025-01-05	10	5	1570845	3.183000232359017e-06
11124	C11124T	ORF1	A3620V	2025-01-05	3	42	3340925	1.2571368707768058e-05
21728	T21728G	S	L56V	2025-01-05	8	4	306009	1.3071510968631641e-05
22865	G22865T	S	A435S	2025-01-05	5	876	337211	0.0025977800249695295
27476	C27476T	ORF7a	T28I	2025-01-05	5	84273	13846516	0.006086224144759592
2060	G2060A	ORF1	A599T	2025-01-05	5	239072	7135959	0.03350243464123042
5701	T5701C	ORF1	A1812A	2025-01-05	4	23045	3027135	0.00761280881097143
10323	A10323G	ORF1	K3353R	2025-01-05	5	2728	2497352	0.0010923570245604144
21780	C21780A	S	T73N	2025-01-05	10	2	296935	6.73548082913769e-06
22895	G22895C, T22896C	S	V445P	2025-01-05	3	1209	607859	0.0019889480948706855
24819	A24819G	S	K1086R	2025-01-05	5	199434	17137564	0.011637243192789828
26840	G26840T	M	T106T	2025-01-05	2	21	1692855	1.2405078993770877e-05
515	GTTATG515-520del	ORF1	VM84-85del	2025-01-05	3	47	196530	0.00023914923930188776
1954	G1954A	ORF1	Q563Q	2025-01-05	5	107763	6422401	0.016779238792470293
9967	C9967A	ORF1	L3234L	2025-01-05	3	18	417198	4.314498151956625e-05
15007	G15007A	ORF1	D4915N	2025-01-05	10	147	1004476	0.0001463449599592225
21793	G21793C	S	K77N	2025-01-05	10	1	269761	3.7069850719711152e-06
22895	G22895C, T22896G	S	V445R	2025-01-05	10	3524	607859	0.005797397093733909
22893	A22893G	S	K444R	2025-01-05	10	1201	556859	0.0021567398569476296
24376	T24376C	S	L938L	2025-01-05	3	102	250121	0.0004078026235302114
11296	T11296G	ORF1	F3677L	2025-01-05	2	1055	1862842	0.0005663389595038119
21764	ATACA21764-21768del, G21770-21770del	S	IHV68-70Fdel	2025-01-05	10	1	279635	3.5760902605181756e-06
8818	C8818T	ORF1	C2851C	2025-01-05	10	10	1965439	5.087921833239292e-06
5180	G5180A	ORF1	D1639N	2025-01-05	6	8	1433828	5.579469782986523e-06
21811	C21811A	S	V83V	2025-01-05	9	5	263770	1.8955908556697122e-05
6701	C6701T	ORF1	L2146F	2025-01-05	3	207	826442	0.00025047129744132075
12892	G12892A	ORF1	L4209L	2025-01-05	7	2	1471533	1.3591268425512713e-06
21761	G21761T	S	A67S	2025-01-05	10	3	288083	1.04136655061215e-05
21653	T21653C	S	S31P	2025-01-05	10	2	598443	3.3420058384841998e-06
21823	T21823A	S	N87K	2025-01-05	6	2	273222	7.32005475400956e-06
20799	T20799C	ORF1	Y6845Y	2025-01-05	4	84	6117708	1.3730632452545954e-05
22992	G22992A, C22993T	S	S477N	2025-01-05	9	717	517275	0.0013861099028563144
5239	C5239T	ORF1	Y1658Y	2025-01-05	10	472	1361979	0.0003465545357160426
16600	T16600C	ORF1	L5446L	2025-01-05	7	35	420993	8.313677424565255e-05
22986	C22986T	S	A475V	2025-01-05	3	827	520273	0.0015895501015812852
593	C593T	ORF1	H110Y	2025-01-05	6	11	553747	1.98646674383789e-05
424	A424G	ORF1	L53L	2025-01-05	3	5	516781	9.67527830938057e-06
451	T451G	ORF1	P62P	2025-01-05	4	3	601368	4.988625932873049e-06
3177	C3177T	ORF1	P971L	2025-01-05	4	3	733706	4.08883122122485e-06
9943	C9943T	ORF1	Y3226Y	2025-01-05	10	6	423574	1.4165175388479934e-05
18131	C18131T	ORF1	T5956I	2025-01-05	7	2	1713927	1.1669108427605144e-06
21737	T21737C	S	F59L	2025-01-05	3	1	307077	3.2565122102925327e-06
15007	G15007A, T15009C	ORF1	D4915N	2025-01-05	2	1	1004031	9.95985183724407e-07
21654	C21654T	S	S31F	2025-01-05	10	9	598376	1.504071018891132e-05
11570	T11570A	ORF1	F3769I	2025-01-05	4	12	477937	2.5107911712213116e-05
21772	C21772-21772del	S	IHV68-70Idel	2025-01-05	6	2	285184	7.013016157989228e-06
3505	C3505T	ORF1	N1080N	2025-01-05	1	68	386940	0.00017573784049206595
21707	C21707T	S	H49Y	2025-01-05	1	7	326049	2.1469165677551533e-05
21789	C21789T	S	T76I	2025-01-05	6	1	260406	3.8401572928427145e-06
28291	C28291A	N	P6P	2025-01-12	7	342973	74253122	0.004618970768663438
24819	A24819G	S	K1086R	2025-01-12	3	123780	14870250	0.008324002622686236
24872	G24872T	S	V1104L	2025-01-12	3	1015985	15595147	0.06514751031202207
22031	T22031-22031del, 22035-insertG	S	FR157-158SG	2025-01-12	3	466064	30303892	0.015379674663571267
28883	G28883C, G28884C	N	G204P	2025-01-12	7	49062	6762968	0.00725450719270001
7113	C7113T	ORF1	T2283I	2025-01-12	7	84286	9908698	0.008506263890573715
2060	G2060A	ORF1	A599T	2025-01-12	7	38141	6030256	0.006324938775401906
17334	G17334T	ORF1	T5690T	2025-01-12	7	30594	5071942	0.0060320090411128515
15372	G15372T	ORF1	T5036T	2025-01-12	7	32404	2426214	0.013355788071456187
11727	G11727A	ORF1	R3821K	2025-01-12	7	7381	336091	0.021961314048873668
28727	G28727T	N	A152S	2025-01-12	7	5185	17771468	0.00029175980284802585
29518	C29518T	N	D415D	2025-01-12	7	128	105183315	1.21692304525675e-06
29409	C29409T	N	T379I	2025-01-12	7	110	92477796	1.1894747145574275e-06
23915	G23915T	S	V785F	2025-01-12	10	659	9633918	6.840415291058113e-05
22111	G22111T	S	Q183H	2025-01-12	3	36689	11061386	0.0033168537830611826
22132	G22132T	S	R190S	2025-01-12	10	10029	6173121	0.0016246239139002783
14964	A14964C	ORF1	K4900N	2025-01-12	2	793	1011673	0.0007838501175775176
17329	G17329T	ORF1	E5689*	2025-01-12	7	96	6836697	1.4041868463674783e-05
28396	G28396A	N	R41R	2025-01-12	7	67	42760772	1.5668566507639291e-06
7925	G7925T	ORF1	A2554S	2025-01-12	7	330	6196836	5.3252982651146486e-05
28297	T28297C	N	N8N	2025-01-12	7	50	56818083	8.800015304986618e-07
7255	A7255C	ORF1	A2330A	2025-01-12	2	83	135550	0.0006123201770564368
15757	C15757A	ORF1	Q5165K	2025-01-12	7	39	1607912	2.4255058734557613e-05
17012	C17012A	ORF1	S5583*	2025-01-12	7	18	2312503	7.783773685915218e-06
18657	C18657T	ORF1	T6131T	2025-01-12	7	246592	61665842	0.0039988426656040795
19722	A19722G	ORF1	K6486K	2025-01-12	3	554349	31673335	0.017502072326769504
19716	C19716T	ORF1	Y6484Y	2025-01-12	3	1333930	33412374	0.03992323323089823
24796	T24796A	S	A1078A	2025-01-12	2	267	18900790	1.412639365867776e-05
6255	C6255T	ORF1	A1997V	2025-01-12	7	74294	13919684	0.005337333807290453
9967	C9967A	ORF1	L3234L	2025-01-12	2	10	353322	2.8302794617940574e-05
15009	T15009C	ORF1	D4915D	2025-01-12	7	133	970993	0.00013697318106309727
22108	A22108T	S	K182N	2025-01-12	7	50	6092381	8.206971953986463e-06
22120	C22120A	S	F186L	2025-01-12	3	71059	9785516	0.007261650790821863
27537	T27537C	ORF7a	P48P	2025-01-12	7	62	11436265	5.421350414667726e-06
27810	T27810C	ORF7b	F19L	2025-01-12	6	1203687	15040102	0.0800318375500379
25006	C25006T	S	F1148F	2025-01-12	6	869753	16580466	0.05245648704927835
18894	C18894T	ORF1	C6210C	2025-01-12	6	829437	11204917	0.07402437697664338
16332	C16332T	ORF1	D5356D	2025-01-12	6	226393	22167933	0.010212634619565116
10323	A10323G	ORF1	K3353R	2025-01-12	3	578	2007057	0.0002879838489888429
28423	G28423A	N	A50A	2025-01-12	6	324900	39430265	0.008239863465284852
22107	A22107G	S	K182R	2025-01-12	6	74048	6339762	0.011679933726218745
3565	T3565C	ORF1	G1100G	2025-01-12	6	168208	1786255	0.09416796593991339
4999	C4999T	ORF1	N1578N	2025-01-12	6	115766	10411574	0.011118972020945151
22599	G22599C	S	R346T	2025-01-12	6	364457	28885165	0.012617445668044479
27476	C27476T	ORF7a	T28I	2025-01-12	6	71	11701875	6.067403728035037e-06
12892	G12892A	ORF1	L4209L	2025-01-12	6	1692	1422997	0.0011890397520163429
1954	G1954A	ORF1	Q563Q	2025-01-12	3	34698	4528240	0.007662579721922866
12423	G12423T	ORF1	R4053I	2025-01-12	6	77	4611056	1.6698994763889227e-05
15007	G15007A	ORF1	D4915N	2025-01-12	6	5	970825	5.150258800504725e-06
2193	G2193T	ORF1	R643I	2025-01-12	6	130	4962548	2.6196220167542964e-05
21351	G21351T	ORF1	W7029C	2025-01-12	6	357	4562423	7.824789590969535e-05
28892	C28892A	N	P207T	2025-01-12	6	140	6741357	2.07673321558256e-05
22926	T22926C	S	L455S	2025-01-12	6	42237	378553	0.11157486534250158
22928	T22928C	S	F456L	2025-01-12	6	41754	380781	0.10965358040448447
22792	C22792T	S	I410I	2025-01-12	6	166574	16793326	0.009919059512094269
22865	G22865T	S	A435S	2025-01-12	6	899	268262	0.00335120143740075
13121	A13121T	ORF1	S4286C	2025-01-12	6	58417	2684601	0.021760030633975032
21738	T21738C	S	F59S	2025-01-12	6	2862	135663	0.02109639326861414
9286	C9286T	ORF1	N3007N	2025-01-12	3	320	572642	0.0005588133598304002
21627	C21627A	S	T22N	2025-01-12	6	14354	343576	0.04177823829371085
12616	C12616T	ORF1	D4117D	2025-01-12	6	568	72411	0.007844112082418418
23039	C23039G	S	Q493E	2025-01-12	6	109303	868577	0.12584146253009232
15007	G15007A, T15009C	ORF1	D4915N	2025-01-12	2	3	970993	3.089620625483397e-06
21653	T21653C	S	S31P	2025-01-12	6	510	354185	0.0014399254626819317
21652	TTC21652-21654del	S	NS30-31Ndel	2025-01-12	6	30349	354748	0.08555086991329056
16600	T16600C	ORF1	L5446L	2025-01-12	7	1	319995	3.1250488288879512e-06
23277	C23277T	S	T572I	2025-01-12	6	35985	9466164	0.003801434245170483
7869	C7869T	ORF1	S2535L	2025-01-12	6	62934	6520291	0.009652023199578056
24185	T24185C	S	S875P	2025-01-12	6	90	8207298	1.0965850149464538e-05
10594	C10594T	ORF1	N3443N	2025-01-12	3	4	3755042	1.0652344234764885e-06
829	C829T	ORF1	N188N	2025-01-12	6	9780	8058453	0.0012136324428522448
10296	C10296T	ORF1	S3344F	2025-01-12	3	4	1993137	2.0068866314759094e-06
25925	C25925T	ORF3a	P178L	2025-01-12	7	480	631959	0.0007595429450328265
16943	G16943T	ORF1	S5560I	2025-01-12	10	57	7333291	7.772772142821006e-06
22895	G22895C, T22896G	S	V445R	2025-01-12	6	12269	425004	0.028867963595636748
22986	C22986T	S	A475V	2025-01-12	6	9	439498	2.0477908886957392e-05
22501	T22501C	S	Y313Y	2025-01-12	6	71492	22741568	0.0031436706563065485
16887	C16887T	ORF1	Y5541Y	2025-01-12	10	2135	7827772	0.0002727468301325077
9431	G9431A	ORF1	V3056I	2025-01-12	5	3	1528215	1.9630745673874423e-06
23638	C23638T	S	I692I	2025-01-12	6	15384	8458682	0.0018187230587460316
3896	G3896A	ORF1	V1211I	2025-01-12	6	551	2052393	0.0002684671015736265
4364	A4364C	ORF1	I1367L	2025-01-12	6	63715	3210300	0.019847054792387003
6701	C6701T	ORF1	L2146F	2025-01-12	6	215	630868	0.00034080029419783535
11003	C11003T	ORF1	H3580Y	2025-01-12	3	12736	2675037	0.00476105564147337
11570	T11570A	ORF1	F3769I	2025-01-12	8	3	374684	8.006747018821193e-06
18131	C18131T	ORF1	T5956I	2025-01-12	7	1	1324828	7.548149646595633e-07
593	C593T	ORF1	H110Y	2025-01-12	6	6	375474	1.5979801530864986e-05
8818	C8818T	ORF1	C2851C	2025-01-12	8	58	1990259	2.9141935798305648e-05
4422	G4422T	ORF1	R1386L	2025-01-12	6	173	3232923	5.351194569125216e-05
5701	T5701C	ORF1	A1812A	2025-01-12	6	7237	2407896	0.0030055284779741316
20799	T20799C	ORF1	Y6845Y	2025-01-12	6	74	3917668	1.8888787921794293e-05
26951	G26951T	M	V143V	2025-01-12	6	22	1926260	1.1421095802228151e-05
6312	C6312T	ORF1	T2016I	2025-01-12	7	1050	2260777	0.00046444209225412325
9943	C9943T	ORF1	Y3226Y	2025-01-12	1	2	353995	5.649797313521377e-06
11124	C11124T	ORF1	A3620V	2025-01-12	7	3	2811292	1.0671250087148543e-06
22893	A22893G	S	K444R	2025-01-12	3	230	393408	0.0005846347811940784
7119	C7119T	ORF1	S2285F	2025-01-12	6	34	9735105	3.49251497544197e-06
12655	T12655C	ORF1	A4130A	2025-01-12	1	1	54443	1.836783424866374e-05
13297	C13297T	ORF1	D4344D	2025-01-12	6	10936	2957574	0.003697625148178879
24376	T24376C	S	L938L	2025-01-12	6	36	168225	0.0002139991083370486
26840	G26840T	M	T106T	2025-01-12	6	18	1549367	1.1617647723231488e-05
5239	C5239T	ORF1	Y1658Y	2025-01-12	6	16058	1284089	0.012505363724788547
22992	G22992A, C22993T	S	S477N	2025-01-12	3	235	438583	0.0005358164817149775
5180	G5180A	ORF1	D1639N	2025-01-12	6	1927	1230503	0.001566026251053431
21772	C21772-21772del	S	IHV68-70Idel	2025-01-12	3	13	133265	9.75499943721157e-05
21761	G21761T	S	A67S	2025-01-12	3	4	134134	2.9820925343313403e-05
21780	C21780A	S	T73N	2025-01-12	10	4	134565	2.972541151116561e-05
21811	C21811A	S	V83V	2025-01-12	5	3	122265	2.45368666421298e-05
22895	G22895C, T22896C	S	V445P	2025-01-12	3	278	425004	0.0006541114907153815
21728	T21728G	S	L56V	2025-01-12	3	2	145547	1.3741265707984362e-05
21764	ATACA21764-21768del, G21770-21770del	S	IHV68-70Fdel	2025-01-12	6	3	132575	2.2628700735432774e-05
21793	G21793C	S	K77N	2025-01-12	3	5	127150	3.9323633503735746e-05
3177	C3177T	ORF1	P971L	2025-01-12	6	2	670353	2.9835027217003577e-06
515	GTTATG515-520del	ORF1	VM84-85del	2025-01-12	4	167	153196	0.001090106791300034
424	A424G	ORF1	L53L	2025-01-12	7	54	351388	0.00015367627807437933
451	T451G	ORF1	P62P	2025-01-12	3	1	412705	2.4230382476587395e-06
3505	C3505T	ORF1	N1080N	2025-01-12	1	88	250674	0.0003510535596033095
21707	C21707T	S	H49Y	2025-01-12	6	1	152619	6.552264134871805e-06
21789	C21789T	S	T76I	2025-01-12	10	1	121317	8.242867858585359e-06
21823	T21823A	S	N87K	2025-01-12	1	1	121816	8.209102252577659e-06
21654	C21654T	S	S31F	2025-01-12	7	32	354073	9.037684319335279e-05
21737	T21737C	S	F59L	2025-01-12	9	3	145713	2.0588416956620205e-05
28883	G28883C, G28884C	N	G204P	2025-01-19	7	163498	6608852	0.02473924366894583
28291	C28291A	N	P6P	2025-01-19	7	632718	52832149	0.011976003474702497
1954	G1954A	ORF1	Q563Q	2025-01-19	7	28403	4059875	0.0069960282028387576
2060	G2060A	ORF1	A599T	2025-01-19	7	46482	4516987	0.01029048788495517
24872	G24872T	S	V1104L	2025-01-19	6	960908	11819646	0.08129752786166354
23039	C23039G	S	Q493E	2025-01-19	9	63800	766152	0.08327329302801532
3565	T3565C	ORF1	G1100G	2025-01-19	7	76820	1691371	0.04541877565596194
22031	T22031-22031del, 22035-insertG	S	FR157-158SG	2025-01-19	6	628629	31201386	0.020147470371989246
18894	C18894T	ORF1	C6210C	2025-01-19	7	247361	8087676	0.030584929465522603
22928	T22928C	S	F456L	2025-01-19	9	65977	292701	0.22540749775368038
22926	T22926C	S	L455S	2025-01-19	9	66172	340716	0.19421453644677678
11727	G11727A	ORF1	R3821K	2025-01-19	7	12758	305296	0.04178895236098737
17334	G17334T	ORF1	T5690T	2025-01-19	7	69864	3883155	0.017991555835396734
13121	A13121T	ORF1	S4286C	2025-01-19	7	20557	2648976	0.007760357209729345
7869	C7869T	ORF1	S2535L	2025-01-19	7	12544	8347051	0.0015028062006569745
27810	T27810C	ORF7b	F19L	2025-01-19	7	507308	11317010	0.044827034702629054
25006	C25006T	S	F1148F	2025-01-19	4	561137	12352923	0.04542544303077094
4999	C4999T	ORF1	N1578N	2025-01-19	7	54504	8083114	0.006742945849829657
29409	C29409T	N	T379I	2025-01-19	7	277530	83307005	0.003331412526473614
28297	T28297C	N	N8N	2025-01-19	7	94	39576663	2.3751370852059964e-06
16600	T16600C	ORF1	L5446L	2025-01-19	1	106	344031	0.0003081117689975613
21738	T21738C	S	F59S	2025-01-19	4	3640	123560	0.02945937196503723
19716	C19716T	ORF1	Y6484Y	2025-01-19	7	332620	23480341	0.014165893076254727
15372	G15372T	ORF1	T5036T	2025-01-19	7	84430	2493976	0.033853573570876386
18657	C18657T	ORF1	T6131T	2025-01-19	7	302274	23898991	0.012647981665836855
6255	C6255T	ORF1	A1997V	2025-01-19	7	71063	12648518	0.005618286664097723
22893	A22893G	S	K444R	2025-01-19	10	17	330204	5.148332545941297e-05
13297	C13297T	ORF1	D4344D	2025-01-19	7	92	2978923	3.088364486091114e-05
22992	G22992A, C22993T	S	S477N	2025-01-19	3	364	279472	0.001302456059998855
21627	C21627A	S	T22N	2025-01-19	6	26233	316757	0.08281742787057586
22895	G22895C, T22896G	S	V445R	2025-01-19	4	4073	361850	0.011256045322647505
21652	TTC21652-21654del	S	NS30-31Ndel	2025-01-19	9	36306	332921	0.10905289843536455
23277	C23277T	S	T572I	2025-01-19	9	213754	9284722	0.023022121717806952
16332	C16332T	ORF1	D5356D	2025-01-19	6	234895	14329806	0.01639205722673426
26840	G26840T	M	T106T	2025-01-19	10	102	1777903	5.737095893308015e-05
24819	A24819G	S	K1086R	2025-01-19	8	5942	10995500	0.0005404028920922196
22132	G22132T	S	R190S	2025-01-19	10	15289	6409135	0.002385501319600851
22111	G22111T	S	Q183H	2025-01-19	4	10746	11703460	0.0009181900053488455
19722	A19722G	ORF1	K6486K	2025-01-19	7	406900	22006805	0.01848973533413869
3505	C3505T	ORF1	N1080N	2025-01-19	6	26	238495	0.00010901696052328141
22895	G22895C, T22896C	S	V445P	2025-01-19	4	400	361850	0.0011054304269725024
12616	C12616T	ORF1	D4117D	2025-01-19	7	1331	106024	0.012553761412510375
22107	A22107G	S	K182R	2025-01-19	4	52135	6515949	0.008001136902698287
22792	C22792T	S	I410I	2025-01-19	7	30	11252283	2.6661256209073306e-06
21653	T21653C	S	S31P	2025-01-19	7	1	331765	3.014181725016201e-06
6312	C6312T	ORF1	T2016I	2025-01-19	8	911	3381711	0.000269390258363296
22120	C22120A	S	F186L	2025-01-19	10	14911	10162500	0.0014672570725707257
21789	C21789T	S	T76I	2025-01-19	8	4	106702	3.748758223838353e-05
2193	G2193T	ORF1	R643I	2025-01-19	7	45	4698638	9.57724344799493e-06
451	T451G	ORF1	P62P	2025-01-19	4	1	335213	2.983177860047194e-06
3177	C3177T	ORF1	P971L	2025-01-19	1	3	610336	4.915325328999109e-06
7945	C7945T	ORF1	Y2560Y	2025-01-19	7	26	8092649	3.2127922513382206e-06
5701	T5701C	ORF1	A1812A	2025-01-19	7	16	2265284	7.063132039956138e-06
15757	C15757A	ORF1	Q5165K	2025-01-19	7	27	1399809	1.9288345767172522e-05
20799	T20799C	ORF1	Y6845Y	2025-01-19	10	52	4969043	1.0464791711401975e-05
27537	T27537C	ORF7a	P48P	2025-01-19	7	68	8538409	7.964012967755467e-06
3763	A3763G	ORF1	V1166V	2025-01-19	8	439	1542316	0.0002846368707839379
7834	C7834T	ORF1	N2523N	2025-01-19	8	85	7303229	1.1638687490149905e-05
9943	C9943T	ORF1	Y3226Y	2025-01-19	6	135	468800	0.00028796928327645054
12423	G12423T	ORF1	R4053I	2025-01-19	7	64	3881278	1.648941405382454e-05
24376	T24376C	S	L938L	2025-01-19	6	286	204203	0.0014005670827558852
13170	C13170T	ORF1	T4302I	2025-01-19	4	10	2823578	3.541605721534875e-06
424	A424G	ORF1	L53L	2025-01-19	7	1	249934	4.001056278857618e-06
593	C593T	ORF1	H110Y	2025-01-19	4	4	363533	1.1003127639031395e-05
5180	G5180A	ORF1	D1639N	2025-01-19	7	4	1198952	3.3362469890370924e-06
9286	C9286T	ORF1	N3007N	2025-01-19	8	2	554850	3.604577813823556e-06
10594	C10594T	ORF1	N3443N	2025-01-19	10	15	3565400	4.207101587479665e-06
11570	T11570A	ORF1	F3769I	2025-01-19	7	7	428627	1.6331215719028432e-05
14964	A14964C	ORF1	K4900N	2025-01-19	7	1400	767741	0.0018235316337150158
21351	G21351T	ORF1	W7029C	2025-01-19	7	112	4444801	2.5197978492175465e-05
22501	T22501C	S	Y313Y	2025-01-19	4	26146	14947649	0.001749171391434198
26313	C26313T	E	F23F	2025-01-19	7	8	1676752	4.771128944530855e-06
28396	G28396A	N	R41R	2025-01-19	7	74	30692060	2.4110470264948002e-06
829	C829T	ORF1	N188N	2025-01-19	10	41	7003768	5.853991737019273e-06
2949	T2949G	ORF1	I895S	2025-01-19	7	480	581413	0.0008255749355449569
6533	G6533T	ORF1	V2090F	2025-01-19	7	625	3203761	0.00019508321625739248
7925	G7925T	ORF1	A2554S	2025-01-19	8	86	7474169	1.1506295883863476e-05
9431	G9431A	ORF1	V3056I	2025-01-19	10	4	1608758	2.486390122069323e-06
12655	T12655C	ORF1	A4130A	2025-01-19	7	2	89913	2.2243724489228477e-05
15007	G15007A	ORF1	D4915N	2025-01-19	6	4	718465	5.567424996346377e-06
21823	T21823A	S	N87K	2025-01-19	2	3	112304	2.671320700954552e-05
21737	T21737C	S	F59L	2025-01-19	10	6	130973	4.581096867293259e-05
22108	A22108T	S	K182N	2025-01-19	9	443	6064593	7.304694643152475e-05
22986	C22986T	S	A475V	2025-01-19	4	540	281577	0.0019177702724299216
24185	T24185C	S	S875P	2025-01-19	7	20	5797379	3.449834830532901e-06
27476	C27476T	ORF7a	T28I	2025-01-19	7	10036	8888939	0.0011290436350165076
28727	G28727T	N	A152S	2025-01-19	7	15537	15645602	0.0009930586243980897
28892	C28892A	N	P207T	2025-01-19	7	87	6613322	1.3155264479787919e-05
7113	C7113T	ORF1	T2283I	2025-01-19	7	343095	11066373	0.031003382951216265
10296	C10296T	ORF1	S3344F	2025-01-19	7	1	2069729	4.831550410705942e-07
23915	G23915T	S	V785F	2025-01-19	8	133	6631163	2.0056813563472954e-05
7255	A7255C	ORF1	A2330A	2025-01-19	8	29	177976	0.00016294331820020677
7262	C7262A	ORF1	L2333I	2025-01-19	8	17	178596	9.518690228224597e-05
4364	A4364C	ORF1	I1367L	2025-01-19	7	6449	2869395	0.0022475121062105427
25324	C25324A	S	C1254*	2025-01-19	8	141	414152	0.00034045471227954954
4422	G4422T	ORF1	R1386L	2025-01-19	7	116	2827093	4.1031547246588635e-05
11003	C11003T	ORF1	H3580Y	2025-01-19	8	5	2412328	2.0726866329951814e-06
15009	T15009C	ORF1	D4915D	2025-01-19	7	157	719267	0.00021827777445649528
9967	C9967A	ORF1	L3234L	2025-01-19	3	15	465299	3.223733556272418e-05
7119	C7119T	ORF1	S2285F	2025-01-19	7	33	9265527	3.5615891033505165e-06
26951	G26951T	M	V143V	2025-01-19	8	2	1947591	1.026909654029003e-06
29518	C29518T	N	D415D	2025-01-19	7	131	105700153	1.239354875862857e-06
8818	C8818T	ORF1	C2851C	2025-01-19	7	4	1340314	2.9843753031006166e-06
10323	A10323G	ORF1	K3353R	2025-01-19	5	34	2093630	1.6239736725209326e-05
11124	C11124T	ORF1	A3620V	2025-01-19	7	2284	2474747	0.0009229226260300548
22599	G22599C	S	R346T	2025-01-19	5	122756	16962019	0.007237110157699977
25925	C25925T	ORF3a	P178L	2025-01-19	10	7923	501654	0.015793754260904926
22865	G22865T	S	A435S	2025-01-19	10	250	238047	0.0010502127731078317
17329	G17329T	ORF1	E5689*	2025-01-19	7	177	5947045	2.9762680457269114e-05
24796	T24796A	S	A1078A	2025-01-19	8	106	13865441	7.644906498105614e-06
16943	G16943T	ORF1	S5560I	2025-01-19	7	9629	5999178	0.001605053225625244
17012	C17012A	ORF1	S5583*	2025-01-19	7	118	2215254	5.326702942416536e-05
23638	C23638T	S	I692I	2025-01-19	4	34453	7819413	0.004406085213813364
28423	G28423A	N	A50A	2025-01-19	7	180017	29021741	0.006202832559218277
16887	C16887T	ORF1	Y5541Y	2025-01-19	7	11926	6674415	0.001786823264660648
21811	C21811A	S	V83V	2025-01-19	10	1	110238	9.071282135016963e-06
21780	C21780A	S	T73N	2025-01-19	10	1	121985	8.197729229003566e-06
21707	C21707T	S	H49Y	2025-01-19	8	25	140754	0.00017761484575926794
21761	G21761T	S	A67S	2025-01-19	8	3	124165	2.4161398139572344e-05
21793	G21793C	S	K77N	2025-01-19	2	7	108077	6.476863717534721e-05
21728	T21728G	S	L56V	2025-01-19	10	4	129777	3.082210252972407e-05
21772	C21772-21772del	S	IHV68-70Idel	2025-01-19	1	1210	120884	0.010009595976307866
18131	C18131T	ORF1	T5956I	2025-01-19	4	6	1048343	5.723317654622581e-06
15007	G15007A, T15009C	ORF1	D4915N	2025-01-19	2	1	719267	1.390304295901244e-06
12892	G12892A	ORF1	L4209L	2025-01-19	8	391	1366340	0.00028616596162009454
21654	C21654T	S	S31F	2025-01-19	4	1	327313	3.0551795987327113e-06
5239	C5239T	ORF1	Y1658Y	2025-01-19	6	1050	1186891	0.0008846642193765055
3896	G3896A	ORF1	V1211I	2025-01-19	7	2	1878280	1.0648039695891987e-06
6701	C6701T	ORF1	L2146F	2025-01-19	7	586	587464	0.000997507932400964
515	GTTATG515-520del	ORF1	VM84-85del	2025-01-19	7	1	149520	6.6880684858212945e-06
5784	C5784T	ORF1	T1840I	2025-01-19	8	3	4609467	6.508344674123928e-07
21738	T21738C	S	F59S	2025-01-26	5	12753	160898	0.07926139541821527
22031	T22031-22031del, 22035-insertG	S	FR157-158SG	2025-01-26	5	705374	76779610	0.009186996391359633
24872	G24872T	S	V1104L	2025-01-26	5	588163	8193360	0.07178532372555338
25006	C25006T	S	F1148F	2025-01-26	5	450353	8297998	0.05427248837611193
22926	T22926C	S	L455S	2025-01-26	5	75927	492842	0.15405951603150705
22928	T22928C	S	F456L	2025-01-26	5	75540	419316	0.18015053086455085
23039	C23039G	S	Q493E	2025-01-26	5	172362	1266021	0.13614466110751716
23277	C23277T	S	T572I	2025-01-26	5	115299	29101723	0.00396193036405439
24819	A24819G	S	K1086R	2025-01-26	5	14640	7618320	0.0019216835207762342
22132	G22132T	S	R190S	2025-01-26	5	373625	15127196	0.024698893304482866
21761	G21761T	S	A67S	2025-01-26	3	3	151456	1.980773293893936e-05
21780	C21780A	S	T73N	2025-01-26	10	15	152187	9.856295215754302e-05
21707	C21707T	S	H49Y	2025-01-26	10	2	179768	1.112545058074852e-05
21811	C21811A	S	V83V	2025-01-26	1	6	143579	4.178884098649524e-05
22120	C22120A	S	F186L	2025-01-26	5	360961	24620051	0.014661261262212658
21789	C21789T	S	T76I	2025-01-26	1	1	128557	7.778650715246934e-06
21793	G21793C	S	K77N	2025-01-26	8	1	132428	7.551273144652188e-06
21823	T21823A	S	N87K	2025-01-26	1	1	150518	6.6437236742449405e-06
21652	TTC21652-21654del	S	NS30-31Ndel	2025-01-26	5	28230	604920	0.04666732791112874
21627	C21627A	S	T22N	2025-01-26	5	9293	605770	0.015340805916436932
22599	G22599C	S	R346T	2025-01-26	5	10715	5875212	0.0018237639765169326
22895	G22895C, T22896G	S	V445R	2025-01-26	1	4737	520167	0.00910669073585983
21737	T21737C	S	F59L	2025-01-26	6	1	166846	5.993550939189432e-06
24376	T24376C	S	L938L	2025-01-26	3	219	377896	0.0005795245252662108
22111	G22111T	S	Q183H	2025-01-26	5	9405	29368471	0.0003202413908439428
25324	C25324A	S	C1254*	2025-01-26	5	621	515293	0.0012051396001886306
22895	G22895C, T22896C	S	V445P	2025-01-26	3	225	520167	0.0004325533915069583
21772	C21772-21772del	S	IHV68-70Idel	2025-01-26	1	1	145710	6.862946949420081e-06
22992	G22992A, C22993T	S	S477N	2025-01-26	3	2226	408508	0.005449097692089262
22107	A22107G	S	K182R	2025-01-26	5	13630	13592893	0.001002729882446658
23638	C23638T	S	I692I	2025-01-26	5	535	9991082	5.3547753886916355e-05
24796	T24796A	S	A1078A	2025-01-26	5	408	10912360	3.7388795824184684e-05
27810	T27810C	ORF7b	F19L	2025-01-26	7	371236	12257190	0.030287202858077584
7113	C7113T	ORF1	T2283I	2025-01-26	7	170086	19730993	0.00862024531659405
4999	C4999T	ORF1	N1578N	2025-01-26	7	38435	16354966	0.0023500507429975704
28291	C28291A	N	P6P	2025-01-26	7	578348	51573259	0.011214106132016982
2060	G2060A	ORF1	A599T	2025-01-26	7	88811	11714697	0.007581160656566705
29518	C29518T	N	D415D	2025-01-26	7	96	69168049	1.3879240688139116e-06
6255	C6255T	ORF1	A1997V	2025-01-26	7	55235	17703940	0.0031199269767068797
28883	G28883C, G28884C	N	G204P	2025-01-26	7	102166	7865800	0.012988634341071474
11727	G11727A	ORF1	R3821K	2025-01-26	7	18560	453430	0.04093244822795139
15007	G15007A	ORF1	D4915N	2025-01-26	7	3953	1545544	0.002557675485136625
12423	G12423T	ORF1	R4053I	2025-01-26	7	8592	4367096	0.0019674401478694307
17012	C17012A	ORF1	S5583*	2025-01-26	7	9411	4623437	0.0020354986993442324
25925	C25925T	ORF3a	P178L	2025-01-26	7	3434	1007453	0.003408595735979743
28892	C28892A	N	P207T	2025-01-26	7	4513	8070494	0.0005591974915042376
2193	G2193T	ORF1	R643I	2025-01-26	7	19054	9564751	0.001992106224197577
15009	T15009C	ORF1	D4915D	2025-01-26	7	699	1535343	0.00045527286085259125
21351	G21351T	ORF1	W7029C	2025-01-26	7	6949	8747309	0.0007944157454595464
18894	C18894T	ORF1	C6210C	2025-01-26	7	307631	9588849	0.032082161268782106
19716	C19716T	ORF1	Y6484Y	2025-01-26	7	232479	23053590	0.01008428622179886
3565	T3565C	ORF1	G1100G	2025-01-26	7	88956	3332326	0.026694867188864473
17334	G17334T	ORF1	T5690T	2025-01-26	7	111842	4737682	0.023606903122666317
12616	C12616T	ORF1	D4117D	2025-01-26	7	3736	192455	0.01941233015510119
19722	A19722G	ORF1	K6486K	2025-01-26	7	303739	18195352	0.01669321923532999
15372	G15372T	ORF1	T5036T	2025-01-26	7	107352	6197660	0.017321376132282185
16887	C16887T	ORF1	Y5541Y	2025-01-26	7	12808	9695425	0.001321035436816849
515	GTTATG515-520del	ORF1	VM84-85del	2025-01-26	9	53	146040	0.0003629142700629964
9967	C9967A	ORF1	L3234L	2025-01-26	7	584	851071	0.0006861942188137065
15007	G15007A, T15009C	ORF1	D4915N	2025-01-26	1	919	1535343	0.0005985633177732924
28297	T28297C	N	N8N	2025-01-26	7	189	40003393	4.724599235869818e-06
1954	G1954A	ORF1	Q563Q	2025-01-26	7	35272	8589655	0.0041063348877224985
16600	T16600C	ORF1	L5446L	2025-01-26	1	839	530541	0.0015814046416770806
5239	C5239T	ORF1	Y1658Y	2025-01-26	7	9285	2259938	0.00410851979125091
18131	C18131T	ORF1	T5956I	2025-01-26	7	2453	1761660	0.0013924366790413587
18657	C18657T	ORF1	T6131T	2025-01-26	7	129511	32133996	0.004030342195847662
22893	A22893G	S	K444R	2025-01-26	7	4	458987	8.714843775531768e-06
4364	A4364C	ORF1	I1367L	2025-01-26	3	13925	6559315	0.002122935093069932
27476	C27476T	ORF7a	T28I	2025-01-26	7	22004	8529684	0.002579696973533838
29409	C29409T	N	T379I	2025-01-26	7	72733	52452330	0.001386649553985495
3896	G3896A	ORF1	V1211I	2025-01-26	7	26	3086826	8.42289134534956e-06
13121	A13121T	ORF1	S4286C	2025-01-26	7	181547	5837662	0.031099265425096553
16332	C16332T	ORF1	D5356D	2025-01-26	7	212341	14409670	0.014736007139649971
12892	G12892A	ORF1	L4209L	2025-01-26	3	7969	1978710	0.004027371368214645
9286	C9286T	ORF1	N3007N	2025-01-26	7	65	976672	6.655253759706431e-05
8818	C8818T	ORF1	C2851C	2025-01-26	7	13	3022763	4.300701047353034e-06
22792	C22792T	S	I410I	2025-01-26	7	1297	4637158	0.0002796971765896267
21653	T21653C	S	S31P	2025-01-26	7	1	612356	1.6330369915539328e-06
26951	G26951T	M	V143V	2025-01-26	3	277	4580091	6.0479147685056914e-05
11124	C11124T	ORF1	A3620V	2025-01-26	7	1246	5290973	0.0002354954372286534
593	C593T	ORF1	H110Y	2025-01-26	7	5	403073	1.240470088544755e-05
3505	C3505T	ORF1	N1080N	2025-01-26	3	21	228372	9.195523093899427e-05
3763	A3763G	ORF1	V1166V	2025-01-26	8	213	3073972	6.929145743682766e-05
24185	T24185C	S	S875P	2025-01-26	7	12	3479232	3.4490370288615418e-06
3177	C3177T	ORF1	P971L	2025-01-26	8	2	712674	2.806332207994118e-06
5180	G5180A	ORF1	D1639N	2025-01-26	7	8	2195403	3.643977893808107e-06
20799	T20799C	ORF1	Y6845Y	2025-01-26	7	35	10013697	3.4952126072917924e-06
7270	T7270G	ORF1	T2335T	2025-01-26	3	251	517059	0.00048543783204624616
829	C829T	ORF1	N188N	2025-01-26	5	52143	17026588	0.0030624456291536506
7834	C7834T	ORF1	N2523N	2025-01-26	7	18	10711466	1.680442247587772e-06
1266	G1266T	ORF1	G334V	2025-01-26	7	283	3096810	9.138436003500377e-05
22501	T22501C	S	Y313Y	2025-01-26	7	30663	9693398	0.003163287012459408
424	A424G	ORF1	L53L	2025-01-26	8	2	440573	4.539542822642331e-06
11003	C11003T	ORF1	H3580Y	2025-01-26	8	34	5830494	5.831409825651137e-06
4422	G4422T	ORF1	R1386L	2025-01-26	7	387	6537563	5.919637026824827e-05
451	T451G	ORF1	P62P	2025-01-26	9	5	508302	9.836671899776118e-06
28423	G28423A	N	A50A	2025-01-26	7	305391	29146903	0.010477648345692165
7119	C7119T	ORF1	S2285F	2025-01-26	7	25	17975386	1.3907907179295064e-06
15757	C15757A	ORF1	Q5165K	2025-01-26	7	988	2223757	0.0004442931489366869
22986	C22986T	S	A475V	2025-01-26	8	18	417775	4.3085392855005686e-05
7869	C7869T	ORF1	S2535L	2025-01-26	7	16804	12341779	0.0013615541163068954
13297	C13297T	ORF1	D4344D	2025-01-26	7	15506	5371945	0.00288647780273253
22865	G22865T	S	A435S	2025-01-26	7	578	351281	0.0016454063840629011
5701	T5701C	ORF1	A1812A	2025-01-26	7	28	4303129	6.506893007390669e-06
27537	T27537C	ORF7a	P48P	2025-01-26	7	180	7787082	2.3115205413272907e-05
28727	G28727T	N	A152S	2025-01-26	7	113962	18964646	0.006009181505418029
7945	C7945T	ORF1	Y2560Y	2025-01-26	7	48	11474920	4.183035698723825e-06
28396	G28396A	N	R41R	2025-01-26	7	155	28454518	5.447289600899231e-06
17329	G17329T	ORF1	E5689*	2025-01-26	7	8453	9060592	0.0009329412471061493
11570	T11570A	ORF1	F3769I	2025-01-26	8	1	641252	1.5594493272535603e-06
15009	T15009A	ORF1	D4915E	2025-01-26	7	1362	1535343	0.0008870981923908859
7925	G7925T	ORF1	A2554S	2025-01-26	7	1187	11136235	0.00010658898631359702
5784	C5784T	ORF1	T1840I	2025-01-26	8	1	5432847	1.8406555531565678e-07
22796	C22796T	S	P412S	2025-01-26	8	14	4735746	2.9562396294058e-06
22108	A22108T	S	K182N	2025-01-26	7	2548	13184221	0.00019326132351695259
26313	C26313T	E	F23F	2025-01-26	7	2925	2720171	0.0010753000454750822
13170	C13170T	ORF1	T4302I	2025-01-26	8	13	4977787	2.6116023043975164e-06
14964	A14964C	ORF1	K4900N	2025-01-26	7	1307	1616357	0.0008086084942868438
26840	G26840T	M	T106T	2025-01-26	7	88	4547241	1.935239412206215e-05
9431	G9431A	ORF1	V3056I	2025-01-26	8	14	3799326	3.684864104843859e-06
10594	C10594T	ORF1	N3443N	2025-01-26	7	38	8299055	4.578834578153778e-06
23915	G23915T	S	V785F	2025-01-26	10	447	3881400	0.00011516463131859638
7255	A7255C	ORF1	A2330A	2025-01-26	3	367	304950	0.0012034759796687982
7262	C7262A	ORF1	L2333I	2025-01-26	3	237	301940	0.0007849241571173081
2949	T2949G	ORF1	I895S	2025-01-26	7	380	646075	0.0005881670084742483
6533	G6533T	ORF1	V2090F	2025-01-26	7	458	7722314	5.930864764110861e-05
16943	G16943T	ORF1	S5560I	2025-01-26	7	9048	9512549	0.0009511646142374668
10323	A10323G	ORF1	K3353R	2025-01-26	5	31	4704191	6.5898684811054655e-06
6312	C6312T	ORF1	T2016I	2025-01-26	7	8	8357104	9.572694081586157e-07
10296	C10296T	ORF1	S3344F	2025-01-26	10	19	5541297	3.428800152744024e-06
21728	T21728G	S	L56V	2025-01-26	3	3	167481	1.791247962455443e-05
21654	C21654T	S	S31F	2025-01-26	7	5	599246	8.343818732206807e-06
12655	T12655C	ORF1	A4130A	2025-01-26	6	1	172783	5.787606419613041e-06
28291	C28291A	N	P6P	2025-02-02	7	778651	44882824	0.01734852958450208
27810	T27810C	ORF7b	F19L	2025-02-02	7	569759	13606777	0.04187317834340932
19716	C19716T	ORF1	Y6484Y	2025-02-02	7	517886	33422911	0.015494939982935657
22031	T22031-22031del, 22035-insertG	S	FR157-158SG	2025-02-02	7	404246	53022361	0.007624066382106221
7869	C7869T	ORF1	S2535L	2025-02-02	7	3821	13033773	0.00029316146598532905
28297	T28297C	N	N8N	2025-02-02	7	48608	60307187	0.0008060067533907692
28883	G28883C, G28884C	N	G204P	2025-02-02	7	160870	8328827	0.019314844695417496
2060	G2060A	ORF1	A599T	2025-02-02	7	163963	7293187	0.022481666793954413
7113	C7113T	ORF1	T2283I	2025-02-02	7	183819	13007790	0.014131455074228597
3565	T3565C	ORF1	G1100G	2025-02-02	7	123137	2502682	0.04920201607715243
29518	C29518T	N	D415D	2025-02-02	7	358354	79321437	0.004517744679789399
18657	C18657T	ORF1	T6131T	2025-02-02	7	367829	16856069	0.02182175452651505
6255	C6255T	ORF1	A1997V	2025-02-02	7	129660	16315386	0.007947099749892524
23277	C23277T	S	T572I	2025-02-02	7	79399	23450134	0.0033858655136043145
4999	C4999T	ORF1	N1578N	2025-02-02	7	65101	24111689	0.002699976762308107
16332	C16332T	ORF1	D5356D	2025-02-02	7	122502	25775970	0.004752566052800341
22111	G22111T	S	Q183H	2025-02-02	7	42741	15034285	0.0028429020734940173
25006	C25006T	S	F1148F	2025-02-02	7	124536	5619522	0.02216131549978806
24872	G24872T	S	V1104L	2025-02-02	7	459505	5180529	0.08869847075462757
13121	A13121T	ORF1	S4286C	2025-02-02	5	222500	4610575	0.0482586228398844
18894	C18894T	ORF1	C6210C	2025-02-02	7	202290	4943685	0.04091886922407071
17012	C17012A	ORF1	S5583*	2025-02-02	7	37610	4282296	0.008782671725635034
28892	C28892A	N	P207T	2025-02-02	7	31554	8827910	0.003574345456625634
17329	G17329T	ORF1	E5689*	2025-02-02	7	28859	8255582	0.0034956953973687135
12423	G12423T	ORF1	R4053I	2025-02-02	2	33248	5736170	0.005796201995408086
15372	G15372T	ORF1	T5036T	2025-02-02	7	51157	4740697	0.010791029251605829
2193	G2193T	ORF1	R643I	2025-02-02	7	23908	9645137	0.002478762095344006
15007	G15007A	ORF1	D4915N	2025-02-02	7	25362	1542411	0.016443088126316528
21351	G21351T	ORF1	W7029C	2025-02-02	7	28596	8707179	0.0032841865315965135
22599	G22599C	S	R346T	2025-02-02	5	61030	5506991	0.011082277054747321
15757	C15757A	ORF1	Q5165K	2025-02-02	7	11790	1681482	0.007011671846621016
11727	G11727A	ORF1	R3821K	2025-02-02	7	16466	419862	0.03921764770329299
21627	C21627A	S	T22N	2025-02-02	7	26241	768301	0.03415458264404185
25925	C25925T	ORF3a	P178L	2025-02-02	7	8118	941080	0.008626259191567136
21652	TTC21652-21654del	S	NS30-31Ndel	2025-02-02	3	17565	784568	0.022388116772542342
15007	G15007A, T15009C	ORF1	D4915N	2025-02-02	2	6402	1603977	0.003991329052723325
15009	T15009C	ORF1	D4915D	2025-02-02	2	3225	1603977	0.002010627334431853
9967	C9967A	ORF1	L3234L	2025-02-02	2	1961	685334	0.0028613785395150393
22926	T22926C	S	L455S	2025-02-02	4	30397	529180	0.0574417022563211
22928	T22928C	S	F456L	2025-02-02	4	30448	508895	0.05983159590878275
23039	C23039G	S	Q493E	2025-02-02	4	29767	1359794	0.021890815814748412
28396	G28396A	N	R41R	2025-02-02	7	11343	30918409	0.00036686881268696586
29409	C29409T	N	T379I	2025-02-02	7	120408	68158677	0.001766583585535265
7945	C7945T	ORF1	Y2560Y	2025-02-02	7	118	14146631	8.341208588815246e-06
12616	C12616T	ORF1	D4117D	2025-02-02	7	1564	166262	0.009406839807051521
7925	G7925T	ORF1	A2554S	2025-02-02	8	141	13470763	1.0467113110074018e-05
27537	T27537C	ORF7a	P48P	2025-02-02	7	212	5902414	3.591750765025971e-05
22132	G22132T	S	R190S	2025-02-02	7	69067	10920516	0.006324517998966349
1954	G1954A	ORF1	Q563Q	2025-02-02	7	50233	5654927	0.008883050126022847
19722	A19722G	ORF1	K6486K	2025-02-02	7	123100	16736035	0.007355386147316255
20799	T20799C	ORF1	Y6845Y	2025-02-02	7	111	9736913	1.1399916996280032e-05
21738	T21738C	S	F59S	2025-02-02	7	42186	242921	0.17366139609173353
5180	G5180A	ORF1	D1639N	2025-02-02	8	31	1718731	1.803656302236941e-05
22120	C22120A	S	F186L	2025-02-02	7	53977	16904587	0.0031930386705099627
25693	C25693T	ORF3a	L101F	2025-02-02	7	171	11814817	1.447335155508545e-05
27476	C27476T	ORF7a	T28I	2025-02-02	7	5749	6580437	0.0008736501846305952
6533	G6533T	ORF1	V2090F	2025-02-02	7	344	5986256	5.7464966416404514e-05
13170	C13170T	ORF1	T4302I	2025-02-02	7	101	4794762	2.106465346976555e-05
22501	T22501C	S	Y313Y	2025-02-02	8	186	9951893	1.8689911557529807e-05
28727	G28727T	N	A152S	2025-02-02	7	137465	13261715	0.01036555226831522
7119	C7119T	ORF1	S2285F	2025-02-02	7	121	15321752	7.89726918958093e-06
22107	A22107G	S	K182R	2025-02-02	7	116	10512550	1.1034430276193693e-05
7834	C7834T	ORF1	N2523N	2025-02-02	8	32	11741597	2.72535328882434e-06
14189	C14189T	ORF1	A4642V	2025-02-02	7	4340	9277440	0.0004678014624724062
3763	A3763G	ORF1	V1166V	2025-02-02	7	7052	2824800	0.0024964599263664683
5701	T5701C	ORF1	A1812A	2025-02-02	3	31	3994128	7.761393725989753e-06
10296	C10296T	ORF1	S3344F	2025-02-02	8	34	9914422	3.42934767150319e-06
10323	A10323G	ORF1	K3353R	2025-02-02	10	69	5986509	1.1525916022175863e-05
12892	G12892A	ORF1	L4209L	2025-02-02	10	352	1804718	0.00019504432271413041
13297	C13297T	ORF1	D4344D	2025-02-02	8	5440	6572955	0.0008276338420086551
829	C829T	ORF1	N188N	2025-02-02	7	110	19184589	5.7337689121200355e-06
6312	C6312T	ORF1	T2016I	2025-02-02	7	3609	6305339	0.0005723720802323237
11003	C11003T	ORF1	H3580Y	2025-02-02	7	85	7673290	1.1077386622947915e-05
16887	C16887T	ORF1	Y5541Y	2025-02-02	7	21244	9776463	0.0021729740091073835
22796	C22796T	S	P412S	2025-02-02	8	23	4384900	5.245273552418528e-06
5239	C5239T	ORF1	Y1658Y	2025-02-02	7	1095	1665301	0.0006575387872822991
17334	G17334T	ORF1	T5690T	2025-02-02	7	53314	5918943	0.009007351481506073
23915	G23915T	S	V785F	2025-02-02	2	24	7060503	3.399191247422457e-06
25324	C25324A	S	C1254*	2025-02-02	8	4	855567	4.6752621361038935e-06
28423	G28423A	N	A50A	2025-02-02	7	465082	44008960	0.01056789344715258
1266	G1266T	ORF1	G334V	2025-02-02	4	74	2733366	2.707284717816787e-05
2949	T2949G	ORF1	I895S	2025-02-02	2	34	720515	4.718846935872258e-05
4422	G4422T	ORF1	R1386L	2025-02-02	4	14	6716607	2.0843857620372908e-06
9286	C9286T	ORF1	N3007N	2025-02-02	2	52	974093	5.338299320496092e-05
11124	C11124T	ORF1	A3620V	2025-02-02	7	82	6572567	1.2476099520932994e-05
14964	A14964C	ORF1	K4900N	2025-02-02	7	316	1552845	0.00020349745145201227
21653	T21653C	S	S31P	2025-02-02	7	33	795527	4.1481935873955255e-05
22108	A22108T	S	K182N	2025-02-02	3	12	10555803	1.1368154559155756e-06
22792	C22792T	S	I410I	2025-02-02	7	1530	4947288	0.00030926034627456496
24185	T24185C	S	S875P	2025-02-02	8	15	4450957	3.3700617642453074e-06
8818	C8818T	ORF1	C2851C	2025-02-02	7	18	1484380	1.2126274943073876e-05
9431	G9431A	ORF1	V3056I	2025-02-02	5	18	2600995	6.920428528313203e-06
16943	G16943T	ORF1	S5560I	2025-02-02	7	20900	14850237	0.0014073849461123079
18131	C18131T	ORF1	T5956I	2025-02-02	3	829	1790960	0.00046288024299816856
21654	C21654T	S	S31F	2025-02-02	8	54	784627	6.882251056871609e-05
24376	T24376C	S	L938L	2025-02-02	8	18	250484	7.186087734146693e-05
26313	C26313T	E	F23F	2025-02-02	8	79	2248338	3.513706569030101e-05
16600	T16600C	ORF1	L5446L	2025-02-02	8	118	496179	0.00023781740057519566
22865	G22865T	S	A435S	2025-02-02	10	315	409137	0.0007699132564397745
22893	A22893G	S	K444R	2025-02-02	4	194	562537	0.00034486620435633566
22992	G22992A, C22993T	S	S477N	2025-02-02	4	202	514184	0.00039285547586078134
23638	C23638T	S	I692I	2025-02-02	7	5494	6694052	0.0008207286110116862
3177	C3177T	ORF1	P971L	2025-02-02	8	9	875306	1.0282118481993726e-05
3896	G3896A	ORF1	V1211I	2025-02-02	8	6	2376856	2.52434308178535e-06
4364	A4364C	ORF1	I1367L	2025-02-02	7	8	6806868	1.1752835518479278e-06
7735	C7735T	ORF1	I2490I	2025-02-02	6	10	661046	1.5127540292203568e-05
22895	G22895C, T22896C	S	V445P	2025-02-02	9	18218	596441	0.030544513204155986
24819	A24819G	S	K1086R	2025-02-02	7	21718	5134419	0.004229884627647257
7255	A7255C	ORF1	A2330A	2025-02-02	10	6	359888	1.6671853465522606e-05
6701	C6701T	ORF1	L2146F	2025-02-02	3	11	669656	1.6426344272283084e-05
21811	C21811A	S	V83V	2025-02-02	2	6	225226	2.6639908358715245e-05
22895	G22895C, T22896G	S	V445R	2025-02-02	3	7452	596441	0.01249411090116206
15009	T15009A	ORF1	D4915E	2025-02-02	10	6	1603977	3.740702017547633e-06
26840	G26840T	M	T106T	2025-02-02	5	10	3595374	2.7813518148598728e-06
10594	C10594T	ORF1	N3443N	2025-02-02	3	114	5833485	1.9542349041782057e-05
7270	T7270G	ORF1	T2335T	2025-02-02	9	3	477218	6.28643513027589e-06
22986	C22986T	S	A475V	2025-02-02	5	26	549346	4.7329005763216625e-05
24796	T24796A	S	A1078A	2025-02-02	8	1	9351036	1.0694002247451513e-07
515	GTTATG515-520del	ORF1	VM84-85del	2025-02-02	4	47	191004	0.0002460681451697347
5784	C5784T	ORF1	T1840I	2025-02-02	10	8	2633579	3.0376912938628384e-06
12655	T12655C	ORF1	A4130A	2025-02-02	8	2	145981	1.3700413067453984e-05
21728	T21728G	S	L56V	2025-02-02	5	1	252446	3.96124319656481e-06
21772	C21772-21772del	S	IHV68-70Idel	2025-02-02	8	6	232952	2.5756378996531473e-05
26951	G26951T	M	V143V	2025-02-02	8	3	3431342	8.742934979958279e-07
5162	G5162T	ORF1	E1633*	2025-02-02	8	4	1602856	2.495545451369306e-06
424	A424G	ORF1	L53L	2025-02-02	6	1	340528	2.9366160785603534e-06
593	C593T	ORF1	H110Y	2025-02-02	6	2	454438	4.4010404059519674e-06
451	T451G	ORF1	P62P	2025-02-02	9	1	465915	2.146314241868152e-06
11570	T11570A	ORF1	F3769I	2025-02-02	4	1	489041	2.0448183281156385e-06
22995	C22995A	S	T478E	2025-02-02	4	793	495128	0.001601606049344816
3505	C3505T	ORF1	N1080N	2025-02-02	3	1	162450	6.155740227762389e-06
21789	C21789T	S	T76I	2025-02-02	3	1	195647	5.111246275179277e-06
21761	G21761T	S	A67S	2025-02-02	1	2	236514	8.456159043439288e-06
21737	T21737C	S	F59L	2025-02-02	8	1	251455	3.97685470561333e-06
21707	C21707T	S	H49Y	2025-02-02	10	7	278308	2.5151989881713785e-05
12496	T12496C	ORF1	Y4077Y	2025-02-02	8	1	217637	4.59480694918603e-06
21793	G21793C	S	K77N	2025-02-02	9	1	200458	4.988576160592244e-06
21780	C21780A	S	T73N	2025-02-02	1	4	237886	1.6814776825874577e-05
21823	T21823A	S	N87K	2025-02-02	10	1	238259	4.197113225523485e-06
7262	C7262A	ORF1	L2333I	2025-02-02	6	1	348818	2.866824533137625e-06
12674	G12674-12674del	ORF1	4137fs	2025-02-02	10	11	145621	7.553855556547476e-05
23578	TAG23578-23580del	S	AS672-673Adel	2025-02-02	2	9	1960662	4.590286342062018e-06
28883	G28883C, G28884C	N	G204P	2025-02-09	3	328934	11234518	0.02927887070900594
28291	C28291A	N	P6P	2025-02-09	4	2551730	83836279	0.030437061740299805
28297	T28297C	N	N8N	2025-02-09	4	18789	90602078	0.00020737934951116683
23039	C23039G	S	Q493E	2025-02-09	6	51107	1189765	0.04295554164057608
18894	C18894T	ORF1	C6210C	2025-02-09	3	1644284	18165224	0.0905182341819732
17334	G17334T	ORF1	T5690T	2025-02-09	3	324691	6831302	0.047529885225393344
11727	G11727A	ORF1	R3821K	2025-02-09	4	38174	494601	0.07718140480912898
3565	T3565C	ORF1	G1100G	2025-02-09	3	434844	5088484	0.08545649352538005
22926	T22926C	S	L455S	2025-02-09	6	55125	1029558	0.05354239392049792
25925	C25925T	ORF3a	P178L	2025-02-09	6	48539	1355458	0.035810036164897766
22928	T22928C	S	F456L	2025-02-09	6	55109	707721	0.07786825599353417
19716	C19716T	ORF1	Y6484Y	2025-02-09	3	1140245	29821693	0.03823542144304148
1954	G1954A	ORF1	Q563Q	2025-02-09	4	408801	9932074	0.041159681250864624
27810	T27810C	ORF7b	F19L	2025-02-09	4	1743278	23223581	0.07506499535967343
24872	G24872T	S	V1104L	2025-02-09	4	737630	10625700	0.06941942648484335
22132	G22132T	S	R190S	2025-02-09	6	780906	22137644	0.03527502746001336
18657	C18657T	ORF1	T6131T	2025-02-09	4	750694	34865873	0.02153091075619991
22895	G22895C, T22896G	S	V445R	2025-02-09	6	34741	806731	0.0430639209352312
22031	T22031-22031del, 22035-insertG	S	FR157-158SG	2025-02-09	3	1189351	113847205	0.010446905569618508
19722	A19722G	ORF1	K6486K	2025-02-09	6	720265	28403634	0.025358198883987874
22120	C22120A	S	F186L	2025-02-09	4	277437	34614349	0.008015086460242253
4999	C4999T	ORF1	N1578N	2025-02-09	4	605876	21073408	0.028750736473189337
24819	A24819G	S	K1086R	2025-02-09	6	737626	9778482	0.07543358979440776
2060	G2060A	ORF1	A599T	2025-02-09	3	294817	20000386	0.014740565507085713
22895	G22895C, T22896C	S	V445P	2025-02-09	4	2655	806731	0.0032910598452272196
7113	C7113T	ORF1	T2283I	2025-02-09	3	671806	20071037	0.03347141455620853
29409	C29409T	N	T379I	2025-02-09	10	5531	97197717	5.6904628737319006e-05
6255	C6255T	ORF1	A1997V	2025-02-09	6	1538810	21936831	0.07014732437880385
16600	T16600C	ORF1	L5446L	2025-02-09	6	182	555612	0.00032756671922132714
22893	A22893G	S	K444R	2025-02-09	8	12	764198	1.570273672529894e-05
22111	G22111T	S	Q183H	2025-02-09	6	159553	32499288	0.004909430631218752
22107	A22107G	S	K182R	2025-02-09	6	29375	17996705	0.0016322432356367458
27476	C27476T	ORF7a	T28I	2025-02-09	6	97047	14940595	0.006495524441964996
22992	G22992A, C22993T	S	S477N	2025-02-09	8	19	688273	2.7605325212524683e-05
21652	TTC21652-21654del	S	NS30-31Ndel	2025-02-09	4	47573	1353123	0.035157927254211185
18131	C18131T	ORF1	T5956I	2025-02-09	5	6831	2254692	0.0030296821029213747
15372	G15372T	ORF1	T5036T	2025-02-09	4	337231	7589756	0.044432390184875506
4364	A4364C	ORF1	I1367L	2025-02-09	4	88342	8605289	0.010266011984025174
21627	C21627A	S	T22N	2025-02-09	6	57977	1120489	0.05174258738818498
25006	C25006T	S	F1148F	2025-02-09	6	892952	11705255	0.07628642007371902
3177	C3177T	ORF1	P971L	2025-02-09	4	14	1189918	1.1765516615430643e-05
515	GTTATG515-520del	ORF1	VM84-85del	2025-02-09	4	135	187154	0.0007213310963164025
28423	G28423A	N	A50A	2025-02-09	4	97979	51179001	0.001914437524874704
21738	T21738C	S	F59S	2025-02-09	5	11207	275330	0.040703882613590966
5239	C5239T	ORF1	Y1658Y	2025-02-09	8	96	3218087	2.9831387405001792e-05
7869	C7869T	ORF1	S2535L	2025-02-09	6	41604	15391621	0.002703029135137878
22792	C22792T	S	I410I	2025-02-09	10	3285	8312689	0.00039517898480263125
13121	A13121T	ORF1	S4286C	2025-02-09	4	109676	5220892	0.02100713824380968
21864	T21864C	S	I101T	2025-02-09	1	1	274015	3.649435249895079e-06
21653	T21653C	S	S31P	2025-02-09	8	29	1168973	2.4808100785903525e-05
20799	T20799C	ORF1	Y6845Y	2025-02-09	6	824	16619187	4.958124606215695e-05
21654	C21654T	S	S31F	2025-02-09	8	3	1209923	2.4794966291243327e-06
14189	C14189T	ORF1	A4642V	2025-02-09	8	641	15128761	4.2369629608135125e-05
16332	C16332T	ORF1	D5356D	2025-02-09	6	181917	17921057	0.010151019552027539
12892	G12892A	ORF1	L4209L	2025-02-09	3	13486	1912838	0.007050257261723157
26951	G26951T	M	V143V	2025-02-09	8	18	6495409	2.771188080688991e-06
22865	G22865T	S	A435S	2025-02-09	10	1689	551524	0.003062423394086205
22501	T22501C	S	Y313Y	2025-02-09	8	321	13023278	2.4648172295792195e-05
26313	C26313T	E	F23F	2025-02-09	8	117	3486682	3.3556257783187566e-05
25693	C25693T	ORF3a	L101F	2025-02-09	6	9132	15238979	0.0005992527452134425
8818	C8818T	ORF1	C2851C	2025-02-09	6	3870	3304136	0.0011712592944116101
28892	C28892A	N	P207T	2025-02-09	4	25454	12041985	0.0021137711099955695
2193	G2193T	ORF1	R643I	2025-02-09	4	47385	11040967	0.0042917436489032165
12423	G12423T	ORF1	R4053I	2025-02-09	4	15184	4991259	0.003042118231091594
27537	T27537C	ORF7a	P48P	2025-02-09	6	482	9252373	5.2094743694401424e-05
28378	G28378T	N	A35A	2025-02-09	8	982	61694601	1.5917114043739418e-05
7270	T7270G	ORF1	T2335T	2025-02-09	8	96	681569	0.0001408514765196187
15757	C15757A	ORF1	Q5165K	2025-02-09	6	26666	2446372	0.010900222860627902
23517	G23517T	S	G652V	2025-02-09	8	15	3359875	4.464451802522416e-06
12496	T12496C	ORF1	Y4077Y	2025-02-09	4	3	305019	9.835452873427557e-06
17012	C17012A	ORF1	S5583*	2025-02-09	4	51105	6177818	0.008272338226862623
17329	G17329T	ORF1	E5689*	2025-02-09	3	12921	12044072	0.001072809926742384
21351	G21351T	ORF1	W7029C	2025-02-09	6	29090	11167471	0.0026048869972440493
424	A424G	ORF1	L53L	2025-02-09	4	1	399219	2.5048907992856052e-06
1266	G1266T	ORF1	G334V	2025-02-09	8	53	3297010	1.6075171139911617e-05
3505	C3505T	ORF1	N1080N	2025-02-09	3	16	211860	7.552157084867365e-05
3763	A3763G	ORF1	V1166V	2025-02-09	10	53860	4182874	0.012876314227968616
5701	T5701C	ORF1	A1812A	2025-02-09	8	59	5131562	1.1497473868580367e-05
12616	C12616T	ORF1	D4117D	2025-02-09	4	3453	225706	0.015298662862307603
24185	T24185C	S	S875P	2025-02-09	8	11	6738373	1.6324415404133906e-06
25324	C25324A	S	C1254*	2025-02-09	8	176	910786	0.00019323968528282164
3695	C3695T	ORF1	L1144L	2025-02-09	4	39	6702493	5.8187304335864285e-06
3896	G3896A	ORF1	V1211I	2025-02-09	8	13	3713419	3.5008169021594384e-06
5162	G5162T	ORF1	E1633*	2025-02-09	8	40	2711816	1.4750263292199765e-05
5180	G5180A	ORF1	D1639N	2025-02-09	8	39	2828908	1.3786238364768314e-05
7945	C7945T	ORF1	Y2560Y	2025-02-09	6	359	26345936	1.3626390043610521e-05
9559	C9559T	ORF1	Y3098Y	2025-02-09	6	40628	4530424	0.008967814050075667
11124	C11124T	ORF1	A3620V	2025-02-09	3	30	7209893	4.1609494066000704e-06
21707	C21707T	S	H49Y	2025-02-09	4	1	305706	3.271116693816935e-06
22995	C22995A	S	T478E	2025-02-09	4	6	686729	8.737070955209406e-06
22986	C22986T	S	A475V	2025-02-09	3	647	687818	0.0009406558130203048
24796	T24796A	S	A1078A	2025-02-09	8	13	14948524	8.696510772568583e-07
451	T451G	ORF1	P62P	2025-02-09	4	1	513149	1.948751727081218e-06
709	G709A	ORF1	E148E	2025-02-09	8	1978	20946448	9.443128496058138e-05
829	C829T	ORF1	N188N	2025-02-09	3	7600	67030344	0.0001133814858536307
2949	T2949G	ORF1	I895S	2025-02-09	8	312	1238442	0.00025192944037750656
4422	G4422T	ORF1	R1386L	2025-02-09	8	193	8968422	2.1519950778408954e-05
5907	C5907T	ORF1	T1881I	2025-02-09	6	703	8848456	7.944888916213178e-05
6312	C6312T	ORF1	T2016I	2025-02-09	6	101	9111575	1.108480147504685e-05
7255	A7255C	ORF1	A2330A	2025-02-09	10	204	497295	0.0004102192863390945
7925	G7925T	ORF1	A2554S	2025-02-09	6	1970	17013337	0.00011579151109508969
8109	C8109T	ORF1	T2615I	2025-02-09	6	393	14079438	2.791304596106748e-05
10499	G10499-10499del	ORF1	3412fs	2025-02-09	1	7	7477600	9.361292393281267e-07
13170	C13170T	ORF1	T4302I	2025-02-09	6	334	5407361	6.176765338951847e-05
13297	C13297T	ORF1	D4344D	2025-02-09	6	101732	19520544	0.0052115350883663895
22108	A22108T	S	K182N	2025-02-09	4	10008	18501461	0.0005409302541026354
23277	C23277T	S	T572I	2025-02-09	4	267600	43777088	0.006112786670506727
28727	G28727T	N	A152S	2025-02-09	8	8647	24483199	0.00035318097116312293
16887	C16887T	ORF1	Y5541Y	2025-02-09	6	193455	12463820	0.015521324922856716
16943	G16943T	ORF1	S5560I	2025-02-09	6	148471	11820658	0.012560299096716951
29518	C29518T	N	D415D	2025-02-09	3	81118	108510768	0.0007475571456650275
22599	G22599C	S	R346T	2025-02-09	10	50711	7544127	0.0067219175923204895
15007	G15007A	ORF1	D4915N	2025-02-09	6	70755	1833997	0.03857967052290707
15007	G15007A, T15009C	ORF1	D4915N	2025-02-09	2	2592	1820168	0.0014240443739259234
15009	T15009A	ORF1	D4915E	2025-02-09	8	206	1820168	0.00011317636613763126
15009	T15009C	ORF1	D4915D	2025-02-09	6	6233	1820168	0.0034244091754167746
14964	A14964C	ORF1	K4900N	2025-02-09	10	893	1963147	0.00045488188097987566
23915	G23915T	S	V785F	2025-02-09	5	1182	7093786	0.0001666247050587655
6533	G6533T	ORF1	V2090F	2025-02-09	6	18831	9543830	0.001973107232630925
28396	G28396A	N	R41R	2025-02-09	4	17996	57474847	0.00031311088135650017
6543	C6543T	ORF1	T2093I	2025-02-09	6	381	8444549	4.511786242225606e-05
9967	C9967A	ORF1	L3234L	2025-02-09	6	5061	934861	0.005413639032968537
10323	A10323G	ORF1	K3353R	2025-02-09	5	316	6780890	4.6601552303606166e-05
23638	C23638T	S	I692I	2025-02-09	6	68606	11158177	0.0061484954038639105
26840	G26840T	M	T106T	2025-02-09	5	168	8313367	2.02084185625391e-05
7119	C7119T	ORF1	S2285F	2025-02-09	6	8240	20657733	0.0003988821038591214
9286	C9286T	ORF1	N3007N	2025-02-09	5	3119	1401432	0.0022255806917495817
11003	C11003T	ORF1	H3580Y	2025-02-09	10	36	9386006	3.835497228533628e-06
10594	C10594T	ORF1	N3443N	2025-02-09	6	368	13939339	2.640010405084488e-05
7834	C7834T	ORF1	N2523N	2025-02-09	6	109	13733065	7.93704828455993e-06
22796	C22796T	S	P412S	2025-02-09	8	7	6426889	1.0891739378103466e-06
6701	C6701T	ORF1	L2146F	2025-02-09	3	7	917225	7.631715227997493e-06
7735	C7735T	ORF1	I2490I	2025-02-09	10	3	922723	3.2512465821270305e-06
24376	T24376C	S	L938L	2025-02-09	8	11	344676	3.1914029407327464e-05
11742	A11742G	ORF1	Q3826R	2025-02-09	8	1	491779	2.033433717177838e-06
7262	C7262A	ORF1	L2333I	2025-02-09	7	2	579180	3.4531579129113575e-06
21772	C21772-21772del	S	IHV68-70Idel	2025-02-09	8	5	262840	1.9022979759549534e-05
10296	C10296T	ORF1	S3344F	2025-02-09	8	459	7017340	6.540940014307416e-05
5784	C5784T	ORF1	T1840I	2025-02-09	7	5	8268276	6.04720984156794e-07
21811	C21811A	S	V83V	2025-02-09	4	22	251618	8.7434126334364e-05
21793	G21793C	S	K77N	2025-02-09	4	16	251629	6.358567573689837e-05
10301	C10301A	ORF1	Q3346K	2025-02-09	7	171	6789959	2.518424632608238e-05
11570	T11570A	ORF1	F3769I	2025-02-09	8	3	553721	5.417890959526549e-06
12655	T12655C	ORF1	A4130A	2025-02-09	4	1	198714	5.032358062340852e-06
21761	G21761T	S	A67S	2025-02-09	8	5	268007	1.8656229128343664e-05
21780	C21780A	S	T73N	2025-02-09	8	1	257310	3.886362753099374e-06
21728	T21728G	S	L56V	2025-02-09	8	4	277051	1.4437774994495598e-05
21823	T21823A	S	N87K	2025-02-09	2	1	259270	3.856983067844332e-06
21737	T21737C	S	F59L	2025-02-09	4	2	287362	6.9598624731175315e-06
21789	C21789T	S	T76I	2025-02-09	1	1	233469	4.283223896962766e-06
18894	C18894T	ORF1	C6210C	2025-02-16	7	452209	17722437	0.0255161860640272
28883	G28883C, G28884C	N	G204P	2025-02-16	3	568759	14218663	0.0400008777196562
18657	C18657T	ORF1	T6131T	2025-02-16	5	122529	75387437	0.0016253238586689184
21738	T21738C	S	F59S	2025-02-16	1	8243	225550	0.036546220350254933
11727	G11727A	ORF1	R3821K	2025-02-16	3	44581	916158	0.048660820513492214
23277	C23277T	S	T572I	2025-02-16	3	209933	37445672	0.0056063354931913095
24872	G24872T	S	V1104L	2025-02-16	3	623919	14646584	0.04259826045445136
19716	C19716T	ORF1	Y6484Y	2025-02-16	3	2240643	37453326	0.0598249405139613
28291	C28291A	N	P6P	2025-02-16	3	1980434	110157568	0.017978192837372734
27810	T27810C	ORF7b	F19L	2025-02-16	3	2224526	36170122	0.06150175550969941
22031	T22031-22031del, 22035-insertG	S	FR157-158SG	2025-02-16	3	1925888	122649852	0.01570232632649243
23039	C23039G	S	Q493E	2025-02-16	1	53685	1401129	0.03831552983344146
25006	C25006T	S	F1148F	2025-02-16	3	261225	16014020	0.016312268874398808
17334	G17334T	ORF1	T5690T	2025-02-16	5	117433	38153369	0.003077919540997808
22926	T22926C	S	L455S	2025-02-16	1	55550	1118989	0.04964302598148865
22928	T22928C	S	F456L	2025-02-16	1	55526	728635	0.0762055075586542
29518	C29518T	N	D415D	2025-02-16	5	195	132896903	1.4673028159279228e-06
28892	C28892A	N	P207T	2025-02-16	5	363	14290959	2.5400674650315628e-05
6255	C6255T	ORF1	A1997V	2025-02-16	5	238813	36724062	0.006502902647316084
28297	T28297C	N	N8N	2025-02-16	5	54274	86529237	0.0006272330819235122
28727	G28727T	N	A152S	2025-02-16	5	42691	39450400	0.0010821436538032568
19722	A19722G	ORF1	K6486K	2025-02-16	3	414751	33744357	0.012290973569299306
2060	G2060A	ORF1	A599T	2025-02-16	7	175909	17117914	0.01027631053643569
4999	C4999T	ORF1	N1578N	2025-02-16	3	1400305	35555424	0.03938372384477823
16332	C16332T	ORF1	D5356D	2025-02-16	3	137329	23579932	0.005823977779070779
829	C829T	ORF1	N188N	2025-02-16	5	32653	38604595	0.0008458319534241974
3565	T3565C	ORF1	G1100G	2025-02-16	1	458115	6319546	0.07249175811047186
5701	T5701C	ORF1	A1812A	2025-02-16	8	39	8921404	4.371509237783649e-06
22120	C22120A	S	F186L	2025-02-16	3	408553	40366543	0.010121079726842104
22132	G22132T	S	R190S	2025-02-16	3	475373	21040320	0.02259343013794467
7113	C7113T	ORF1	T2283I	2025-02-16	3	1030360	41243235	0.024982521375929895
24819	A24819G	S	K1086R	2025-02-16	3	180310	12653129	0.014250230120944788
25925	C25925T	ORF3a	P178L	2025-02-16	7	6648	1499897	0.004432304351565474
21652	TTC21652-21654del	S	NS30-31Ndel	2025-02-16	1	37495	1140810	0.03286699801018574
22865	G22865T	S	A435S	2025-02-16	1	113	652412	0.00017320343586567998
2949	T2949G	ORF1	I895S	2025-02-16	8	281	1453673	0.00019330344582309776
14964	A14964C	ORF1	K4900N	2025-02-16	7	4623	3492964	0.001323517791766534
24376	T24376C	S	L938L	2025-02-16	8	4	319214	1.253077872524388e-05
28378	G28378T	N	A35A	2025-02-16	8	18170	81038390	0.0002242147209489231
12616	C12616T	ORF1	D4117D	2025-02-16	7	609	277665	0.0021932904759332287
21627	C21627A	S	T22N	2025-02-16	3	107153	1071906	0.099964922297291
15009	T15009A	ORF1	D4915E	2025-02-16	7	3265	3100608	0.0010530192787995129
25324	C25324A	S	C1254*	2025-02-16	8	376	899320	0.0004180936707734733
21351	G21351T	ORF1	W7029C	2025-02-16	7	534	23418341	2.2802640033296977e-05
10301	C10301A	ORF1	Q3346K	2025-02-16	8	212	10809960	1.961154342846782e-05
23915	G23915T	S	V785F	2025-02-16	7	2790	11166947	0.00024984447405365136
15372	G15372T	ORF1	T5036T	2025-02-16	1	222407	9630970	0.023092897184811084
15009	T15009C	ORF1	D4915D	2025-02-16	7	676	3100608	0.00021802175573306913
17329	G17329T	ORF1	E5689*	2025-02-16	5	532	42693116	1.2461025332514965e-05
4422	G4422T	ORF1	R1386L	2025-02-16	8	444	12240953	3.627168570943782e-05
7255	A7255C	ORF1	A2330A	2025-02-16	8	123	660609	0.00018619183208221505
23517	G23517T	S	G652V	2025-02-16	8	142	3812646	3.724447535910756e-05
6533	G6533T	ORF1	V2090F	2025-02-16	5	77124	14483857	0.0053248247341851
4364	A4364C	ORF1	I1367L	2025-02-16	7	50864	12306129	0.004133224997072597
5162	G5162T	ORF1	E1633*	2025-02-16	8	137	2756380	4.970287115709735e-05
17012	C17012A	ORF1	S5583*	2025-02-16	2	287	6868138	4.1787162692421145e-05
16943	G16943T	ORF1	S5560I	2025-02-16	8	18626	39312439	0.00047379405790620114
7262	C7262A	ORF1	L2333I	2025-02-16	8	60	651060	9.21574048474795e-05
7267	C7267A	ORF1	F2334L	2025-02-16	8	54	977118	5.526456374767428e-05
7270	T7270G	ORF1	T2335T	2025-02-16	8	58	915799	6.333267452792589e-05
7279	C7279A	ORF1	F2338L	2025-02-16	8	43	926371	4.6417687945758234e-05
12423	G12423T	ORF1	R4053I	2025-02-16	1	343	6594598	5.2012268223172964e-05
7252	G7252T	ORF1	L2329F	2025-02-16	8	48	678224	7.077307792115879e-05
1266	G1266T	ORF1	G334V	2025-02-16	1	1618	4827361	0.00033517277866726766
24796	T24796A	S	A1078A	2025-02-16	8	395	21604796	1.828297753887609e-05
28396	G28396A	N	R41R	2025-02-16	8	207	65400728	3.1651023823465694e-06
28423	G28423A	N	A50A	2025-02-16	5	210066	56976024	0.003686919255720617
2193	G2193T	ORF1	R643I	2025-02-16	7	235	13191347	1.7814708384215804e-05
7834	C7834T	ORF1	N2523N	2025-02-16	8	93	21386428	4.348552268756615e-06
10323	A10323G	ORF1	K3353R	2025-02-16	8	443	10708010	4.137089898122994e-05
9967	C9967A	ORF1	L3234L	2025-02-16	3	201	996024	0.00020180236620804317
15757	C15757A	ORF1	Q5165K	2025-02-16	10	171	3052697	5.601604089760628e-05
29409	C29409T	N	T379I	2025-02-16	1	79265	90943527	0.0008715848462749855
7869	C7869T	ORF1	S2535L	2025-02-16	7	42	29080147	1.4442843084665287e-06
7945	C7945T	ORF1	Y2560Y	2025-02-16	7	35	22565388	1.5510480032517056e-06
16887	C16887T	ORF1	Y5541Y	2025-02-16	7	16614	39850016	0.0004169132579520169
22111	G22111T	S	Q183H	2025-02-16	5	5086	45855177	0.00011091441212842773
22501	T22501C	S	Y313Y	2025-02-16	8	2985	17360977	0.00017193732818147274
5907	C5907T	ORF1	T1881I	2025-02-16	8	30	12405546	2.418273246497978e-06
6312	C6312T	ORF1	T2016I	2025-02-16	1	65	15302759	4.247600056957049e-06
8818	C8818T	ORF1	C2851C	2025-02-16	5	13342	3680593	0.0036249593475833923
26951	G26951T	M	V143V	2025-02-16	8	89	6626574	1.3430771315614977e-05
5239	C5239T	ORF1	Y1658Y	2025-02-16	8	4645	3201938	0.0014506839295451693
8109	C8109T	ORF1	T2615I	2025-02-16	8	13	20704079	6.27895594872875e-07
10296	C10296T	ORF1	S3344F	2025-02-16	8	16	11170933	1.4322886011401197e-06
11570	T11570A	ORF1	F3769I	2025-02-16	8	2	924669	2.1629361425547952e-06
16600	T16600C	ORF1	L5446L	2025-02-16	8	572	575696	0.0009935799449709568
22108	A22108T	S	K182N	2025-02-16	5	1424	24106712	5.907068537592352e-05
25693	C25693T	ORF3a	L101F	2025-02-16	5	331	21499900	1.5395420443816018e-05
27537	T27537C	ORF7a	P48P	2025-02-16	3	171	16201799	1.0554383497783178e-05
709	G709A	ORF1	E148E	2025-02-16	10	3165	25959460	0.00012192087200581213
1954	G1954A	ORF1	Q563Q	2025-02-16	1	131382	11127855	0.011806588062119788
5690	G5690A	ORF1	A1809T	2025-02-16	3	30	9150792	3.278404754473711e-06
12655	T12655C	ORF1	A4130A	2025-02-16	8	3	251222	1.1941629315903862e-05
13121	A13121T	ORF1	S4286C	2025-02-16	1	22717	9714454	0.002338474195255853
13297	C13297T	ORF1	D4344D	2025-02-16	6	36792	6867833	0.00535714831738046
17042	A17042G	ORF1	Y5593C	2025-02-16	5	39	6996006	5.5746092842115915e-06
17093	C17093T	ORF1	T5610I	2025-02-16	7	9	7707393	1.1677100155655746e-06
21793	G21793C	S	K77N	2025-02-16	8	2	209937	9.526667524066745e-06
22107	A22107G	S	K182R	2025-02-16	3	64476	22576066	0.0028559448754269232
22895	G22895C, T22896C	S	V445P	2025-02-16	8	91	774134	0.00011755070827531151
24185	T24185C	S	S875P	2025-02-16	8	4	8902407	4.4931668480221134e-07
26313	C26313T	E	F23F	2025-02-16	8	62	4297792	1.4426012240704063e-05
27476	C27476T	ORF7a	T28I	2025-02-16	3	34596	17411085	0.001987009999664007
22599	G22599C	S	R346T	2025-02-16	5	126847	10933620	0.011601555568969838
22895	G22895C, T22896G	S	V445R	2025-02-16	1	15598	774134	0.020148966458003396
3763	A3763G	ORF1	V1166V	2025-02-16	10	58	4795006	1.2095918128152498e-05
3695	C3695T	ORF1	L1144L	2025-02-16	1	22	5234105	4.203201884562882e-06
6543	C6543T	ORF1	T2093I	2025-02-16	5	40	13292982	3.0091066097885337e-06
10499	G10499-10499del	ORF1	3412fs	2025-02-16	7	1	11084524	9.021587214750944e-08
17010	C17010T	ORF1	I5582I	2025-02-16	8	34	7214107	4.712988038574976e-06
20799	T20799C	ORF1	Y6845Y	2025-02-16	3	35860	15643211	0.0022923682356518747
5784	C5784T	ORF1	T1840I	2025-02-16	7	6	9664838	6.208070947490274e-07
7735	C7735T	ORF1	I2490I	2025-02-16	3	4	1143949	3.496659379045744e-06
9559	C9559T	ORF1	Y3098Y	2025-02-16	7	9	4817105	1.868342085132045e-06
12892	G12892A	ORF1	L4209L	2025-02-16	5	74	2799027	2.6437758549667436e-05
13170	C13170T	ORF1	T4302I	2025-02-16	7	4	6416750	6.233685276814587e-07
22796	C22796T	S	P412S	2025-02-16	8	16	7573014	2.11276514212175e-06
23638	C23638T	S	I692I	2025-02-16	8	467	15255278	3.061235593346775e-05
15007	G15007A	ORF1	D4915N	2025-02-16	7	3	3201084	9.371825294181596e-07
15007	G15007A, T15009C	ORF1	D4915N	2025-02-16	5	1	3100608	3.225173901376762e-07
22792	C22792T	S	I410I	2025-02-16	7	30	7484212	4.008438029280838e-06
14189	C14189T	ORF1	A4642V	2025-02-16	8	127	20293360	6.2582046541331746e-06
18131	C18131T	ORF1	T5956I	2025-02-16	1	11883	3047398	0.0038993922027907085
424	A424G	ORF1	L53L	2025-02-16	7	21	312220	6.726026519761707e-05
593	C593T	ORF1	H110Y	2025-02-16	3	374	354639	0.0010545935444212283
3177	C3177T	ORF1	P971L	2025-02-16	8	1	1416142	7.061438754023254e-07
6701	C6701T	ORF1	L2146F	2025-02-16	1	972	6635403	0.0001464869579134832
9286	C9286T	ORF1	N3007N	2025-02-16	1	2216	1679280	0.0013196131675479968
12496	T12496C	ORF1	Y4077Y	2025-02-16	3	1	303491	3.2949906257516697e-06
22893	A22893G	S	K444R	2025-02-16	8	4	872272	4.585725553497074e-06
11742	A11742G	ORF1	Q3826R	2025-02-16	3	2	785234	2.5470114640985997e-06
21761	G21761T	S	A67S	2025-02-16	8	9	222099	4.052246970945389e-05
21811	C21811A	S	V83V	2025-02-16	10	3	243279	1.2331520599805162e-05
21780	C21780A	S	T73N	2025-02-16	8	5	220697	2.2655495996773857e-05
10594	C10594T	ORF1	N3443N	2025-02-16	7	119	14610310	8.144933269725283e-06
22986	C22986T	S	A475V	2025-02-16	10	7	705153	9.92692366053892e-06
515	GTTATG515-520del	ORF1	VM84-85del	2025-02-16	3	61	127549	0.000478247575441595
22992	G22992A, C22993T	S	S477N	2025-02-16	4	259	738003	0.00035094708287093684
451	T451G	ORF1	P62P	2025-02-16	4	1	353686	2.827366647252082e-06
3896	G3896A	ORF1	V1211I	2025-02-16	8	6	5081021	1.180865026930611e-06
21707	C21707T	S	H49Y	2025-02-16	1	1	240224	4.162781404022912e-06
21823	T21823A	S	N87K	2025-02-16	1	4	228174	1.753048112405445e-05
21864	T21864C	S	I101T	2025-02-16	6	2	227788	8.780093771401479e-06
21772	C21772-21772del	S	IHV68-70Idel	2025-02-16	1	5	219422	2.2787140760725908e-05
22994	A22994G, C22995A	S	T478E	2025-02-16	8	1	703700	1.4210601108426887e-06
21653	T21653C	S	S31P	2025-02-16	8	74	1166244	6.345155902195424e-05
21654	C21654T	S	S31F	2025-02-16	3	2	1087623	1.8388724769520322e-06
21789	C21789T	S	T76I	2025-02-16	3	1	201910	4.952701698776683e-06
12674	G12674-12674del	ORF1	4137fs	2025-02-16	2	27576	251928	0.10945984567019149
27810	T27810C	ORF7b	F19L	2025-02-23	7	1005605	51994406	0.019340638298666207
22031	T22031-22031del, 22035-insertG	S	FR157-158SG	2025-02-23	1	3226811	189751542	0.01700545337333807
22120	C22120A	S	F186L	2025-02-23	1	705701	72862855	0.009685332807779766
22132	G22132T	S	R190S	2025-02-23	1	749542	42691229	0.01755728325366318
17334	G17334T	ORF1	T5690T	2025-02-23	7	181021	15202423	0.011907378185701055
14189	C14189T	ORF1	A4642V	2025-02-23	7	19	20998948	9.048072312955868e-07
1954	G1954A	ORF1	Q563Q	2025-02-23	7	105321	15865519	0.006638358316547981
24872	G24872T	S	V1104L	2025-02-23	8	711777	21254942	0.033487600201402574
24819	A24819G	S	K1086R	2025-02-23	1	311243	20302967	0.015329926901816863
6255	C6255T	ORF1	A1997V	2025-02-23	7	255609	43138923	0.005925252236825662
25925	C25925T	ORF3a	P178L	2025-02-23	7	15970	2324594	0.006870016871763414
15372	G15372T	ORF1	T5036T	2025-02-23	7	109354	11769796	0.009291070125599458
21652	TTC21652-21654del	S	NS30-31Ndel	2025-02-23	9	124842	1588793	0.07857663018404537
13121	A13121T	ORF1	S4286C	2025-02-23	1	107277	11041131	0.009716124190538088
22599	G22599C	S	R346T	2025-02-23	7	113478	25345734	0.004477203145902186
22926	T22926C	S	L455S	2025-02-23	7	77089	1354426	0.05691636161739364
22928	T22928C	S	F456L	2025-02-23	7	76735	883477	0.08685568498104648
22895	G22895C, T22896G	S	V445R	2025-02-23	9	38084	926835	0.0410903774674025
12616	C12616T	ORF1	D4117D	2025-02-23	7	2224	304286	0.007308913324964014
23039	C23039G	S	Q493E	2025-02-23	7	75169	1513943	0.04965114274447585
11727	G11727A	ORF1	R3821K	2025-02-23	7	22878	881793	0.025944864611082193
22895	G22895C, T22896C	S	V445P	2025-02-23	4	36659	926835	0.039552886975567386
18894	C18894T	ORF1	C6210C	2025-02-23	7	588326	30084786	0.0195555986338078
26779	G26779T	M	C86F	2025-02-23	8	13	7467124	1.7409647944777667e-06
16332	C16332T	ORF1	D5356D	2025-02-23	7	89680	37277476	0.002405742277186363
28291	C28291A	N	P6P	2025-02-23	7	1545131	137222016	0.011260080889643831
18657	C18657T	ORF1	T6131T	2025-02-23	7	366968	81447089	0.004505599948452424
13297	C13297T	ORF1	D4344D	2025-02-23	1	20	11159883	1.7921334838367034e-06
19722	A19722G	ORF1	K6486K	2025-02-23	7	196064	52443359	0.0037385858522143863
22111	G22111T	S	Q183H	2025-02-23	8	43685	85481988	0.0005110433323099598
28396	G28396A	N	R41R	2025-02-23	7	37766	81745241	0.0004619963136447295
16887	C16887T	ORF1	Y5541Y	2025-02-23	7	16026	28062335	0.0005710857631768704
22108	A22108T	S	K182N	2025-02-23	8	117391	40571626	0.0028934260608633237
13170	C13170T	ORF1	T4302I	2025-02-23	1	8	11500136	6.956439471672336e-07
829	C829T	ORF1	N188N	2025-02-23	7	3252	35073819	9.271873131351906e-05
15009	T15009A	ORF1	D4915E	2025-02-23	8	758	3051184	0.0002484281511701687
7113	C7113T	ORF1	T2283I	2025-02-23	7	321576	44016907	0.00730573822463264
19716	C19716T	ORF1	Y6484Y	2025-02-23	7	921059	56930769	0.01617857998721219
2060	G2060A	ORF1	A599T	2025-02-23	7	133968	18400986	0.007280479426482907
28883	G28883C, G28884C	N	G204P	2025-02-23	7	168084	26031337	0.006456986823227712
25006	C25006T	S	F1148F	2025-02-23	8	425402	23053767	0.01845260256165511
28378	G28378T	N	A35A	2025-02-23	7	80098	90509033	0.0008849724424743329
3565	T3565C	ORF1	G1100G	2025-02-23	7	345785	8532148	0.04052730918404135
21627	C21627A	S	T22N	2025-02-23	7	85951	1438820	0.05973714571662891
25324	C25324A	S	C1254*	2025-02-23	8	783	1282581	0.0006104877586678736
7267	C7267A	ORF1	F2334L	2025-02-23	7	541	1166835	0.00046364738801972857
2949	T2949G	ORF1	I895S	2025-02-23	7	2215	2107214	0.0010511509509712825
7262	C7262A	ORF1	L2333I	2025-02-23	7	601	851055	0.0007061823266416389
7279	C7279A	ORF1	F2338L	2025-02-23	7	509	1137749	0.0004473745966816934
7270	T7270G	ORF1	T2335T	2025-02-23	7	794	1015509	0.0007818739174148137
28727	G28727T	N	A152S	2025-02-23	8	4402	61727187	7.131379565376922e-05
21653	T21653C	S	S31P	2025-02-23	1	327	1477643	0.0002212983785664061
7252	G7252T	ORF1	L2329F	2025-02-23	7	357	843660	0.0004231562477775407
7255	A7255C	ORF1	A2330A	2025-02-23	7	643	886266	0.0007255158157934526
14964	A14964C	ORF1	K4900N	2025-02-23	7	2146	3145791	0.000682181365513475
23915	G23915T	S	V785F	2025-02-23	8	72523	18345245	0.003953231477693539
17329	G17329T	ORF1	E5689*	2025-02-23	7	721	22074694	3.266183440640219e-05
1266	G1266T	ORF1	G334V	2025-02-23	7	276	8415225	3.2797697031273674e-05
10301	C10301A	ORF1	Q3346K	2025-02-23	7	191	12820072	1.4898512270445907e-05
13270	T13270C	ORF1	D4335D	2025-02-23	7	268	11855631	2.260529194945423e-05
21738	T21738C	S	F59S	2025-02-23	3	2983	225977	0.013200458453736442
24796	T24796A	S	A1078A	2025-02-23	8	243	29217953	8.316804397624981e-06
5162	G5162T	ORF1	E1633*	2025-02-23	8	103	3664759	2.8105531632502983e-05
4364	A4364C	ORF1	I1367L	2025-02-23	7	446	16676481	2.6744251380132297e-05
15009	T15009C	ORF1	D4915D	2025-02-23	7	629	3051184	0.0002061494816438471
4422	G4422T	ORF1	R1386L	2025-02-23	8	117	16691052	7.009743903499911e-06
23517	G23517T	S	G652V	2025-02-23	8	77	4776648	1.6120090908938653e-05
28892	C28892A	N	P207T	2025-02-23	7	245	25368246	9.657742990981718e-06
6533	G6533T	ORF1	V2090F	2025-02-23	1	9768	14269544	0.0006845348386745925
16943	G16943T	ORF1	S5560I	2025-02-23	7	16163	27937791	0.0005785353609381644
2193	G2193T	ORF1	R643I	2025-02-23	7	206	22967977	8.96900932981603e-06
12423	G12423T	ORF1	R4053I	2025-02-23	7	73	10987860	6.6436958607044504e-06
21351	G21351T	ORF1	W7029C	2025-02-23	7	930	18291220	5.084406616945179e-05
28297	T28297C	N	N8N	2025-02-23	7	462	121774119	3.793909607344398e-06
17012	C17012A	ORF1	S5583*	2025-02-23	5	106	9077714	1.1676948623849572e-05
10323	A10323G	ORF1	K3353R	2025-02-23	7	51	12369433	4.123066918265372e-06
15757	C15757A	ORF1	Q5165K	2025-02-23	7	171	3760909	4.546773133835464e-05
25693	C25693T	ORF3a	L101F	2025-02-23	8	15	27146341	5.525606563330211e-07
29518	C29518T	N	D415D	2025-02-23	7	113	149164270	7.57554071092226e-07
23638	C23638T	S	I692I	2025-02-23	1	210411	24042077	0.008751781304086166
26951	G26951T	M	V143V	2025-02-23	8	19	8249152	2.3032670509647537e-06
27537	T27537C	ORF7a	P48P	2025-02-23	7	103	20793915	4.953372176427575e-06
29409	C29409T	N	T379I	2025-02-23	7	33	96097242	3.434021550795391e-07
4999	C4999T	ORF1	N1578N	2025-02-23	7	242106	42198595	0.005737300021481758
22501	T22501C	S	Y313Y	2025-02-23	7	59256	28961773	0.002046007335255338
27294	C27294T	ORF6	Y31Y	2025-02-23	7	113	56702792	1.9928471952492217e-06
7869	C7869T	ORF1	S2535L	2025-02-23	7	104	63278818	1.6435199532330076e-06
17010	C17010T	ORF1	I5582I	2025-02-23	8	8	9073564	8.816822143977824e-07
19524	C19524T	ORF1	L6420L	2025-02-23	8	38	63143502	6.018038087276186e-07
24185	T24185C	S	S875P	2025-02-23	8	41	16558096	2.476130105780278e-06
5690	G5690A	ORF1	A1809T	2025-02-23	3	34	13581739	2.503361314777143e-06
9352	T9352C	ORF1	N3029N	2025-02-23	7	14	9338337	1.4991962701710166e-06
9967	C9967A	ORF1	L3234L	2025-02-23	8	28	1314130	2.130687222725301e-05
1259	C1259T	ORF1	Q332*	2025-02-23	8	4	9043574	4.423030098498669e-07
6312	C6312T	ORF1	T2016I	2025-02-23	8	5	14425674	3.4660425571796505e-07
9559	C9559T	ORF1	Y3098Y	2025-02-23	8	56	7527124	7.439760524736938e-06
22107	A22107G	S	K182R	2025-02-23	8	412	40350709	1.0210477342541862e-05
23277	C23277T	S	T572I	2025-02-23	8	103101	55478778	0.0018583862824087438
28423	G28423A	N	A50A	2025-02-23	7	336552	80830542	0.004163673676714923
7945	C7945T	ORF1	Y2560Y	2025-02-23	7	93	44048678	2.111300593402599e-06
8818	C8818T	ORF1	C2851C	2025-02-23	10	19	4012622	4.735058522831206e-06
9431	G9431A	ORF1	V3056I	2025-02-23	7	18	7110540	2.5314533073437463e-06
17042	A17042G	ORF1	Y5593C	2025-02-23	7	31	9794671	3.1649863481887242e-06
27476	C27476T	ORF7a	T28I	2025-02-23	7	36	24475759	1.4708430492390451e-06
709	G709A	ORF1	E148E	2025-02-23	8	4	30401113	1.3157413019714113e-07
3896	G3896A	ORF1	V1211I	2025-02-23	4	20	5197134	3.848274837631664e-06
5239	C5239T	ORF1	Y1658Y	2025-02-23	1	8527	4291131	0.0019871218100775763
7735	C7735T	ORF1	I2490I	2025-02-23	8	4292	1982145	0.0021653309924349632
8109	C8109T	ORF1	T2615I	2025-02-23	7	61	42996981	1.418704257398909e-06
17093	C17093T	ORF1	T5610I	2025-02-23	5	14	9943506	1.4079540958692035e-06
21823	T21823A	S	N87K	2025-02-23	3	1	229362	4.3599201262632866e-06
22792	C22792T	S	I410I	2025-02-23	7	15806	14559900	0.0010855843790135921
22893	A22893G	S	K444R	2025-02-23	1	20	947748	2.110265598028168e-05
22992	G22992A, C22993T	S	S477N	2025-02-23	4	229	861813	0.0002657188972549729
15007	G15007A	ORF1	D4915N	2025-02-23	7	3	3051203	9.832187501126605e-07
22865	G22865T	S	A435S	2025-02-23	7	108	824816	0.00013093829411650598
15007	G15007A, T15009C	ORF1	D4915N	2025-02-23	2	1	3051184	3.2774162423505107e-07
3763	A3763G	ORF1	V1166V	2025-02-23	7	80079	6924100	0.011565257578602273
9286	C9286T	ORF1	N3007N	2025-02-23	4	4	2117078	1.889396611745056e-06
12892	G12892A	ORF1	L4209L	2025-02-23	3	39482	4537740	0.008700807009656789
18131	C18131T	ORF1	T5956I	2025-02-23	1	33	4368127	7.554725400612207e-06
21654	C21654T	S	S31F	2025-02-23	8	64	1438349	4.449545972500415e-05
16600	T16600C	ORF1	L5446L	2025-02-23	7	456	731829	0.0006230963790721603
10296	C10296T	ORF1	S3344F	2025-02-23	7	4	16061639	2.490405867047566e-07
4021	C4021T	ORF1	N1252N	2025-02-23	8	3	5203755	5.765067725133101e-07
11742	A11742G	ORF1	Q3826R	2025-02-23	8	5	875778	5.709209411517531e-06
3096	C3096T	ORF1	S944L	2025-02-23	7	14517	3001979	0.004835809977351607
11570	T11570A	ORF1	F3769I	2025-02-23	8	7	1039871	6.7316042085989515e-06
7834	C7834T	ORF1	N2523N	2025-02-23	7	44	44384878	9.913286232306417e-07
10594	C10594T	ORF1	N3443N	2025-02-23	8	12	21788442	5.507507145302082e-07
6701	C6701T	ORF1	L2146F	2025-02-23	1	12	2069531	5.798415196486547e-06
10499	G10499-10499del	ORF1	3412fs	2025-02-23	8	1	12934815	7.731073076808598e-08
6543	C6543T	ORF1	T2093I	2025-02-23	8	14	13502933	1.036811780077706e-06
26313	C26313T	E	F23F	2025-02-23	8	55	5090801	1.0803800816413763e-05
22986	C22986T	S	A475V	2025-02-23	4	4	888244	4.5032671202957745e-06
22994	A22994G, C22995A	S	T478E	2025-02-23	8	2	869337	2.300603793465595e-06
5907	C5907T	ORF1	T1881I	2025-02-23	10	8	9620433	8.315634026036043e-07
21761	G21761T	S	A67S	2025-02-23	1	6	225570	2.6599281819390877e-05
5784	C5784T	ORF1	T1840I	2025-02-23	3	6	8805528	6.81390144918056e-07
21864	T21864C	S	I101T	2025-02-23	3	24	216091	0.00011106432012439203
21811	C21811A	S	V83V	2025-02-23	1	4	226265	1.7678385963361544e-05
3177	C3177T	ORF1	P971L	2025-02-23	10	7	1934400	3.618693134822167e-06
3695	C3695T	ORF1	L1144L	2025-02-23	3	13	9451904	1.3753842612028222e-06
21780	C21780A	S	T73N	2025-02-23	1	2	226038	8.848069793574532e-06
21793	G21793C	S	K77N	2025-02-23	10	2	208231	9.604717837401732e-06
12496	T12496C	ORF1	Y4077Y	2025-02-23	9	3	327001	9.174283870691528e-06
424	A424G	ORF1	L53L	2025-02-23	7	11	545925	2.0149287905847874e-05
22796	C22796T	S	P412S	2025-02-23	8	4	14126356	2.8315865747684683e-07
451	T451G	ORF1	P62P	2025-02-23	4	2	553150	3.615655789568833e-06
21707	C21707T	S	H49Y	2025-02-23	4	2	238733	8.377559868137207e-06
24376	T24376C	S	L938L	2025-02-23	3	217	544745	0.0003983515222718887
12655	T12655C	ORF1	A4130A	2025-02-23	4	11	286206	3.843385533496852e-05
9281	C9281T	ORF1	L3006F	2025-02-23	7	3	2116538	1.4174089952554597e-06
593	C593T	ORF1	H110Y	2025-02-23	3	85	402689	0.00021108100792422937
515	GTTATG515-520del	ORF1	VM84-85del	2025-02-23	6	52	113836	0.00045679749815524085
21772	C21772-21772del	S	IHV68-70Idel	2025-02-23	1	1	224816	4.4480819870471855e-06
21789	C21789T	S	T76I	2025-02-23	2	15	210197	7.136162742570065e-05
13852	AA13852-13853del	ORF1	4530fs	2025-02-23	7	2	16751558	1.1939187984783265e-07
23039	C23039G	S	Q493E	2025-03-02	9	278288	2004352	0.13884188006896991
2060	G2060A	ORF1	A599T	2025-03-02	7	445160	12703370	0.03504266977975136
28291	C28291A	N	P6P	2025-03-02	7	1404001	72610155	0.019336152085063032
28883	G28883C, G28884C	N	G204P	2025-03-02	7	310234	14841217	0.02090354180523066
1954	G1954A	ORF1	Q563Q	2025-03-02	10	175923	11056164	0.015911757459458813
22895	G22895C, T22896G	S	V445R	2025-03-02	10	14246	1553245	0.009171766205588945
22928	T22928C	S	F456L	2025-03-02	9	298220	1022957	0.29152740535525934
22926	T22926C	S	L455S	2025-03-02	9	299534	1632902	0.18343660550357585
19716	C19716T	ORF1	Y6484Y	2025-03-02	9	2095121	23592890	0.08880306736478659
17334	G17334T	ORF1	T5690T	2025-03-02	7	132584	7971602	0.01663203958250801
24872	G24872T	S	V1104L	2025-03-02	7	426840	10956275	0.03895849638677379
18894	C18894T	ORF1	C6210C	2025-03-02	6	1110665	12573332	0.08833497755408033
27810	T27810C	ORF7b	F19L	2025-03-02	7	909049	26799786	0.03392000965977863
24819	A24819G	S	K1086R	2025-03-02	7	15996	9923795	0.0016118833571229555
3565	T3565C	ORF1	G1100G	2025-03-02	7	265048	5076690	0.05220882110193847
22031	T22031-22031del, 22035-insertG	S	FR157-158SG	2025-03-02	7	1067760	83187538	0.012835576405687112
22120	C22120A	S	F186L	2025-03-02	7	10924	31295233	0.00034906274703243144
22132	G22132T	S	R190S	2025-03-02	7	130773	20688454	0.00632106197978834
6255	C6255T	ORF1	A1997V	2025-03-02	10	462155	21108501	0.021894259568692252
7113	C7113T	ORF1	T2283I	2025-03-02	7	1039248	24700097	0.04207465258132387
12892	G12892A	ORF1	L4209L	2025-03-02	10	33	2462518	1.3400917272482881e-05
4999	C4999T	ORF1	N1578N	2025-03-02	7	195479	23031030	0.008487636028436418
11727	G11727A	ORF1	R3821K	2025-03-02	6	75871	631857	0.12007621977757625
10323	A10323G	ORF1	K3353R	2025-03-02	10	102	6857768	1.487364401945356e-05
19722	A19722G	ORF1	K6486K	2025-03-02	9	1760288	21402114	0.08224832369363139
10018	A10018G	ORF1	Q3251Q	2025-03-02	7	1	739912	1.3515120717058245e-06
22501	T22501C	S	Y313Y	2025-03-02	10	138	17419488	7.922161661697519e-06
424	A424G	ORF1	L53L	2025-03-02	9	1	307162	3.2556110456371555e-06
15151	T15151C	ORF1	F4963L	2025-03-02	10	11	6080217	1.80914595646833e-06
12418	T12418C	ORF1	N4051N	2025-03-02	10	11604	4965171	0.00233707962928165
17042	A17042G	ORF1	Y5593C	2025-03-02	8	22	5299196	4.151573182044975e-06
18034	T18034C	ORF1	L5924L	2025-03-02	10	42	2877611	1.4595440453904298e-05
2193	G2193T	ORF1	R643I	2025-03-02	10	138	15611267	8.839769379384774e-06
709	G709A	ORF1	E148E	2025-03-02	8	5	18252275	2.739384542474842e-07
829	C829T	ORF1	N188N	2025-03-02	10	29	19922679	1.4556275288077471e-06
22893	A22893G	S	K444R	2025-03-02	10	19	1056076	1.799112942629129e-05
26951	G26951T	M	V143V	2025-03-02	8	43	4929504	8.722987140288353e-06
16342	T16342C	ORF1	S5360P	2025-03-02	10	68	20879120	3.2568422423933575e-06
22994	A22994G, C22995A	S	T478E	2025-03-02	10	15	987593	1.5188443012455536e-05
12854	C12854T	ORF1	P4197S	2025-03-02	8	1	2460017	4.0650125588563006e-07
16600	T16600C	ORF1	L5446L	2025-03-02	10	130	453739	0.00028650832306678506
23599	T23599G	S	N679R	2025-03-02	10	57	7437460	7.66390676386831e-06
593	C593T	ORF1	H110Y	2025-03-02	10	3	283257	1.0591088658003155e-05
5162	G5162T	ORF1	E1633*	2025-03-02	8	154	2051755	7.505769451030946e-05
7945	C7945T	ORF1	Y2560Y	2025-03-02	10	46	20085831	2.2901716140098957e-06
13270	T13270C	ORF1	D4335D	2025-03-02	10	115	6508964	1.7667942240885032e-05
16332	C16332T	ORF1	D5356D	2025-03-02	7	68025	21120114	0.0032208632964765248
28297	T28297C	N	N8N	2025-03-02	10	39993	55500940	0.000720582390136095
451	T451G	ORF1	P62P	2025-03-02	9	1	399026	2.506102359244761e-06
14189	C14189T	ORF1	A4642V	2025-03-02	10	10	13190389	7.581277549888787e-07
17010	C17010T	ORF1	I5582I	2025-03-02	10	5	5146627	9.715100783484019e-07
18162	C18162T	ORF1	D5966D	2025-03-02	10	19	4026988	4.718166530419261e-06
18131	C18131T	ORF1	T5956I	2025-03-02	8	413	2777981	0.00014866912336693446
22992	G22992A, C22993T	S	S477N	2025-03-02	10	3	987593	3.0376886024911073e-06
1856	A1856G	ORF1	S531G	2025-03-02	10	46	22800353	2.0175126235984155e-06
3096	C3096T	ORF1	S944L	2025-03-02	7	5	1533219	3.2611127307971006e-06
16323	C16323T	ORF1	C5353C	2025-03-02	10	21	21849938	9.611011253212709e-07
24376	T24376C	S	L938L	2025-03-02	3	49	254210	0.00019275402226505645
27294	C27294T	ORF6	Y31Y	2025-03-02	10	43	26403109	1.6285960869229453e-06
27476	C27476T	ORF7a	T28I	2025-03-02	10	16	13653703	1.1718432721145318e-06
28892	C28892A	N	P207T	2025-03-02	7	217	14540585	1.4923746190404306e-05
1259	C1259T	ORF1	Q332*	2025-03-02	8	19	5710835	3.3270090976188244e-06
12423	G12423T	ORF1	R4053I	2025-03-02	10	80	4859268	1.6463385020130603e-05
12496	T12496C	ORF1	Y4077Y	2025-03-02	10	11	332150	3.311756736414271e-05
12655	T12655C	ORF1	A4130A	2025-03-02	10	5	139197	3.5920314374591404e-05
13677	C13677T	ORF1	N4471N	2025-03-02	10	17	20675074	8.222461501226066e-07
18657	C18657T	ORF1	T6131T	2025-03-02	3	132088	35581870	0.0037122276035520337
24588	C24588T	S	T1009I	2025-03-02	3	2	6088974	3.284625620014144e-07
28378	G28378T	N	A35A	2025-03-02	10	529	46156318	1.1461052850879483e-05
29409	C29409T	N	T379I	2025-03-02	10	30504	64991892	0.0004693508537957319
29518	C29518T	N	D415D	2025-03-02	10	136	101570555	1.338970728278486e-06
3896	G3896A	ORF1	V1211I	2025-03-02	8	7	3447588	2.030405025194426e-06
4364	A4364C	ORF1	I1367L	2025-03-02	10	342	10190103	3.3561976753326244e-05
6312	C6312T	ORF1	T2016I	2025-03-02	8	140	7391359	1.8941036418336602e-05
8109	C8109T	ORF1	T2615I	2025-03-02	1	67595	18281257	0.0036975028577083077
13170	C13170T	ORF1	T4302I	2025-03-02	10	4	6284774	6.364588448208321e-07
15007	G15007A	ORF1	D4915N	2025-03-02	7	4	2087827	1.9158675503286432e-06
15026	C15026T	ORF1	A4921V	2025-03-02	10	3	2070377	1.449011460231639e-06
15757	C15757A	ORF1	Q5165K	2025-03-02	7	172	2493780	6.897160134414423e-05
17668	G17668T	ORF1	G5802C	2025-03-02	8	375	17744132	2.1133747201610087e-05
19068	A19068G	ORF1	Q6268Q	2025-03-02	8	55	7611355	7.226045822327299e-06
21351	G21351T	ORF1	W7029C	2025-03-02	10	558	11247079	4.961288170910865e-05
21738	T21738C	S	F59S	2025-03-02	6	621	152419	0.004074295199417395
21761	G21761T	S	A67S	2025-03-02	10	2	151799	1.317531736045692e-05
21780	C21780A	S	T73N	2025-03-02	10	1	147766	6.767456654440128e-06
22107	A22107G	S	K182R	2025-03-02	10	670	18402844	3.640741615806774e-05
22108	A22108T	S	K182N	2025-03-02	8	630	15722542	4.006985638836265e-05
22986	C22986T	S	A475V	2025-03-02	1	4	988894	4.044922913881569e-06
22895	G22895C, T22896C	S	V445P	2025-03-02	3	9	1553245	5.794320921683315e-06
24579	C24579T	S	T1006I	2025-03-02	10	17	6506230	2.6128802701410803e-06
25153	C25153T	S	L1197L	2025-03-02	6	7	1126651	6.213104146714466e-06
28423	G28423A	N	A50A	2025-03-02	10	18092	40421132	0.00044758766280964126
25006	C25006T	S	F1148F	2025-03-02	10	12764	10087637	0.0012653111923040055
25925	C25925T	ORF3a	P178L	2025-03-02	4	47837	1601159	0.029876483222465725
22599	G22599C	S	R346T	2025-03-02	5	155277	11276695	0.013769725970242168
21652	TTC21652-21654del	S	NS30-31Ndel	2025-03-02	10	22890	653076	0.03504951950462121
28727	G28727T	N	A152S	2025-03-02	8	7272	32324948	0.00022496555910932943
15009	T15009A	ORF1	D4915E	2025-03-02	8	1991	2086581	0.0009541925283514036
14964	A14964C	ORF1	K4900N	2025-03-02	10	1682	2195676	0.0007660510931485337
22111	G22111T	S	Q183H	2025-03-02	10	131770	33893191	0.003887801535122497
4422	G4422T	ORF1	R1386L	2025-03-02	8	32	10788279	2.966182094474939e-06
25324	C25324A	S	C1254*	2025-03-02	8	394	1223460	0.0003220375002043385
24796	T24796A	S	A1078A	2025-03-02	8	42	15471662	2.7146404827096145e-06
15372	G15372T	ORF1	T5036T	2025-03-02	7	22829	6062991	0.0037653032966732097
19524	C19524T	ORF1	L6420L	2025-03-02	10	46	24598940	1.8699992763915844e-06
3763	A3763G	ORF1	V1166V	2025-03-02	10	47	4475477	1.0501673899787664e-05
10301	C10301A	ORF1	Q3346K	2025-03-02	8	90	7248231	1.241682280821348e-05
28396	G28396A	N	R41R	2025-03-02	10	54	41683067	1.2954900847387262e-06
4683	C4683T	ORF1	A1473V	2025-03-02	10	31	11708957	2.6475458061721467e-06
9866	C9866T	ORF1	L3201F	2025-03-02	1	385	10579866	3.638987488121305e-05
16943	G16943T	ORF1	S5560I	2025-03-02	10	30034	13998570	0.0021455048622823617
25693	C25693T	ORF3a	L101F	2025-03-02	10	22	14278777	1.54074820273473e-06
10296	C10296T	ORF1	S3344F	2025-03-02	10	4	6969140	5.739589102816129e-07
10042	A10042G	ORF1	S3259S	2025-03-02	4	16	651188	2.457047734294858e-05
16887	C16887T	ORF1	Y5541Y	2025-03-02	10	30057	14790745	0.002032149158139093
22792	C22792T	S	I410I	2025-03-02	10	2234	8996054	0.0002483311016141077
5690	G5690A	ORF1	A1809T	2025-03-02	10	30	7255386	4.134859261795307e-06
6701	C6701T	ORF1	L2146F	2025-03-02	10	4634	1406321	0.0032951225218140097
9967	C9967A	ORF1	L3234L	2025-03-02	4	58	674648	8.597075808421577e-05
15666	G15666C	ORF1	V5134V	2025-03-02	8	8	10738049	7.450142944961418e-07
26779	G26779T	M	C86F	2025-03-02	10	33	4474372	7.375336695294893e-06
23277	C23277T	S	T572I	2025-03-02	10	2511	36558780	6.86839112246087e-05
23638	C23638T	S	I692I	2025-03-02	8	164390	9961550	0.01650245192766186
9592	C9592T	ORF1	Y3109Y	2025-03-02	1	39	4480794	8.70381454715392e-06
8818	C8818T	ORF1	C2851C	2025-03-02	9	21056	2402008	0.008765999114074557
21627	C21627A	S	T22N	2025-03-02	6	11137	595926	0.01868856200266476
13297	C13297T	ORF1	D4344D	2025-03-02	7	13	6472416	2.0085235559642643e-06
21653	T21653C	S	S31P	2025-03-02	4	11787	660308	0.01785076055416563
1266	G1266T	ORF1	G334V	2025-03-02	10	76	5622640	1.3516782152156282e-05
17012	C17012A	ORF1	S5583*	2025-03-02	6	157	5131934	3.0592755089991416e-05
14290	G14290T	ORF1	D4676Y	2025-03-02	10	548	13436534	4.0784327267731396e-05
10499	G10499-10499del	ORF1	3412fs	2025-03-02	3	7	7115789	9.837278761357314e-07
13121	A13121T	ORF1	S4286C	2025-03-02	1	97044	6296110	0.015413326641370625
12616	C12616T	ORF1	D4117D	2025-03-02	1	406	167164	0.002428752602234931
23517	G23517T	S	G652V	2025-03-02	10	110	4011542	2.7420877059245547e-05
11742	A11742G	ORF1	Q3826R	2025-03-02	7	2	616767	3.2427156446437636e-06
5878	C5878T	ORF1	N1871N	2025-03-02	10	22	6345022	3.4672850622109744e-06
6188	T6188C	ORF1	Y1975H	2025-03-02	10	81	16731842	4.841068903232531e-06
10594	C10594T	ORF1	N3443N	2025-03-02	7	6	9794689	6.12576877121877e-07
4021	C4021T	ORF1	N1252N	2025-03-02	10	5	3418351	1.4626935618957795e-06
17093	C17093T	ORF1	T5610I	2025-03-02	8	7	5558138	1.2594145737295476e-06
22874	T22874C	S	S438P	2025-03-02	7	7	805340	8.69198102664713e-06
5239	C5239T	ORF1	Y1658Y	2025-03-02	10	8	2106898	3.7970513997355355e-06
17329	G17329T	ORF1	E5689*	2025-03-02	10	469	12176851	3.8515704922397425e-05
2596	A2596G	ORF1	P777P	2025-03-02	8	15	8859390	1.693118826465479e-06
22796	C22796T	S	P412S	2025-03-02	10	4	8872271	4.508428563554923e-07
686	AAGTCATTT686-694del	ORF1	KSF141-143del	2025-03-02	4	1	18139955	5.512692837440887e-08
7869	C7869T	ORF1	S2535L	2025-03-02	10	73	23205443	3.1458136782822893e-06
6543	C6543T	ORF1	T2093I	2025-03-02	10	18	7210556	2.4963400880597835e-06
26313	C26313T	E	F23F	2025-03-02	10	9	2971248	3.0290302256829453e-06
7262	C7262A	ORF1	L2333I	2025-03-02	10	828	688801	0.0012020888471416273
7270	T7270G	ORF1	T2335T	2025-03-02	10	834	759614	0.0010979260519158416
2949	T2949G	ORF1	I895S	2025-03-02	8	137	1114590	0.00012291515265703084
7267	C7267A	ORF1	F2334L	2025-03-02	10	628	828051	0.0007584073927813625
7279	C7279A	ORF1	F2338L	2025-03-02	10	664	746817	0.0008891067021773742
7255	A7255C	ORF1	A2330A	2025-03-02	10	826	623328	0.001325145027978849
7252	G7252T	ORF1	L2329F	2025-03-02	10	627	654208	0.000958410780669145
6533	G6533T	ORF1	V2090F	2025-03-02	5	988	7242741	0.00013641244385240338
22995	C22995T	S	T478I	2025-03-02	7	7	987593	7.0879400724792504e-06
22865	G22865T	S	A435S	2025-03-02	10	3053	806459	0.0037856853231224403
22846	T22846C	S	D428D	2025-03-02	10	518	1614075	0.00032092684664591177
7222	T7222C	ORF1	T2319T	2025-03-02	8	1	606714	1.648223050729009e-06
9352	T9352C	ORF1	N3029N	2025-03-02	10	46	5561752	8.270775108275234e-06
9281	C9281T	ORF1	L3006F	2025-03-02	7	1	1492072	6.702089443404875e-07
9559	C9559T	ORF1	Y3098Y	2025-03-02	8	14	4311299	3.2472811558650885e-06
21811	C21811A	S	V83V	2025-03-02	2	3	156103	1.9218080370012106e-05
21793	G21793C	S	K77N	2025-03-02	7	3	143754	2.0868984515213488e-05
7834	C7834T	ORF1	N2523N	2025-03-02	10	23	18476954	1.24479392003682e-06
11668	C11668T	ORF1	N3801N	2025-03-02	10	5	635799	7.864120578988014e-06
5784	C5784T	ORF1	T1840I	2025-03-02	8	9	6320669	1.4238999067978406e-06
5907	C5907T	ORF1	T1881I	2025-03-02	8	9	6827051	1.3182851570905211e-06
9431	G9431A	ORF1	V3056I	2025-03-02	8	9	4120578	2.1841596009103577e-06
7735	C7735T	ORF1	I2490I	2025-03-02	8	5	1049184	4.765608320370879e-06
15007	G15007A, T15009C	ORF1	D4915N	2025-03-02	5	1	2086581	4.792529022357627e-07
11570	T11570A	ORF1	F3769I	2025-03-02	8	2	584637	3.4209261473358683e-06
21789	C21789T	S	T76I	2025-03-02	4	1	139622	7.1621950695449145e-06
3177	C3177T	ORF1	P971L	2025-03-02	9	1	1131782	8.835623821548673e-07
9286	C9286T	ORF1	N3007N	2025-03-02	10	7	1486922	4.70771163517656e-06
21707	C21707T	S	H49Y	2025-03-02	10	2	180424	1.1084999778300005e-05
21864	T21864C	S	I101T	2025-03-02	8	4	217545	1.8387000390723758e-05
3695	C3695T	ORF1	L1144L	2025-03-02	10	13	4289934	3.030349651066893e-06
515	GTTATG515-520del	ORF1	VM84-85del	2025-03-02	6	333	126331	0.00263593258978398
22858	C22858T	S	C432C	2025-03-02	10	2	807058	2.4781366394980288e-06
11572	C11572T	ORF1	F3769F	2025-03-02	10	5	588364	8.498140606835224e-06
21823	T21823A	S	N87K	2025-03-02	10	1	162364	6.1590007637160945e-06
22930	T22930A	S	F456L	2025-03-02	2	1886	1289126	0.0014630067192811253
21772	C21772-21772del	S	IHV68-70Idel	2025-03-02	3	43	145818	0.00029488814823958634
13852	AA13852-13853del	ORF1	4530fs	2025-03-02	6	2	9676908	2.0667758751039072e-07
21654	C21654T	S	S31F	2025-03-02	5	1	611226	1.6360560578247653e-06
23578	TAG23578-23580del	S	AS672-673Adel	2025-03-02	9	240068	3458781	0.06940826840438871
22031	T22031-22031del, 22035-insertG	S	FR157-158SG	2025-03-09	3	2551199	203745005	0.01252152905539942
27810	T27810C	ORF7b	F19L	2025-03-09	7	1512975	39975783	0.03784728869475802
7113	C7113T	ORF1	T2283I	2025-03-09	7	712440	34708136	0.020526599296487716
4999	C4999T	ORF1	N1578N	2025-03-09	7	32314	21109933	0.0015307485817221684
22132	G22132T	S	R190S	2025-03-09	3	1441017	49512525	0.029104090328659262
22120	C22120A	S	F186L	2025-03-09	1	154032	69455954	0.002217693244844063
17334	G17334T	ORF1	T5690T	2025-03-09	7	70876	9919310	0.007145255063104187
23277	C23277T	S	T572I	2025-03-09	7	55851	62835340	0.0008888469450471662
16332	C16332T	ORF1	D5356D	2025-03-09	7	66	28886991	2.2847654849201843e-06
4364	A4364C	ORF1	I1367L	2025-03-09	7	56492	10649673	0.005304576018437373
28297	T28297C	N	N8N	2025-03-09	7	241552	94055742	0.002568179197395519
3565	T3565C	ORF1	G1100G	2025-03-09	7	127815	5420788	0.023578675277468885
2060	G2060A	ORF1	A599T	2025-03-09	7	100075	18059079	0.005541533984097417
28423	G28423A	N	A50A	2025-03-09	7	1230802	55595427	0.022138547474417274
1954	G1954A	ORF1	Q563Q	2025-03-09	7	10932	13744617	0.0007953659239831856
28291	C28291A	N	P6P	2025-03-09	7	1714850	96818356	0.017712033862669594
22108	A22108T	S	K182N	2025-03-09	8	1358	36815519	3.6886618385034855e-05
22599	G22599C	S	R346T	2025-03-09	3	126298	13238459	0.009540234252340095
6255	C6255T	ORF1	A1997V	2025-03-09	7	94840	30646278	0.0030946661777329046
27294	C27294T	ORF6	Y31Y	2025-03-09	7	25854	40706398	0.0006351335728599716
19716	C19716T	ORF1	Y6484Y	2025-03-09	7	231994	51067393	0.004542898831745729
19722	A19722G	ORF1	K6486K	2025-03-09	7	106977	47532055	0.002250628549512534
28883	G28883C, G28884C	N	G204P	2025-03-09	7	195848	13796763	0.014195213761372867
24872	G24872T	S	V1104L	2025-03-09	3	888253	23130783	0.03840133730016835
7869	C7869T	ORF1	S2535L	2025-03-09	7	41	25271526	1.6223792738119573e-06
11727	G11727A	ORF1	R3821K	2025-03-09	7	42442	602638	0.07042702252430148
25925	C25925T	ORF3a	P178L	2025-03-09	7	22433	1248273	0.017971229050055555
27476	C27476T	ORF7a	T28I	2025-03-09	7	52	22865956	2.2741231549645243e-06
14189	C14189T	ORF1	A4642V	2025-03-09	7	69364	17880751	0.003879255407113493
13121	A13121T	ORF1	S4286C	2025-03-09	7	32994	11812602	0.0027931187387842237
25006	C25006T	S	F1148F	2025-03-09	3	252210	22137146	0.011393067561645029
12892	G12892A	ORF1	L4209L	2025-03-09	1	26957	2835491	0.009506995437474497
24819	A24819G	S	K1086R	2025-03-09	3	529563	18064614	0.029314935818722725
22895	G22895C, T22896G	S	V445R	2025-03-09	6	35888	903711	0.039711810523497
22926	T22926C	S	L455S	2025-03-09	6	68486	1336621	0.051238159508192674
22928	T22928C	S	F456L	2025-03-09	6	70888	812082	0.08729167744144065
22792	C22792T	S	I410I	2025-03-09	7	8	9068387	8.82185552954456e-07
15372	G15372T	ORF1	T5036T	2025-03-09	7	8102	10565226	0.0007668553422330956
23039	C23039G	S	Q493E	2025-03-09	6	69674	1306457	0.05333049614338627
15738	C15738T	ORF1	F5158F	2025-03-09	10	3	3302758	9.083317639378968e-07
21652	TTC21652-21654del	S	NS30-31Ndel	2025-03-09	1	66363	1888384	0.03514274639056463
22501	T22501C	S	Y313Y	2025-03-09	7	2981	23079791	0.00012916061501596786
19524	C19524T	ORF1	L6420L	2025-03-09	7	51	50201428	1.0159073562608617e-06
18894	C18894T	ORF1	C6210C	2025-03-09	7	381519	25097888	0.015201239243716443
17668	G17668T	ORF1	G5802C	2025-03-09	7	1206	36285146	3.32367410069123e-05
15007	G15007A	ORF1	D4915N	2025-03-09	7	2	2257552	8.859153631898623e-07
28727	G28727T	N	A152S	2025-03-09	7	4996	56868844	8.785126703120605e-05
15757	C15757A	ORF1	Q5165K	2025-03-09	7	165	3518197	4.6899022425407105e-05
22992	G22992A, C22993T	S	S477N	2025-03-09	7	361	842269	0.00042860416327800263
13677	C13677T	ORF1	N4471N	2025-03-09	7	43	30442230	1.4125115012927764e-06
3686	C3686T	ORF1	H1141Y	2025-03-09	7	4	4777295	8.372939079541874e-07
16600	T16600C	ORF1	L5446L	2025-03-09	3	1613	489457	0.0032954886741838403
18657	C18657T	ORF1	T6131T	2025-03-09	7	741939	93267947	0.007954919389401805
6533	G6533T	ORF1	V2090F	2025-03-09	7	797	11863557	6.718052604290602e-05
12616	C12616T	ORF1	D4117D	2025-03-09	1	1048	268477	0.0039035001136037725
20946	C20946T	ORF1	V6894V	2025-03-09	7	19	15691634	1.210836296589635e-06
16887	C16887T	ORF1	Y5541Y	2025-03-09	7	37	18401110	2.010748264642731e-06
25693	C25693T	ORF3a	L101F	2025-03-09	7	44	26004388	1.6920221310341932e-06
2193	G2193T	ORF1	R643I	2025-03-09	7	129	18538035	6.9586663311402745e-06
6312	C6312T	ORF1	T2016I	2025-03-09	8	567	12878668	4.402629216002773e-05
16323	C16323T	ORF1	C5353C	2025-03-09	7	38	29693005	1.2797626915834218e-06
15026	C15026T	ORF1	A4921V	2025-03-09	7	3	2248658	1.3341290672036387e-06
22893	A22893G	S	K444R	2025-03-09	7	356	829974	0.00042892909898382356
5239	C5239T	ORF1	Y1658Y	2025-03-09	7	14	4009521	3.4916889074779757e-06
15151	T15151C	ORF1	F4963L	2025-03-09	8	27	10512506	2.5683695210257194e-06
13270	T13270C	ORF1	D4335D	2025-03-09	7	341	12667991	2.6918238258931507e-05
13297	C13297T	ORF1	D4344D	2025-03-09	7	19	11661879	1.6292400221267944e-06
4422	G4422T	ORF1	R1386L	2025-03-09	8	233	10145544	2.296574732710242e-05
17166	T17166C	ORF1	S5634S	2025-03-09	7	86	7372655	1.1664725936585938e-05
10301	C10301A	ORF1	Q3346K	2025-03-09	8	63	7431473	8.477457968292423e-06
22858	C22858T	S	C432C	2025-03-09	7	2	687326	2.9098273599427344e-06
22994	A22994G, C22995A	S	T478E	2025-03-09	3	2	786008	2.544503363833447e-06
15009	T15009A	ORF1	D4915E	2025-03-09	8	1340	2256932	0.0005937263506388318
2949	T2949G	ORF1	I895S	2025-03-09	7	806	1422070	0.0005667794131090593
7270	T7270G	ORF1	T2335T	2025-03-09	8	351	643374	0.0005455613686595977
7262	C7262A	ORF1	L2333I	2025-03-09	8	340	615807	0.0005521210379225959
14964	A14964C	ORF1	K4900N	2025-03-09	7	2237	2328324	0.0009607769365431959
14290	G14290T	ORF1	D4676Y	2025-03-09	7	1910	18163712	0.0001051547172736498
515	GTTATG515-520del	ORF1	VM84-85del	2025-03-09	8	76	80772	0.0009409201208339524
7255	A7255C	ORF1	A2330A	2025-03-09	8	242	567293	0.00042658731907497534
7267	C7267A	ORF1	F2334L	2025-03-09	8	257	771409	0.000333156600454493
7252	G7252T	ORF1	L2329F	2025-03-09	8	188	613454	0.0003064614461720031
7279	C7279A	ORF1	F2338L	2025-03-09	8	214	686807	0.0003115868067739554
25324	C25324A	S	C1254*	2025-03-09	8	120	871996	0.00013761531016197323
28378	G28378T	N	A35A	2025-03-09	7	1657	62986116	2.6307384948136824e-05
3939	G3939T	ORF1	R1225I	2025-03-09	7	421	10137530	4.152885367540219e-05
28892	C28892A	N	P207T	2025-03-09	7	184	13825277	1.3308955762694664e-05
16943	G16943T	ORF1	S5560I	2025-03-09	7	212	17376045	1.2200705051120666e-05
12423	G12423T	ORF1	R4053I	2025-03-09	7	221	6044192	3.656402708583712e-05
16342	T16342C	ORF1	S5360P	2025-03-09	7	88	28499843	3.0877363078807137e-06
26951	G26951T	M	V143V	2025-03-09	8	35	7081827	4.942227478869506e-06
21627	C21627A	S	T22N	2025-03-09	6	79377	1547108	0.05130669610654201
22107	A22107G	S	K182R	2025-03-09	7	6277	35942543	0.00017463984114869112
23517	G23517T	S	G652V	2025-03-09	8	24	3642525	6.588836040933144e-06
23598	A23598G, T23599G	S	N679R	2025-03-09	8	328	13638476	2.404960788874065e-05
1266	G1266T	ORF1	G334V	2025-03-09	7	464	4601345	0.0001008400804547366
6188	T6188C	ORF1	Y1975H	2025-03-09	7	99	24524471	4.036784320444669e-06
17012	C17012A	ORF1	S5583*	2025-03-09	7	108	5747151	1.8791919683335273e-05
22865	G22865T	S	A435S	2025-03-09	7	24	723137	3.31887318723838e-05
6543	C6543T	ORF1	T2093I	2025-03-09	7	29	11500411	2.521649008891943e-06
26779	G26779T	M	C86F	2025-03-09	7	192	6983656	2.7492763102879064e-05
829	C829T	ORF1	N188N	2025-03-09	7	44	35425171	1.2420546960803662e-06
8109	C8109T	ORF1	T2615I	2025-03-09	7	16	19651052	8.142057738181141e-07
29409	C29409T	N	T379I	2025-03-09	7	65451	91204075	0.0007176324084203474
3763	A3763G	ORF1	V1166V	2025-03-09	7	6	4580590	1.3098749287755508e-06
10323	A10323G	ORF1	K3353R	2025-03-09	7	53	6428631	8.24436804663388e-06
709	G709A	ORF1	E148E	2025-03-09	7	59	31154653	1.8937781139786728e-06
28432	C28432T	N	F53F	2025-03-09	7	161	64915898	2.480132062565013e-06
9592	C9592T	ORF1	Y3109Y	2025-03-09	8	12	5674433	2.114748733485795e-06
28396	G28396A	N	R41R	2025-03-09	7	152	60330550	2.519453245495027e-06
7945	C7945T	ORF1	Y2560Y	2025-03-09	8	14	20751872	6.746379314598702e-07
8845	A8845G	ORF1	R2860R	2025-03-09	7	8	3573307	2.2388224689342395e-06
24796	T24796A	S	A1078A	2025-03-09	8	862	22330582	3.8601770433032155e-05
1856	A1856G	ORF1	S531G	2025-03-09	8	4	29218869	1.3689783817436603e-07
7834	C7834T	ORF1	N2523N	2025-03-09	8	32	18553005	1.7247879790901797e-06
25671	C25671T	ORF3a	H93H	2025-03-09	7	27	38335784	7.043027997027529e-07
3896	G3896A	ORF1	V1211I	2025-03-09	8	3	9920660	3.023992355347326e-07
6701	C6701T	ORF1	L2146F	2025-03-09	7	8	1384912	5.776540314474854e-06
9866	C9866T	ORF1	L3201F	2025-03-09	7	13	11471947	1.133199098636003e-06
12655	T12655C	ORF1	A4130A	2025-03-09	7	3	259631	1.1554860552091237e-05
21793	G21793C	S	K77N	2025-03-09	2	1	222598	4.492403345942012e-06
9559	C9559T	ORF1	Y3098Y	2025-03-09	7	27	5426880	4.975234388820096e-06
21780	C21780A	S	T73N	2025-03-09	7	823	231341	0.003557518987122905
21811	C21811A	S	V83V	2025-03-09	8	1	232503	4.301019771787891e-06
26313	C26313T	E	F23F	2025-03-09	8	11	4468112	2.461889943671958e-06
2596	A2596G	ORF1	P777P	2025-03-09	7	24	13205874	1.817373087158033e-06
4021	C4021T	ORF1	N1252N	2025-03-09	8	5	7319894	6.830700007404479e-07
7222	T7222C	ORF1	T2319T	2025-03-09	7	3	548743	5.46704012625218e-06
9352	T9352C	ORF1	N3029N	2025-03-09	8	30	6552783	4.5782074578083844e-06
10296	C10296T	ORF1	S3344F	2025-03-09	7	5	7462447	6.700215090304828e-07
12418	T12418C	ORF1	N4051N	2025-03-09	7	35	6246088	5.603507347318834e-06
17093	C17093T	ORF1	T5610I	2025-03-09	7	4	6528293	6.127175970808909e-07
21761	G21761T	S	A67S	2025-03-09	8	1	243303	4.110101396201444e-06
22846	T22846C	S	D428D	2025-03-09	7	2	797325	2.5083874204370865e-06
3096	C3096T	ORF1	S944L	2025-03-09	1	306	1833228	0.00016691868114604403
5690	G5690A	ORF1	A1809T	2025-03-09	8	7	6035777	1.159751263176224e-06
8818	C8818T	ORF1	C2851C	2025-03-09	8	48	3474571	1.3814655104184085e-05
9286	C9286T	ORF1	N3007N	2025-03-09	8	73	1285323	5.6795062408437414e-05
9431	G9431A	ORF1	V3056I	2025-03-09	8	14	5062970	2.7651753812485556e-06
9967	C9967A	ORF1	L3234L	2025-03-09	7	91	1006657	9.03982190557459e-05
12854	C12854T	ORF1	P4197S	2025-03-09	8	4	2835635	1.4106187855630221e-06
18162	C18162T	ORF1	D5966D	2025-03-09	8	4	4773343	8.379871297746674e-07
21823	T21823A	S	N87K	2025-03-09	2	1	239841	4.1694289133217425e-06
22874	T22874C	S	S438P	2025-03-09	4	9	686338	1.311307256774359e-05
22986	C22986T	S	A475V	2025-03-09	6	274	783231	0.00034983293562180253
24579	C24579T	S	T1006I	2025-03-09	7	7	5291319	1.3229215626576285e-06
22895	G22895C, T22896C	S	V445P	2025-03-09	5	7484	903711	0.008281408547644102
18131	C18131T	ORF1	T5956I	2025-03-09	7	7	2909813	2.405652871851215e-06
21738	T21738C	S	F59S	2025-03-09	10	2872	232580	0.012348439246710809
21653	T21653C	S	S31P	2025-03-09	10	1798	1748283	0.0010284376156491826
11572	C11572T	ORF1	F3769F	2025-03-09	7	1	627893	1.5926280433131123e-06
15939	T15939C	ORF1	D5225D	2025-03-09	8	7	3481825	2.010439927336957e-06
5162	G5162T	ORF1	E1633*	2025-03-09	8	186	3212329	5.7901914778965665e-05
18034	T18034C	ORF1	L5924L	2025-03-09	7	54	3020647	1.7876964769468263e-05
25153	C25153T	S	L1197L	2025-03-09	4	1	871264	1.1477577404782018e-06
10018	A10018G	ORF1	Q3251Q	2025-03-09	8	1	1046506	9.55560694348623e-07
24376	T24376C	S	L938L	2025-03-09	8	9	440315	2.0439912335487094e-05
451	T451G	ORF1	P62P	2025-03-09	7	230	356525	0.0006451160507678284
1259	C1259T	ORF1	Q332*	2025-03-09	8	10	4726582	2.1156937507907407e-06
17010	C17010T	ORF1	I5582I	2025-03-09	7	1	5745206	1.7405816257937487e-07
424	A424G	ORF1	L53L	2025-03-09	9	1	315834	3.166220229614291e-06
4683	C4683T	ORF1	A1473V	2025-03-09	7	55	20138181	2.731130482936865e-06
17042	A17042G	ORF1	Y5593C	2025-03-09	7	14	5806962	2.41089919307204e-06
3695	C3695T	ORF1	L1144L	2025-03-09	7	1	4994907	2.0020392772077637e-07
9281	C9281T	ORF1	L3006F	2025-03-09	6	5	1285028	3.890965799967005e-06
12496	T12496C	ORF1	Y4077Y	2025-03-09	4	1	359322	2.783019130473503e-06
23638	C23638T	S	I692I	2025-03-09	10	24	17578293	1.3653202845122675e-06
593	C593T	ORF1	H110Y	2025-03-09	1	168	241460	0.0006957674148927359
5878	C5878T	ORF1	N1871N	2025-03-09	8	52	12556532	4.141270854086144e-06
11668	C11668T	ORF1	N3801N	2025-03-09	4	1	617540	1.6193283026200733e-06
11742	A11742G	ORF1	Q3826R	2025-03-09	8	3	604361	4.9639205706523084e-06
15960	C15960T	ORF1	A5232A	2025-03-09	7	9	3268008	2.7539712265086253e-06
21864	T21864C	S	I101T	2025-03-09	10	5	261174	1.914432523911262e-05
24588	C24588T	S	T1009I	2025-03-09	3	3	5146191	5.829554324742319e-07
15007	G15007A, T15009C	ORF1	D4915N	2025-03-09	10	46	2256932	2.038165084282557e-05
19068	A19068G	ORF1	Q6268Q	2025-03-09	7	37	16199257	2.2840553736507793e-06
10042	A10042G	ORF1	S3259S	2025-03-09	7	19	910914	2.0858171023828812e-05
10594	C10594T	ORF1	N3443N	2025-03-09	7	11	19004278	5.788170431941692e-07
22995	C22995T	S	T478I	2025-03-09	10	10	786008	1.2722516819167235e-05
15666	G15666C	ORF1	V5134V	2025-03-09	7	15	12448086	1.2050045284070178e-06
13170	C13170T	ORF1	T4302I	2025-03-09	7	7	10358744	6.757576015007225e-07
22796	C22796T	S	P412S	2025-03-09	8	12	9033967	1.3283201056634367e-06
21707	C21707T	S	H49Y	2025-03-09	1	1	250861	3.986271281705805e-06
21654	C21654T	S	S31F	2025-03-09	4	2	1551532	1.2890485017389265e-06
10499	G10499-10499del	ORF1	3412fs	2025-03-09	1	4	6750569	5.925426434423528e-07
5907	C5907T	ORF1	T1881I	2025-03-09	8	268	12302771	2.178371035273273e-05
21789	C21789T	S	T76I	2025-03-09	3	2	220550	9.06823849467241e-06
686	AAGTCATTT686-694del	ORF1	KSF141-143del	2025-03-09	1	28840	30203858	0.0009548449075611466
5784	C5784T	ORF1	T1840I	2025-03-09	8	16	11301248	1.4157728420790341e-06
7735	C7735T	ORF1	I2490I	2025-03-09	8	78652	1288107	0.06106014484821525
3443	G3443C	ORF1	A1060P	2025-03-09	6	1	52254	1.9137290925096642e-05
23578	TAG23578-23580del	S	AS672-673Adel	2025-03-09	1	1	3342196	2.992044751414938e-07
22930	T22930A	S	F456L	2025-03-09	2	325	890606	0.0003649200656631552
6336	C6336-6336del	ORF1	2024fs	2025-03-09	8	1	16377853	6.105806420414202e-08
18657	C18657T	ORF1	T6131T	2025-03-16	7	790373	46105766	0.017142606414998072
27810	T27810C	ORF7b	F19L	2025-03-16	4	1570966	23409146	0.06710906925011276
17334	G17334T	ORF1	T5690T	2025-03-16	7	677	8347531	8.110182519837303e-05
7113	C7113T	ORF1	T2283I	2025-03-16	2	807694	29829720	0.027076821371437614
4999	C4999T	ORF1	N1578N	2025-03-16	2	372883	17906818	0.020823520962797524
22031	T22031-22031del, 22035-insertG	S	FR157-158SG	2025-03-16	2	1239347	121893137	0.010167487936584977
22132	G22132T	S	R190S	2025-03-16	2	1045048	27763708	0.037640793513604165
22120	C22120A	S	F186L	2025-03-16	2	885149	43438183	0.020377210529270988
19722	A19722G	ORF1	K6486K	2025-03-16	4	538879	30007190	0.01795832932040621
10296	C10296T	ORF1	S3344F	2025-03-16	3	9	5623712	1.6003664483529739e-06
24872	G24872T	S	V1104L	2025-03-16	2	765942	18087559	0.04234634424689368
1954	G1954A	ORF1	Q563Q	2025-03-16	4	417109	8486369	0.04915046706076533
3565	T3565C	ORF1	G1100G	2025-03-16	4	376726	4249193	0.08865824640114017
829	C829T	ORF1	N188N	2025-03-16	10	32	41040013	7.797268485270704e-07
25925	C25925T	ORF3a	P178L	2025-03-16	7	3124	1003428	0.003113327513284461
25006	C25006T	S	F1148F	2025-03-16	2	87609	17683539	0.004954268486641729
19716	C19716T	ORF1	Y6484Y	2025-03-16	1	755151	31315085	0.024114608023577136
22599	G22599C	S	R346T	2025-03-16	4	200650	10585238	0.018955643699272516
7869	C7869T	ORF1	S2535L	2025-03-16	4	1200042	16793918	0.07145694054240351
18894	C18894T	ORF1	C6210C	2025-03-16	1	1789257	21729628	0.08234181459526137
28883	G28883C, G28884C	N	G204P	2025-03-16	2	51741	10124691	0.0051103781833934485
22895	G22895C, T22896G	S	V445R	2025-03-16	7	2239	1023145	0.002188350624789253
22926	T22926C	S	L455S	2025-03-16	4	60281	1117545	0.05394055720351306
22928	T22928C	S	F456L	2025-03-16	4	60034	739877	0.0811405138962287
7162	C7162T	ORF1	D2299D	2025-03-16	4	117	19012060	6.1539885735685664e-06
24819	A24819G	S	K1086R	2025-03-16	2	608992	13614853	0.04472997247932093
23039	C23039G	S	Q493E	2025-03-16	4	54566	796134	0.06853871333217774
21652	TTC21652-21654del	S	NS30-31Ndel	2025-03-16	7	2298	1423032	0.0016148617880694179
6255	C6255T	ORF1	A1997V	2025-03-16	4	1407409	21942439	0.06414095534229354
11727	G11727A	ORF1	R3821K	2025-03-16	4	38765	484007	0.08009181685388847
15007	G15007A	ORF1	D4915N	2025-03-16	4	1	1743321	5.736178248297359e-07
24130	C24130T	S	N856N	2025-03-16	6	77	7653097	1.0061286300173641e-05
16342	T16342C	ORF1	S5360P	2025-03-16	2	108	21625930	4.99400488210218e-06
24690	G24690T	S	C1043F	2025-03-16	5	127	3575269	3.552180269512588e-05
2949	T2949G	ORF1	I895S	2025-03-16	5	652	798083	0.0008169576347322271
3695	C3695T	ORF1	L1144L	2025-03-16	6	305334	4023268	0.07589203602643423
4364	A4364C	ORF1	I1367L	2025-03-16	2	1389	8427257	0.00016482231406969076
5690	G5690A	ORF1	A1809T	2025-03-16	7	7	5432032	1.2886522023434323e-06
14290	G14290T	ORF1	D4676Y	2025-03-16	2	1237	14111152	8.766116331253465e-05
17042	A17042G	ORF1	Y5593C	2025-03-16	7	23	5294285	4.344307116069497e-06
19524	C19524T	ORF1	L6420L	2025-03-16	3	13372	31355823	0.000426459863611298
21738	T21738C	S	F59S	2025-03-16	4	17554	238571	0.07357977289779563
22107	A22107G	S	K182R	2025-03-16	7	5154	25636699	0.0002010399232756136
25693	C25693T	ORF3a	L101F	2025-03-16	4	71	15693562	4.524148182547722e-06
26779	G26779T	M	C86F	2025-03-16	2	149	4857236	3.0675882333079965e-05
27294	C27294T	ORF6	Y31Y	2025-03-16	4	643	24734603	2.5995970099055158e-05
28291	C28291A	N	P6P	2025-03-16	2	219830	62683036	0.0035070094562745812
22792	C22792T	S	I410I	2025-03-16	7	131	7239952	1.809404261243721e-05
10594	C10594T	ORF1	N3443N	2025-03-16	4	35021	13309300	0.0026313179506059674
22108	A22108T	S	K182N	2025-03-16	7	595	21736273	2.7373598040473636e-05
27476	C27476T	ORF7a	T28I	2025-03-16	10	451	14641830	3.080216065887939e-05
23277	C23277T	S	T572I	2025-03-16	4	119161	53411820	0.002230985575851937
28727	G28727T	N	A152S	2025-03-16	2	4634	35119321	0.00013195015928696343
6533	G6533T	ORF1	V2090F	2025-03-16	5	921	7956599	0.00011575297435499766
15372	G15372T	ORF1	T5036T	2025-03-16	2	57965	9581233	0.006049847655306994
16887	C16887T	ORF1	Y5541Y	2025-03-16	2	40670	16720159	0.0024323931369312937
27944	C27944T	ORF8	H17H	2025-03-16	4	34	10963078	3.1013188084587195e-06
21627	C21627A	S	T22N	2025-03-16	7	35845	1312979	0.027300512803327397
17668	G17668T	ORF1	G5802C	2025-03-16	8	2039	46311759	4.4027694996426285e-05
15009	T15009A	ORF1	D4915E	2025-03-16	8	872	1743297	0.0005002016294412254
14964	A14964C	ORF1	K4900N	2025-03-16	4	3703	1866146	0.00198430347893466
28378	G28378T	N	A35A	2025-03-16	4	178828	50272869	0.003557147295492525
22865	G22865T	S	A435S	2025-03-16	2	84	571496	0.0001469826560465865
13270	T13270C	ORF1	D4335D	2025-03-16	2	633	8300058	7.626452730812242e-05
25324	C25324A	S	C1254*	2025-03-16	7	1337	730991	0.0018290238867509996
6501	C6501A	ORF1	P2079Q	2025-03-16	5	7403	7877356	0.0009397823330569293
16943	G16943T	ORF1	S5560I	2025-03-16	8	22668	13328934	0.0017006611331408798
7252	G7252T	ORF1	L2329F	2025-03-16	8	156	378798	0.0004118289959292288
7270	T7270G	ORF1	T2335T	2025-03-16	2	1312	410656	0.003194888178913738
7262	C7262A	ORF1	L2333I	2025-03-16	8	211	365592	0.0005771461082299394
7267	C7267A	ORF1	F2334L	2025-03-16	2	807	415515	0.001942168152774268
5162	G5162T	ORF1	E1633*	2025-03-16	8	114	1919554	5.9388795522293196e-05
7279	C7279A	ORF1	F2338L	2025-03-16	8	132	417480	0.00031618281115263007
22501	T22501C	S	Y313Y	2025-03-16	2	165	14042050	1.1750421056754534e-05
28297	T28297C	N	N8N	2025-03-16	2	102252	58814363	0.0017385549172742039
29409	C29409T	N	T379I	2025-03-16	2	236523	80808625	0.002926952413804838
3939	G3939T	ORF1	R1225I	2025-03-16	7	494	4462119	0.00011070973230431551
13297	C13297T	ORF1	D4344D	2025-03-16	8	37	6949746	5.323935579803924e-06
5907	C5907T	ORF1	T1881I	2025-03-16	8	51	8964290	5.689240307932921e-06
6188	T6188C	ORF1	Y1975H	2025-03-16	2	54	18409204	2.933315313361729e-06
17166	T17166C	ORF1	S5634S	2025-03-16	4	147	6641100	2.2134887292767765e-05
28432	C28432T	N	F53F	2025-03-16	5	158	41940520	3.7672398911601478e-06
28423	G28423A	N	A50A	2025-03-16	5	64922	37683553	0.0017228205631247139
1266	G1266T	ORF1	G334V	2025-03-16	8	208	4394358	4.7333421628369834e-05
1856	A1856G	ORF1	S531G	2025-03-16	8	48	16051461	2.9903819970032636e-06
5878	C5878T	ORF1	N1871N	2025-03-16	2	116	9073015	1.2785165680867936e-05
7255	A7255C	ORF1	A2330A	2025-03-16	8	155	379967	0.00040793016235620463
23638	C23638T	S	I692I	2025-03-16	2	67471	13700785	0.004924608334485944
2060	G2060A	ORF1	A599T	2025-03-16	4	116500	13199063	0.00882638411529667
23517	G23517T	S	G652V	2025-03-16	4	221	3357357	6.582558840182917e-05
8736	A8736T	ORF1	D2824V	2025-03-16	8	7	827651	8.457671168161459e-06
13400	T13400C	ORF1	Y4379H	2025-03-16	8	36	6093808	5.907636079115063e-06
16332	C16332T	ORF1	D5356D	2025-03-16	7	4435	22096352	0.00020071186411222994
18034	T18034C	ORF1	L5924L	2025-03-16	8	25	2064719	1.2108185181615513e-05
22796	C22796T	S	P412S	2025-03-16	7	3	7462414	4.020146831842886e-07
15666	G15666C	ORF1	V5134V	2025-03-16	10	4	8536118	4.6859708359233084e-07
15939	T15939C	ORF1	D5225D	2025-03-16	8	94	2294236	4.097224522673343e-05
16323	C16323T	ORF1	C5353C	2025-03-16	7	28	22806597	1.2277149458115124e-06
20946	C20946T	ORF1	V6894V	2025-03-16	7	29	13952039	2.078549235706695e-06
7945	C7945T	ORF1	Y2560Y	2025-03-16	8	18	18543291	9.707014790416652e-07
10301	C10301A	ORF1	Q3346K	2025-03-16	5	105	5675051	1.8502036369364785e-05
12418	T12418C	ORF1	N4051N	2025-03-16	1	32	5405219	5.920204158240397e-06
19068	A19068G	ORF1	Q6268Q	2025-03-16	8	17	16115519	1.0548838048591548e-06
25671	C25671T	ORF3a	H93H	2025-03-16	2	62	21693002	2.858064550033232e-06
4021	C4021T	ORF1	N1252N	2025-03-16	7	22	4308353	5.106359669228589e-06
4683	C4683T	ORF1	A1473V	2025-03-16	4	99	17717991	5.587540935086828e-06
8845	A8845G	ORF1	R2860R	2025-03-16	2	52	3508144	1.4822652661920378e-05
9592	C9592T	ORF1	Y3109Y	2025-03-16	8	6	5656007	1.060819054856191e-06
9866	C9866T	ORF1	L3201F	2025-03-16	5	10	8061245	1.2405031728969904e-06
10323	A10323G	ORF1	K3353R	2025-03-16	4	8833	5636178	0.0015671967776745162
14189	C14189T	ORF1	A4642V	2025-03-16	1	4993	11749866	0.000424941016348612
15960	C15960T	ORF1	A5232A	2025-03-16	8	29	2171269	1.3356244666137636e-05
18162	C18162T	ORF1	D5966D	2025-03-16	8	15	3249951	4.615454202232587e-06
21653	T21653C	S	S31P	2025-03-16	10	10	1368066	7.309588864864707e-06
22995	C22995T	S	T478I	2025-03-16	10	38	710457	5.348669940615688e-05
26313	C26313T	E	F23F	2025-03-16	2	35	3167922	1.104825181933141e-05
709	G709A	ORF1	E148E	2025-03-16	1	106	23977952	4.420727841977497e-06
2596	A2596G	ORF1	P777P	2025-03-16	2	279	7781669	3.585349106984633e-05
5239	C5239T	ORF1	Y1658Y	2025-03-16	7	454	2251198	0.00020167039949395833
6312	C6312T	ORF1	T2016I	2025-03-16	8	3411	7959532	0.00042854278367120076
6701	C6701T	ORF1	L2146F	2025-03-16	7	1	1204992	8.298810282557892e-07
8109	C8109T	ORF1	T2615I	2025-03-16	8	9	13906407	6.471837046046474e-07
9559	C9559T	ORF1	Y3098Y	2025-03-16	8	18068	5580153	0.00323790405030113
13170	C13170T	ORF1	T4302I	2025-03-16	8	3	6165254	4.865979568724987e-07
13121	A13121T	ORF1	S4286C	2025-03-16	10	858	7449731	0.0001151719437923329
13677	C13677T	ORF1	N4471N	2025-03-16	2	46	19158581	2.4010128933870416e-06
22874	T22874C	S	S438P	2025-03-16	1	9	573840	1.5683814303638644e-05
23598	A23598G, T23599G	S	N679R	2025-03-16	8	6	9295501	6.454735468265777e-07
25153	C25153T	S	L1197L	2025-03-16	3	1	693987	1.4409491820451968e-06
22930	T22930A	S	F456L	2025-03-16	4	1	642041	1.5575329301399755e-06
22893	A22893G	S	K444R	2025-03-16	4	4	826917	4.837244850450529e-06
22895	G22895C, T22896C	S	V445P	2025-03-16	10	51	1023145	4.9846307219406826e-05
15026	C15026T	ORF1	A4921V	2025-03-16	8	24	1733841	1.3842099708104722e-05
424	A424G	ORF1	L53L	2025-03-16	3	1	152374	6.56279942772389e-06
12496	T12496C	ORF1	Y4077Y	2025-03-16	6	6	181373	3.308099882562454e-05
9352	T9352C	ORF1	N3029N	2025-03-16	8	5	5773230	8.660663095009206e-07
17010	C17010T	ORF1	I5582I	2025-03-16	8	33	5232110	6.307206843892808e-06
405	A405G	ORF1	K47R	2025-03-16	6	65	6472449	1.0042566577195123e-05
24588	C24588T	S	T1009I	2025-03-16	7	6	3173654	1.8905652601071195e-06
10018	A10018G	ORF1	Q3251Q	2025-03-16	7	3	834665	3.5942563783074645e-06
3096	C3096T	ORF1	S944L	2025-03-16	6	2089	968615	0.0021566876416326403
17093	C17093T	ORF1	T5610I	2025-03-16	7	4	5346906	7.480961887117522e-07
1259	C1259T	ORF1	Q332*	2025-03-16	8	7	4515935	1.5500665975041714e-06
16600	T16600C	ORF1	L5446L	2025-03-16	4	1	365520	2.7358284088421975e-06
22846	T22846C	S	D428D	2025-03-16	6	2	702757	2.8459339430272483e-06
22986	C22986T	S	A475V	2025-03-16	10	358	779392	0.00045933240269338153
593	C593T	ORF1	H110Y	2025-03-16	4	45	129582	0.0003472704542297541
5784	C5784T	ORF1	T1840I	2025-03-16	6	22	7266069	3.027771963079349e-06
9286	C9286T	ORF1	N3007N	2025-03-16	6	1895	990840	0.0019125186710266036
10499	G10499-10499del	ORF1	3412fs	2025-03-16	4	1	5980615	1.6720688424183802e-07
17859	T17859C	ORF1	Y5865Y	2025-03-16	7	4	1962298	2.0384263756065593e-06
22994	A22994G, C22995A	S	T478E	2025-03-16	6	1	710457	1.4075447212146549e-06
22992	G22992A, C22993T	S	S477N	2025-03-16	10	359	703214	0.0005105131581566919
3763	A3763G	ORF1	V1166V	2025-03-16	6	308779	3497500	0.0882856325947105
7222	T7222C	ORF1	T2319T	2025-03-16	6	9	367615	2.4482134842158236e-05
11572	C11572T	ORF1	F3769F	2025-03-16	9	1202	470276	0.002555945870084801
12473	C12473T	ORF1	L4070L	2025-03-16	7	4	5041869	7.933565905817862e-07
12655	T12655C	ORF1	A4130A	2025-03-16	6	17	134124	0.0001267483820941815
12854	C12854T	ORF1	P4197S	2025-03-16	1	13263	2103408	0.006305481390201045
12892	G12892A	ORF1	L4209L	2025-03-16	6	5347	2144784	0.00249302493864184
21864	T21864C	S	I101T	2025-03-16	3	1	237617	4.208453098894439e-06
24579	C24579T	S	T1006I	2025-03-16	4	12	3383720	3.5463927275306467e-06
9431	G9431A	ORF1	V3056I	2025-03-16	5	14	5037031	2.7794150959166225e-06
8818	C8818T	ORF1	C2851C	2025-03-16	5	1134	3185291	0.0003560114287831159
10042	A10042G	ORF1	S3259S	2025-03-16	5	41	784349	5.2272649037609536e-05
15151	T15151C	ORF1	F4963L	2025-03-16	8	11	9636138	1.1415361631392162e-06
6543	C6543T	ORF1	T2093I	2025-03-16	3	17	7699922	2.2078145726670996e-06
7834	C7834T	ORF1	N2523N	2025-03-16	1	36	14263001	2.5240130039954426e-06
11742	A11742G	ORF1	Q3826R	2025-03-16	1	10	476160	2.1001344086021507e-05
3686	C3686T	ORF1	H1141Y	2025-03-16	6	33	4486633	7.355181491332141e-06
7735	C7735T	ORF1	I2490I	2025-03-16	5	5	1168935	4.277397802273009e-06
18131	C18131T	ORF1	T5956I	2025-03-16	7	1	1976076	5.060534109012002e-07
12616	C12616T	ORF1	D4117D	2025-03-16	4	2182	143613	0.015193610606282161
3896	G3896A	ORF1	V1211I	2025-03-16	7	4	4152896	9.631832822204072e-07
686	AAGTCATTT686-694del	ORF1	KSF141-143del	2025-03-16	10	4885	23903662	0.0002043619927356737
15738	C15738T	ORF1	F5158F	2025-03-16	7	3	2178746	1.3769388446381542e-06
3443	G3443C	ORF1	A1060P	2025-03-16	4	1	36177	2.7641871907565582e-05
24257	G24257T	S	A899S	2025-03-16	10	6	157213	3.816478281058182e-05
12924	C12924T	ORF1	P4220L	2025-03-16	8	3	2124372	1.4121820472120702e-06
11668	C11668T	ORF1	N3801N	2025-03-16	6	4	495875	8.06654902949332e-06
9281	C9281T	ORF1	L3006F	2025-03-16	10	1	976030	1.0245586713523149e-06
515	GTTATG515-520del	ORF1	VM84-85del	2025-03-16	6	108	58589	0.001843349434194132
541	C541T	ORF1	L92L	2025-03-16	10	236	58143	0.0040589580860980684
22858	C22858T	S	C432C	2025-03-16	6	197	571790	0.0003445320834572133
6336	C6336-6336del	ORF1	2024fs	2025-03-16	5	3	10457793	2.8686741074335665e-07
13852	AA13852-13853del	ORF1	4530fs	2025-03-16	1	1	12870068	7.769966716570573e-08
22031	T22031-22031del, 22035-insertG	S	FR157-158SG	2025-03-23	10	387354	98302416	0.003940432145635159
6255	C6255T	ORF1	A1997V	2025-03-23	10	723320	18962001	0.03814576320294467
3565	T3565C	ORF1	G1100G	2025-03-23	10	178729	6844417	0.026113107953533516
17334	G17334T	ORF1	T5690T	2025-03-23	10	217046	7147358	0.03036730495380251
18894	C18894T	ORF1	C6210C	2025-03-23	10	96819	11971777	0.008087270586480186
19722	A19722G	ORF1	K6486K	2025-03-23	10	73106	28175902	0.0025946285588301665
28291	C28291A	N	P6P	2025-03-23	10	209133	51095829	0.004092956393759655
829	C829T	ORF1	N188N	2025-03-23	10	17	19658395	8.647704962688968e-07
4364	A4364C	ORF1	I1367L	2025-03-23	10	823	10757602	7.650403872535906e-05
4999	C4999T	ORF1	N1578N	2025-03-23	10	452449	24809258	0.01823710326201614
7113	C7113T	ORF1	T2283I	2025-03-23	10	838258	25170077	0.03330375191144628
7869	C7869T	ORF1	S2535L	2025-03-23	7	19	17259139	1.1008660397253883e-06
19716	C19716T	ORF1	Y6484Y	2025-03-23	10	44065	25254316	0.0017448502663861495
22120	C22120A	S	F186L	2025-03-23	10	321078	30228719	0.01062162111467575
22132	G22132T	S	R190S	2025-03-23	10	343091	19257773	0.01781571524391735
28378	G28378T	N	A35A	2025-03-23	10	495	41744665	1.1857802667718138e-05
28883	G28883C, G28884C	N	G204P	2025-03-23	10	143915	11979351	0.012013589050024497
4021	C4021T	ORF1	N1252N	2025-03-23	8	3	3236355	9.269687657874368e-07
1954	G1954A	ORF1	Q563Q	2025-03-23	10	185378	7448912	0.02488658746404844
23039	C23039G	S	Q493E	2025-03-23	7	8684	911833	0.009523673742889323
25925	C25925T	ORF3a	P178L	2025-03-23	7	5146	1130413	0.004552318488906267
27810	T27810C	ORF7b	F19L	2025-03-23	10	1498798	31453344	0.047651467519637974
9352	T9352C	ORF1	N3029N	2025-03-23	10	12	5249468	2.2859459282350137e-06
11727	G11727A	ORF1	R3821K	2025-03-23	10	10582	461809	0.02291423510585545
24872	G24872T	S	V1104L	2025-03-23	10	299577	10026623	0.02987815538691342
22895	G22895C, T22896G	S	V445R	2025-03-23	10	6757	748744	0.009024446272691333
28297	T28297C	N	N8N	2025-03-23	10	64228	47765583	0.0013446501846318929
22928	T22928C	S	F456L	2025-03-23	10	10841	713067	0.015203339938603245
22926	T22926C	S	L455S	2025-03-23	10	10864	871881	0.012460416043015045
24819	A24819G	S	K1086R	2025-03-23	10	252389	8691661	0.029038063035362285
14189	C14189T	ORF1	A4642V	2025-03-23	10	132	14957523	8.824990608404881e-06
9559	C9559T	ORF1	Y3098Y	2025-03-23	7	18	4385650	4.1042946883586245e-06
18131	C18131T	ORF1	T5956I	2025-03-23	1	1353	1991127	0.000679514666819344
21652	TTC21652-21654del	S	NS30-31Ndel	2025-03-23	10	5007	1130133	0.004430451991048841
23598	A23598G, T23599G	S	N679R	2025-03-23	10	7768	6302832	0.0012324618520690382
17010	C17010T	ORF1	I5582I	2025-03-23	8	16	2653434	6.029921980346977e-06
21738	T21738C	S	F59S	2025-03-23	10	3740	221057	0.016918713273047222
21653	T21653C	S	S31P	2025-03-23	7	2789	1043593	0.002672497803262383
22108	A22108T	S	K182N	2025-03-23	10	165	17832072	9.252990903132289e-06
21627	C21627A	S	T22N	2025-03-23	10	11625	981165	0.011848160095396798
22107	A22107G	S	K182R	2025-03-23	10	100	19902007	5.024618873865334e-06
7270	T7270G	ORF1	T2335T	2025-03-23	8	1040	555383	0.0018725816238523685
22501	T22501C	S	Y313Y	2025-03-23	10	105044	14637787	0.007176221378272549
2060	G2060A	ORF1	A599T	2025-03-23	10	8597	8650229	0.0009938465212886271
3896	G3896A	ORF1	V1211I	2025-03-23	3	1	3171013	3.153566383991488e-07
25324	C25324A	S	C1254*	2025-03-23	10	180	631843	0.00028488089604537835
593	C593T	ORF1	H110Y	2025-03-23	6	83	168935	0.0004913132269807914
6501	C6501A	ORF1	P2079Q	2025-03-23	7	144	7072841	2.035956979663476e-05
1259	C1259T	ORF1	Q332*	2025-03-23	8	25	5261858	4.751173444817401e-06
1266	G1266T	ORF1	G334V	2025-03-23	8	507	4986268	0.00010167925189741105
3096	C3096T	ORF1	S944L	2025-03-23	1	7	1366257	5.123487015986012e-06
3939	G3939T	ORF1	R1225I	2025-03-23	10	2589	3103661	0.0008341761551922069
5239	C5239T	ORF1	Y1658Y	2025-03-23	7	1	1667625	5.996551982609999e-07
8845	A8845G	ORF1	R2860R	2025-03-23	7	10	2350085	4.255165238704132e-06
12892	G12892A	ORF1	L4209L	2025-03-23	3	2	1608709	1.2432329277700316e-06
14964	A14964C	ORF1	K4900N	2025-03-23	10	2089	2228251	0.0009375065914926102
15372	G15372T	ORF1	T5036T	2025-03-23	10	9926	6514289	0.0015237273016287733
15939	T15939C	ORF1	D5225D	2025-03-23	7	16	2054921	7.786187400878184e-06
25153	C25153T	S	L1197L	2025-03-23	1	1	651984	1.533779970060615e-06
26313	C26313T	E	F23F	2025-03-23	10	2	2337673	8.555516532894036e-07
541	C541T	ORF1	L92L	2025-03-23	6	1	65785	1.520103367028958e-05
1170	C1170T	ORF1	S302F	2025-03-23	8	11	9989634	1.1011414432200418e-06
3948	A3948G	ORF1	D1228G	2025-03-23	10	89	3270897	2.720966144760902e-05
8109	C8109T	ORF1	T2615I	2025-03-23	8	26	13592153	1.9128684028203627e-06
8390	A8390G	ORF1	I2709V	2025-03-23	7	39	16613534	2.3474836840855174e-06
11742	A11742G	ORF1	Q3826R	2025-03-23	7	3	462131	6.491665783078824e-06
12418	T12418C	ORF1	N4051N	2025-03-23	10	8778	5622251	0.0015612963562103507
13121	A13121T	ORF1	S4286C	2025-03-23	5	4487	4067920	0.0011030207083718461
13270	T13270C	ORF1	D4335D	2025-03-23	10	163	4115374	3.9607578800857464e-05
16332	C16332T	ORF1	D5356D	2025-03-23	8	34679	20129252	0.0017228161284880332
18034	T18034C	ORF1	L5924L	2025-03-23	8	18	1992551	9.033645813833624e-06
19068	A19068G	ORF1	Q6268Q	2025-03-23	8	10	8618650	1.1602745209516572e-06
405	A405G	ORF1	K47R	2025-03-23	8	17	5318790	3.1962156806341292e-06
424	A424G	ORF1	L53L	2025-03-23	9	1	190939	5.237274731720602e-06
683	C683T	ORF1	L140L	2025-03-23	7	10	16568374	6.035595285330956e-07
3695	C3695T	ORF1	L1144L	2025-03-23	10	7	6059082	1.1552905209072925e-06
4214	T4214C	ORF1	L1317L	2025-03-23	10	56	11296182	4.957427208591363e-06
5162	G5162T	ORF1	E1633*	2025-03-23	7	54	1644472	3.283728759139712e-05
5690	G5690A	ORF1	A1809T	2025-03-23	8	9	6957827	1.2935072976088656e-06
5907	C5907T	ORF1	T1881I	2025-03-23	7	9	7033049	1.27967258581591e-06
7162	C7162T	ORF1	D2299D	2025-03-23	7	25	18796206	1.3300556505924653e-06
7283	G7283T	ORF1	V2340L	2025-03-23	8	398	558798	0.0007122430645778976
7945	C7945T	ORF1	Y2560Y	2025-03-23	8	16	14476481	1.1052409767263191e-06
8350	T8350C	ORF1	S2695S	2025-03-23	7	84	16217158	5.17969918033727e-06
9311	G9311T	ORF1	G3016*	2025-03-23	10	103	1013414	0.00010163664603015155
10042	A10042G	ORF1	S3259S	2025-03-23	8	10	604529	1.6541803619015797e-05
10018	A10018G	ORF1	Q3251Q	2025-03-23	7	4	693963	5.763996063190689e-06
12208	G12208A	ORF1	K3981K	2025-03-23	6	12	5079557	2.3624107377867796e-06
12496	T12496C	ORF1	Y4077Y	2025-03-23	7	2	200513	9.974415623924633e-06
12655	T12655C	ORF1	A4130A	2025-03-23	7	4	134342	2.977475398609519e-05
12616	C12616T	ORF1	D4117D	2025-03-23	10	89	145726	0.0006107352154042518
13170	C13170T	ORF1	T4302I	2025-03-23	7	4	4161696	9.611466094592204e-07
15026	C15026T	ORF1	A4921V	2025-03-23	1	3	2061382	1.45533433395654e-06
15666	G15666C	ORF1	V5134V	2025-03-23	7	15	9007567	1.665266547559402e-06
15960	C15960T	ORF1	A5232A	2025-03-23	9	604	1797479	0.0003360261788872081
16323	C16323T	ORF1	C5353C	2025-03-23	10	204	20588465	9.908460878457913e-06
16600	T16600C	ORF1	L5446L	2025-03-23	7	1231	269224	0.004572400677502748
17093	C17093T	ORF1	T5610I	2025-03-23	10	2	2801550	7.138905248880085e-07
18657	C18657T	ORF1	T6131T	2025-03-23	10	31935	40084057	0.0007967007930359943
20603	C20603T	ORF1	S6780L	2025-03-23	7	1	493107	2.0279574210059884e-06
22450	C22450T	S	L296L	2025-03-23	10	7	9408709	7.43991550806811e-07
22796	C22796T	S	P412S	2025-03-23	10	5	5908687	8.462116879773798e-07
22792	C22792T	S	I410I	2025-03-23	7	84782	7034796	0.01205180647740176
22893	A22893G	S	K444R	2025-03-23	7	4	616975	6.483244864054459e-06
22994	A22994G, C22995A	S	T478E	2025-03-23	3	3	579706	5.175037001514561e-06
23517	G23517T	S	G652V	2025-03-23	10	98	3381192	2.8983861312815124e-05
24130	C24130T	S	N856N	2025-03-23	10	30	10214253	2.9370723439100246e-06
24588	C24588T	S	T1009I	2025-03-23	8	2	3594351	5.564286849002782e-07
27944	C27944T	ORF8	H17H	2025-03-23	8	6	5929916	1.0118187171622668e-06
29164	T29164C	N	D297D	2025-03-23	7	25	12063120	2.072432339228989e-06
22599	G22599C	S	R346T	2025-03-23	10	82682	8694286	0.009509924104176008
8299	C8299T	ORF1	N2678N	2025-03-23	7	24	31003318	7.74110693571572e-07
13297	C13297T	ORF1	D4344D	2025-03-23	9	5899	3934300	0.0014993772716874667
20946	C20946T	ORF1	V6894V	2025-03-23	10	6	10358340	5.792433922810025e-07
25671	C25671T	ORF3a	H93H	2025-03-23	10	27	15947858	1.6930173318573566e-06
10323	A10323G	ORF1	K3353R	2025-03-23	8	609	5966330	0.00010207279852103386
15009	T15009A	ORF1	D4915E	2025-03-23	10	3575	2074697	0.0017231431866918398
7262	C7262A	ORF1	L2333I	2025-03-23	8	877	468435	0.0018721914459850352
7267	C7267A	ORF1	F2334L	2025-03-23	8	689	644005	0.0010698674699730591
7279	C7279A	ORF1	F2338L	2025-03-23	8	624	606949	0.0010280929699200427
7252	G7252T	ORF1	L2329F	2025-03-23	8	561	509156	0.0011018234097211856
2949	T2949G	ORF1	I895S	2025-03-23	10	2239	1074471	0.0020838161290532738
14290	G14290T	ORF1	D4676Y	2025-03-23	10	22463	14461798	0.0015532646770477642
7255	A7255C	ORF1	A2330A	2025-03-23	8	384	482051	0.0007965962107743786
6533	G6533T	ORF1	V2090F	2025-03-23	7	196	6980917	2.8076540660775654e-05
17668	G17668T	ORF1	G5802C	2025-03-23	8	908	19420029	4.6755851909386956e-05
28727	G28727T	N	A152S	2025-03-23	10	1507	26735788	5.6366395484584184e-05
10301	C10301A	ORF1	Q3346K	2025-03-23	10	375	5964045	6.287678915903552e-05
24690	G24690T	S	C1043F	2025-03-23	8	144	3910564	3.6823332900318216e-05
16943	G16943T	ORF1	S5560I	2025-03-23	10	168027	12597955	0.013337640910766866
9176	G9176T	ORF1	G2971C	2025-03-23	8	8	988668	8.091695088745665e-06
9592	C9592T	ORF1	Y3109Y	2025-03-23	10	8	4631192	1.727417045114951e-06
16342	T16342C	ORF1	S5360P	2025-03-23	3	88	19874715	4.427736448044664e-06
6188	T6188C	ORF1	Y1975H	2025-03-23	10	39	14703564	2.6524181484162616e-06
25693	C25693T	ORF3a	L101F	2025-03-23	7	18	14182134	1.269202505067291e-06
28423	G28423A	N	A50A	2025-03-23	10	46	36754858	1.2515352392328655e-06
823	C823T	ORF1	V186V	2025-03-23	10	64571	23136500	0.0027908715665722994
1856	A1856G	ORF1	S531G	2025-03-23	10	67	16929538	3.957579941047417e-06
17042	A17042G	ORF1	Y5593C	2025-03-23	10	7	2749414	2.545997074285648e-06
26779	G26779T	M	C86F	2025-03-23	7	32	4313458	7.4186418414181845e-06
709	G709A	ORF1	E148E	2025-03-23	7	21	17524621	1.1983140748093781e-06
6543	C6543T	ORF1	T2093I	2025-03-23	7	5	6886029	7.261078917907549e-07
8736	A8736T	ORF1	D2824V	2025-03-23	8	16	912627	1.7531806532131966e-05
13677	C13677T	ORF1	N4471N	2025-03-23	7	52	18403411	2.8255631523960424e-06
16887	C16887T	ORF1	Y5541Y	2025-03-23	7	14	14639094	9.56343336548013e-07
27294	C27294T	ORF6	Y31Y	2025-03-23	10	32	21218684	1.5081048381699826e-06
9431	G9431A	ORF1	V3056I	2025-03-23	7	23	4284384	5.3683329972290064e-06
19524	C19524T	ORF1	L6420L	2025-03-23	7	99	27147317	3.6467692184829904e-06
28432	C28432T	N	F53F	2025-03-23	10	43	37364387	1.1508284613367268e-06
3686	C3686T	ORF1	H1141Y	2025-03-23	8	2	5680771	3.5206488696692753e-07
4809	C4809T	ORF1	S1515F	2025-03-23	8	8	24452807	3.271608040745588e-07
17166	T17166C	ORF1	S5634S	2025-03-23	10	8	2702629	2.9600807214012726e-06
27476	C27476T	ORF7a	T28I	2025-03-23	10	795	12129297	6.554378213345753e-05
29625	C29625T	ORF10	S23F	2025-03-23	7	6	36490762	1.6442517698040945e-07
2095	G2095A	ORF1	S610S	2025-03-23	10	16203	8571158	0.0018904096739320404
3763	A3763G	ORF1	V1166V	2025-03-23	8	626	4990333	0.00012544253058864008
4683	C4683T	ORF1	A1473V	2025-03-23	10	32355	9912713	0.0032639903929428805
5784	C5784T	ORF1	T1840I	2025-03-23	7	7	6148607	1.138469250026876e-06
5878	C5878T	ORF1	N1871N	2025-03-23	7	27	7752273	3.4828494816939497e-06
6312	C6312T	ORF1	T2016I	2025-03-23	7	3	7553127	3.971864897809874e-07
6701	C6701T	ORF1	L2146F	2025-03-23	1	4	945517	4.230489774377404e-06
8818	C8818T	ORF1	C2851C	2025-03-23	7	6	2255468	2.6602017851727447e-06
9286	C9286T	ORF1	N3007N	2025-03-23	7	1	1024022	9.765415196157896e-07
10594	C10594T	ORF1	N3443N	2025-03-23	7	5	10458648	4.780732653015954e-07
18162	C18162T	ORF1	D5966D	2025-03-23	8	2	3120988	6.408227138329273e-07
22865	G22865T	S	A435S	2025-03-23	7	7	555507	1.260110133625679e-05
23277	C23277T	S	T572I	2025-03-23	10	226	28940262	7.809189840783058e-06
23638	C23638T	S	I692I	2025-03-23	10	3933	10221531	0.0003847760183870694
25006	C25006T	S	F1148F	2025-03-23	10	37101	9262365	0.004005564453570983
29409	C29409T	N	T379I	2025-03-23	10	285	49962933	5.704228772958545e-06
25844	C25844T	ORF3a	T151I	2025-03-23	1	3	946026	3.1711602006710177e-06
9866	C9866T	ORF1	L3201F	2025-03-23	7	4	8636745	4.6313744356236057e-07
24257	G24257T	S	A899S	2025-03-23	10	9	121969	7.378924152858513e-05
13400	T13400C	ORF1	Y4379H	2025-03-23	10	9	3686039	2.4416453542678196e-06
21646	C21646T	S	Y28Y	2025-03-23	7	4	1057072	3.784037416561975e-06
24579	C24579T	S	T1006I	2025-03-23	10	9	3604486	2.4968885993731146e-06
15151	T15151C	ORF1	F4963L	2025-03-23	10	21	6696758	3.1358457331144412e-06
15738	C15738T	ORF1	F5158F	2025-03-23	7	2	1825936	1.0953286424058675e-06
2596	A2596G	ORF1	P777P	2025-03-23	10	20	7889598	2.534983404731141e-06
22895	G22895C, T22896C	S	V445P	2025-03-23	7	5	748744	6.6778498391973755e-06
10499	G10499-10499del	ORF1	3412fs	2025-03-23	7	1	6383997	1.5664167761983597e-07
12473	C12473T	ORF1	L4070L	2025-03-23	8	2	4661931	4.29006778521604e-07
22874	T22874C	S	S438P	2025-03-23	6	6	554233	1.082577183242427e-05
7834	C7834T	ORF1	N2523N	2025-03-23	7	5	14198282	3.5215528188551263e-07
12854	C12854T	ORF1	P4197S	2025-03-23	10	5989	1620282	0.0036962701554420774
12924	C12924T	ORF1	P4220L	2025-03-23	10	5966	1593038	0.0037450456297966526
22995	C22995T	S	T478I	2025-03-23	7	3	579706	5.175037001514561e-06
7735	C7735T	ORF1	I2490I	2025-03-23	1	8	813866	9.829627973155286e-06
10296	C10296T	ORF1	S3344F	2025-03-23	7	5	6177988	8.093249776464441e-07
22858	C22858T	S	C432C	2025-03-23	8	1	556284	1.797642930589411e-06
23021	A23021G	S	N487D	2025-03-23	9	5	818475	6.10892208069886e-06
22992	G22992A, C22993T	S	S477N	2025-03-23	8	4	591838	6.758606240221141e-06
22986	C22986T	S	A475V	2025-03-23	6	904	580786	0.0015565113484140459
10129	T10129C	ORF1	T3288T	2025-03-23	7	1	632464	1.5811176604518202e-06
17859	T17859C	ORF1	Y5865Y	2025-03-23	1	63	1946612	3.2363922548509924e-05
686	AAGTCATTT686-694del	ORF1	KSF141-143del	2025-03-23	6	4	16621553	2.406514000226092e-07
11668	C11668T	ORF1	N3801N	2025-03-23	6	2	471718	4.239821249136137e-06
9281	C9281T	ORF1	L3006F	2025-03-23	7	1	1018010	9.82308621722773e-07
7222	T7222C	ORF1	T2319T	2025-03-23	6	1	456946	2.188442398007642e-06
515	GTTATG515-520del	ORF1	VM84-85del	2025-03-23	9	12	66018	0.00018176860856130146
21864	T21864C	S	I101T	2025-03-23	2	3	242169	1.2388043060837679e-05
22846	T22846C	S	D428D	2025-03-23	7	2	566975	3.5274923938445257e-06
11572	C11572T	ORF1	F3769F	2025-03-23	10	1510	508662	0.0029685724508612794
22930	T22930A	S	F456L	2025-03-23	2	359	596218	0.0006021287515640253
6336	C6336-6336del	ORF1	2024fs	2025-03-23	9	1	8185264	1.2217076932399492e-07
3443	G3443C	ORF1	A1060P	2025-03-23	9	1	38655	2.5869874531108523e-05
24775	AG24775-24776del	S	1071fs	2025-03-23	5	926	3810972	0.00024298263015314729
7113	C7113T	ORF1	T2283I	2025-03-30	10	934223	28478807	0.032804148010834866
6255	C6255T	ORF1	A1997V	2025-03-30	5	650797	22545581	0.0288658340630033
28423	G28423A	N	A50A	2025-03-30	5	57495	34449885	0.0016689460646965874
4999	C4999T	ORF1	N1578N	2025-03-30	10	432853	25972972	0.016665516753338817
27810	T27810C	ORF7b	F19L	2025-03-30	5	1272520	22020237	0.057788660494435186
3565	T3565C	ORF1	G1100G	2025-03-30	5	142886	5311700	0.026900239094828398
24872	G24872T	S	V1104L	2025-03-30	5	654350	10226623	0.06398495378190826
25006	C25006T	S	F1148F	2025-03-30	5	122915	9040569	0.013595936273480132
4683	C4683T	ORF1	A1473V	2025-03-30	10	75079	14275704	0.005259215237301082
17334	G17334T	ORF1	T5690T	2025-03-30	7	327633	9027457	0.03629294495670265
15372	G15372T	ORF1	T5036T	2025-03-30	5	48953	6233463	0.00785325909530545
5784	C5784T	ORF1	T1840I	2025-03-30	6	5	4783177	1.0453303317021302e-06
3763	A3763G	ORF1	V1166V	2025-03-30	5	50	4245710	1.1776593314192444e-05
23277	C23277T	S	T572I	2025-03-30	5	113015	33105058	0.0034138287871297492
11727	G11727A	ORF1	R3821K	2025-03-30	5	58278	437706	0.13314416526161396
22599	G22599C	S	R346T	2025-03-30	5	124841	6118292	0.02040455081254703
21652	TTC21652-21654del	S	NS30-31Ndel	2025-03-30	5	32009	1969176	0.016255022405310647
12616	C12616T	ORF1	D4117D	2025-03-30	10	488	150848	0.0032350445481544336
16600	T16600C	ORF1	L5446L	2025-03-30	7	1	331194	3.019378370381106e-06
15009	T15009A	ORF1	D4915E	2025-03-30	10	4003	2024328	0.001977446342687549
14964	A14964C	ORF1	K4900N	2025-03-30	10	2668	2122934	0.0012567512697050404
2949	T2949G	ORF1	I895S	2025-03-30	2	830	1088585	0.0007624576858949921
4364	A4364C	ORF1	I1367L	2025-03-30	5	399	13155045	3.0330568994632856e-05
28291	C28291A	N	P6P	2025-03-30	5	630314	48034520	0.013122104686379713
6533	G6533T	ORF1	V2090F	2025-03-30	10	689	8394335	8.20791641029337e-05
28727	G28727T	N	A152S	2025-03-30	5	87004	39318062	0.002212825240470906
14290	G14290T	ORF1	D4676Y	2025-03-30	7	831	14009309	5.931770082307414e-05
6501	C6501A	ORF1	P2079Q	2025-03-30	10	599	8645818	6.928205058214271e-05
25324	C25324A	S	C1254*	2025-03-30	5	809	688938	0.0011742711245424117
21627	C21627A	S	T22N	2025-03-30	5	32212	1327007	0.02427417489131557
8350	T8350C	ORF1	S2695S	2025-03-30	10	123	16063359	7.65717805348184e-06
28378	G28378T	N	A35A	2025-03-30	5	734	39422378	1.861886667516607e-05
6188	T6188C	ORF1	Y1975H	2025-03-30	2	152	20299862	7.487735630912171e-06
18766	G18766T	ORF1	D6168Y	2025-03-30	5	765	20511631	3.7295912743360095e-05
7162	C7162T	ORF1	D2299D	2025-03-30	10	55	19796627	2.778251062668403e-06
10323	A10323G	ORF1	K3353R	2025-03-30	7	78	7796747	1.0004172252863919e-05
10301	C10301A	ORF1	Q3346K	2025-03-30	7	259	7706862	3.36064146471028e-05
1266	G1266T	ORF1	G334V	2025-03-30	5	192	2874342	6.679789670122763e-05
5162	G5162T	ORF1	E1633*	2025-03-30	5	456	2198933	0.0002073733033248398
8390	A8390G	ORF1	I2709V	2025-03-30	10	64	19140903	3.343624906306667e-06
16943	G16943T	ORF1	S5560I	2025-03-30	7	139	16226345	8.566316074260717e-06
22501	T22501C	S	Y313Y	2025-03-30	5	13671	14638658	0.0009338970826424116
3939	G3939T	ORF1	R1225I	2025-03-30	5	802	4065548	0.00019726737945290523
13270	T13270C	ORF1	D4335D	2025-03-30	5	63119	5354772	0.01178742997834455
1259	C1259T	ORF1	Q332*	2025-03-30	6	48	2887383	1.6624050221255718e-05
1856	A1856G	ORF1	S531G	2025-03-30	5	121	9649660	1.2539301902864971e-05
24819	A24819G	S	K1086R	2025-03-30	5	486029	9019994	0.05388351699568758
25492	A25492G	ORF3a	T34A	2025-03-30	10	105	15996060	6.564116413666865e-06
28297	T28297C	N	N8N	2025-03-30	5	8625	53183189	0.00016217530693768664
4214	T4214C	ORF1	L1317L	2025-03-30	5	67	13067926	5.127056887221431e-06
10507	C10507T	ORF1	N3414N	2025-03-30	7	43	8878200	4.843324097226915e-06
15573	T15573C	ORF1	D5103D	2025-03-30	7	137	8925780	1.534879864840944e-05
17166	T17166C	ORF1	S5634S	2025-03-30	10	40	3422103	1.1688718895953745e-05
20946	C20946T	ORF1	V6894V	2025-03-30	7	36	12032155	2.9919827329352056e-06
24130	C24130T	S	N856N	2025-03-30	5	207	10430493	1.984565830205725e-05
24690	G24690T	S	C1043F	2025-03-30	5	221	4348600	5.08209538702111e-05
3686	C3686T	ORF1	H1141Y	2025-03-30	8	3	5434143	5.520649714223567e-07
3948	A3948G	ORF1	D1228G	2025-03-30	10	20	4776549	4.187123381336609e-06
6543	C6543T	ORF1	T2093I	2025-03-30	10	63	8636290	7.294799039865498e-06
7945	C7945T	ORF1	Y2560Y	2025-03-30	4	28269	22622422	0.0012496009490053717
7834	C7834T	ORF1	N2523N	2025-03-30	7	22082	19815742	0.0011143665475660714
9311	G9311T	ORF1	G3016*	2025-03-30	5	78	1478745	5.2747431098668124e-05
16887	C16887T	ORF1	Y5541Y	2025-03-30	7	60	16084392	3.7303244039314637e-06
18034	T18034C	ORF1	L5924L	2025-03-30	8	6	2391635	2.5087440182134815e-06
23517	G23517T	S	G652V	2025-03-30	5	216	3213456	6.72173510388815e-05
24615	T24615C	S	I1018T	2025-03-30	5	337	4449024	7.574695034236722e-05
27476	C27476T	ORF7a	T28I	2025-03-30	5	14282	14102614	0.0010127200531759573
27944	C27944T	ORF8	H17H	2025-03-30	8	7	6292662	1.1124068001745526e-06
28432	C28432T	N	F53F	2025-03-30	5	210	39556216	5.308900123308054e-06
29409	C29409T	N	T379I	2025-03-30	5	27514	51597400	0.0005332439231434142
4809	C4809T	ORF1	S1515F	2025-03-30	10	25	26927381	9.284230055644847e-07
8109	C8109T	ORF1	T2615I	2025-03-30	4	53	20011181	2.6485193452600322e-06
7869	C7869T	ORF1	S2535L	2025-03-30	7	45	27073310	1.6621536118043934e-06
8299	C8299T	ORF1	N2678N	2025-03-30	10	29	30599254	9.477355232255009e-07
10042	A10042G	ORF1	S3259S	2025-03-30	10	787	762343	0.0010323437088029929
12418	T12418C	ORF1	N4051N	2025-03-30	10	47	7648985	6.144606114406029e-06
14189	C14189T	ORF1	A4642V	2025-03-30	7	40	14009943	2.8551151136018183e-06
15939	T15939C	ORF1	D5225D	2025-03-30	5	134	1784893	7.507452827704518e-05
17042	A17042G	ORF1	Y5593C	2025-03-30	10	27	3551423	7.602586343558624e-06
17093	C17093T	ORF1	T5610I	2025-03-30	7	1	3607409	2.772072698160924e-07
24579	C24579T	S	T1006I	2025-03-30	1	29	4204024	6.898152817395905e-06
27294	C27294T	ORF6	Y31Y	2025-03-30	5	180	26525058	6.7860360569239845e-06
29164	T29164C	N	D297D	2025-03-30	5	116	11205129	1.0352402011614502e-05
405	A405G	ORF1	K47R	2025-03-30	10	8609	5498866	0.0015655955246045275
823	C823T	ORF1	V186V	2025-03-30	5	116	46487318	2.4953042031807473e-06
3695	C3695T	ORF1	L1144L	2025-03-30	4	2	6970629	2.869181532972132e-07
4021	C4021T	ORF1	N1252N	2025-03-30	7	13	4466575	2.9105074917582263e-06
5907	C5907T	ORF1	T1881I	2025-03-30	10	5	4822908	1.036718925594268e-06
6312	C6312T	ORF1	T2016I	2025-03-30	10	48	8384758	5.724673270236303e-06
8736	A8736T	ORF1	D2824V	2025-03-30	7	46	1314270	3.500041848326447e-05
8845	A8845G	ORF1	R2860R	2025-03-30	8	1	2640297	3.7874526994500995e-07
9176	G9176T	ORF1	G2971C	2025-03-30	7	52	1437556	3.617250388854417e-05
9559	C9559T	ORF1	Y3098Y	2025-03-30	4	27	4450015	6.067395278442882e-06
9592	C9592T	ORF1	Y3109Y	2025-03-30	7	14501	4545968	0.003189859673451287
10018	A10018G	ORF1	Q3251Q	2025-03-30	7	5	833707	5.997310805834664e-06
12208	G12208A	ORF1	K3981K	2025-03-30	8	342	6925138	4.9385297448224135e-05
13170	C13170T	ORF1	T4302I	2025-03-30	10	8	4372624	1.8295650392075787e-06
13121	A13121T	ORF1	S4286C	2025-03-30	7	8898	4300905	0.002068866901268454
13400	T13400C	ORF1	Y4379H	2025-03-30	5	26	4295106	6.053401243182357e-06
15026	C15026T	ORF1	A4921V	2025-03-30	10	12	2005789	5.982683123698455e-06
15451	G15451A	ORF1	G5063S	2025-03-30	5	37	8285040	4.465880671668453e-06
18894	C18894T	ORF1	C6210C	2025-03-30	5	1158345	18672728	0.062034053085333864
19326	A19326G	ORF1	P6354P	2025-03-30	4	47	2979196	1.5776068442626803e-05
21738	T21738C	S	F59S	2025-03-30	7	120	387225	0.00030989734650397054
21811	C21811A	S	V83V	2025-03-30	4	5	373535	1.3385626514249e-05
21775	T21775C	S	S71S	2025-03-30	7	26	369710	7.032539017067431e-05
25671	C25671T	ORF3a	H93H	2025-03-30	10	21	21524188	9.756465609759587e-07
22132	G22132T	S	R190S	2025-03-30	5	426965	18185264	0.02347862533092728
22120	C22120A	S	F186L	2025-03-30	5	248544	30631226	0.008114072874523533
22031	T22031-22031del, 22035-insertG	S	FR157-158SG	2025-03-30	5	1041163	110898061	0.009388468929136641
19716	C19716T	ORF1	Y6484Y	2025-03-30	5	731614	31555093	0.023185290564664156
1954	G1954A	ORF1	Q563Q	2025-03-30	7	239525	9053476	0.026456689121393817
28883	G28883C, G28884C	N	G204P	2025-03-30	5	192735	10950360	0.017600791206864433
16332	C16332T	ORF1	D5356D	2025-03-30	4	217407	22060204	0.00985516725049324
2060	G2060A	ORF1	A599T	2025-03-30	5	212796	13135493	0.016200077149749918
9352	T9352C	ORF1	N3029N	2025-03-30	1	86	5765388	1.4916602317138066e-05
12892	G12892A	ORF1	L4209L	2025-03-30	7	9	2418934	3.72064719417727e-06
25925	C25925T	ORF3a	P178L	2025-03-30	10	36589	1423916	0.0256960382494473
22926	T22926C	S	L455S	2025-03-30	5	112167	768093	0.146033097554593
22928	T22928C	S	F456L	2025-03-30	5	107601	622147	0.17295108712249677
23039	C23039G	S	Q493E	2025-03-30	5	191779	1138578	0.16843729634684668
17668	G17668T	ORF1	G5802C	2025-03-30	5	4834	24387827	0.00019821364158438553
7270	T7270G	ORF1	T2335T	2025-03-30	10	1435	648588	0.0022124985352797153
7267	C7267A	ORF1	F2334L	2025-03-30	10	761	702604	0.0010831136742745558
7262	C7262A	ORF1	L2333I	2025-03-30	10	987	541443	0.0018229065663421635
7279	C7279A	ORF1	F2338L	2025-03-30	10	614	620115	0.0009901389258443998
7255	A7255C	ORF1	A2330A	2025-03-30	10	391	541151	0.0007225340062200754
7252	G7252T	ORF1	L2329F	2025-03-30	10	525	531178	0.000988369247220329
7283	G7283T	ORF1	V2340L	2025-03-30	10	493	608652	0.0008099866590432628
5690	G5690A	ORF1	A1809T	2025-03-30	8	7	7918551	8.840001156777294e-07
12854	C12854T	ORF1	P4197S	2025-03-30	7	7	2449643	2.8575592443470336e-06
22108	A22108T	S	K182N	2025-03-30	5	170388	16759622	0.010166577742624505
16342	T16342C	ORF1	S5360P	2025-03-30	5	292	21277679	1.372330130556063e-05
5878	C5878T	ORF1	N1871N	2025-03-30	10	21638	4826241	0.004483406444062781
19068	A19068G	ORF1	Q6268Q	2025-03-30	5	645132	11570447	0.05575687784577381
19722	A19722G	ORF1	K6486K	2025-03-30	5	91131	32989265	0.0027624440859776657
29625	C29625T	ORF10	S23F	2025-03-30	5	156204	43180265	0.0036174859047298576
22107	A22107G	S	K182R	2025-03-30	7	77	18401611	4.1844162448603e-06
22112	G22112A	S	G184S	2025-03-30	7	32	17961697	1.7815688573301286e-06
829	C829T	ORF1	N188N	2025-03-30	5	371156	38307531	0.009688852043218343
2095	G2095A	ORF1	S610S	2025-03-30	4	55	12628086	4.355371035642297e-06
8818	C8818T	ORF1	C2851C	2025-03-30	10	6	2555579	2.3478045484017517e-06
15666	G15666C	ORF1	V5134V	2025-03-30	8	3	7933127	3.781610958705186e-07
15960	C15960T	ORF1	A5232A	2025-03-30	7	5	1651691	3.027200608346234e-06
18657	C18657T	ORF1	T6131T	2025-03-30	5	694328	28583628	0.024291108182628182
686	AAGTCATTT686-694del	ORF1	KSF141-143del	2025-03-30	6	39097	23851069	0.0016392137392248541
13677	C13677T	ORF1	N4471N	2025-03-30	7	66	20596384	3.2044459843048176e-06
16323	C16323T	ORF1	C5353C	2025-03-30	7	46	22738863	2.0229683427882917e-06
18162	C18162T	ORF1	D5966D	2025-03-30	7	28	3490955	8.02072785240715e-06
22450	C22450T	S	L296L	2025-03-30	7	22	10000055	2.1999879000665495e-06
25844	C25844T	ORF3a	T151I	2025-03-30	4	1	1071490	9.332798252900167e-07
22865	G22865T	S	A435S	2025-03-30	7	1622	478395	0.003390503663290795
22895	G22895C, T22896C	S	V445P	2025-03-30	10	3301	828864	0.003982559261833063
22986	C22986T	S	A475V	2025-03-30	4	89	561401	0.00015853195843968927
22895	G22895C, T22896G	S	V445R	2025-03-30	5	62696	828864	0.07564087715234345
23598	A23598G, T23599G	S	N679R	2025-03-30	7	604	5339599	0.00011311710860684483
21780	C21780A	S	T73N	2025-03-30	4	6	370826	1.6180095246827353e-05
22994	A22994G, C22995A	S	T478E	2025-03-30	7	649	555400	0.0011685271876125316
22995	C22995T	S	T478I	2025-03-30	4	8	555400	1.4404033129276198e-05
21646	C21646T	S	Y28Y	2025-03-30	4	20	1784404	1.1208224146549772e-05
21864	T21864C	S	I101T	2025-03-30	4	1	298186	3.353611504228904e-06
21823	T21823A	S	N87K	2025-03-30	7	5	377324	1.3251211160700088e-05
22858	C22858T	S	C432C	2025-03-30	6	6248	479797	0.013022173961071037
21653	T21653C	S	S31P	2025-03-30	4	6330	1756592	0.003603568728537987
22792	C22792T	S	I410I	2025-03-30	4	41243	5050835	0.00816558054262315
5239	C5239T	ORF1	Y1658Y	2025-03-30	4	11261	2645783	0.004256206952724392
22893	A22893G	S	K444R	2025-03-30	4	90	596462	0.00015088974653875686
709	G709A	ORF1	E148E	2025-03-30	6	54	24550225	2.1995725090095916e-06
22992	G22992A, C22993T	S	S477N	2025-03-30	4	86	555460	0.00015482663018039102
19524	C19524T	ORF1	L6420L	2025-03-30	5	44976	37301300	0.0012057488612997403
23021	A23021G	S	N487D	2025-03-30	4	1	941734	1.0618709741816692e-06
25693	C25693T	ORF3a	L101F	2025-03-30	5	51	17330728	2.9427500102707746e-06
26779	G26779T	M	C86F	2025-03-30	5	183	6095001	3.0024605410237014e-05
683	C683T	ORF1	L140L	2025-03-30	6	29	23661524	1.2256184343831784e-06
17010	C17010T	ORF1	I5582I	2025-03-30	7	1	3309925	3.021216492820834e-07
9431	G9431A	ORF1	V3056I	2025-03-30	5	14	4703918	2.9762423579662742e-06
7735	C7735T	ORF1	I2490I	2025-03-30	6	4	995487	4.0181338380109435e-06
21707	C21707T	S	H49Y	2025-03-30	4	1	448655	2.228884109170744e-06
2596	A2596G	ORF1	P777P	2025-03-30	5	148	8976664	1.6487193906333132e-05
15151	T15151C	ORF1	F4963L	2025-03-30	3	59	6487225	9.094797852702813e-06
1170	C1170T	ORF1	S302F	2025-03-30	8	4	3065103	1.3050132409905963e-06
23638	C23638T	S	I692I	2025-03-30	10	231787	10146885	0.022843168124995997
9866	C9866T	ORF1	L3201F	2025-03-30	7	14	12020330	1.1646934817929292e-06
13297	C13297T	ORF1	D4344D	2025-03-30	10	3	4522812	6.633041567944898e-07
7222	T7222C	ORF1	T2319T	2025-03-30	6	13	527904	2.4625689519306542e-05
12924	C12924T	ORF1	P4220L	2025-03-30	7	1	2437089	4.1032559746484433e-07
21789	C21789T	S	T76I	2025-03-30	9	1	351083	2.8483293124417873e-06
424	A424G	ORF1	L53L	2025-03-30	10	8	238383	3.355944006074259e-05
12473	C12473T	ORF1	L4070L	2025-03-30	7	8	5674744	1.409755224200422e-06
26313	C26313T	E	F23F	2025-03-30	8	13	3032454	4.2869570321594325e-06
21639	C21639T	S	P26L	2025-03-30	4	3	1429353	2.098851718224959e-06
11742	A11742G	ORF1	Q3826R	2025-03-30	7	6	437958	1.3699943830230295e-05
6701	C6701T	ORF1	L2146F	2025-03-30	3	1	1106224	9.039760482506256e-07
515	GTTATG515-520del	ORF1	VM84-85del	2025-03-30	8	13	78570	0.00016545755377370496
15738	C15738T	ORF1	F5158F	2025-03-30	7	2438	1619871	0.0015050581188255114
24257	G24257T	S	A899S	2025-03-30	8	4	141645	2.8239613117300292e-05
22796	C22796T	S	P412S	2025-03-30	6	19	4890528	3.885061081339275e-06
17859	T17859C	ORF1	Y5865Y	2025-03-30	7	17	2288496	7.428459564709748e-06
593	C593T	ORF1	H110Y	2025-03-30	6	57	229226	0.00024866289164405435
20603	C20603T	ORF1	S6780L	2025-03-30	7	2	625746	3.196185033543962e-06
18131	C18131T	ORF1	T5956I	2025-03-30	7	4	2304297	1.7358873443831242e-06
3096	C3096T	ORF1	S944L	2025-03-30	9	6212	1464368	0.004242103077914841
451	T451G	ORF1	P62P	2025-03-30	5	54	288396	0.00018724254150543002
22846	T22846C	S	D428D	2025-03-30	7	1	557539	1.7935965017693829e-06
10129	T10129C	ORF1	T3288T	2025-03-30	10	5	859837	5.81505564426746e-06
24588	C24588T	S	T1009I	2025-03-30	6	2	4130887	4.841575187120829e-07
9286	C9286T	ORF1	N3007N	2025-03-30	7	4	1476777	2.7086012309238294e-06
21770	G21770A	S	V70I	2025-03-30	9	2	345049	5.796278209761512e-06
6720	C6720T	ORF1	T2152I	2025-03-30	8	26	1064830	2.4417043096081066e-05
10499	G10499-10499del	ORF1	3412fs	2025-03-30	4	2	8020328	2.493663600790392e-07
22874	T22874C	S	S438P	2025-03-30	8	1	473937	2.1099850824054675e-06
22930	T22930A	S	F456L	2025-03-30	10	137	565064	0.0002424504126966149
11572	C11572T	ORF1	F3769F	2025-03-30	6	633	468731	0.0013504547384320645
11668	C11668T	ORF1	N3801N	2025-03-30	9	1	457254	2.186968293333683e-06
541	C541T	ORF1	L92L	2025-03-30	9	36	73912	0.0004870656997510553
25153	C25153T	S	L1197L	2025-03-30	8	1	727960	1.373701851750096e-06
12496	T12496C	ORF1	Y4077Y	2025-03-30	10	1	233406	4.284380007369134e-06
9281	C9281T	ORF1	L3006F	2025-03-30	8	3	1482349	2.0238149045872465e-06
21768	A21768-21768del	S	69fs	2025-03-30	2	2	361848	5.5271826844420865e-06
21642	C21642A	S	A27E	2025-03-30	2	1	1664643	6.007294056443334e-07
3443	G3443C	ORF1	A1060P	2025-03-30	2	1	58207	1.7180064253440308e-05
21617	ACA21617-21619del	S	T19del	2025-03-30	4	3	1453939	2.0633602922818633e-06
19441	CT19441-19442del	ORF1	6393fs	2025-03-30	3	727	2764569	0.00026297046664416765
13852	AA13852-13853del	ORF1	4530fs	2025-03-30	2	1	8422116	1.1873500673702428e-07
27810	T27810C	ORF7b	F19L	2025-04-06	7	445076	44170724	0.010076266805135455
4999	C4999T	ORF1	N1578N	2025-04-06	7	50050	39144335	0.0012786013608354822
22031	T22031-22031del, 22035-insertG	S	FR157-158SG	2025-04-06	7	1219816	258960309	0.004710436146413465
7113	C7113T	ORF1	T2283I	2025-04-06	7	36336	35643058	0.0010194411489609
6255	C6255T	ORF1	A1997V	2025-04-06	7	50165	32049096	0.0015652547578877108
18894	C18894T	ORF1	C6210C	2025-04-06	7	237731	18478194	0.012865488910875165
19722	A19722G	ORF1	K6486K	2025-04-06	7	37	39344323	9.404152156843568e-07
19716	C19716T	ORF1	Y6484Y	2025-04-06	7	11	36418952	3.0204054196836854e-07
25671	C25671T	ORF3a	H93H	2025-04-06	7	34	28429942	1.1959222428241324e-06
28423	G28423A	N	A50A	2025-04-06	5	197	48717935	4.04368534914298e-06
23933	A23933G	S	T791A	2025-04-06	3	158	11989746	1.3177927205463735e-05
16332	C16332T	ORF1	D5356D	2025-04-06	7	20	38213202	5.233793284320952e-07
22120	C22120A	S	F186L	2025-04-06	7	556637	69664689	0.007990231607866648
22132	G22132T	S	R190S	2025-04-06	7	615471	48655566	0.012649549693862363
28297	T28297C	N	N8N	2025-04-06	5	41837	126539391	0.00033062431918927127
2060	G2060A	ORF1	A599T	2025-04-06	3	38075	21902265	0.0017384046809770588
9559	C9559T	ORF1	Y3098Y	2025-04-06	8	1	5332569	1.8752687494526558e-07
24872	G24872T	S	V1104L	2025-04-06	7	158754	17589460	0.009025518691307181
22599	G22599C	S	R346T	2025-04-06	5	373052	9690542	0.038496505149041196
15372	G15372T	ORF1	T5036T	2025-04-06	7	6	9240959	6.492832616181936e-07
17334	G17334T	ORF1	T5690T	2025-04-06	7	221565	11512845	0.01924502588196054
21652	TTC21652-21654del	S	NS30-31Ndel	2025-04-06	7	75271	1777565	0.04234500566786587
12892	G12892A	ORF1	L4209L	2025-04-06	3	36799	2474692	0.014870133333764364
3565	T3565C	ORF1	G1100G	2025-04-06	7	122494	9029689	0.01356569423376597
22895	G22895C, T22896G	S	V445R	2025-04-06	5	43259	1693145	0.025549495170230547
22926	T22926C	S	L455S	2025-04-06	5	85515	1719968	0.0497189482595025
22928	T22928C	S	F456L	2025-04-06	5	83830	1254143	0.06684245735932824
23039	C23039G	S	Q493E	2025-04-06	5	105957	1793537	0.05907711968027423
11727	G11727A	ORF1	R3821K	2025-04-06	7	16391	694093	0.023614991074683074
14964	A14964C	ORF1	K4900N	2025-04-06	7	89	3716797	2.3945348642930998e-05
15009	T15009A	ORF1	D4915E	2025-04-06	8	744	3084217	0.00024122816260982934
17668	G17668T	ORF1	G5802C	2025-04-06	7	26	38330332	6.783139786005506e-07
12616	C12616T	ORF1	D4117D	2025-04-06	6	1498	177977	0.00841681790343696
7270	T7270G	ORF1	T2335T	2025-04-06	6	1241	555216	0.00223516613354082
22108	A22108T	S	K182N	2025-04-06	7	2076	44215195	4.6952184650548304e-05
28291	C28291A	N	P6P	2025-04-06	5	580123	78387419	0.007400715668416127
14290	G14290T	ORF1	D4676Y	2025-04-06	7	35	22412416	1.561634408356511e-06
7262	C7262A	ORF1	L2333I	2025-04-06	8	148	451779	0.00032759380139404443
7255	A7255C	ORF1	A2330A	2025-04-06	2	64	425706	0.00015033849652107322
7283	G7283T	ORF1	V2340L	2025-04-06	8	55	524625	0.00010483678818203479
7267	C7267A	ORF1	F2334L	2025-04-06	6	549	548899	0.0010001840047076055
7279	C7279A	ORF1	F2338L	2025-04-06	8	87	637202	0.00013653441137975085
29081	G29081T	N	V270L	2025-04-06	5	862	25415728	3.391600665540645e-05
25324	C25324A	S	C1254*	2025-04-06	8	164	1242146	0.0001320295681828062
18766	G18766T	ORF1	D6168Y	2025-04-06	5	373	20593188	1.8112785645427992e-05
2949	T2949G	ORF1	I895S	2025-04-06	8	526	2039294	0.0002579324020960195
28727	G28727T	N	A152S	2025-04-06	5	3247	55352097	5.86608308624694e-05
24690	G24690T	S	C1043F	2025-04-06	7	29	8165049	3.5517239394399226e-06
7252	G7252T	ORF1	L2329F	2025-04-06	8	80	449050	0.00017815388041420778
3939	G3939T	ORF1	R1225I	2025-04-06	7	109	5316441	2.0502437626976393e-05
18657	C18657T	ORF1	T6131T	2025-04-06	7	17	36736769	4.6275163719487686e-07
28378	G28378T	N	A35A	2025-04-06	5	519	70160314	7.39734431633245e-06
16342	T16342C	ORF1	S5360P	2025-04-06	7	48	34828280	1.3781903671384288e-06
22107	A22107G	S	K182R	2025-04-06	7	58916	34911367	0.001687587885057609
24615	T24615C	S	I1018T	2025-04-06	7	19	7311309	2.5987138554805986e-06
26779	G26779T	M	C86F	2025-04-06	7	86	11268023	7.63221729313119e-06
28432	C28432T	N	F53F	2025-04-06	5	229	56161287	4.077541883967153e-06
23517	G23517T	S	G652V	2025-04-06	8	127	3930575	3.23107942222194e-05
823	C823T	ORF1	V186V	2025-04-06	7	55	42315363	1.2997643432717332e-06
24130	C24130T	S	N856N	2025-04-06	3	750	11179223	6.708874131949958e-05
10301	C10301A	ORF1	Q3346K	2025-04-06	7	6	8816163	6.805681791500452e-07
10323	A10323G	ORF1	K3353R	2025-04-06	5	286	8821292	3.2421554574998764e-05
15573	T15573C	ORF1	D5103D	2025-04-06	8	84	16058796	5.23077819781757e-06
25492	A25492G	ORF3a	T34A	2025-04-06	7	156	17132234	9.105642614967785e-06
18749	A18749C	ORF1	Y6162S	2025-04-06	5	101	25485774	3.962995198811698e-06
27294	C27294T	ORF6	Y31Y	2025-04-06	7	34	30407302	1.1181524753495066e-06
829	C829T	ORF1	N188N	2025-04-06	7	20	39392974	5.077047495830094e-07
24579	C24579T	S	T1006I	2025-04-06	7	4	8005595	4.996505568917738e-07
6188	T6188C	ORF1	Y1975H	2025-04-06	7	1	26693400	3.746244389999026e-08
8299	C8299T	ORF1	N2678N	2025-04-06	5	33806	55168623	0.000612775852679883
8845	A8845G	ORF1	R2860R	2025-04-06	5	380	3981327	9.544556375298989e-05
24819	A24819G	S	K1086R	2025-04-06	7	159100	13411499	0.011862954320020455
29164	T29164C	N	D297D	2025-04-06	5	178	22130853	8.043070007288016e-06
8350	T8350C	ORF1	S2695S	2025-04-06	8	19	19560012	9.713695472170468e-07
17166	T17166C	ORF1	S5634S	2025-04-06	7	2	4954910	4.036400257522336e-07
7869	C7869T	ORF1	S2535L	2025-04-06	5	55290	43481957	0.0012715619032510428
7945	C7945T	ORF1	Y2560Y	2025-04-06	5	115	28328090	4.059574789546348e-06
19524	C19524T	ORF1	L6420L	2025-04-06	7	15	41957364	3.5750577657833796e-07
17042	A17042G	ORF1	Y5593C	2025-04-06	5	283	4833113	5.8554393410623755e-05
22501	T22501C	S	Y313Y	2025-04-06	5	404	18787840	2.1503270200299767e-05
22112	G22112A	S	G184S	2025-04-06	7	107	38454871	2.7824823544460727e-06
8390	A8390G	ORF1	I2709V	2025-04-06	5	164	28504646	5.753448051942129e-06
15151	T15151C	ORF1	F4963L	2025-04-06	7	3	9322280	3.218096860424703e-07
25693	C25693T	ORF3a	L101F	2025-04-06	7	45	19280610	2.3339510523785296e-06
1266	G1266T	ORF1	G334V	2025-04-06	8	57	3643611	1.5643821472709354e-05
4809	C4809T	ORF1	S1515F	2025-04-06	7	35	39443324	8.873491493769642e-07
6720	C6720T	ORF1	T2152I	2025-04-06	5	24	1536795	1.5616917025367728e-05
15451	G15451A	ORF1	G5063S	2025-04-06	7	4	12772435	3.13174426019784e-07
29409	C29409T	N	T379I	2025-04-06	7	30	72467476	4.139788172006984e-07
16943	G16943T	ORF1	S5560I	2025-04-06	7	65	29403653	2.2106096817290014e-06
19068	A19068G	ORF1	Q6268Q	2025-04-06	8	20	10827349	1.8471742251958443e-06
5162	G5162T	ORF1	E1633*	2025-04-06	8	57	2708331	2.1046171978240474e-05
15939	T15939C	ORF1	D5225D	2025-04-06	8	32	1646981	1.9429489471948978e-05
7297	T7297A	ORF1	A2344A	2025-04-06	8	6	538100	1.1150343802267237e-05
5690	G5690A	ORF1	A1809T	2025-04-06	7	7	9974755	7.017716224609026e-07
12854	C12854T	ORF1	P4197S	2025-04-06	10	3	2262384	1.3260348375872532e-06
1170	C1170T	ORF1	S302F	2025-04-06	7	3	4412292	6.799187361126599e-07
9431	G9431A	ORF1	V3056I	2025-04-06	7	1	5280292	1.8938346591438503e-07
16887	C16887T	ORF1	Y5541Y	2025-04-06	7	25	33927300	7.368697184862928e-07
1856	A1856G	ORF1	S531G	2025-04-06	8	1056804	11540461	0.09157381147945476
405	A405G	ORF1	K47R	2025-04-06	7	15	5654128	2.6529289750780314e-06
683	C683T	ORF1	L140L	2025-04-06	7	19	20955403	9.066874065843544e-07
23277	C23277T	S	T572I	2025-04-06	5	272766	47210598	0.00577764340117022
13677	C13677T	ORF1	N4471N	2025-04-06	3	53	37386561	1.4176216956675956e-06
26313	C26313T	E	F23F	2025-04-06	7	9	4102263	2.1939110193568767e-06
25006	C25006T	S	F1148F	2025-04-06	7	11	18528343	5.936850370267864e-07
19326	A19326G	ORF1	P6354P	2025-04-06	7	4	4069223	9.829886442694342e-07
3948	A3948G	ORF1	D1228G	2025-04-06	8	43	6192071	6.944364817522279e-06
2596	A2596G	ORF1	P777P	2025-04-06	8	20	8668531	2.3071959943386025e-06
8736	A8736T	ORF1	D2824V	2025-04-06	8	73	1471386	4.961308589316468e-05
7162	C7162T	ORF1	D2299D	2025-04-06	7	2	22280924	8.976288416045942e-08
8818	C8818T	ORF1	C2851C	2025-04-06	5	865	3533016	0.0002448333095576131
22792	C22792T	S	I410I	2025-04-06	7	19611	7982731	0.0024566780466484463
3763	A3763G	ORF1	V1166V	2025-04-06	3	40	5878400	6.804572672836146e-06
23598	A23598G, T23599G	S	N679R	2025-04-06	5	39852	8696013	0.004582789837135708
13270	T13270C	ORF1	D4335D	2025-04-06	7	13	10561926	1.2308361183367503e-06
9592	C9592T	ORF1	Y3109Y	2025-04-06	8	9	6158356	1.4614289917633862e-06
16600	T16600C	ORF1	L5446L	2025-04-06	6	16	377598	4.237310578975524e-05
4683	C4683T	ORF1	A1473V	2025-04-06	7	14	14716778	9.512951815947757e-07
22995	C22995T	S	T478I	2025-04-06	7	1	1041743	9.599296563547824e-07
15026	C15026T	ORF1	A4921V	2025-04-06	7	1	3076325	3.250631841564204e-07
29625	C29625T	ORF10	S23F	2025-04-06	5	63	49146202	1.2818894937191687e-06
10507	C10507T	ORF1	N3414N	2025-04-06	3	34	9919047	3.4277486536761042e-06
27476	C27476T	ORF7a	T28I	2025-04-06	7	19	15931308	1.1926202167455428e-06
7222	T7222C	ORF1	T2319T	2025-04-06	3	30977	424993	0.07288825933603613
16323	C16323T	ORF1	C5353C	2025-04-06	7	4	39072289	1.0237434515290363e-07
21627	C21627A	S	T22N	2025-04-06	7	1974	1235530	0.0015976949163516872
28883	G28883C, G28884C	N	G204P	2025-04-06	5	295968	18491203	0.016005881283116086
22865	G22865T	S	A435S	2025-04-06	7	9	958360	9.39104303184607e-06
1954	G1954A	ORF1	Q563Q	2025-04-06	7	19344	12998861	0.0014881303831158746
4364	A4364C	ORF1	I1367L	2025-04-06	7	34	15453696	2.2001209289997682e-06
6533	G6533T	ORF1	V2090F	2025-04-06	7	50	13835184	3.613974342516876e-06
13297	C13297T	ORF1	D4344D	2025-04-06	1	27	7129480	3.7870924667717704e-06
4214	T4214C	ORF1	L1317L	2025-04-06	7	5	21116101	2.3678613774389505e-07
6501	C6501A	ORF1	P2079Q	2025-04-06	7	34	13960001	2.435529911494992e-06
6543	C6543T	ORF1	T2093I	2025-04-06	7	7	14849585	4.7139364500758775e-07
3695	C3695T	ORF1	L1144L	2025-04-06	8	4	16018838	2.497060023954297e-07
9866	C9866T	ORF1	L3201F	2025-04-06	5	186395	14544823	0.012815212670515138
23638	C23638T	S	I692I	2025-04-06	5	439332	16954660	0.025912168100097555
22796	C22796T	S	P412S	2025-04-06	8	24	7983146	3.0063335932976797e-06
14189	C14189T	ORF1	A4642V	2025-04-06	7	2	21673223	9.227976844975942e-08
6312	C6312T	ORF1	T2016I	2025-04-06	7	4	15653282	2.555374649226916e-07
9311	G9311T	ORF1	G3016*	2025-04-06	5	153	1824212	8.387183068634566e-05
8109	C8109T	ORF1	T2615I	2025-04-06	5	59	23240938	2.5386238713773083e-06
13400	T13400C	ORF1	Y4379H	2025-04-06	8	12	6544862	1.8334993159519634e-06
12924	C12924T	ORF1	P4220L	2025-04-06	10	1	2580433	3.8753185996303723e-07
13121	A13121T	ORF1	S4286C	2025-04-06	1	1006	7132630	0.0001410419438552119
12418	T12418C	ORF1	N4051N	2025-04-06	7	11	6074097	1.8109687744532233e-06
27944	C27944T	ORF8	H17H	2025-04-06	5	27	7234803	3.731960635279219e-06
23021	A23021G	S	N487D	2025-04-06	9	54	1386764	3.8939574433717635e-05
709	G709A	ORF1	E148E	2025-04-06	7	16	21473374	7.45108803115896e-07
2095	G2095A	ORF1	S610S	2025-04-06	10	59	23318447	2.5301856508711753e-06
6541	C6541T	ORF1	H2092H	2025-04-06	7	2	14820819	1.3494530902779393e-07
10042	A10042G	ORF1	S3259S	2025-04-06	5	22	739426	2.9752808259379574e-05
12208	G12208A	ORF1	K3981K	2025-04-06	7	1	5242301	1.907559295050017e-07
9176	G9176T	ORF1	G2971C	2025-04-06	8	30	1903685	1.5758909693568e-05
25925	C25925T	ORF3a	P178L	2025-04-06	7	23305	1541209	0.015121245723325
25153	C25153T	S	L1197L	2025-04-06	1	5	1345716	3.7154942053152376e-06
22895	G22895C, T22896C	S	V445P	2025-04-06	3	33	1693145	1.949035670305851e-05
3096	C3096T	ORF1	S944L	2025-04-06	3	1	1906374	5.245560419938585e-07
17093	C17093T	ORF1	T5610I	2025-04-06	3	11	4921009	2.235313936633727e-06
9352	T9352C	ORF1	N3029N	2025-04-06	8	5	7386968	6.768676945669726e-07
20178	C20178T	ORF1	V6638V	2025-04-06	8	8	8608342	9.293311069657781e-07
10018	A10018G	ORF1	Q3251Q	2025-04-06	8	1	829732	1.2052084287456672e-06
3369	C3369T	ORF1	T1035I	2025-04-06	9	2	609707	3.2802641268674954e-06
17010	C17010T	ORF1	I5582I	2025-04-06	8	2	4178062	4.786908380009679e-07
1259	C1259T	ORF1	Q332*	2025-04-06	8	7	3743210	1.8700527087713487e-06
451	T451G	ORF1	P62P	2025-04-06	9	1	348772	2.867202642413955e-06
12473	C12473T	ORF1	L4070L	2025-04-06	8	7	4903406	1.427579115414877e-06
22893	A22893G	S	K444R	2025-04-06	6	18	1089937	1.6514715988171795e-05
12496	T12496C	ORF1	Y4077Y	2025-04-06	1	2	284711	7.024667118586918e-06
4021	C4021T	ORF1	N1252N	2025-04-06	7	5	4621417	1.0819192468457185e-06
25844	C25844T	ORF3a	T151I	2025-04-06	7	2	1115942	1.792207838758645e-06
424	A424G	ORF1	L53L	2025-04-06	5	74	302657	0.0002445012010295483
5907	C5907T	ORF1	T1881I	2025-04-06	3	12	5049721	2.3763689122626773e-06
22986	C22986T	S	A475V	2025-04-06	8	1	1182160	8.459091831900927e-07
9281	C9281T	ORF1	L3006F	2025-04-06	1	3	1822080	1.6464699683877767e-06
10129	T10129C	ORF1	T3288T	2025-04-06	8	5	815299	6.132719407235873e-06
22994	A22994G, C22995A	S	T478E	2025-04-06	9	26	1041743	2.495817106522434e-05
5878	C5878T	ORF1	N1871N	2025-04-06	7	3	4940575	6.07216771327224e-07
22858	C22858T	S	C432C	2025-04-06	1	2	954928	2.094398740009718e-06
21864	T21864C	S	I101T	2025-04-06	3	1	229815	4.351326066618802e-06
24588	C24588T	S	T1009I	2025-04-06	10	14	6756273	2.072148357533806e-06
6701	C6701T	ORF1	L2146F	2025-04-06	3	3	1465734	2.0467560962630325e-06
21738	T21738C	S	F59S	2025-04-06	5	1863	210936	0.008832062805779953
22450	C22450T	S	L296L	2025-04-06	3	15	11559689	1.2976127644956538e-06
18034	T18034C	ORF1	L5924L	2025-04-06	8	92	3052376	3.0140454518054134e-05
18162	C18162T	ORF1	D5966D	2025-04-06	7	11	4045676	2.718952283870483e-06
22846	T22846C	S	D428D	2025-04-06	9	7	1400560	4.998000799680128e-06
3686	C3686T	ORF1	H1141Y	2025-04-06	3	18206	12617707	0.0014428929123175868
21811	C21811A	S	V83V	2025-04-06	8	1	304114	3.288240593987781e-06
686	AAGTCATTT686-694del	ORF1	KSF141-143del	2025-04-06	7	1	21812915	4.5844399980470284e-08
605	A605G	ORF1	I114V	2025-04-06	9	4	191184	2.0922252908193154e-05
11742	A11742G	ORF1	Q3826R	2025-04-06	8	5	694417	7.200284555245623e-06
593	C593T	ORF1	H110Y	2025-04-06	8	195	221868	0.0008789009681432203
15738	C15738T	ORF1	F5158F	2025-04-06	3	3239	1607416	0.0020150353113319763
17859	T17859C	ORF1	Y5865Y	2025-04-06	8	50	2655470	1.8829058509416413e-05
22874	T22874C	S	S438P	2025-04-06	9	14	1106550	1.2651936198093173e-05
5239	C5239T	ORF1	Y1658Y	2025-04-06	3	4801	3747416	0.0012811494640573664
5784	C5784T	ORF1	T1840I	2025-04-06	3	8	4630585	1.7276434834907468e-06
11572	C11572T	ORF1	F3769F	2025-04-06	8	11988	723009	0.016580706464234884
18131	C18131T	ORF1	T5956I	2025-04-06	3	2	2693558	7.425123201356718e-07
24455	C24455T	S	Q965*	2025-04-06	5	10	340460	2.9372026082359162e-05
21653	T21653C	S	S31P	2025-04-06	4	133	1307964	0.00010168475584954937
22992	G22992A, C22993T	S	S477N	2025-04-06	7	2	1041916	1.9195405387766385e-06
21775	T21775C	S	S71S	2025-04-06	8	2	209066	9.566357035577282e-06
21823	T21823A	S	N87K	2025-04-06	6	4	258065	1.5499970937554493e-05
21780	C21780A	S	T73N	2025-04-06	3	2	202861	9.858967470336831e-06
20946	C20946T	ORF1	V6894V	2025-04-06	8	39	17204384	2.2668640737151646e-06
21707	C21707T	S	H49Y	2025-04-06	4	131	237176	0.0005523324451040578
21646	C21646T	S	Y28Y	2025-04-06	8	2	1294153	1.545412327599596e-06
15666	G15666C	ORF1	V5134V	2025-04-06	8	13	12932092	1.0052511225561958e-06
20603	C20603T	ORF1	S6780L	2025-04-06	8	1	684661	1.4605768402172755e-06
24257	G24257T	S	A899S	2025-04-06	8	6	239656	2.5035884768167707e-05
21789	C21789T	S	T76I	2025-04-06	2	1	196438	5.090664739001619e-06
515	GTTATG515-520del	ORF1	VM84-85del	2025-04-06	9	5	83026	6.022209910148628e-05
22930	T22930A	S	F456L	2025-04-06	5	2884	1102698	0.0026154033107886293
11668	C11668T	ORF1	N3801N	2025-04-06	1	4	749581	5.336314554397724e-06
15960	C15960T	ORF1	A5232A	2025-04-06	8	5	1511221	3.3085829273150653e-06
541	C541T	ORF1	L92L	2025-04-06	10	4	83091	4.8139991094101646e-05
21770	G21770A	S	V70I	2025-04-06	5	2	188595	1.0604735014183834e-05
10499	G10499-10499del	ORF1	3412fs	2025-04-06	3	1	9841299	1.0161260215749974e-07
7735	C7735T	ORF1	I2490I	2025-04-06	3	1	848449	1.1786212253181984e-06
24452	A24452-24452del	S	964fs	2025-04-06	1	2	346852	5.766148097747743e-06
6336	C6336-6336del	ORF1	2024fs	2025-04-06	5	1	29646364	3.3730949265818903e-08
21639	C21639T	S	P26L	2025-04-06	1	1	1404523	7.119854925836031e-07
19441	CT19441-19442del	ORF1	6393fs	2025-04-06	1	1	3670825	2.724183255807618e-07
21633	T21633C	S	L24S	2025-04-06	9	1	1696714	5.893745203964841e-07
3443	G3443C	ORF1	A1060P	2025-04-06	6	1	157259	6.35893653145448e-06
21642	C21642A	S	A27E	2025-04-06	6	1	1283185	7.793108554105605e-07
21617	ACA21617-21619del	S	T19del	2025-04-06	6	1	1598696	6.255097904792406e-07
27810	T27810C	ORF7b	F19L	2025-04-13	7	532438	21766658	0.02446117359862961
4999	C4999T	ORF1	N1578N	2025-04-13	7	389136	24916575	0.01561755578365004
23598	A23598G, T23599G	S	N679R	2025-04-13	8	62177	12876885	0.004828574612571286
6255	C6255T	ORF1	A1997V	2025-04-13	7	1393526	21987066	0.063379352206429
24819	A24819G	S	K1086R	2025-04-13	7	535669	9500119	0.056385504223683935
24872	G24872T	S	V1104L	2025-04-13	7	535304	11852480	0.04516388131429034
17334	G17334T	ORF1	T5690T	2025-04-13	1	468738	7241737	0.06472728849445927
28291	C28291A	N	P6P	2025-04-13	7	98631	49878903	0.001977409166356365
1954	G1954A	ORF1	Q563Q	2025-04-13	7	259027	9643051	0.026861519243235363
22031	T22031-22031del, 22035-insertG	S	FR157-158SG	2025-04-13	7	487933	88984415	0.00548335346138984
823	C823T	ORF1	V186V	2025-04-13	8	44	28037466	1.5693286975363607e-06
3565	T3565C	ORF1	G1100G	2025-04-13	7	296911	5485570	0.054125824663617456
22792	C22792T	S	I410I	2025-04-13	10	1	7563411	1.32215477910694e-07
16887	C16887T	ORF1	Y5541Y	2025-04-13	8	42	12291139	3.4170958444127922e-06
28883	G28883C, G28884C	N	G204P	2025-04-13	7	39290	11577782	0.0033935688200036934
22599	G22599C	S	R346T	2025-04-13	1	264856	8268688	0.03203120011300463
25925	C25925T	ORF3a	P178L	2025-04-13	7	46610	1346496	0.03461577308807453
11727	G11727A	ORF1	R3821K	2025-04-13	7	5393	360402	0.014963845927603065
22926	T22926C	S	L455S	2025-04-13	7	7870	1329086	0.005921362500244529
22928	T22928C	S	F456L	2025-04-13	7	7726	752475	0.010267450745871955
23039	C23039G	S	Q493E	2025-04-13	7	7959	943897	0.008432064091738823
22895	G22895C, T22896G	S	V445R	2025-04-13	7	3106	875614	0.003547225147153883
7262	C7262A	ORF1	L2333I	2025-04-13	8	12	417954	2.8711293587332576e-05
7283	G7283T	ORF1	V2340L	2025-04-13	8	11	415194	2.649363911809901e-05
7267	C7267A	ORF1	F2334L	2025-04-13	8	8	523025	1.529563596386406e-05
17668	G17668T	ORF1	G5802C	2025-04-13	1	6983	22626214	0.00030862432398102486
7270	T7270G	ORF1	T2335T	2025-04-13	8	10	415335	2.4076949931982617e-05
7252	G7252T	ORF1	L2329F	2025-04-13	8	6	408607	1.4684036249990823e-05
21627	C21627A	S	T22N	2025-04-13	4	32917	687625	0.04787056898745683
7279	C7279A	ORF1	F2338L	2025-04-13	8	7	424893	1.6474735992355723e-05
2949	T2949G	ORF1	I895S	2025-04-13	1	2221	1055869	0.0021034806401172873
28727	G28727T	N	A152S	2025-04-13	7	25512	32511922	0.0007846967644668931
21652	TTC21652-21654del	S	NS30-31Ndel	2025-04-13	6	96364	915128	0.10530111634656572
7255	A7255C	ORF1	A2330A	2025-04-13	8	3	400817	7.484712474770281e-06
25324	C25324A	S	C1254*	2025-04-13	7	696	523265	0.0013301099825136402
22132	G22132T	S	R190S	2025-04-13	7	384701	23715070	0.016221794833411834
18766	G18766T	ORF1	D6168Y	2025-04-13	7	934	20651944	4.5225766639692614e-05
29081	G29081T	N	V270L	2025-04-13	7	322	14735813	2.185152593888101e-05
4364	A4364C	ORF1	I1367L	2025-04-13	7	37275	8951322	0.004164189378954304
5162	G5162T	ORF1	E1633*	2025-04-13	8	138	1700342	8.11601430770986e-05
22120	C22120A	S	F186L	2025-04-13	7	266043	32293448	0.008238296511416186
10301	C10301A	ORF1	Q3346K	2025-04-13	8	18	5689168	3.1639072707995265e-06
3939	G3939T	ORF1	R1225I	2025-04-13	7	74	2610635	2.8345594079601323e-05
22108	A22108T	S	K182N	2025-04-13	8	301	15531847	1.9379536767262774e-05
28423	G28423A	N	A50A	2025-04-13	7	73	38775956	1.8826099348782012e-06
16943	G16943T	ORF1	S5560I	2025-04-13	8	43	11911569	3.60993585311893e-06
19722	A19722G	ORF1	K6486K	2025-04-13	7	166	28657540	5.792541858093891e-06
28432	C28432T	N	F53F	2025-04-13	7	74	43236027	1.7115356135752251e-06
28297	T28297C	N	N8N	2025-04-13	8	6361	48158333	0.0001320851367508921
24690	G24690T	S	C1043F	2025-04-13	8	13	2418893	5.374359262687518e-06
16342	T16342C	ORF1	S5360P	2025-04-13	8	21	17862282	1.1756616539812774e-06
6188	T6188C	ORF1	Y1975H	2025-04-13	7	133	17061500	7.795328663951e-06
13270	T13270C	ORF1	D4335D	2025-04-13	8	42	4050200	1.0369858278603526e-05
15372	G15372T	ORF1	T5036T	2025-04-13	1	19783	15391314	0.0012853353521343272
16332	C16332T	ORF1	D5356D	2025-04-13	7	430	17791031	2.416948180237559e-05
7869	C7869T	ORF1	S2535L	2025-04-13	8	19	25465217	7.461157703859346e-07
8350	T8350C	ORF1	S2695S	2025-04-13	7	126	13022077	9.675875822267062e-06
25693	C25693T	ORF3a	L101F	2025-04-13	7	16	13388783	1.1950301980396575e-06
17166	T17166C	ORF1	S5634S	2025-04-13	8	20	2116879	9.44787113481687e-06
25492	A25492G	ORF3a	T34A	2025-04-13	7	27	12591786	2.144254992897751e-06
27294	C27294T	ORF6	Y31Y	2025-04-13	1	33246	27283449	0.001218540954994363
29409	C29409T	N	T379I	2025-04-13	4	51365	55791096	0.0009206666239358338
829	C829T	ORF1	N188N	2025-04-13	8	347	22453269	1.5454319814188304e-05
1856	A1856G	ORF1	S531G	2025-04-13	8	12	16559574	7.246563226807646e-07
3763	A3763G	ORF1	V1166V	2025-04-13	4	49	4026850	1.2168320150986502e-05
4214	T4214C	ORF1	L1317L	2025-04-13	7	14	8921270	1.5692832971090439e-06
4683	C4683T	ORF1	A1473V	2025-04-13	8	45	9448154	4.762835152771642e-06
9592	C9592T	ORF1	Y3109Y	2025-04-13	8	23	3827339	6.00939712944163e-06
10507	C10507T	ORF1	N3414N	2025-04-13	8	1	5813804	1.7200442257771332e-07
16323	C16323T	ORF1	C5353C	2025-04-13	7	2	18469511	1.082865702291739e-07
18162	C18162T	ORF1	D5966D	2025-04-13	7	9	3343470	2.6918141930389685e-06
19716	C19716T	ORF1	Y6484Y	2025-04-13	7	119778	25397319	0.004716167088345034
25671	C25671T	ORF3a	H93H	2025-04-13	6	73	17579471	4.1525709163830925e-06
29625	C29625T	ORF10	S23F	2025-04-13	7	17	32657464	5.205548109920599e-07
2596	A2596G	ORF1	P777P	2025-04-13	1	36	8517598	4.22654368050711e-06
7297	T7297A	ORF1	A2344A	2025-04-13	7	15	420933	3.563512482984228e-05
8736	A8736T	ORF1	D2824V	2025-04-13	7	28	821358	3.4089885287536006e-05
9176	G9176T	ORF1	G2971C	2025-04-13	8	1	910287	1.0985546316711104e-06
10323	A10323G	ORF1	K3353R	2025-04-13	8	111	5680166	1.9541682408577496e-05
13400	T13400C	ORF1	Y4379H	2025-04-13	8	5	3849597	1.298837254912657e-06
15151	T15151C	ORF1	F4963L	2025-04-13	1	62	7345787	8.44021205624394e-06
15939	T15939C	ORF1	D5225D	2025-04-13	4	23	1715236	1.3409233481573381e-05
18749	A18749C	ORF1	Y6162S	2025-04-13	7	93	22062555	4.215286942060881e-06
22112	G22112A	S	G184S	2025-04-13	7	18	17257856	1.0430032560243869e-06
405	A405G	ORF1	K47R	2025-04-13	8	4	5655155	7.073192511964747e-07
8109	C8109T	ORF1	T2615I	2025-04-13	7	22	18918736	1.1628683861331961e-06
8299	C8299T	ORF1	N2678N	2025-04-13	7	52	22278859	2.3340513084624306e-06
9311	G9311T	ORF1	G3016*	2025-04-13	7	61	932532	6.541330485173699e-05
9559	C9559T	ORF1	Y3098Y	2025-04-13	3	1	3862667	2.588884830092783e-07
10042	A10042G	ORF1	S3259S	2025-04-13	3	2	534697	3.7404361722620476e-06
13121	A13121T	ORF1	S4286C	2025-04-13	8	23	4040315	5.692625451233382e-06
18034	T18034C	ORF1	L5924L	2025-04-13	8	2	2298765	8.700323869556045e-07
22107	A22107G	S	K182R	2025-04-13	7	60	15342072	3.910814653978941e-06
23638	C23638T	S	I692I	2025-04-13	3	16	11228263	1.4249755282718263e-06
24257	G24257T	S	A899S	2025-04-13	3	1	118023	8.472924768900977e-06
25006	C25006T	S	F1148F	2025-04-13	8	7863	9721305	0.000808842022753118
1259	C1259T	ORF1	Q332*	2025-04-13	7	10	3203297	3.121783587347661e-06
2060	G2060A	ORF1	A599T	2025-04-13	4	65	10635739	6.1114700163289075e-06
3948	A3948G	ORF1	D1228G	2025-04-13	7	7	2623411	2.6682818666232625e-06
4021	C4021T	ORF1	N1252N	2025-04-13	7	4	2453259	1.6304841845072208e-06
4809	C4809T	ORF1	S1515F	2025-04-13	7	11	24860882	4.424621781318941e-07
5690	G5690A	ORF1	A1809T	2025-04-13	4	65	6128293	1.0606542474388872e-05
7945	C7945T	ORF1	Y2560Y	2025-04-13	7	163065	19362949	0.00842149612644231
8390	A8390G	ORF1	I2709V	2025-04-13	8	82	14598029	5.617196677715875e-06
8845	A8845G	ORF1	R2860R	2025-04-13	8	6	1700245	3.5289031874818042e-06
9352	T9352C	ORF1	N3029N	2025-04-13	7	15	4674599	3.2088313885319363e-06
9431	G9431A	ORF1	V3056I	2025-04-13	7	19	3816519	4.9783585513395846e-06
15573	T15573C	ORF1	D5103D	2025-04-13	7	29	9091537	3.18977968191737e-06
15960	C15960T	ORF1	A5232A	2025-04-13	8	7	1624039	4.310241318096425e-06
17093	C17093T	ORF1	T5610I	2025-04-13	8	2	2393171	8.357112801383603e-07
17042	A17042G	ORF1	Y5593C	2025-04-13	8	3	2180353	1.3759239902896457e-06
18657	C18657T	ORF1	T6131T	2025-04-13	7	27	43678720	6.181499824170672e-07
18894	C18894T	ORF1	C6210C	2025-04-13	7	183334	12723292	0.014409321109662499
19524	C19524T	ORF1	L6420L	2025-04-13	8	870	29396277	2.9595584502078273e-05
20603	C20603T	ORF1	S6780L	2025-04-13	7	1	500408	1.998369330626209e-06
21653	T21653C	S	S31P	2025-04-13	4	224	746228	0.0003001763536077446
21811	C21811A	S	V83V	2025-04-13	3	4	84695	4.722828974555759e-05
22865	G22865T	S	A435S	2025-04-13	8	35	672449	5.204855684222893e-05
23277	C23277T	S	T572I	2025-04-13	7	38173	28884308	0.0013215826392655831
23933	A23933G	S	T791A	2025-04-13	8	2	10678158	1.8729822128498193e-07
24130	C24130T	S	N856N	2025-04-13	3	57	10948360	5.206259202291485e-06
29164	T29164C	N	D297D	2025-04-13	7	30	11854547	2.530674516706543e-06
16600	T16600C	ORF1	L5446L	2025-04-13	5	2823	262815	0.010741396039038868
22893	A22893G	S	K444R	2025-04-13	8	5	826860	6.046972885373582e-06
6501	C6501A	ORF1	P2079Q	2025-04-13	5	424	6552836	6.47048087270916e-05
7113	C7113T	ORF1	T2283I	2025-04-13	7	710842	28118649	0.025280090803793596
22895	G22895C, T22896C	S	V445P	2025-04-13	10	2	875614	2.28411149205015e-06
22992	G22992A, C22993T	S	S477N	2025-04-13	5	2	730264	2.7387355805571686e-06
23021	A23021G	S	N487D	2025-04-13	8	4	909630	4.397392346338621e-06
5239	C5239T	ORF1	Y1658Y	2025-04-13	5	1333	1762689	0.0007562309630343186
18131	C18131T	ORF1	T5956I	2025-04-13	7	4	2226948	1.7961802430950342e-06
8818	C8818T	ORF1	C2851C	2025-04-13	8	13	1570289	8.278730857822986e-06
22986	C22986T	S	A475V	2025-04-13	1	1	731009	1.3679722137483944e-06
27476	C27476T	ORF7a	T28I	2025-04-13	5	38	13877967	2.7381532179749382e-06
11572	C11572T	ORF1	F3769F	2025-04-13	5	1	380381	2.628943086011131e-06
12892	G12892A	ORF1	L4209L	2025-04-13	7	1	1782833	5.609050314864039e-07
5878	C5878T	ORF1	N1871N	2025-04-13	5	25	5199594	4.808067706824802e-06
20178	C20178T	ORF1	V6638V	2025-04-13	5	13	6018711	2.159930922086141e-06
12496	T12496C	ORF1	Y4077Y	2025-04-13	8	1	160363	6.235852409845164e-06
12418	T12418C	ORF1	N4051N	2025-04-13	5	56	5061011	1.1064982866071621e-05
605	A605G	ORF1	I114V	2025-04-13	6	1	107405	9.310553512406312e-06
22501	T22501C	S	Y313Y	2025-04-13	8	3175	15631897	0.0002031103454686274
3096	C3096T	ORF1	S944L	2025-04-13	5	3	1228689	2.4416268071090407e-06
17010	C17010T	ORF1	I5582I	2025-04-13	5	1	2154564	4.6413102604517664e-07
451	T451G	ORF1	P62P	2025-04-13	10	2	159696	1.252379521090071e-05
14189	C14189T	ORF1	A4642V	2025-04-13	7	28821	14252516	0.0020221692787434865
19326	A19326G	ORF1	P6354P	2025-04-13	5	22	3323437	6.619653088053121e-06
3369	C3369T	ORF1	T1035I	2025-04-13	5	2	304657	6.564759713382591e-06
5907	C5907T	ORF1	T1881I	2025-04-13	5	9	6121037	1.4703390945031046e-06
17859	T17859C	ORF1	Y5865Y	2025-04-13	8	4	2200842	1.8174862166389046e-06
21864	T21864C	S	I101T	2025-04-13	9	3	120085	2.4982304201190824e-05
22450	C22450T	S	L296L	2025-04-13	8	32	9016707	3.5489674889069813e-06
22994	A22994G, C22995A	S	T478E	2025-04-13	8	5	850122	5.881508771682182e-06
593	C593T	ORF1	H110Y	2025-04-13	5	9	107731	8.354141333506605e-05
683	C683T	ORF1	L140L	2025-04-13	7	241878	20149720	0.012004037773229604
10018	A10018G	ORF1	Q3251Q	2025-04-13	8	3	577814	5.191982194962393e-06
14964	A14964C	ORF1	K4900N	2025-04-13	7	818	1800529	0.00045431092751074825
24615	T24615C	S	I1018T	2025-04-13	8	1	2364475	4.229268653718056e-07
24579	C24579T	S	T1006I	2025-04-13	8	2	2360722	8.471984418326257e-07
25153	C25153T	S	L1197L	2025-04-13	8	1	537188	1.8615456786078617e-06
3686	C3686T	ORF1	H1141Y	2025-04-13	4	14	4082760	3.429052895590238e-06
6720	C6720T	ORF1	T2152I	2025-04-13	5	2	901048	2.2196375775763332e-06
9281	C9281T	ORF1	L3006F	2025-04-13	3	2	932311	2.1452069105695417e-06
9866	C9866T	ORF1	L3201F	2025-04-13	7	5	10365732	4.823586023640202e-07
10129	T10129C	ORF1	T3288T	2025-04-13	8	8	566387	1.4124617973223255e-05
10499	G10499-10499del	ORF1	3412fs	2025-04-13	3	2	6257822	3.196000141902406e-07
12473	C12473T	ORF1	L4070L	2025-04-13	5	5	4546654	1.099709808575713e-06
21775	T21775C	S	S71S	2025-04-13	3	7	116115	6.028506222279636e-05
22846	T22846C	S	D428D	2025-04-13	3	4	740629	5.400814712899441e-06
22874	T22874C	S	S438P	2025-04-13	8	1	671584	1.4890170105303283e-06
24452	A24452-24452del	S	964fs	2025-04-13	5	1	166886	5.992114377479237e-06
22995	C22995T	S	T478I	2025-04-13	8	5	850122	5.881508771682182e-06
22930	T22930A	S	F456L	2025-04-13	5	12	749364	1.6013579515429084e-05
1170	C1170T	ORF1	S302F	2025-04-13	5	20635	3229519	0.0063894963924968394
26313	C26313T	E	F23F	2025-04-13	4	20	2718784	7.356229843930228e-06
21738	T21738C	S	F59S	2025-04-13	4	18	124372	0.00014472710899559387
24588	C24588T	S	T1009I	2025-04-13	4	16	2362890	6.77136895919827e-06
709	G709A	ORF1	E148E	2025-04-13	8	65	20314954	3.1996134473157065e-06
11668	C11668T	ORF1	N3801N	2025-04-13	1	1	383833	2.6052997006510643e-06
12854	C12854T	ORF1	P4197S	2025-04-13	5	4	1780657	2.246361876543321e-06
13297	C13297T	ORF1	D4344D	2025-04-13	8	39	4029598	9.678384791733568e-06
19068	A19068G	ORF1	Q6268Q	2025-04-13	8	8	8368408	9.559763338498792e-07
3695	C3695T	ORF1	L1144L	2025-04-13	5	8	4879736	1.6394329529302404e-06
13677	C13677T	ORF1	N4471N	2025-04-13	8	27	21940801	1.2305840611744301e-06
15738	C15738T	ORF1	F5158F	2025-04-13	8	1	1624173	6.156979582840005e-07
21823	T21823A	S	N87K	2025-04-13	3	1	85160	1.1742602160638798e-05
24455	C24455T	S	Q965*	2025-04-13	5	2	164321	1.2171298860157861e-05
25844	C25844T	ORF3a	T151I	2025-04-13	1	1	893950	1.1186307959058113e-06
15009	T15009A	ORF1	D4915E	2025-04-13	7	1176	1727453	0.0006807710542631262
6533	G6533T	ORF1	V2090F	2025-04-13	5	440	6337625	6.942663852783969e-05
2095	G2095A	ORF1	S610S	2025-04-13	8	38	11963800	3.1762483491867133e-06
15451	G15451A	ORF1	G5063S	2025-04-13	5	49	9066334	5.404610066207576e-06
6312	C6312T	ORF1	T2016I	2025-04-13	5	16	6623748	2.415550833153677e-06
6541	C6541T	ORF1	H2092H	2025-04-13	5	464	6335470	7.323844955465025e-05
7162	C7162T	ORF1	D2299D	2025-04-13	5	192	19904655	9.645984821138572e-06
15666	G15666C	ORF1	V5134V	2025-04-13	5	11	8637751	1.2734796360765667e-06
14290	G14290T	ORF1	D4676Y	2025-04-13	8	145	13789796	1.0515021396980782e-05
26779	G26779T	M	C86F	2025-04-13	8	4	5611432	7.128305216921456e-07
6543	C6543T	ORF1	T2093I	2025-04-13	5	25	6361855	3.929671455888259e-06
20946	C20946T	ORF1	V6894V	2025-04-13	8	4	9144646	4.374144171354473e-07
7222	T7222C	ORF1	T2319T	2025-04-13	8	1	366796	2.7263110829998146e-06
3443	G3443C	ORF1	A1060P	2025-04-13	9	18839	87211	0.2160163282154774
12208	G12208A	ORF1	K3981K	2025-04-13	8	102	4646581	2.1951624215740563e-05
21646	C21646T	S	Y28Y	2025-04-13	5	1	734926	1.3606812114416962e-06
27944	C27944T	ORF8	H17H	2025-04-13	7	4	6467508	6.184762353598944e-07
21707	C21707T	S	H49Y	2025-04-13	4	2	131951	1.5157141666224583e-05
541	C541T	ORF1	L92L	2025-04-13	5	100	41928	0.0023850410227055905
22858	C22858T	S	C432C	2025-04-13	8	1	672929	1.4860408750403088e-06
686	AAGTCATTT686-694del	ORF1	KSF141-143del	2025-04-13	8	1	20929440	4.777958703147337e-08
15026	C15026T	ORF1	A4921V	2025-04-13	7	1	1723637	5.80168562174054e-07
12924	C12924T	ORF1	P4220L	2025-04-13	8	1	1766698	5.660276968672631e-07
12616	C12616T	ORF1	D4117D	2025-04-13	5	603	115327	0.005228610819669288
515	GTTATG515-520del	ORF1	VM84-85del	2025-04-13	1	11	42314	0.00025996124214208065
7735	C7735T	ORF1	I2490I	2025-04-13	1	2	731641	2.733581086899176e-06
21639	C21639T	S	P26L	2025-04-13	7	1	691944	1.4452036580994994e-06
21780	C21780A	S	T73N	2025-04-13	3	6	116796	5.1371622315832736e-05
6336	C6336-6336del	ORF1	2024fs	2025-04-13	7	1	8467884	1.1809325682779783e-07
21770	G21770A	S	V70I	2025-04-13	6	1	115188	8.68145987429246e-06
21617	ACA21617-21619del	S	T19del	2025-04-13	1	1	687615	1.4543021894519463e-06
21642	C21642A	S	A27E	2025-04-13	5	10	730363	1.36918217379577e-05
21633	T21633C	S	L24S	2025-04-13	1	1	803124	1.2451377371364821e-06
21789	C21789T	S	T76I	2025-04-13	9	1	116355	8.594387864724335e-06
23039	C23039G	S	Q493E	2025-04-20	8	21	907636	2.3137028500412058e-05
28297	T28297C	N	N8N	2025-04-20	8	31619	67428180	0.0004689285696277135
1954	G1954A	ORF1	Q563Q	2025-04-20	8	32626	9342163	0.0034923389797416296
17334	G17334T	ORF1	T5690T	2025-04-20	7	131333	6641007	0.019776067093439292
22926	T22926C	S	L455S	2025-04-20	8	50	693109	7.213872565498356e-05
22895	G22895C, T22896G	S	V445R	2025-04-20	8	14	663676	2.109463051247898e-05
3565	T3565C	ORF1	G1100G	2025-04-20	5	189334	4835274	0.03915682958194303
22928	T22928C	S	F456L	2025-04-20	8	50	616977	8.104029809863253e-05
22132	G22132T	S	R190S	2025-04-20	8	87275	30422073	0.002868805159990248
11727	G11727A	ORF1	R3821K	2025-04-20	7	16409	407540	0.040263532413996175
22120	C22120A	S	F186L	2025-04-20	8	69107	45734305	0.0015110539014422544
18894	C18894T	ORF1	C6210C	2025-04-20	7	460587	22047674	0.020890503007256003
27810	T27810C	ORF7b	F19L	2025-04-20	7	1056599	25625694	0.041232015023671166
29081	G29081T	N	V270L	2025-04-20	7	241	12058829	1.9985356787130824e-05
24872	G24872T	S	V1104L	2025-04-20	7	577610	14063198	0.041072450235003444
16600	T16600C	ORF1	L5446L	2025-04-20	7	2500	402671	0.006208542457738451
28883	G28883C, G28884C	N	G204P	2025-04-20	7	97805	10938987	0.008940955867302886
4999	C4999T	ORF1	N1578N	2025-04-20	7	458242	22960679	0.01995768504929667
22031	T22031-22031del, 22035-insertG	S	FR157-158SG	2025-04-20	7	1725035	114904586	0.01501276023917792
22895	G22895C, T22896C	S	V445P	2025-04-20	7	1	663676	1.5067593223199273e-06
24819	A24819G	S	K1086R	2025-04-20	8	50087	12599760	0.003975234448910138
5239	C5239T	ORF1	Y1658Y	2025-04-20	7	9	3683809	2.443123408406896e-06
7113	C7113T	ORF1	T2283I	2025-04-20	7	663447	39265806	0.016896304127820526
27476	C27476T	ORF7a	T28I	2025-04-20	8	8027	14542242	0.000551978161276645
22930	T22930A	S	F456L	2025-04-20	10	948	538754	0.0017596157058694692
22986	C22986T	S	A475V	2025-04-20	7	2	529992	3.7736418662923214e-06
25844	C25844T	ORF3a	T151I	2025-04-20	7	1	781422	1.2797182572284887e-06
7297	T7297A	ORF1	A2344A	2025-04-20	8	3	432873	6.930439181930959e-06
22107	A22107G	S	K182R	2025-04-20	8	11	23731235	4.6352412758965134e-07
7869	C7869T	ORF1	S2535L	2025-04-20	8	48930	20127618	0.002430988107981779
6255	C6255T	ORF1	A1997V	2025-04-20	7	1008753	28916188	0.03488540744028915
23021	A23021G	S	N487D	2025-04-20	3	42	843441	4.979601418475033e-05
24130	C24130T	S	N856N	2025-04-20	8	10	7578204	1.3195738726484534e-06
23277	C23277T	S	T572I	2025-04-20	7	146601	38205057	0.003837214534191115
3939	G3939T	ORF1	R1225I	2025-04-20	7	236	3986665	5.919734916277139e-05
22995	C22995T	S	T478I	2025-04-20	7	1	529870	1.8872553645233736e-06
13121	A13121T	ORF1	S4286C	2025-04-20	8	6	6392584	9.385875883680215e-07
8350	T8350C	ORF1	S2695S	2025-04-20	8	143	22850845	6.257974267472384e-06
25925	C25925T	ORF3a	P178L	2025-04-20	7	18486	956282	0.019331117808345236
14189	C14189T	ORF1	A4642V	2025-04-20	8	83	9835809	8.438553453000155e-06
20178	C20178T	ORF1	V6638V	2025-04-20	7	14	8086789	1.7312186579865012e-06
22893	A22893G	S	K444R	2025-04-20	7	1	602247	1.660448287828748e-06
22792	C22792T	S	I410I	2025-04-20	8	124	9143940	1.3560893881630894e-05
21652	TTC21652-21654del	S	NS30-31Ndel	2025-04-20	7	169568	1876354	0.09037100675032536
23598	A23598G, T23599G	S	N679R	2025-04-20	8	31253	12819349	0.002437955312707377
8818	C8818T	ORF1	C2851C	2025-04-20	8	12	3312943	3.6221570971791546e-06
515	GTTATG515-520del	ORF1	VM84-85del	2025-04-20	3	60	67567	0.0008880074592626578
605	A605G	ORF1	I114V	2025-04-20	9	2	206145	9.701908850566348e-06
15960	C15960T	ORF1	A5232A	2025-04-20	8	7	2263998	3.0918755228582357e-06
4214	T4214C	ORF1	L1317L	2025-04-20	8	25	8797737	2.8416398444281753e-06
28291	C28291A	N	P6P	2025-04-20	7	206183	57940782	0.0035585125516600724
12418	T12418C	ORF1	N4051N	2025-04-20	8	5	5578951	8.96225831702053e-07
2060	G2060A	ORF1	A599T	2025-04-20	8	11081	10051923	0.0011023761324076996
17166	T17166C	ORF1	S5634S	2025-04-20	8	6993	3413349	0.0020487210654404225
22858	C22858T	S	C432C	2025-04-20	10	3	432736	6.932633291429416e-06
8845	A8845G	ORF1	R2860R	2025-04-20	8	41	4192114	9.780268380106075e-06
21627	C21627A	S	T22N	2025-04-20	7	161855	2643474	0.061228141453254316
15939	T15939C	ORF1	D5225D	2025-04-20	8	9	2431798	3.7009652939923465e-06
7270	T7270G	ORF1	T2335T	2025-04-20	8	221	389795	0.0005669646865660155
12892	G12892A	ORF1	L4209L	2025-04-20	8	6	1936715	3.0980293951355776e-06
3096	C3096T	ORF1	S944L	2025-04-20	8	1178	1248646	0.0009434219146179141
22994	A22994G, C22995A	S	T478E	2025-04-20	9	6	529870	1.1323532187140242e-05
1259	C1259T	ORF1	Q332*	2025-04-20	8	58	3809094	1.5226717954453211e-05
13270	T13270C	ORF1	D4335D	2025-04-20	8	14	8013056	1.747148653397655e-06
12616	C12616T	ORF1	D4117D	2025-04-20	8	191	149247	0.00127975771707304
17859	T17859C	ORF1	Y5865Y	2025-04-20	8	2	1620560	1.2341412844942488e-06
19722	A19722G	ORF1	K6486K	2025-04-20	7	1867943	32011880	0.058351555734933405
15372	G15372T	ORF1	T5036T	2025-04-20	7	20561	15719645	0.0013079811916872168
19326	A19326G	ORF1	P6354P	2025-04-20	8	1	2352036	4.251635604216942e-07
22501	T22501C	S	Y313Y	2025-04-20	8	12	16885357	7.106749356853989e-07
23933	A23933G	S	T791A	2025-04-20	8	8	7041595	1.1361062372942494e-06
829	C829T	ORF1	N188N	2025-04-20	7	65	25733277	2.5259122652742593e-06
19068	A19068G	ORF1	Q6268Q	2025-04-20	8	20	14739480	1.3568999720478605e-06
24455	C24455T	S	Q965*	2025-04-20	7	1	268593	3.723105218676585e-06
25006	C25006T	S	F1148F	2025-04-20	7	102791	13589330	0.007564096243155476
10018	A10018G	ORF1	Q3251Q	2025-04-20	5	2	630384	3.1726693570902817e-06
17668	G17668T	ORF1	G5802C	2025-04-20	7	5888	29902081	0.00019690937229418915
709	G709A	ORF1	E148E	2025-04-20	7	58	22148347	2.6187055855680786e-06
3369	C3369T	ORF1	T1035I	2025-04-20	5	1	490576	2.0384201428524834e-06
15451	G15451A	ORF1	G5063S	2025-04-20	8	6	7098397	8.452612610988087e-07
16323	C16323T	ORF1	C5353C	2025-04-20	7	25	22839129	1.0946126710874131e-06
451	T451G	ORF1	P62P	2025-04-20	10	20	323292	6.18635784368311e-05
1170	C1170T	ORF1	S302F	2025-04-20	8	19	4172353	4.5537853580461675e-06
2596	A2596G	ORF1	P777P	2025-04-20	8	22	7737803	2.84318429921258e-06
3948	A3948G	ORF1	D1228G	2025-04-20	7	31	4162621	7.4472309633762e-06
7283	G7283T	ORF1	V2340L	2025-04-20	8	111	391123	0.00028379819136179667
24615	T24615C	S	I1018T	2025-04-20	8	3	2669167	1.1239461599817472e-06
24588	C24588T	S	T1009I	2025-04-20	7	2	2604276	7.679677576416632e-07
7279	C7279A	ORF1	F2338L	2025-04-20	8	117	396193	0.00029531061881456764
10042	A10042G	ORF1	S3259S	2025-04-20	8	1	557372	1.7941338998012099e-06
11572	C11572T	ORF1	F3769F	2025-04-20	3	273	429214	0.0006360463544991542
19524	C19524T	ORF1	L6420L	2025-04-20	8	216	34243157	6.307829619798198e-06
22112	G22112A	S	G184S	2025-04-20	7	75	21026129	3.5669903861048317e-06
25492	A25492G	ORF3a	T34A	2025-04-20	8	21	16154092	1.299980215539196e-06
28423	G28423A	N	A50A	2025-04-20	8	1164	48869632	2.381847278899092e-05
28432	C28432T	N	F53F	2025-04-20	7	45	48356896	9.305808213992891e-07
405	A405G	ORF1	K47R	2025-04-20	8	9	6563568	1.3712054175411911e-06
683	C683T	ORF1	L140L	2025-04-20	7	34	22054253	1.5416527596740638e-06
3686	C3686T	ORF1	H1141Y	2025-04-20	7	12	3462862	3.4653416740257048e-06
4021	C4021T	ORF1	N1252N	2025-04-20	7	10	3875773	2.580130466877188e-06
7267	C7267A	ORF1	F2334L	2025-04-20	8	158	401692	0.0003933361879250769
10129	T10129C	ORF1	T3288T	2025-04-20	7	1	643550	1.5538808173413098e-06
15151	T15151C	ORF1	F4963L	2025-04-20	8	4	9576936	4.176701191278714e-07
18162	C18162T	ORF1	D5966D	2025-04-20	8	3	2775715	1.0808026040137406e-06
18657	C18657T	ORF1	T6131T	2025-04-20	8	57484	36293464	0.00158386645044408
22846	T22846C	S	D428D	2025-04-20	4	5	526861	9.490169133794302e-06
24579	C24579T	S	T1006I	2025-04-20	7	7	2603938	2.688236048630958e-06
27294	C27294T	ORF6	Y31Y	2025-04-20	8	50	31436425	1.590511643738116e-06
29164	T29164C	N	D297D	2025-04-20	8	17	10602125	1.6034521381326856e-06
2095	G2095A	ORF1	S610S	2025-04-20	8	8	13373883	5.981807976038074e-07
3763	A3763G	ORF1	V1166V	2025-04-20	8	2	3420141	5.847712126488352e-07
4364	A4364C	ORF1	I1367L	2025-04-20	8	121	8656991	1.3977142866383944e-05
4683	C4683T	ORF1	A1473V	2025-04-20	7	110	20569005	5.347852266067318e-06
5690	G5690A	ORF1	A1809T	2025-04-20	8	10	5198577	1.9236033245251535e-06
6501	C6501A	ORF1	P2079Q	2025-04-20	8	400	11101442	3.60313552059273e-05
6720	C6720T	ORF1	T2152I	2025-04-20	5	1	1027447	9.732862133034599e-07
8736	A8736T	ORF1	D2824V	2025-04-20	8	9	1219888	7.377726479807983e-06
10507	C10507T	ORF1	N3414N	2025-04-20	7	17	4697517	3.618933151279708e-06
12208	G12208A	ORF1	K3981K	2025-04-20	8	2	5137586	3.89287887346314e-07
12473	C12473T	ORF1	L4070L	2025-04-20	8	2	5204647	3.842719784838434e-07
13297	C13297T	ORF1	D4344D	2025-04-20	8	1	6445278	1.551523456397071e-07
13677	C13677T	ORF1	N4471N	2025-04-20	8	7	15886075	4.4063747653212014e-07
14290	G14290T	ORF1	D4676Y	2025-04-20	7	366	10204027	3.5868192038300175e-05
15738	C15738T	ORF1	F5158F	2025-04-20	8	2	2380798	8.400544691317785e-07
16332	C16332T	ORF1	D5356D	2025-04-20	7	38081	22105039	0.0017227293740581051
16342	T16342C	ORF1	S5360P	2025-04-20	7	74	21294886	3.475012733104089e-06
18131	C18131T	ORF1	T5956I	2025-04-20	7	4	1645619	2.4306962911828317e-06
19716	C19716T	ORF1	Y6484Y	2025-04-20	8	23684	31389970	0.0007545085261311177
21707	C21707T	S	H49Y	2025-04-20	9	1	92340	1.0829542993285683e-05
21738	T21738C	S	F59S	2025-04-20	7	1	82717	1.2089413300772513e-05
21789	C21789T	S	T76I	2025-04-20	3	1	74888	1.335327422283944e-05
22108	A22108T	S	K182N	2025-04-20	8	53	25281995	2.0963535512130272e-06
22992	G22992A, C22993T	S	S477N	2025-04-20	1	4869	541577	0.008990411335784201
24257	G24257T	S	A899S	2025-04-20	8	2	173453	1.1530501057923472e-05
25153	C25153T	S	L1197L	2025-04-20	8	1	705300	1.417836381681554e-06
25671	C25671T	ORF3a	H93H	2025-04-20	8	7	24054664	2.9100385688197513e-07
26313	C26313T	E	F23F	2025-04-20	10	359	3539089	0.00010143853404082237
27944	C27944T	ORF8	H17H	2025-04-20	7	348449	10975407	0.03174816204993582
29625	C29625T	ORF10	S23F	2025-04-20	8	147	52201807	2.815994473141514e-06
22599	G22599C	S	R346T	2025-04-20	7	576009	20421496	0.028206013898296186
29409	C29409T	N	T379I	2025-04-20	7	156	116947284	1.3339343562694454e-06
6312	C6312T	ORF1	T2016I	2025-04-20	8	18	11903767	1.5121263714251126e-06
4809	C4809T	ORF1	S1515F	2025-04-20	8	13	19996274	6.501211175642022e-07
7262	C7262A	ORF1	L2333I	2025-04-20	8	218	334974	0.000650796778257417
15009	T15009A	ORF1	D4915E	2025-04-20	8	442	1437482	0.00030748211108034743
28727	G28727T	N	A152S	2025-04-20	7	13760	40770933	0.0003374953425765361
7252	G7252T	ORF1	L2329F	2025-04-20	8	70	319039	0.0002194089123900213
2949	T2949G	ORF1	I895S	2025-04-20	8	122	785966	0.0001552229994681704
25324	C25324A	S	C1254*	2025-04-20	8	450	658108	0.0006837783464112273
18766	G18766T	ORF1	D6168Y	2025-04-20	8	102	16413233	6.214497777494538e-06
5878	C5878T	ORF1	N1871N	2025-04-20	8	81	12893730	6.282123171494982e-06
16943	G16943T	ORF1	S5560I	2025-04-20	7	46	11774262	3.906826601956029e-06
7162	C7162T	ORF1	D2299D	2025-04-20	7	67	26475608	2.5306312134550413e-06
6543	C6543T	ORF1	T2093I	2025-04-20	8	30	10427190	2.877093445118004e-06
25693	C25693T	ORF3a	L101F	2025-04-20	8	4	18432992	2.1700220995050614e-07
5907	C5907T	ORF1	T1881I	2025-04-20	7	8	15903414	5.030366435785423e-07
6541	C6541T	ORF1	H2092H	2025-04-20	8	20	10783182	1.8547400943432097e-06
8299	C8299T	ORF1	N2678N	2025-04-20	8	112	48946510	2.2882121728392894e-06
10323	A10323G	ORF1	K3353R	2025-04-20	7	43	4443952	9.676072108789655e-06
13400	T13400C	ORF1	Y4379H	2025-04-20	8	9	7511336	1.198188977300443e-06
15573	T15573C	ORF1	D5103D	2025-04-20	8	9	7695075	1.1695792438670189e-06
18749	A18749C	ORF1	Y6162S	2025-04-20	7	126	18178802	6.9311498084417224e-06
23638	C23638T	S	I692I	2025-04-20	8	20	11484263	1.7415135825433465e-06
9431	G9431A	ORF1	V3056I	2025-04-20	8	18	5156974	3.490418993774256e-06
9592	C9592T	ORF1	Y3109Y	2025-04-20	8	19	6385190	2.9756358072351803e-06
16887	C16887T	ORF1	Y5541Y	2025-04-20	7	26	12955369	2.00688996199182e-06
20946	C20946T	ORF1	V6894V	2025-04-20	7	39	11757752	3.3169605890649846e-06
9311	G9311T	ORF1	G3016*	2025-04-20	8	6	1246347	4.814068634176517e-06
15026	C15026T	ORF1	A4921V	2025-04-20	7	7201	1450253	0.004965340530238517
26779	G26779T	M	C86F	2025-04-20	7	12	5577379	2.1515482451524274e-06
18034	T18034C	ORF1	L5924L	2025-04-20	8	5	1749677	2.8576703014327787e-06
12854	C12854T	ORF1	P4197S	2025-04-20	8	5	1938862	2.5788323253537384e-06
1856	A1856G	ORF1	S531G	2025-04-20	8	12	14308538	8.386601062945774e-07
7945	C7945T	ORF1	Y2560Y	2025-04-20	8	6	15132400	3.9650022468346067e-07
823	C823T	ORF1	V186V	2025-04-20	7	88	36389247	2.4182968116927507e-06
8390	A8390G	ORF1	I2709V	2025-04-20	8	111	21640329	5.12931203587524e-06
24690	G24690T	S	C1043F	2025-04-20	8	8	2828785	2.828069294767895e-06
9352	T9352C	ORF1	N3029N	2025-04-20	8	20	6428734	3.1110324365574932e-06
9866	C9866T	ORF1	L3201F	2025-04-20	7	29	11767580	2.464397947581406e-06
15666	G15666C	ORF1	V5134V	2025-04-20	8	2	6895001	2.9006522261563126e-07
11668	C11668T	ORF1	N3801N	2025-04-20	7	1	407100	2.4563989191844756e-06
12924	C12924T	ORF1	P4220L	2025-04-20	7	1	1931725	5.176720288860992e-07
9176	G9176T	ORF1	G2971C	2025-04-20	8	4	1158847	3.4517067395437015e-06
22450	C22450T	S	L296L	2025-04-20	7	8	8180680	9.779138164553557e-07
22865	G22865T	S	A435S	2025-04-20	8	4	457392	8.745233847553084e-06
21646	C21646T	S	Y28Y	2025-04-20	7	19	1536012	1.2369695028424256e-05
21780	C21780A	S	T73N	2025-04-20	10	1	76722	1.3034071061755429e-05
21775	T21775C	S	S71S	2025-04-20	7	1	76225	1.3119055428009184e-05
21811	C21811A	S	V83V	2025-04-20	7	1	73897	1.353234908047688e-05
21823	T21823A	S	N87K	2025-04-20	7	1	74313	1.3456595750407061e-05
22874	T22874C	S	S438P	2025-04-20	3	1	432022	2.3146969367300737e-06
6188	T6188C	ORF1	Y1975H	2025-04-20	8	26	26622246	9.766268405753595e-07
20603	C20603T	ORF1	S6780L	2025-04-20	7	1	522434	1.914117381334293e-06
21864	T21864C	S	I101T	2025-04-20	1	2	125337	1.5956979981968612e-05
21770	G21770A	S	V70I	2025-04-20	6	1	74564	1.3411297677163242e-05
21639	C21639T	S	P26L	2025-04-20	6	1	1594665	6.270909564077722e-07
7222	T7222C	ORF1	T2319T	2025-04-20	7	1	313439	3.1904134456784255e-06
21653	T21653C	S	S31P	2025-04-20	10	2	1551674	1.2889305356666414e-06
9281	C9281T	ORF1	L3006F	2025-04-20	7	4	1194515	3.3486394059513693e-06
541	C541T	ORF1	L92L	2025-04-20	1	68	67093	0.001013518548879913
686	AAGTCATTT686-694del	ORF1	KSF141-143del	2025-04-20	9	21166	22351589	0.0009469572834396695
24452	A24452-24452del	S	964fs	2025-04-20	3	2	272671	7.3348467567141354e-06
3443	G3443C	ORF1	A1060P	2025-04-20	9	1	86065	1.1619125079881485e-05
21633	T21633C	S	L24S	2025-04-20	3	3	3413454	8.788751803891308e-07
21617	ACA21617-21619del	S	T19del	2025-04-20	3	1	1620809	6.169758435447977e-07
23039	C23039G	S	Q493E	2025-04-27	3	98295	1598453	0.06149383184866868
28297	T28297C	N	N8N	2025-04-27	3	1014218	102076839	0.009935828831846958
1954	G1954A	ORF1	Q563Q	2025-04-27	3	175838	16614027	0.010583707369682257
17334	G17334T	ORF1	T5690T	2025-04-27	3	600108	15307475	0.03920359170927929
7869	C7869T	ORF1	S2535L	2025-04-27	8	20	47373349	4.221783011372069e-07
3565	T3565C	ORF1	G1100G	2025-04-27	10	480384	10761234	0.04464023363863289
25925	C25925T	ORF3a	P178L	2025-04-27	8	15691	2008014	0.007814188546494199
18894	C18894T	ORF1	C6210C	2025-04-27	4	450558	15181552	0.029677993396195593
22926	T22926C	S	L455S	2025-04-27	3	130109	1228807	0.10588237208935171
16600	T16600C	ORF1	L5446L	2025-04-27	3	1247	567347	0.0021979494030989854
24872	G24872T	S	V1104L	2025-04-27	3	726613	14469014	0.05021855670331095
7113	C7113T	ORF1	T2283I	2025-04-27	4	3280688	44134687	0.07433355084176761
22928	T22928C	S	F456L	2025-04-27	3	129707	1004845	0.1290815996496972
22132	G22132T	S	R190S	2025-04-27	3	1439864	30492625	0.047220073706347024
22893	A22893G	S	K444R	2025-04-27	4	1477	1129305	0.0013078840525810123
11727	G11727A	ORF1	R3821K	2025-04-27	4	37626	778770	0.048314650025039485
6255	C6255T	ORF1	A1997V	2025-04-27	3	1707531	39651007	0.04306400087140284
24819	A24819G	S	K1086R	2025-04-27	10	382304	10303038	0.03710594875026182
22895	G22895C, T22896C	S	V445P	2025-04-27	4	1413	1185532	0.0011918699790473813
22895	G22895C, T22896G	S	V445R	2025-04-27	8	2608	1185532	0.0021998562670598517
22986	C22986T	S	A475V	2025-04-27	4	198	966727	0.00020481480293816146
22031	T22031-22031del, 22035-insertG	S	FR157-158SG	2025-04-27	3	1789027	119390994	0.014984605957799463
27810	T27810C	ORF7b	F19L	2025-04-27	3	3490656	43240145	0.08072720385188348
4999	C4999T	ORF1	N1578N	2025-04-27	3	1832828	42948156	0.042675359566077764
22120	C22120A	S	F186L	2025-04-27	3	1213218	47186757	0.02571098496978718
7945	C7945T	ORF1	Y2560Y	2025-04-27	8	268	26806096	9.997725890409405e-06
22992	G22992A, C22993T	S	S477N	2025-04-27	4	1484	1128020	0.001315579511001578
22107	A22107G	S	K182R	2025-04-27	3	227563	24553858	0.00926791219530552
24130	C24130T	S	N856N	2025-04-27	10	107	15030760	7.11873518039008e-06
22930	T22930A	S	F456L	2025-04-27	4	393	982422	0.0004000317582464562
22792	C22792T	S	I410I	2025-04-27	10	35523	12033543	0.002951998426398609
23598	A23598G, T23599G	S	N679R	2025-04-27	3	246952	15841983	0.015588452531479172
22599	G22599C	S	R346T	2025-04-27	3	586344	18740725	0.031287156713520954
5239	C5239T	ORF1	Y1658Y	2025-04-27	3	82466	2832170	0.029117602403810505
19722	A19722G	ORF1	K6486K	2025-04-27	3	164429	44173734	0.0037223251265106998
23277	C23277T	S	T572I	2025-04-27	3	71148	41827481	0.0017009869659614452
22450	C22450T	S	L296L	2025-04-27	6	76	20693956	3.6725699039854923e-06
21652	TTC21652-21654del	S	NS30-31Ndel	2025-04-27	3	155456	1773015	0.08767889724565218
15372	G15372T	ORF1	T5036T	2025-04-27	10	422	25300677	1.6679395575067024e-05
29409	C29409T	N	T379I	2025-04-27	8	360	91181423	3.9481726447721705e-06
8350	T8350C	ORF1	S2695S	2025-04-27	8	26	32369981	8.032133228623149e-07
23021	A23021G	S	N487D	2025-04-27	3	16136	1298616	0.012425536109211653
27476	C27476T	ORF7a	T28I	2025-04-27	10	482	14633669	3.2937741040883184e-05
29625	C29625T	ORF10	S23F	2025-04-27	6	157444	59416196	0.0026498498826818197
15451	G15451A	ORF1	G5063S	2025-04-27	10	1156	17923440	6.449654753774945e-05
12892	G12892A	ORF1	L4209L	2025-04-27	3	20608	3021587	0.006820257037113278
6541	C6541T	ORF1	H2092H	2025-04-27	8	2	10688250	1.8712137159965382e-07
3939	G3939T	ORF1	R1225I	2025-04-27	8	7661	3866286	0.001981488177542996
22501	T22501C	S	Y313Y	2025-04-27	3	506	28577074	1.7706501372393827e-05
8818	C8818T	ORF1	C2851C	2025-04-27	3	53124	3606976	0.014728126829787611
15939	T15939C	ORF1	D5225D	2025-04-27	8	4	3496466	1.1440122683875663e-06
541	C541T	ORF1	L92L	2025-04-27	3	23	83357	0.0002759216382547357
21646	C21646T	S	Y28Y	2025-04-27	8	1	1516531	6.593996430010332e-07
21627	C21627A	S	T22N	2025-04-27	5	59271	1454724	0.040743811197175545
21653	T21653C	S	S31P	2025-04-27	5	6	1728827	3.470561253381628e-06
12616	C12616T	ORF1	D4117D	2025-04-27	1	1	313883	3.185900478840842e-06
22995	C22995T	S	T478I	2025-04-27	3	250	1082093	0.0002310337466373038
12418	T12418C	ORF1	N4051N	2025-04-27	4	47	11537670	4.0736127831702584e-06
28291	C28291A	N	P6P	2025-04-27	3	2176849	94092115	0.023135296724916855
23933	A23933G	S	T791A	2025-04-27	8	2	13662009	1.4639135430228453e-07
11572	C11572T	ORF1	F3769F	2025-04-27	7	1	1201737	8.321288268564586e-07
16323	C16323T	ORF1	C5353C	2025-04-27	4	141	39011371	3.6143308062667163e-06
18034	T18034C	ORF1	L5924L	2025-04-27	8	3	4857889	6.175521919088723e-07
7270	T7270G	ORF1	T2335T	2025-04-27	8	174	1056575	0.00016468305610108132
14189	C14189T	ORF1	A4642V	2025-04-27	5	55	31554393	1.7430219621084138e-06
16342	T16342C	ORF1	S5360P	2025-04-27	4	377	37116605	1.0157178976902656e-05
1170	C1170T	ORF1	S302F	2025-04-27	7	25	5655668	4.420344334214809e-06
25693	C25693T	ORF3a	L101F	2025-04-27	10	74	20614932	3.589631049959321e-06
7283	G7283T	ORF1	V2340L	2025-04-27	8	27	1142330	2.3635902059825094e-05
15573	T15573C	ORF1	D5103D	2025-04-27	3	49048	17651487	0.002778689410132982
605	A605G	ORF1	I114V	2025-04-27	9	3	169482	1.770099479590753e-05
29164	T29164C	N	D297D	2025-04-27	3	38949	22527527	0.001728951429067203
10507	C10507T	ORF1	N3414N	2025-04-27	4	160	14021332	1.1411184044426022e-05
24615	T24615C	S	I1018T	2025-04-27	8	1	4510592	2.2170038877380175e-07
10018	A10018G	ORF1	Q3251Q	2025-04-27	6	6	1002285	5.986321255930199e-06
25153	C25153T	S	L1197L	2025-04-27	7	2	1473538	1.3572775184623674e-06
18162	C18162T	ORF1	D5966D	2025-04-27	3	84	6500321	1.2922438753409255e-05
27944	C27944T	ORF8	H17H	2025-04-27	3	16	4782774	3.3453389183766577e-06
3096	C3096T	ORF1	S944L	2025-04-27	4	5	1947868	2.5669090513320202e-06
7162	C7162T	ORF1	D2299D	2025-04-27	8	31	30090612	1.0302216518560672e-06
8390	A8390G	ORF1	I2709V	2025-04-27	6	380262	37998915	0.010007180468179158
3369	C3369T	ORF1	T1035I	2025-04-27	10	80	401734	0.0001991367422224656
451	T451G	ORF1	P62P	2025-04-27	7	1	259972	3.846568091948364e-06
8845	A8845G	ORF1	R2860R	2025-04-27	3	42	3910185	1.0741179765151777e-05
13121	A13121T	ORF1	S4286C	2025-04-27	6	52	13347486	3.895864734377695e-06
3948	A3948G	ORF1	D1228G	2025-04-27	8	9	4604287	1.9547000436766865e-06
29081	G29081T	N	V270L	2025-04-27	3	36067	25192134	0.0014316770464939572
1856	A1856G	ORF1	S531G	2025-04-27	8	8	24390068	3.2800236555306034e-07
19068	A19068G	ORF1	Q6268Q	2025-04-27	6	114	11407830	9.993136293230176e-06
28423	G28423A	N	A50A	2025-04-27	5	121	64650090	1.871613790483509e-06
24455	C24455T	S	Q965*	2025-04-27	3	1	348563	2.8689218304868847e-06
3763	A3763G	ORF1	V1166V	2025-04-27	5	69	7021249	9.827311351584311e-06
2060	G2060A	ORF1	A599T	2025-04-27	3	52	21149698	2.458663948771278e-06
20178	C20178T	ORF1	V6638V	2025-04-27	4	92239	4039779	0.02283268465923507
16332	C16332T	ORF1	D5356D	2025-04-27	4	713008	37196928	0.01916846466460886
28883	G28883C, G28884C	N	G204P	2025-04-27	3	583648	18768903	0.031096543042499605
6312	C6312T	ORF1	T2016I	2025-04-27	8	13	13034758	9.97333437260592e-07
12208	G12208A	ORF1	K3981K	2025-04-27	7	9	10238044	8.79074166901412e-07
24579	C24579T	S	T1006I	2025-04-27	4	9	4525825	1.9885877160517696e-06
24690	G24690T	S	C1043F	2025-04-27	8	1	5625467	1.777630194968702e-07
1259	C1259T	ORF1	Q332*	2025-04-27	8	5	4814686	1.038489322045093e-06
405	A405G	ORF1	K47R	2025-04-27	8	46	11516713	3.994195218722564e-06
15738	C15738T	ORF1	F5158F	2025-04-27	6	16	3048158	5.249071734470457e-06
3686	C3686T	ORF1	H1141Y	2025-04-27	5	21	8159344	2.573736319978665e-06
7262	C7262A	ORF1	L2333I	2025-04-27	10	5415	928747	0.0058304360606279216
22846	T22846C	S	D428D	2025-04-27	4	4	1372089	2.915262785431557e-06
24588	C24588T	S	T1009I	2025-04-27	1	38	4505538	8.434064921880583e-06
15026	C15026T	ORF1	A4921V	2025-04-27	7	22317	3619571	0.006165647807433533
17859	T17859C	ORF1	Y5865Y	2025-04-27	8	1	4653586	2.1488804547718685e-07
21738	T21738C	S	F59S	2025-04-27	6	207	488003	0.0004241777202189331
15666	G15666C	ORF1	V5134V	2025-04-27	10	15	15270385	9.822935047151726e-07
22874	T22874C	S	S438P	2025-04-27	4	1	946748	1.0562472801632537e-06
7222	T7222C	ORF1	T2319T	2025-04-27	3	3	755515	3.9708013738972755e-06
7297	T7297A	ORF1	A2344A	2025-04-27	3	34	1077490	3.1554817214080874e-05
12473	C12473T	ORF1	L4070L	2025-04-27	4	4556	9898884	0.0004602539033693091
6543	C6543T	ORF1	T2093I	2025-04-27	8	10	10477516	9.544246937919254e-07
11668	C11668T	ORF1	N3801N	2025-04-27	3	4	831248	4.812041653032549e-06
12924	C12924T	ORF1	P4220L	2025-04-27	3	4	3045713	1.3133213799199071e-06
8736	A8736T	ORF1	D2824V	2025-04-27	6	34	1607187	2.1154974498922652e-05
21789	C21789T	S	T76I	2025-04-27	3	7	432990	1.6166655119055867e-05
25671	C25671T	ORF3a	H93H	2025-04-27	10	426	30745576	1.3855651948104664e-05
19716	C19716T	ORF1	Y6484Y	2025-04-27	6	166103	38692655	0.004292881943614363
9352	T9352C	ORF1	N3029N	2025-04-27	8	2	7539846	2.652574071141506e-07
25006	C25006T	S	F1148F	2025-04-27	8	38	12068311	3.1487421893585606e-06
9311	G9311T	ORF1	G3016*	2025-04-27	5	160	2051623	7.798703757951632e-05
26313	C26313T	E	F23F	2025-04-27	3	14359	3628658	0.003957110314612179
17166	T17166C	ORF1	S5634S	2025-04-27	7	17	4993835	3.404197375363824e-06
15960	C15960T	ORF1	A5232A	2025-04-27	7	4	3060124	1.3071365735506143e-06
9592	C9592T	ORF1	Y3109Y	2025-04-27	7	44	5883777	7.4781896050785065e-06
6501	C6501A	ORF1	P2079Q	2025-04-27	8	48	11340576	4.232589244144213e-06
4214	T4214C	ORF1	L1317L	2025-04-27	10	151	14938371	1.010819720570603e-05
19326	A19326G	ORF1	P6354P	2025-04-27	5	4	5405352	7.400073112722354e-07
18766	G18766T	ORF1	D6168Y	2025-04-27	8	62	35260538	1.7583395919824025e-06
20946	C20946T	ORF1	V6894V	2025-04-27	5	18	14357416	1.253707491654487e-06
28432	C28432T	N	F53F	2025-04-27	5	572740	79386132	0.007214610229403795
10129	T10129C	ORF1	T3288T	2025-04-27	7	12	851364	1.4095028683383371e-05
17668	G17668T	ORF1	G5802C	2025-04-27	8	1422	36415707	3.904908395709576e-05
2095	G2095A	ORF1	S610S	2025-04-27	8	21	23815447	8.817806359040836e-07
683	C683T	ORF1	L140L	2025-04-27	8	14	26680348	5.247307868697964e-07
20603	C20603T	ORF1	S6780L	2025-04-27	3	4	930675	4.297955784779864e-06
21775	T21775C	S	S71S	2025-04-27	3	125	456699	0.00027370324874808136
18131	C18131T	ORF1	T5956I	2025-04-27	1	22119	4727668	0.004678628025487407
2596	A2596G	ORF1	P777P	2025-04-27	10	76	11497608	6.610070546847657e-06
829	C829T	ORF1	N188N	2025-04-27	5	113	35556780	3.1780155570892526e-06
6188	T6188C	ORF1	Y1975H	2025-04-27	8	60	45285616	1.3249240111915448e-06
14290	G14290T	ORF1	D4676Y	2025-04-27	10	391	33973580	1.1508943125805406e-05
23638	C23638T	S	I692I	2025-04-27	8	17697	14464368	0.001223489336001407
22994	A22994G, C22995A	S	T478E	2025-04-27	3	16	1082093	1.4786159784787444e-05
7279	C7279A	ORF1	F2338L	2025-04-27	8	43	1196027	3.5952365623852975e-05
5878	C5878T	ORF1	N1871N	2025-04-27	1	41076	4267739	0.009624768524973059
12854	C12854T	ORF1	P4197S	2025-04-27	3	8	3049092	2.6237319175675904e-06
25844	C25844T	ORF3a	T151I	2025-04-27	4	4	1679389	2.381818625702562e-06
18657	C18657T	ORF1	T6131T	2025-04-27	10	1934	76874043	2.5158036764112952e-05
21823	T21823A	S	N87K	2025-04-27	3	15	482290	3.110161935764789e-05
24257	G24257T	S	A899S	2025-04-27	1	4	194734	2.054084032577773e-05
28727	G28727T	N	A152S	2025-04-27	3	1213	38607409	3.141883983978308e-05
4809	C4809T	ORF1	S1515F	2025-04-27	3	194	40569099	4.781964716544482e-06
13677	C13677T	ORF1	N4471N	2025-04-27	7	56	49432675	1.1328539270836547e-06
15009	T15009A	ORF1	D4915E	2025-04-27	10	1361	3573330	0.00038087722096755687
8299	C8299T	ORF1	N2678N	2025-04-27	6	384435	69669390	0.00551799003837984
4683	C4683T	ORF1	A1473V	2025-04-27	8	17	11801900	1.4404460298765453e-06
22112	G22112A	S	G184S	2025-04-27	3	34108	19988636	0.0017063695591835282
27294	C27294T	ORF6	Y31Y	2025-04-27	3	25901	34749127	0.0007453712434272089
4021	C4021T	ORF1	N1252N	2025-04-27	3	19	4209639	4.513451153412443e-06
4364	A4364C	ORF1	I1367L	2025-04-27	5	534	13599338	3.9266617242692254e-05
2949	T2949G	ORF1	I895S	2025-04-27	10	1352	1767667	0.0007648499406279576
18749	A18749C	ORF1	Y6162S	2025-04-27	8	33	38804236	8.504226188089362e-07
25324	C25324A	S	C1254*	2025-04-27	8	31	1592389	1.9467604963360082e-05
25492	A25492G	ORF3a	T34A	2025-04-27	10	173	17461786	9.907348538116318e-06
823	C823T	ORF1	V186V	2025-04-27	8	76	53634334	1.4170027728879788e-06
10323	A10323G	ORF1	K3353R	2025-04-27	10	179	12089717	1.4805971057883324e-05
21780	C21780A	S	T73N	2025-04-27	3	120	478852	0.00025059935011235204
9176	G9176T	ORF1	G2971C	2025-04-27	5	76	2300464	3.303681344285327e-05
16887	C16887T	ORF1	Y5541Y	2025-04-27	10	65	33013341	1.9689009967212953e-06
16943	G16943T	ORF1	S5560I	2025-04-27	10	200	26843745	7.45052525271716e-06
21811	C21811A	S	V83V	2025-04-27	3	96	678369	0.00014151590063814828
21707	C21707T	S	H49Y	2025-04-27	3	7	588157	1.1901584100843822e-05
15151	T15151C	ORF1	F4963L	2025-04-27	5	206	11641637	1.7695105937421e-05
686	AAGTCATTT686-694del	ORF1	KSF141-143del	2025-04-27	3	2	28648471	6.981175365344978e-08
6720	C6720T	ORF1	T2152I	2025-04-27	8	8	2410734	3.3184913806334503e-06
7267	C7267A	ORF1	F2334L	2025-04-27	3	521	1240057	0.0004201419773445898
7252	G7252T	ORF1	L2329F	2025-04-27	10	2747	817085	0.0033619513269733258
9431	G9431A	ORF1	V3056I	2025-04-27	3	11	5807179	1.8942071529050508e-06
10042	A10042G	ORF1	S3259S	2025-04-27	8	3	820754	3.65517560682007e-06
9866	C9866T	ORF1	L3201F	2025-04-27	5	18	20159638	8.928731755996809e-07
21617	ACA21617-21619del	S	T19del	2025-04-27	9	2	1392787	1.4359697498612495e-06
21642	C21642A	S	A27E	2025-04-27	2	2	1584526	1.2622071206152502e-06
21639	C21639T	S	P26L	2025-04-27	3	1	1370490	7.296660318572189e-07
22865	G22865T	S	A435S	2025-04-27	4	19871	951366	0.020886809072428486
13400	T13400C	ORF1	Y4379H	2025-04-27	1	55	10573761	5.201555056899811e-06
515	GTTATG515-520del	ORF1	VM84-85del	2025-04-27	3	2	82878	2.4131856463717753e-05
22858	C22858T	S	C432C	2025-04-27	4	2	951039	2.102963180269158e-06
24452	A24452-24452del	S	964fs	2025-04-27	9	1	361861	2.7634920591055682e-06
3443	G3443C	ORF1	A1060P	2025-04-27	4	2	76842	2.6027432914291665e-05
21633	T21633C	S	L24S	2025-04-27	9	2	2008530	9.957531129731695e-07
21770	G21770A	S	V70I	2025-04-27	3	9	430944	2.0884384049899753e-05
24775	AG24775-24776del	S	1071fs	2025-04-27	3	1	4727132	2.1154475906321212e-07
21768	A21768-21768del	S	69fs	2025-04-27	3	1	436420	2.2913706979515146e-06
28727	G28727T	N	A152S	2025-05-04	7	28277	52498582	0.0005386240717892152
22031	T22031-22031del, 22035-insertG	S	FR157-158SG	2025-05-04	7	445872	148966391	0.002993104666139089
22120	C22120A	S	F186L	2025-05-04	7	243738	51536905	0.0047293876106840336
22132	G22132T	S	R190S	2025-05-04	7	302078	30862693	0.009787804324139828
27810	T27810C	ORF7b	F19L	2025-05-04	7	553607	37947004	0.014588951475589482
22599	G22599C	S	R346T	2025-05-04	7	131676	15694819	0.00838977499517516
18894	C18894T	ORF1	C6210C	2025-05-04	7	528216	21083700	0.02505328761080835
20178	C20178T	ORF1	V6638V	2025-05-04	7	2	9544585	2.0954289788398342e-07
24819	A24819G	S	K1086R	2025-05-04	7	289274	13315082	0.021725288661384137
24872	G24872T	S	V1104L	2025-05-04	7	548302	19206821	0.028547254123938572
25671	C25671T	ORF3a	H93H	2025-05-04	7	2057	30387215	6.769294257469794e-05
27294	C27294T	ORF6	Y31Y	2025-05-04	7	54	35092012	1.5388117386942646e-06
28291	C28291A	N	P6P	2025-05-04	7	581358	116794097	0.004977631703424189
23598	A23598G, T23599G	S	N679R	2025-05-04	7	593096	9808451	0.06046785572971716
29409	C29409T	N	T379I	2025-05-04	7	110118	81827813	0.0013457282550127546
28297	T28297C	N	N8N	2025-05-04	7	104034	132128214	0.0007873715753094187
22107	A22107G	S	K182R	2025-05-04	7	58080	33980861	0.0017091974214543887
19716	C19716T	ORF1	Y6484Y	2025-05-04	7	396101	35537697	0.011145938916638296
28432	C28432T	N	F53F	2025-05-04	7	104	59339917	1.752614517475648e-06
28423	G28423A	N	A50A	2025-05-04	7	35866	48426806	0.0007406228690779235
4999	C4999T	ORF1	N1578N	2025-05-04	7	807898	43262036	0.018674525627966284
3565	T3565C	ORF1	G1100G	2025-05-04	7	157363	6561357	0.02398330101532351
6255	C6255T	ORF1	A1997V	2025-05-04	7	694941	28314762	0.024543416610741775
16943	G16943T	ORF1	S5560I	2025-05-04	7	11256	16712518	0.0006735071280102734
16887	C16887T	ORF1	Y5541Y	2025-05-04	7	11260	18029546	0.0006245304235614141
6312	C6312T	ORF1	T2016I	2025-05-04	8	13	9182521	1.4157332174900553e-06
7869	C7869T	ORF1	S2535L	2025-05-04	8	1	43090942	2.320673333156653e-08
21652	TTC21652-21654del	S	NS30-31Ndel	2025-05-04	7	3135	2115056	0.0014822302577331286
28883	G28883C, G28884C	N	G204P	2025-05-04	7	28317	10063521	0.002813826293997896
17334	G17334T	ORF1	T5690T	2025-05-04	7	297454	8491393	0.035030059261183646
3763	A3763G	ORF1	V1166V	2025-05-04	7	27	4246679	6.3579093216134305e-06
29164	T29164C	N	D297D	2025-05-04	7	47	14213779	3.3066505395926023e-06
21627	C21627A	S	T22N	2025-05-04	7	12876	1514373	0.008502528769332258
22926	T22926C	S	L455S	2025-05-04	7	46203	4068547	0.011356142622906901
22928	T22928C	S	F456L	2025-05-04	7	46129	3234761	0.01426040440081972
23039	C23039G	S	Q493E	2025-05-04	3	29701	1988812	0.014934041025496628
22895	G22895C, T22896G	S	V445R	2025-05-04	3	73	2829067	2.5803559972245267e-05
12473	C12473T	ORF1	L4070L	2025-05-04	7	253	6993743	3.617519259715434e-05
11727	G11727A	ORF1	R3821K	2025-05-04	8	8405	466959	0.017999438922903295
7262	C7262A	ORF1	L2333I	2025-05-04	7	1382	367961	0.0037558328192389954
25925	C25925T	ORF3a	P178L	2025-05-04	3	24056	945274	0.025448705877872447
7267	C7267A	ORF1	F2334L	2025-05-04	7	906	528332	0.0017148308260714854
16332	C16332T	ORF1	D5356D	2025-05-04	7	56	24537543	2.2822170907657706e-06
7270	T7270G	ORF1	T2335T	2025-05-04	7	1225	418984	0.0029237393313348483
7279	C7279A	ORF1	F2338L	2025-05-04	7	725	447330	0.0016207274271790402
7283	G7283T	ORF1	V2340L	2025-05-04	7	589	376121	0.0015659854142682807
7252	G7252T	ORF1	L2329F	2025-05-04	7	899	388818	0.002312135755031917
15009	T15009A	ORF1	D4915E	2025-05-04	7	6069	2407240	0.0025211445472823647
17668	G17668T	ORF1	G5802C	2025-05-04	7	4693	29372262	0.00015977659466608326
6501	C6501A	ORF1	P2079Q	2025-05-04	7	822	8094510	0.00010155031002494283
18766	G18766T	ORF1	D6168Y	2025-05-04	7	505	26280249	1.9215951873210944e-05
4364	A4364C	ORF1	I1367L	2025-05-04	3	1190	11500419	0.00010347449079898741
29081	G29081T	N	V270L	2025-05-04	7	443	16068318	2.7569780483557767e-05
14290	G14290T	ORF1	D4676Y	2025-05-04	7	1436	21076234	6.81336143829111e-05
8350	T8350C	ORF1	S2695S	2025-05-04	7	85257	37708263	0.0022609633331559186
7113	C7113T	ORF1	T2283I	2025-05-04	7	1508541	44019769	0.0342696255402885
7162	C7162T	ORF1	D2299D	2025-05-04	7	297	28338538	1.0480427748248693e-05
19722	A19722G	ORF1	K6486K	2025-05-04	7	134	38011797	3.525221393768887e-06
9431	G9431A	ORF1	V3056I	2025-05-04	8	24	5150193	4.66001953713191e-06
16342	T16342C	ORF1	S5360P	2025-05-04	7	214	24223590	8.834363527454023e-06
3939	G3939T	ORF1	R1225I	2025-05-04	5	150	3404719	4.405649922945183e-05
8390	A8390G	ORF1	I2709V	2025-05-04	8	73	31887194	2.289320283245995e-06
9352	T9352C	ORF1	N3029N	2025-05-04	8	17	7007000	2.4261452832881403e-06
15372	G15372T	ORF1	T5036T	2025-05-04	7	251	10624546	2.3624538874414024e-05
25492	A25492G	ORF3a	T34A	2025-05-04	7	111	19034191	5.831611125474154e-06
1856	A1856G	ORF1	S531G	2025-05-04	7	1	22125606	4.519650218845983e-08
4214	T4214C	ORF1	L1317L	2025-05-04	3	20912	12584810	0.0016616857942233533
4809	C4809T	ORF1	S1515F	2025-05-04	7	80	38370912	2.0849126546692455e-06
6543	C6543T	ORF1	T2093I	2025-05-04	8	25	8186077	3.053965898439509e-06
8736	A8736T	ORF1	D2824V	2025-05-04	7	105	1117377	9.397007455854201e-05
9592	C9592T	ORF1	Y3109Y	2025-05-04	8	37	5465908	6.769232120262544e-06
18657	C18657T	ORF1	T6131T	2025-05-04	7	222624	73657975	0.0030224018512591475
18749	A18749C	ORF1	Y6162S	2025-05-04	7	95	38134956	2.4911527366125713e-06
23638	C23638T	S	I692I	2025-05-04	5	41	14672943	2.794258793208697e-06
25693	C25693T	ORF3a	L101F	2025-05-04	7	38	22064333	1.7222365162817294e-06
5878	C5878T	ORF1	N1871N	2025-05-04	8	1	9164385	1.0911806957040761e-07
7297	T7297A	ORF1	A2344A	2025-05-04	7	40	382598	0.00010454837714781572
9311	G9311T	ORF1	G3016*	2025-05-04	7	124	1600684	7.746688290755702e-05
10507	C10507T	ORF1	N3414N	2025-05-04	8	52	8933167	5.8210039060055636e-06
15151	T15151C	ORF1	F4963L	2025-05-04	7	70	8073690	8.670137198728215e-06
21738	T21738C	S	F59S	2025-05-04	7	2081	297955	0.0069842761490829155
22501	T22501C	S	Y313Y	2025-05-04	7	146	23746288	6.148329372573936e-06
25006	C25006T	S	F1148F	2025-05-04	7	259067	20599956	0.012576094822726806
1170	C1170T	ORF1	S302F	2025-05-04	7	2	6264511	3.1925875778652155e-07
2060	G2060A	ORF1	A599T	2025-05-04	7	177740	11849742	0.014999482689158971
2596	A2596G	ORF1	P777P	2025-05-04	7	68	10838981	6.2736524771101635e-06
8299	C8299T	ORF1	N2678N	2025-05-04	8	74	89793886	8.241095613124484e-07
8818	C8818T	ORF1	C2851C	2025-05-04	8	28	4785440	5.851081614229831e-06
9176	G9176T	ORF1	G2971C	2025-05-04	10	213	1852425	0.00011498441232438561
14189	C14189T	ORF1	A4642V	2025-05-04	8	12	21208657	5.658066892212929e-07
15451	G15451A	ORF1	G5063S	2025-05-04	7	81	10366971	7.813275449502078e-06
18034	T18034C	ORF1	L5924L	2025-05-04	7	10	2469174	4.049937347469234e-06
19068	A19068G	ORF1	Q6268Q	2025-05-04	7	65	13515561	4.809271328063999e-06
20946	C20946T	ORF1	V6894V	2025-05-04	7	11	12998409	8.462574150421025e-07
21811	C21811A	S	V83V	2025-05-04	7	2	396392	5.045510504752871e-06
22865	G22865T	S	A435S	2025-05-04	7	72	1869114	3.852092488740655e-05
23277	C23277T	S	T572I	2025-05-04	8	49863	39404316	0.0012654197575717341
24130	C24130T	S	N856N	2025-05-04	7	189	11322296	1.6692727340814973e-05
24257	G24257T	S	A899S	2025-05-04	7	11	111396	9.874681317102947e-05
24579	C24579T	S	T1006I	2025-05-04	3	12	4174169	2.874823707425358e-06
24615	T24615C	S	I1018T	2025-05-04	7	33	5093127	6.479320071932233e-06
29625	C29625T	ORF10	S23F	2025-05-04	7	25	48651583	5.138578944080812e-07
1954	G1954A	ORF1	Q563Q	2025-05-04	7	26	8496759	3.0599902857077622e-06
12616	C12616T	ORF1	D4117D	2025-05-04	3	13	107946	0.00012043058566320197
22930	T22930A	S	F456L	2025-05-04	4	2	3285711	6.086962608701739e-07
22995	C22995T	S	T478I	2025-05-04	4	482	1965223	0.0002452647867443033
19326	A19326G	ORF1	P6354P	2025-05-04	7	30	2719698	1.1030636489786733e-05
27476	C27476T	ORF7a	T28I	2025-05-04	7	41	20710695	1.9796535075235285e-06
13677	C13677T	ORF1	N4471N	2025-05-04	10	101	41886611	2.411271706846849e-06
15573	T15573C	ORF1	D5103D	2025-05-04	7	139	15908622	8.737400385778227e-06
405	A405G	ORF1	K47R	2025-05-04	7	15736	8008808	0.0019648367147770303
829	C829T	ORF1	N188N	2025-05-04	5	106	34871142	3.0397627929707606e-06
823	C823T	ORF1	V186V	2025-05-04	5	110206	39036148	0.0028231781475979646
3948	A3948G	ORF1	D1228G	2025-05-04	8	11	3898203	2.821813025129784e-06
12208	G12208A	ORF1	K3981K	2025-05-04	4	16	7060342	2.2661791737567385e-06
15939	T15939C	ORF1	D5225D	2025-05-04	7	29	2443901	1.1866274452197532e-05
21646	C21646T	S	Y28Y	2025-05-04	6	2	1452347	1.3770813724268374e-06
21639	C21639T	S	P26L	2025-05-04	4	102372	1573599	0.06505596406708443
21775	T21775C	S	S71S	2025-05-04	4	78	288768	0.00027011303191489363
3686	C3686T	ORF1	H1141Y	2025-05-04	7	6	8554167	7.0141253964296e-07
17859	T17859C	ORF1	Y5865Y	2025-05-04	7	4039	2385181	0.0016933725365077116
2095	G2095A	ORF1	S610S	2025-05-04	8	9	13538483	6.647716734585404e-07
27944	C27944T	ORF8	H17H	2025-05-04	5	39	9256997	4.213029344181488e-06
9866	C9866T	ORF1	L3201F	2025-05-04	8	4	19725745	2.0278068078037103e-07
24690	G24690T	S	C1043F	2025-05-04	3	83	5742027	1.4454825795838299e-05
16323	C16323T	ORF1	C5353C	2025-05-04	7	158	26150021	6.042060157427789e-06
4021	C4021T	ORF1	N1252N	2025-05-04	6	10	3333086	3.0002226165181457e-06
13400	T13400C	ORF1	Y4379H	2025-05-04	7	31	5658473	5.47850983825495e-06
8845	A8845G	ORF1	R2860R	2025-05-04	7	34	5423726	6.268753251915749e-06
6541	C6541T	ORF1	H2092H	2025-05-04	7	87	7852909	1.1078697079006008e-05
13121	A13121T	ORF1	S4286C	2025-05-04	7	22	6474596	3.397895405365833e-06
17166	T17166C	ORF1	S5634S	2025-05-04	7	19	4439990	4.279288917317382e-06
22112	G22112A	S	G184S	2025-05-04	7	12519	30140202	0.00041535886189482076
4683	C4683T	ORF1	A1473V	2025-05-04	8	176886	15653095	0.011300385003732488
18162	C18162T	ORF1	D5966D	2025-05-04	7	12	3708981	3.235389989865141e-06
12892	G12892A	ORF1	L4209L	2025-05-04	1	10	3067840	3.2596224053405652e-06
22792	C22792T	S	I410I	2025-05-04	8	9261	10747126	0.0008617187515992647
3096	C3096T	ORF1	S944L	2025-05-04	8	227	1348553	0.0001683285714391648
16600	T16600C	ORF1	L5446L	2025-05-04	7	1057	265209	0.003985535935809117
21653	T21653C	S	S31P	2025-05-04	7	9446	1574408	0.005999715448600363
541	C541T	ORF1	L92L	2025-05-04	4	1	35821	2.791658524329304e-05
7222	T7222C	ORF1	T2319T	2025-05-04	4	4	359428	1.1128793527493685e-05
10042	A10042G	ORF1	S3259S	2025-05-04	8	12919	610623	0.02115708055543273
15666	G15666C	ORF1	V5134V	2025-05-04	8	31	9317527	3.327063071563946e-06
18131	C18131T	ORF1	T5956I	2025-05-04	7	1	2405679	4.156830566339067e-07
21780	C21780A	S	T73N	2025-05-04	4	104658	290716	0.3600008255479575
23933	A23933G	S	T791A	2025-05-04	7	41	11195626	3.6621444839261333e-06
26313	C26313T	E	F23F	2025-05-04	7	10	3203272	3.1218079513697244e-06
22895	G22895C, T22896C	S	V445P	2025-05-04	2	5438	2829067	0.0019221884812201336
22992	G22992A, C22993T	S	S477N	2025-05-04	1	70071	1923116	0.03643617961683018
10129	T10129C	ORF1	T3288T	2025-05-04	7	4	725869	5.510636216727812e-06
24588	C24588T	S	T1009I	2025-05-04	3	9	3942249	2.2829608175434886e-06
22450	C22450T	S	L296L	2025-05-04	8	7	14803037	4.728759375525441e-07
6720	C6720T	ORF1	T2152I	2025-05-04	4	62421	1242913	0.05022153602062252
12924	C12924T	ORF1	P4220L	2025-05-04	3	53467	3810112	0.01403292081702585
22874	T22874C	S	S438P	2025-05-04	3	8	1249315	6.403509122999404e-06
12854	C12854T	ORF1	P4197S	2025-05-04	1	67852	3079674	0.02203220210970382
22893	A22893G	S	K444R	2025-05-04	4	186	2146316	8.666011901323011e-05
25153	C25153T	S	L1197L	2025-05-04	3	2	962294	2.0783669024227523e-06
5239	C5239T	ORF1	Y1658Y	2025-05-04	1	15721	2188209	0.007184414285838327
22846	T22846C	S	D428D	2025-05-04	3	3	2101712	1.4274077513950531e-06
23021	A23021G	S	N487D	2025-05-04	3	9	1353344	6.650193890097418e-06
22986	C22986T	S	A475V	2025-05-04	2	2	1915479	1.0441252553538829e-06
21633	T21633C	S	L24S	2025-05-04	4	126514	2224378	0.05687612447165005
15026	C15026T	ORF1	A4921V	2025-05-04	6	8	2401020	3.331917268494223e-06
21823	T21823A	S	N87K	2025-05-04	4	104746	442186	0.23688221698561238
15738	C15738T	ORF1	F5158F	2025-05-04	7	3	2771420	1.0824775746729113e-06
15960	C15960T	ORF1	A5232A	2025-05-04	7	27	2338624	1.1545250540488767e-05
11668	C11668T	ORF1	N3801N	2025-05-04	8	1	479267	2.0865196226737915e-06
11572	C11572T	ORF1	F3769F	2025-05-04	3	8754	475297	0.018417957613870908
22858	C22858T	S	C432C	2025-05-04	3	5	1869751	2.6741528684835574e-06
3443	G3443C	ORF1	A1060P	2025-05-04	4	2	174636	1.1452392404773358e-05
20603	C20603T	ORF1	S6780L	2025-05-04	4	1	308171	3.2449516664449283e-06
21707	C21707T	S	H49Y	2025-05-04	4	102878	331058	0.3107552150982607
686	AAGTCATTT686-694del	ORF1	KSF141-143del	2025-05-04	6	20	25378881	7.880568099121471e-07
3369	C3369T	ORF1	T1035I	2025-05-04	3	1	259797	3.849159151183424e-06
605	A605G	ORF1	I114V	2025-05-04	2	1	118277	8.454729152751592e-06
22994	A22994G, C22995A	S	T478E	2025-05-04	4	109	1965223	5.54644434753715e-05
24455	C24455T	S	Q965*	2025-05-04	1	1	131440	7.608034083992696e-06
24452	A24452-24452del	S	964fs	2025-05-04	4	1	131401	7.610292159115988e-06
451	T451G	ORF1	P62P	2025-05-04	1	1	205110	4.8754326946516506e-06
6336	C6336-6336del	ORF1	2024fs	2025-05-04	3	1	10999851	9.091032233072975e-08
21789	C21789T	S	T76I	2025-05-04	6	1	385809	2.5919561233667438e-06
21768	A21768-21768del	S	69fs	2025-05-04	3	1	911660	1.0969001601474233e-06
21770	G21770A	S	V70I	2025-05-04	4	103500	489764	0.2113262714286881
515	GTTATG515-520del	ORF1	VM84-85del	2025-05-04	3	14	35796	0.00039110515141356576
21617	ACA21617-21619del	S	T19del	2025-05-04	4	123891	1461853	0.08474928737704818
21642	C21642A	S	A27E	2025-05-04	4	126688	1778563	0.07123053836158742
21761	21761-insertA, T21763G	S	A67Sinsert;fs	2025-05-04	4	103008	1670694	0.061655814888902455
21764	A21764C, A21766T	S	I68L	2025-05-04	4	102498	724923	0.14139156848382517
29409	C29409T	N	T379I	2025-05-11	5	855570	55314682	0.015467322039381877
22132	G22132T	S	R190S	2025-05-11	5	5	17006207	2.9401029871034734e-07
22031	T22031-22031del, 22035-insertG	S	FR157-158SG	2025-05-11	5	6	63465158	9.454006243866911e-08
18894	C18894T	ORF1	C6210C	2025-05-11	5	1	17714034	5.645241507383355e-08
22120	C22120A	S	F186L	2025-05-11	5	2	24559765	8.143400394914203e-08
28297	T28297C	N	N8N	2025-05-11	5	1	36796019	2.717685301771368e-08
27810	T27810C	ORF7b	F19L	2025-05-11	5	139273	16039600	0.008683071897054789
6255	C6255T	ORF1	A1997V	2025-05-11	5	4	13339543	2.998603475396421e-07
24819	A24819G	S	K1086R	2025-05-11	8	242963	8126923	0.029896062753393873
24872	G24872T	S	V1104L	2025-05-11	8	242630	8899990	0.027261828384076835
22107	A22107G	S	K182R	2025-05-11	5	3	12994382	2.3086900169627152e-07
23277	C23277T	S	T572I	2025-05-11	5	7	29809580	2.3482383851097533e-07
22599	G22599C	S	R346T	2025-05-11	5	185648	6975858	0.02661292704065937
4999	C4999T	ORF1	N1578N	2025-05-11	5	200062	22932121	0.008724094906005423
23598	A23598G, T23599G	S	N679R	2025-05-11	5	1	8249380	1.2122123117131227e-07
6541	C6541T	ORF1	H2092H	2025-05-11	2	15	5026075	2.9844361653974524e-06
29081	G29081T	N	V270L	2025-05-11	5	24	11136418	2.15509152045119e-06
1954	G1954A	ORF1	Q563Q	2025-05-11	7	65612	3376610	0.019431323131780098
22450	C22450T	S	L296L	2025-05-11	5	2	6052571	3.3043808986296896e-07
4214	T4214C	ORF1	L1317L	2025-05-11	5	24	5617736	4.272183669720329e-06
17166	T17166C	ORF1	S5634S	2025-05-11	8	6	2263741	2.6504798914716833e-06
22792	C22792T	S	I410I	2025-05-11	5	5	5385748	9.283761512792652e-07
17334	G17334T	ORF1	T5690T	2025-05-11	5	50208	6396942	0.007848750230969734
8818	C8818T	ORF1	C2851C	2025-05-11	10	3844	1621219	0.002371055360195014
5239	C5239T	ORF1	Y1658Y	2025-05-11	2	1	1582334	6.319778251620707e-07
3565	T3565C	ORF1	G1100G	2025-05-11	5	76030	2446423	0.03107802698061619
16600	T16600C	ORF1	L5446L	2025-05-11	2	1265	121667	0.010397231788406059
22928	T22928C	S	F456L	2025-05-11	2	11693	151293	0.07728711837295843
22926	T22926C	S	L455S	2025-05-11	2	11708	151708	0.07717457220449811
23039	C23039G	S	Q493E	2025-05-11	10	573	163000	0.0035153374233128833
22895	G22895C, T22896G	S	V445R	2025-05-11	10	574	161088	0.003563269765593961
11727	G11727A	ORF1	R3821K	2025-05-11	8	6549	250079	0.026187724679001434
22893	A22893G	S	K444R	2025-05-11	2	11525	149503	0.07708875407182464
23021	A23021G	S	N487D	2025-05-11	2	2	149837	1.3347837983942551e-05
15009	T15009A	ORF1	D4915E	2025-05-11	2	558	1298632	0.00042968292788103174
21652	TTC21652-21654del	S	NS30-31Ndel	2025-05-11	2	390	664766	0.0005866726035928432
17668	G17668T	ORF1	G5802C	2025-05-11	8	274	16155243	1.6960438168587127e-05
21627	C21627A	S	T22N	2025-05-11	2	6013	431271	0.013942509466205703
21653	T21653C	S	S31P	2025-05-11	2	6042	503352	0.012003528345968626
28291	C28291A	N	P6P	2025-05-11	7	204	34408988	5.928683517225209e-06
4364	A4364C	ORF1	I1367L	2025-05-11	5	211	5714671	3.6922510499729556e-05
14290	G14290T	ORF1	D4676Y	2025-05-11	5	1	9548783	1.0472538751796956e-07
28727	G28727T	N	A152S	2025-05-11	2	174	21317450	8.162327107604333e-06
8350	T8350C	ORF1	S2695S	2025-05-11	8	16	10056910	1.590945926730974e-06
18766	G18766T	ORF1	D6168Y	2025-05-11	7	1	11892397	8.408733748124957e-08
6501	C6501A	ORF1	P2079Q	2025-05-11	2	1100	4993150	0.00022030181348447372
19716	C19716T	ORF1	Y6484Y	2025-05-11	8	36	21012935	1.7132304459134337e-06
8390	A8390G	ORF1	I2709V	2025-05-11	7	18	10488835	1.7161105117965914e-06
18749	A18749C	ORF1	Y6162S	2025-05-11	2	32	12799599	2.5000783227662056e-06
19722	A19722G	ORF1	K6486K	2025-05-11	8	47	21931479	2.143038324045542e-06
823	C823T	ORF1	V186V	2025-05-11	7	23	21679891	1.0608909426712523e-06
16342	T16342C	ORF1	S5360P	2025-05-11	2	37	15809679	2.340338472400357e-06
1856	A1856G	ORF1	S531G	2025-05-11	5	59	9033589	6.531180464375787e-06
3939	G3939T	ORF1	R1225I	2025-05-11	8	7923	1507610	0.005255337918957821
22501	T22501C	S	Y313Y	2025-05-11	5	37	11503512	3.21640904099548e-06
8299	C8299T	ORF1	N2678N	2025-05-11	7	6	16097891	3.727196314101021e-07
15573	T15573C	ORF1	D5103D	2025-05-11	8	9	6733371	1.3366261862000475e-06
28423	G28423A	N	A50A	2025-05-11	7	40	29317693	1.3643638331297076e-06
16332	C16332T	ORF1	D5356D	2025-05-11	2	28	16506187	1.6963336232650218e-06
15372	G15372T	ORF1	T5036T	2025-05-11	5	3	9139130	3.2825881675826913e-07
22112	G22112A	S	G184S	2025-05-11	2	15	11233113	1.3353377643401256e-06
16943	G16943T	ORF1	S5560I	2025-05-11	5	13	10252328	1.2680046912272023e-06
25492	A25492G	ORF3a	T34A	2025-05-11	2	71	8786536	8.080545052111549e-06
15151	T15151C	ORF1	F4963L	2025-05-11	5	6	3773744	1.5899329684260512e-06
28432	C28432T	N	F53F	2025-05-11	5	1	32730020	3.055299080171659e-08
3948	A3948G	ORF1	D1228G	2025-05-11	8	2	1669587	1.197901037801564e-06
28883	G28883C, G28884C	N	G204P	2025-05-11	5	6	10574932	5.673795349227777e-07
829	C829T	ORF1	N188N	2025-05-11	7	15	16613895	9.028587215701074e-07
2095	G2095A	ORF1	S610S	2025-05-11	5	1	5487304	1.82238855365039e-07
2596	A2596G	ORF1	P777P	2025-05-11	5	16	5563988	2.8756352457985173e-06
7113	C7113T	ORF1	T2283I	2025-05-11	10	16497	12896894	0.001279145195734725
16323	C16323T	ORF1	C5353C	2025-05-11	5	2	16093543	1.2427344308211064e-07
18034	T18034C	ORF1	L5924L	2025-05-11	2	6	1418467	4.2299186375150076e-06
25693	C25693T	ORF3a	L101F	2025-05-11	2	16	10302469	1.553025784401778e-06
405	A405G	ORF1	K47R	2025-05-11	2	12	4837811	2.4804606876953234e-06
6543	C6543T	ORF1	T2093I	2025-05-11	2	7	4988062	1.4033506399880355e-06
13400	T13400C	ORF1	Y4379H	2025-05-11	8	21	7036690	2.984357702271949e-06
14189	C14189T	ORF1	A4642V	2025-05-11	8	5	10085517	4.957604057382482e-07
29164	T29164C	N	D297D	2025-05-11	5	6	10214077	5.874245905919839e-07
2060	G2060A	ORF1	A599T	2025-05-11	2	29163	3490133	0.00835584202665056
4683	C4683T	ORF1	A1473V	2025-05-11	2	9	9909112	9.082549475674511e-07
8845	A8845G	ORF1	R2860R	2025-05-11	10	3	1636984	1.8326385596927032e-06
15451	G15451A	ORF1	G5063S	2025-05-11	8	6	5992619	1.0012316818406108e-06
25006	C25006T	S	F1148F	2025-05-11	8	14	9943217	1.4079950181113417e-06
27476	C27476T	ORF7a	T28I	2025-05-11	2	5	6917240	7.228316496174775e-07
8736	A8736T	ORF1	D2824V	2025-05-11	8	11	729885	1.507086732841475e-05
9311	G9311T	ORF1	G3016*	2025-05-11	8	14	758901	1.8447729018673054e-05
9866	C9866T	ORF1	L3201F	2025-05-11	5	1	5105477	1.9586808441209313e-07
15939	T15939C	ORF1	D5225D	2025-05-11	5	5	1054415	4.741965924232868e-06
18162	C18162T	ORF1	D5966D	2025-05-11	8	3683	2029328	0.0018148865043009312
24615	T24615C	S	I1018T	2025-05-11	5	1	1804077	5.543000659062779e-07
25671	C25671T	ORF3a	H93H	2025-05-11	5	1	13342291	7.494964695343551e-08
4809	C4809T	ORF1	S1515F	2025-05-11	5	10	18455610	5.418406652502951e-07
6312	C6312T	ORF1	T2016I	2025-05-11	10	1	5382066	1.8580225511913083e-07
7162	C7162T	ORF1	D2299D	2025-05-11	2	16	9181699	1.7425968766782705e-06
10042	A10042G	ORF1	S3259S	2025-05-11	10	3	409114	7.332919430769907e-06
10507	C10507T	ORF1	N3414N	2025-05-11	7	7	3067413	2.282053313329506e-06
12208	G12208A	ORF1	K3981K	2025-05-11	3	6	3729533	1.6087805095168753e-06
12854	C12854T	ORF1	P4197S	2025-05-11	10	5477	2005287	0.002731279861685634
15026	C15026T	ORF1	A4921V	2025-05-11	2	1	1297503	7.70711127450187e-07
15666	G15666C	ORF1	V5134V	2025-05-11	10	2	6071874	3.2938759928153976e-07
15738	C15738T	ORF1	F5158F	2025-05-11	8	6623	1054648	0.006279820376087567
15960	C15960T	ORF1	A5232A	2025-05-11	5	3	1054427	2.8451471747214365e-06
16887	C16887T	ORF1	Y5541Y	2025-05-11	5	8	10009745	7.992211589805734e-07
22994	A22994G, C22995A	S	T478E	2025-05-11	2	1	149858	6.672983757957533e-06
22995	C22995T	S	T478I	2025-05-11	6	8	149858	5.3383870063660266e-05
24588	C24588T	S	T1009I	2025-05-11	10	1	1804120	5.542868545329579e-07
25153	C25153T	S	L1197L	2025-05-11	3	2	396989	5.0379229651199406e-06
26313	C26313T	E	F23F	2025-05-11	5	1	1789160	5.589215050638288e-07
27944	C27944T	ORF8	H17H	2025-05-11	2	800	5687230	0.00014066601843076506
25925	C25925T	ORF3a	P178L	2025-05-11	8	12059	804112	0.014996667130946932
7270	T7270G	ORF1	T2335T	2025-05-11	2	32	270785	0.0001181749358347028
7262	C7262A	ORF1	L2333I	2025-05-11	2	33	276178	0.00011948815618912441
7267	C7267A	ORF1	F2334L	2025-05-11	2	18	278087	6.472794485179098e-05
7279	C7279A	ORF1	F2338L	2025-05-11	2	13	340544	3.817421537305018e-05
7252	G7252T	ORF1	L2329F	2025-05-11	2	10	293939	3.4020664151405566e-05
7283	G7283T	ORF1	V2340L	2025-05-11	2	11	277950	3.9575463212808056e-05
17859	T17859C	ORF1	Y5865Y	2025-05-11	2	6	1375156	4.363141345418265e-06
3763	A3763G	ORF1	V1166V	2025-05-11	5	6	2127096	2.8207471595076103e-06
7869	C7869T	ORF1	S2535L	2025-05-11	5	2	37167193	5.381089715330399e-08
24130	C24130T	S	N856N	2025-05-11	2	671	5402717	0.0001241967698844859
7297	T7297A	ORF1	A2344A	2025-05-11	8	1	314840	3.176216490916021e-06
9592	C9592T	ORF1	Y3109Y	2025-05-11	2	17	1936838	8.777192516875443e-06
3686	C3686T	ORF1	H1141Y	2025-05-11	5	5	2213018	2.2593580350453542e-06
5878	C5878T	ORF1	N1871N	2025-05-11	10	3	5660313	5.300060261685176e-07
7222	T7222C	ORF1	T2319T	2025-05-11	10	5	271250	1.8433179723502303e-05
12473	C12473T	ORF1	L4070L	2025-05-11	8	26270	3940113	0.006667321470221793
21775	T21775C	S	S71S	2025-05-11	3	1	121705	8.21658929378415e-06
22986	C22986T	S	A475V	2025-05-11	6	2	149872	1.3344720828440268e-05
23638	C23638T	S	I692I	2025-05-11	7	2	7280052	2.7472331241590034e-07
29625	C29625T	ORF10	S23F	2025-05-11	8	37041	33365154	0.001110170209314784
9352	T9352C	ORF1	N3029N	2025-05-11	8	17	2724118	6.240551987836063e-06
13121	A13121T	ORF1	S4286C	2025-05-11	10	9	7212625	1.2478119963258869e-06
21738	T21738C	S	F59S	2025-05-11	3	2	75872	2.6360185575706452e-05
22865	G22865T	S	A435S	2025-05-11	10	2	149664	1.3363267051528757e-05
22858	C22858T	S	C432C	2025-05-11	6	8	149784	5.341024408481547e-05
22846	T22846C	S	D428D	2025-05-11	4	1	150108	6.661870120180137e-06
23933	A23933G	S	T791A	2025-05-11	2	8	5396147	1.4825393007269817e-06
12892	G12892A	ORF1	L4209L	2025-05-11	7	10	2005356	4.98664576264763e-06
13677	C13677T	ORF1	N4471N	2025-05-11	7	8	16086869	4.973000028781238e-07
24690	G24690T	S	C1043F	2025-05-11	5	2	1927755	1.037476235309985e-06
24579	C24579T	S	T1006I	2025-05-11	3	3	1804075	1.6629020412122555e-06
18657	C18657T	ORF1	T6131T	2025-05-11	2	4	19139736	2.0898929849398132e-07
686	AAGTCATTT686-694del	ORF1	KSF141-143del	2025-05-11	3	2	15529206	1.2878958524988336e-07
21646	C21646T	S	Y28Y	2025-05-11	3	12	432204	2.7764666685176446e-05
1170	C1170T	ORF1	S302F	2025-05-11	5	3	4261502	7.039771423315066e-07
6720	C6720T	ORF1	T2152I	2025-05-11	4	2	557531	3.5872444760919125e-06
12924	C12924T	ORF1	P4220L	2025-05-11	7	1	2006409	4.984028680094637e-07
18131	C18131T	ORF1	T5956I	2025-05-11	2	172	1378520	0.00012477149406609988
19326	A19326G	ORF1	P6354P	2025-05-11	8	6	1948306	3.079598379310026e-06
3096	C3096T	ORF1	S944L	2025-05-11	1	20012	589740	0.0339335978566826
9176	G9176T	ORF1	G2971C	2025-05-11	8	5	749460	6.671470125156779e-06
20603	C20603T	ORF1	S6780L	2025-05-11	6	1	198083	5.048388806712338e-06
10129	T10129C	ORF1	T3288T	2025-05-11	10	2	422918	4.729049130091413e-06
24257	G24257T	S	A899S	2025-05-11	9	1	88329	1.1321310102005003e-05
20178	C20178T	ORF1	V6638V	2025-05-11	7	5	3897420	1.2828999697235608e-06
22874	T22874C	S	S438P	2025-05-11	9	1	149532	6.687531765775887e-06
541	C541T	ORF1	L92L	2025-05-11	4	81	14056	0.005762663631189527
451	T451G	ORF1	P62P	2025-05-11	2	1	13920	7.183908045977011e-05
22930	T22930A	S	F456L	2025-05-11	4	2	151382	1.3211610363187168e-05
11572	C11572T	ORF1	F3769F	2025-05-11	8	661	254174	0.002600580704556721
24455	C24455T	S	Q965*	2025-05-11	3	1	88330	1.1321181931393638e-05
12616	C12616T	ORF1	D4117D	2025-05-11	6	6356	61255	0.10376295812586728
22992	G22992A, C22993T	S	S477N	2025-05-11	3	309	149858	0.002061951981208878
22895	G22895C, T22896C	S	V445P	2025-05-11	6	1	161088	6.207787048073103e-06
21780	C21780A	S	T73N	2025-05-11	1	3	92033	3.259700324883466e-05
21707	C21707T	S	H49Y	2025-05-11	1	3	75317	3.98316449141628e-05
21789	C21789T	S	T76I	2025-05-11	1	1	76193	1.3124565248776134e-05
21823	T21823A	S	N87K	2025-05-11	1	4	32832	0.00012183235867446393
21811	C21811A	S	V83V	2025-05-11	1	3	33697	8.902869691663946e-05
21633	T21633C	S	L24S	2025-05-11	6	1	494579	2.021921674798162e-06
515	GTTATG515-520del	ORF1	VM84-85del	2025-05-11	10	43	14046	0.0030613697849921685
24452	A24452-24452del	S	964fs	2025-05-11	9	1	88290	1.1326311020500624e-05
21770	G21770A	S	V70I	2025-05-11	1	1	121612	8.222872742821432e-06
11668	C11668T	ORF1	N3801N	2025-05-11	9	2	264652	7.5570938439913545e-06
21639	C21639T	S	P26L	2025-05-11	6	1	431270	2.318733044264614e-06
6336	C6336-6336del	ORF1	2024fs	2025-05-11	4	1	5823486	1.7171845180017604e-07
3369	C3369T	ORF1	T1035I	2025-05-11	9	50496	105592	0.4782180468217289
3443	G3443C	ORF1	A1060P	2025-05-11	9	4	104296	3.835238168290251e-05
21617	ACA21617-21619del	S	T19del	2025-05-11	9	1	431271	2.31872766775415e-06
