Position	ORF	NT Change	AA Change	Associated Lineages	Grouping	Comparison	Abundance in Previous Time Span	Abundance in Current Time Span	Percent Change in Abundance	Major Lineages
23277	S	C23277T	T572I	XFG*,XEC.4*,MC.1*,XDK*,MU.1*,MC.13.4*,XFA*,LF.7.1.8*,MV.1.6*,KP.2.15.1*,JN.1.32*,NY.16.1*,XDV.1.3*,XDY.1.1*,NT.2.1*,PW.1*,MC.6.1*,JN.1.62*,XEC.35*,MH.1*,KP.2.27*,JN.1.16.3*,LF.7.3.6*,NY.19*,JN.1.47.2*,MC.30.1.1*,KP.2.3.8*,KP.2.14.1*,XEC.21*,MC.26.1*,NB.1.3.1*,LZ.3*,LP.4*,LB.1.2.2*,XDY.5.1*,JN.1.9.1*,JN.1.1.1*,KP.2.9*,KP.2.2.2*,XDD.3*,XEC.37*,XEC.2.2.1*,LF.7.6.5*,LD.1*,JN.1.7*,LF.7.7*,MC.9.2*,KP.1.2*,XFB*,LF.7.10.1*,KP.2.3.6*,XEC.25.1.1*,NL.5.1*,KV.2*,MG.1*,XEF.3*,NL.13*,JN.1.65*,MZ.5*,KW.1*,MC.11.3.1*,JN.1.4.3*,MC.8.1*,KP.5*	21	2025-02-23 to 2025-03-15 versus 2025-02-02 to 2025-02-22	0.076599	0.055543	-2.106	XFG,XEC.4,MC.1,LF.7.7.1
4683	ORF1a	C4683T	A1473V	XDV.1.5*,LB.1.4*,XFC.1.3*	34	2025-05-25 to 2025-06-14 versus 2025-05-04 to 2025-05-24	0.093155	0.157493	+6.434	NB.1.8.1
25793	ORF3a	G25793A	R134H	XDV.1.5.1*	34	2025-05-25 to 2025-06-14 versus 2025-05-04 to 2025-05-24	0.024737	0.051292	+2.656	NB.1.8.1
22994	S	A22994G, C22995A	T478E	LZ.2.1.1*,NY.17.1*,LF.7.8*,LP.8.1.15*,NY.7.2*,XFC.1.4*,ND.2*,NY.1.2*,PF.1*,NY.10*,NY.3.2*,XFC.1.1.1*,KP.2.13*	26	2025-03-30 to 2025-04-19 versus 2025-03-09 to 2025-03-29	0.022317	0.002522	-1.98	Does not define any major lineages.
23021	S	A23021G	N487D	XFG*,NY.11*,NY.11.1*,LP.8.1.2*	42	2025-07-20 to 2025-08-09 versus 2025-06-29 to 2025-07-19	0.427485	0.626975	+19.949	XFG
22599	S	G22599C	R346T	XFN*,JN.1.24.1*,MC.13.2.4*,LE.1*,MC.31*,XED*,JN.1.59.1*,MF.1*,KR.5*,MC.32.1*,JN.1.48.1*,MC.28.1.1*,XDD.1.1.1*,MC.33.1*,NB.1.2.1*,MZ.3*,PJ.1*,JN.1.11.2*,JN.1.8.2*,KZ.1.1*,LN.1.1*,XDR.1*,LU.1*,XEP.1.1*,JN.1.7.3*,MU.3*,JN.1.16.1*,JN.1.29.1*,LF.6*,JN.1.44.1*,LG.1*,KS.1*,XEH*,LF.8*,JN.1.25.1*,MC.17.1*,JN.1.18*,MQ.1*,JN.1.30.1*,NU.1*,LU.2*,JN.1.6.1*,MC.19*,KP.2*,PK.1*,JN.1.50.1*,JN.1.4.4*,JN.1.49.1*,MC.13.3.1*,MK.3*,JN.1.26*,MC.13.2.1*,PG.3*,JN.1.39.2*,JN.1.58.2*,JN.1.42.2*,KQ.1*,JN.1.1.3*,XEM*,JN.1.1.5*,KP.4.1*,MC.10.1.6*,JN.1.48.2*,JN.1.48.3*,JN.1.9.2*,XEC.27*,JN.1.18.8*,XES.1*,MC.33.2*,NB.1.6.1*,XDK.1*,MC.13.2.2*,XEK.7*	14	2025-01-05 to 2025-01-25 versus 2024-12-15 to 2025-01-04	0.13864	0.161569	+2.293	XFG,LP.8.1,LB.1.3.1,XFC,XEQ,LF.7.9,LF.7.7.2,LF.7.2.1,LF.7,LF.7.7.1
25793	ORF3a	G25793A	R134H	XDV.1.5.1*	41	2025-07-13 to 2025-08-02 versus 2025-06-22 to 2025-07-12	0.065359	0.048699	-1.666	NB.1.8.1
12924	ORF1a	C12924T	P4220L	XDV*	33	2025-05-18 to 2025-06-07 versus 2025-04-27 to 2025-05-17	0.104831	0.166021	+6.119	NB.1.8.1
22926	S	T22926C	L455S	No associated lineages	22	2025-03-02 to 2025-03-22 versus 2025-02-09 to 2025-03-01	0.654795	0.600597	-5.42	JN.1
23039	S	C23039G	Q493E	LP.8.1*,XFG*,KP.3*,XEQ*,XFH*,JN.1.16.4*,XDY*,JN.1.16.5*,LP.8.2*,KP.3.4*,XDY.9*,XEF*,XDY.1*,XFT*,XDY.5*,XDY.4*,XDY.11*,LF.7.1.11*,XET*,XDY.3*,NB.1.8*,XDY.6*,XDY.8*,XDY.2*,XDY.7*	11	2024-12-15 to 2025-01-04 versus 2024-11-24 to 2024-12-14	0.814054	0.866852	+5.28	XFG,LP.8.1,XFC,KP.3.1.1,XEC,XEQ,NB.1.8.1,KP.3,XEC.4,PA.1,MC.1,XEK,MC.10.1
6543	ORF1a	C6543T	T2093I	XFG.5.1*,KP.2.3.10*,KP.3.3.7*,KP.2.11*,NL.10*,PF.2.3*	22	2025-03-02 to 2025-03-22 versus 2025-02-09 to 2025-03-01	0.005276	0.020364	+1.509	Does not define any major lineages.
6701	ORF1a	C6701T	L2146F	XEQ*,KS.1.1.2*,XEL*,MC.38*	24	2025-03-16 to 2025-04-05 versus 2025-02-23 to 2025-03-15	0.020088	0.010958	-0.913	XEQ
4364	ORF1a	A4364C	I1367L	XEP*,XEC.2*,KP.3.3.4*	25	2025-03-23 to 2025-04-12 versus 2025-03-02 to 2025-03-22	0.035577	0.030359	-0.522	Does not define any major lineages.
20233	ORF1b	C20233T	P2256S	MC.32.1*,NW.1.2*	40	2025-07-06 to 2025-07-26 versus 2025-06-15 to 2025-07-05	0.021799	0.024706	+0.291	Does not define any major lineages.
23039	S	C23039G	Q493E	LP.8.1*,XFG*,KP.3*,XEQ*,XFH*,JN.1.16.4*,XDY*,JN.1.16.5*,LP.8.2*,KP.3.4*,XDY.9*,XEF*,XDY.1*,XFT*,XDY.5*,XDY.4*,XDY.11*,LF.7.1.11*,XET*,XDY.3*,NB.1.8*,XDY.6*,XDY.8*,XDY.2*,XDY.7*	33	2025-05-18 to 2025-06-07 versus 2025-04-27 to 2025-05-17	0.744825	0.757421	+1.26	XFG,LP.8.1,XFC,KP.3.1.1,XEC,XEQ,NB.1.8.1,KP.3,XEC.4,PA.1,MC.1,XEK,MC.10.1
25595	ORF3a	G25595T	R68I	XFB*,MC.24*,MC.24.2*	8	2024-11-24 to 2024-12-14 versus 2024-11-03 to 2024-11-23	0.024713	0.013919	-1.079	Does not define any major lineages.
7283	ORF1a	G7283T	V2340L	No associated lineages	37	2025-06-15 to 2025-07-05 versus 2025-05-25 to 2025-06-14	0.022468	0.024728	+0.226	Does not define any major lineages.
29409	N	C29409T	T379I	XFG*,LF.7.9*,LB.1.3.1*,NT.1*,MC.10.1.3*,XDS*,XEC.2.3*,NS.3*,XEC.35.1*	27	2025-04-06 to 2025-04-26 versus 2025-03-16 to 2025-04-05	0.022465	0.03658	+1.412	XFG,LB.1.3.1,LF.7.9
21627	S	C21627A	T22N	XFC*,XEC*,LF.7*,XEQ*,KP.3.3.9*,XFP*,MB.1.1*,NB.1*,KP.2.14*,KS.1.5*,JN.1.18.7*,MR.2*,XEN*,XDV.1.7.1*,MT.1.1*,PF.2*,KP.3.1.9*,PB.1*,MU.6*,JN.1.16.5*,PM.1*,KP.2.26*,LF.8.1.1*,KP.3.6*,MU.3*,KP.2.18*,KS.1.1*,MG.3*,NG.1*,LJ.1*,MJ.1.1*,XER*,PB.2*,KP.2.2.1*,NW.1.2*,MC.24.1*,LP.8.1.6*,PP.1*,XEL*	6	2024-11-10 to 2024-11-30 versus 2024-10-20 to 2024-11-09	0.33699	0.433524	+9.653	XFG,XFC,XEC,XEQ,NB.1.8.1,LF.7.9,XEC.4,LF.7.7.2,LF.7.2.1,XEK,LF.7,LF.7.7.1
21627	S	C21627A	T22N	XFC*,XEC*,LF.7*,XEQ*,KP.3.3.9*,XFP*,MB.1.1*,NB.1*,KP.2.14*,KS.1.5*,JN.1.18.7*,MR.2*,XEN*,XDV.1.7.1*,MT.1.1*,PF.2*,KP.3.1.9*,PB.1*,MU.6*,JN.1.16.5*,PM.1*,KP.2.26*,LF.8.1.1*,KP.3.6*,MU.3*,KP.2.18*,KS.1.1*,MG.3*,NG.1*,LJ.1*,MJ.1.1*,XER*,PB.2*,KP.2.2.1*,NW.1.2*,MC.24.1*,LP.8.1.6*,PP.1*,XEL*	25	2025-03-23 to 2025-04-12 versus 2025-03-02 to 2025-03-22	0.442397	0.270704	-17.169	XFG,XFC,XEC,XEQ,NB.1.8.1,LF.7.9,XEC.4,LF.7.7.2,LF.7.2.1,XEK,LF.7,LF.7.7.1
22995	S	C22995T	T478I	LF.7.10*,NL.9*,XDV.1.5*,QD.1*,ND.3*,LN.1.1*	35	2025-06-01 to 2025-06-21 versus 2025-05-11 to 2025-05-31	0.061102	0.208096	+14.699	NB.1.8.1
11727	ORF1a	G11727A	R3821K	No associated lineages	40	2025-07-06 to 2025-07-26 versus 2025-06-15 to 2025-07-05	0.814918	0.810017	-0.49	JN.1
22895	S	G22895C, T22896G	V445R	LP.8.1*,XFG*,NZ.1*,LP.8.2*,MK.3*,LF.7.12.1*,MC.32.1*,XEC.27*,XFT*,MC.33.1*,MC.19.1*	32	2025-05-11 to 2025-05-31 versus 2025-04-20 to 2025-05-10	0.236132	0.394269	+15.814	XFG,LP.8.1,XFC
7113	ORF1a	C7113T	T2283I	PY.5*,XDV*,JN.1.11.1*,KU.2*,XFG.19*	7	2024-11-17 to 2024-12-07 versus 2024-10-27 to 2024-11-16	0.484868	0.503311	+1.844	LP.8.1,XFC,KP.3.1.1,NB.1.8.1,KP.3,PA.1,MC.1,XEK,MC.10.1
22926	S	T22926C	L455S	No associated lineages	23	2025-03-09 to 2025-03-29 versus 2025-02-16 to 2025-03-08	0.636411	0.609739	-2.667	JN.1
22928	S	T22928C	F456L	JN.1.7.9*,LR.1*,KU.2*,JN.1.39.1*,KR.5*,KR.1*,JN.1.67.1*,JN.1.48.1*,JN.1.62*,NS.3*,LN.1.1*,KR.3*,JN.1.29.1*,JN.1.1.8*,JN.1.4.9*,LF.6*,XDR.1.1*,KS.1*,LF.8*,JN.1.18.5*,LL.1*,XDK.1.2*,KR.4.1*,XDK.4.1*,LM.1*,MD.3.1*,LZ.1*,KW.1.1*,XDD.3*,LQ.1*,JN.1.1.6*,XDK.3*,JN.1.11.1*,JN.1.55.2*,JN.1.16*,XDK.6*,JN.1.55.1*,JN.1.48.3*,LR.3*,JN.1.50*,JN.1.51.1*,JN.1.15.1*,MD.1*,JN.1.7.8*,XDK.5*,LZ.2.2*,XDV.1*,JN.1.18.9*,JN.1.18.4*,LZ.2.1*,LE.1.3.1*,JN.1.65.1*	39	2025-06-29 to 2025-07-19 versus 2025-06-08 to 2025-06-28	0.75563	0.739998	-1.563	XFG,LP.8.1,LB.1.3.1,XFC,KP.3.1.1,XEC,XEQ,NB.1.8.1,LF.7.9,KP.3,XEC.4,LF.7.7.2,PA.1,MC.1,LF.7.2.1,XEK,LF.7,LF.7.7.1,MC.10.1
21653	S	T21653C	S31P	XFC*,LF.7*,XFN*,XFP*,MT.1*,KP.2.26*,KP.3.2.6*,MJ.1*,NF.1*,XER*,JN.1.40*	4	2024-10-27 to 2024-11-16 versus 2024-10-06 to 2024-10-26	0.025972	0.053401	+2.743	XFG,XFC,LF.7.9,LF.7.7.2,LF.7.2.1,LF.7,LF.7.7.1
22893	S	A22893G	K444R	LF.7*,JN.1.23*,JN.1.61*,XER*,NY.3.1.1*,NA.1.1*	17	2025-01-26 to 2025-02-15 versus 2025-01-05 to 2025-01-25	0.035433	0.041491	+0.606	XFG,LF.7.9,LF.7.7.2,LF.7.2.1,LF.7,LF.7.7.1
24257	S	G24257T	A899S	PA.1.4*,NF.1.1*	31	2025-05-04 to 2025-05-24 versus 2025-04-13 to 2025-05-03	0.021703	0.008598	-1.311	Does not define any major lineages.
6255	ORF1a	C6255T	A1997V	LP.8.1*,LP.11*,XFV*,LP.8.2*	9	2024-12-01 to 2024-12-21 versus 2024-11-10 to 2024-11-30	0.032625	0.050802	+1.818	LP.8.1,XFC
22031	S	T22031-22031del, 22035-insertG	FR157-158SG	No associated lineages	21	2025-02-23 to 2025-03-15 versus 2025-02-02 to 2025-02-22	0.751961	0.687	-6.496	Does not define any major lineages.
28254	ORF8	A28254-28254del	121fs	No associated lineages	33	2025-05-18 to 2025-06-07 versus 2025-04-27 to 2025-05-17	0.01247	0.024843	+1.237	Does not define any major lineages.
22895	S	G22895C, T22896C	V445P	LF.7.9*,LF.7.7.2*,PA.1*,LB.1.3.1*,LK.1*,XFP*,NS.1.1*,MV.1.1.1*,LP.1.2.1*,XFG.1*,KP.2.3.4*,NN.1*,LF.3.1*,NC.1.2*,JN.1.1.8*,MA.1.1.1*,LF.7.8*,LP.9*,MU.2.1.1*,LF.7.10.1*,LF.7.6.2*,KP.2.28.1*,JN.1.50*,LB.1.10*,LF.7.1.10*,MU.5*,QJ.1*	42	2025-07-20 to 2025-08-09 versus 2025-06-29 to 2025-07-19	0.03479	0.011708	-2.308	LB.1.3.1,LF.7.9,LF.7.7.2,PA.1
15451	ORF1b	G15451A	G662S	XDV*	31	2025-05-04 to 2025-05-24 versus 2025-04-13 to 2025-05-03	0.017442	0.049215	+3.177	NB.1.8.1
4683	ORF1a	C4683T	A1473V	XDV.1.5*,LB.1.4*,XFC.1.3*	32	2025-05-11 to 2025-05-31 versus 2025-04-20 to 2025-05-10	0.063021	0.110161	+4.714	NB.1.8.1
15009	ORF1b	T15009A	D514E	No associated lineages	42	2025-07-20 to 2025-08-09 versus 2025-06-29 to 2025-07-19	0.032979	0.033904	+0.092	Does not define any major lineages.
22926	S	T22926C	L455S	No associated lineages	19	2025-02-09 to 2025-03-01 versus 2025-01-19 to 2025-02-08	0.870535	0.654795	-21.574	JN.1
22107	S	A22107G	K182R	XFC*,LF.7*,XFN*,XFP*,XER*,KP.2.2.2*,LB.1.3.3*,MC.15*,XEC.1*	30	2025-04-27 to 2025-05-17 versus 2025-04-06 to 2025-04-26	0.05211	0.113439	+6.133	XFG,XFC,LF.7.9,LF.7.7.2,LF.7.2.1,LF.7,LF.7.7.1
22599	S	G22599C	R346T	XFN*,JN.1.24.1*,MC.13.2.4*,LE.1*,MC.31*,XED*,JN.1.59.1*,MF.1*,KR.5*,MC.32.1*,JN.1.48.1*,MC.28.1.1*,XDD.1.1.1*,MC.33.1*,NB.1.2.1*,MZ.3*,PJ.1*,JN.1.11.2*,JN.1.8.2*,KZ.1.1*,LN.1.1*,XDR.1*,LU.1*,XEP.1.1*,JN.1.7.3*,MU.3*,JN.1.16.1*,JN.1.29.1*,LF.6*,JN.1.44.1*,LG.1*,KS.1*,XEH*,LF.8*,JN.1.25.1*,MC.17.1*,JN.1.18*,MQ.1*,JN.1.30.1*,NU.1*,LU.2*,JN.1.6.1*,MC.19*,KP.2*,PK.1*,JN.1.50.1*,JN.1.4.4*,JN.1.49.1*,MC.13.3.1*,MK.3*,JN.1.26*,MC.13.2.1*,PG.3*,JN.1.39.2*,JN.1.58.2*,JN.1.42.2*,KQ.1*,JN.1.1.3*,XEM*,JN.1.1.5*,KP.4.1*,MC.10.1.6*,JN.1.48.2*,JN.1.48.3*,JN.1.9.2*,XEC.27*,JN.1.18.8*,XES.1*,MC.33.2*,NB.1.6.1*,XDK.1*,MC.13.2.2*,XEK.7*	9	2024-12-01 to 2024-12-21 versus 2024-11-10 to 2024-11-30	0.133432	0.115392	-1.804	XFG,LP.8.1,LB.1.3.1,XFC,XEQ,LF.7.9,LF.7.7.2,LF.7.2.1,LF.7,LF.7.7.1
686	ORF1a	AAGTCATTT686-694del	KSF141-143del	MJ.1.1*,MJ.2.1*,ND.3*,XDV.1.7.5*	26	2025-03-30 to 2025-04-19 versus 2025-03-09 to 2025-03-29	0.009498	0.034137	+2.464	Does not define any major lineages.
23277	S	C23277T	T572I	XFG*,XEC.4*,MC.1*,XDK*,MU.1*,MC.13.4*,XFA*,LF.7.1.8*,MV.1.6*,KP.2.15.1*,JN.1.32*,NY.16.1*,XDV.1.3*,XDY.1.1*,NT.2.1*,PW.1*,MC.6.1*,JN.1.62*,XEC.35*,MH.1*,KP.2.27*,JN.1.16.3*,LF.7.3.6*,NY.19*,JN.1.47.2*,MC.30.1.1*,KP.2.3.8*,KP.2.14.1*,XEC.21*,MC.26.1*,NB.1.3.1*,LZ.3*,LP.4*,LB.1.2.2*,XDY.5.1*,JN.1.9.1*,JN.1.1.1*,KP.2.9*,KP.2.2.2*,XDD.3*,XEC.37*,XEC.2.2.1*,LF.7.6.5*,LD.1*,JN.1.7*,LF.7.7*,MC.9.2*,KP.1.2*,XFB*,LF.7.10.1*,KP.2.3.6*,XEC.25.1.1*,NL.5.1*,KV.2*,MG.1*,XEF.3*,NL.13*,JN.1.65*,MZ.5*,KW.1*,MC.11.3.1*,JN.1.4.3*,MC.8.1*,KP.5*	39	2025-06-29 to 2025-07-19 versus 2025-06-08 to 2025-06-28	0.200619	0.361265	+16.065	XFG,XEC.4,MC.1,LF.7.7.1
28883	N	G28883C, G28884C	G204P	PP.1.1.1*,MC.24.1*,PQ.1.1*,KP.3.3*,XEP*	4	2024-10-27 to 2024-11-16 versus 2024-10-06 to 2024-10-26	0.186777	0.238052	+5.128	XEC,XEC.4,XEK
22111	S	G22111T	Q183H	XFB*,LB.1*,JN.1.9*,XFR*,LY.2*,JN.1.32.1*	6	2024-11-10 to 2024-11-30 versus 2024-10-20 to 2024-11-09	0.027354	0.016816	-1.054	LB.1.3.1
22120	S	C22120A	F186L	LP.8.1*,LP.8.2*,XFT*	8	2024-11-24 to 2024-12-14 versus 2024-11-03 to 2024-11-23	0.015531	0.028235	+1.27	LP.8.1
13121	ORF1a	A13121T	S4286C	KP.3.1.1*,XFA*,XFK*,XEW*	17	2025-01-26 to 2025-02-15 versus 2025-01-05 to 2025-01-25	0.253337	0.214159	-3.918	KP.3.1.1,PA.1,MC.1,MC.10.1
23021	S	A23021G	N487D	XFG*,NY.11*,NY.11.1*,LP.8.1.2*	34	2025-05-25 to 2025-06-14 versus 2025-05-04 to 2025-05-24	0.079121	0.136611	+5.749	XFG
21653	S	T21653C	S31P	XFC*,LF.7*,XFN*,XFP*,MT.1*,KP.2.26*,KP.3.2.6*,MJ.1*,NF.1*,XER*,JN.1.40*	2	2024-10-13 to 2024-11-02 versus 2024-09-22 to 2024-10-12	0.006909	0.034264	+2.736	XFG,XFC,LF.7.9,LF.7.7.2,LF.7.2.1,LF.7,LF.7.7.1
405	ORF1a	A405G	K47R	XDR*,XDK*,XDS*,XDD*	40	2025-07-06 to 2025-07-26 versus 2025-06-15 to 2025-07-05	0.205281	0.176104	-2.918	NB.1.8.1
3948	ORF1a	A3948G	D1228G	MC.10.1.7*	29	2025-04-20 to 2025-05-10 versus 2025-03-30 to 2025-04-19	0.001509	0.026961	+2.545	Does not define any major lineages.
3096	ORF1a	C3096T	S944L	NB.1.3.1*,PF.2*	32	2025-05-11 to 2025-05-31 versus 2025-04-20 to 2025-05-10	0.015282	0.022483	+0.72	Does not define any major lineages.
21627	S	C21627A	T22N	XFC*,XEC*,LF.7*,XEQ*,KP.3.3.9*,XFP*,MB.1.1*,NB.1*,KP.2.14*,KS.1.5*,JN.1.18.7*,MR.2*,XEN*,XDV.1.7.1*,MT.1.1*,PF.2*,KP.3.1.9*,PB.1*,MU.6*,JN.1.16.5*,PM.1*,KP.2.26*,LF.8.1.1*,KP.3.6*,MU.3*,KP.2.18*,KS.1.1*,MG.3*,NG.1*,LJ.1*,MJ.1.1*,XER*,PB.2*,KP.2.2.1*,NW.1.2*,MC.24.1*,LP.8.1.6*,PP.1*,XEL*	30	2025-04-27 to 2025-05-17 versus 2025-04-06 to 2025-04-26	0.262653	0.272919	+1.027	XFG,XFC,XEC,XEQ,NB.1.8.1,LF.7.9,XEC.4,LF.7.7.2,LF.7.2.1,XEK,LF.7,LF.7.7.1
22895	S	G22895C, T22896C	V445P	LF.7.9*,LF.7.7.2*,PA.1*,LB.1.3.1*,LK.1*,XFP*,NS.1.1*,MV.1.1.1*,LP.1.2.1*,XFG.1*,KP.2.3.4*,NN.1*,LF.3.1*,NC.1.2*,JN.1.1.8*,MA.1.1.1*,LF.7.8*,LP.9*,MU.2.1.1*,LF.7.10.1*,LF.7.6.2*,KP.2.28.1*,JN.1.50*,LB.1.10*,LF.7.1.10*,MU.5*,QJ.1*	21	2025-02-23 to 2025-03-15 versus 2025-02-02 to 2025-02-22	0.029268	0.051877	+2.261	LB.1.3.1,LF.7.9,LF.7.7.2,PA.1
22107	S	A22107G	K182R	XFC*,LF.7*,XFN*,XFP*,XER*,KP.2.2.2*,LB.1.3.3*,MC.15*,XEC.1*	25	2025-03-23 to 2025-04-12 versus 2025-03-02 to 2025-03-22	0.06026	0.057994	-0.227	XFG,XFC,LF.7.9,LF.7.7.2,LF.7.2.1,LF.7,LF.7.7.1
4364	ORF1a	A4364C	I1367L	XEP*,XEC.2*,KP.3.3.4*	23	2025-03-09 to 2025-03-29 versus 2025-02-16 to 2025-03-08	0.055328	0.032578	-2.275	Does not define any major lineages.
24872	S	G24872T	V1104L	XEQ*,XDY.3*,XDY.9*,XDY.6*,JN.1.11*,XEF*,XDY.8*,XDY.1*,XDY*,XDY.2*,XDY.5*,XDY.4*,LB.1.1*,XFT*,XDY.11*,XDY.7*	33	2025-05-18 to 2025-06-07 versus 2025-04-27 to 2025-05-17	0.568373	0.564728	-0.365	LP.8.1,XFC,KP.3.1.1,XEC,XEQ,KP.3,XEC.4,PA.1,MC.1,XEK,MC.10.1
7279	ORF1a	C7279A	F2338L	No associated lineages	39	2025-06-29 to 2025-07-19 versus 2025-06-08 to 2025-06-28	0.024501	0.031113	+0.661	Does not define any major lineages.
12854	ORF1a	C12854T	P4197S	NB.1*	28	2025-04-13 to 2025-05-03 versus 2025-03-23 to 2025-04-12	0.0201	0.063222	+4.312	NB.1.8.1
22120	S	C22120A	F186L	LP.8.1*,LP.8.2*,XFT*	39	2025-06-29 to 2025-07-19 versus 2025-06-08 to 2025-06-28	0.166248	0.178003	+1.175	LP.8.1
22928	S	T22928C	F456L	JN.1.7.9*,LR.1*,KU.2*,JN.1.39.1*,KR.5*,KR.1*,JN.1.67.1*,JN.1.48.1*,JN.1.62*,NS.3*,LN.1.1*,KR.3*,JN.1.29.1*,JN.1.1.8*,JN.1.4.9*,LF.6*,XDR.1.1*,KS.1*,LF.8*,JN.1.18.5*,LL.1*,XDK.1.2*,KR.4.1*,XDK.4.1*,LM.1*,MD.3.1*,LZ.1*,KW.1.1*,XDD.3*,LQ.1*,JN.1.1.6*,XDK.3*,JN.1.11.1*,JN.1.55.2*,JN.1.16*,XDK.6*,JN.1.55.1*,JN.1.48.3*,LR.3*,JN.1.50*,JN.1.51.1*,JN.1.15.1*,MD.1*,JN.1.7.8*,XDK.5*,LZ.2.2*,XDV.1*,JN.1.18.9*,JN.1.18.4*,LZ.2.1*,LE.1.3.1*,JN.1.65.1*	14	2025-01-05 to 2025-01-25 versus 2024-12-15 to 2025-01-04	0.968317	0.963646	-0.467	XFG,LP.8.1,LB.1.3.1,XFC,KP.3.1.1,XEC,XEQ,NB.1.8.1,LF.7.9,KP.3,XEC.4,LF.7.7.2,PA.1,MC.1,LF.7.2.1,XEK,LF.7,LF.7.7.1,MC.10.1
22107	S	A22107G	K182R	XFC*,LF.7*,XFN*,XFP*,XER*,KP.2.2.2*,LB.1.3.3*,MC.15*,XEC.1*	10	2024-12-08 to 2024-12-28 versus 2024-11-17 to 2024-12-07	0.02997	0.032976	+0.301	XFG,XFC,LF.7.9,LF.7.7.2,LF.7.2.1,LF.7,LF.7.7.1
22132	S	G22132T	R190S	LP.8.1*,LF.7*,XFN*,XFP*,LB.1.4.1*,NC.1*,MA.1*,JN.1.59.1*,LP.7*,XEL.4*,NL.5.2*,NL.22.1*,NK.1*,LB.1.11*,LB.1.7.4*,LP.1.2*,XER*,LZ.4*,KP.4.2.6*,KP.4.2.4*,MC.19.1.1*,NL.1*,MC.33.1.1*	26	2025-03-30 to 2025-04-19 versus 2025-03-09 to 2025-03-29	0.34472	0.39974	+5.502	XFG,LP.8.1,XFC,LF.7.9,LF.7.7.2,LF.7.2.1,LF.7,LF.7.7.1
25324	S	C25324A	C1254*	No associated lineages	30	2025-04-27 to 2025-05-17 versus 2025-04-06 to 2025-04-26	0.016593	0.019873	+0.328	Does not define any major lineages.
22108	S	A22108T	K182N	MB.1.1*,XEC.27.2*,LU.2.1.1*,KP.1.1.1*,XEC.11*	24	2025-03-16 to 2025-04-05 versus 2025-02-23 to 2025-03-15	0.017275	0.028628	+1.135	Does not define any major lineages.
14964	ORF1b	A14964C	K499N	No associated lineages	33	2025-05-18 to 2025-06-07 versus 2025-04-27 to 2025-05-17	0.018976	0.02211	+0.313	Does not define any major lineages.
7279	ORF1a	C7279A	F2338L	No associated lineages	34	2025-05-25 to 2025-06-14 versus 2025-05-04 to 2025-05-24	0.022747	0.022786	+0.004	Does not define any major lineages.
22599	S	G22599C	R346T	XFN*,JN.1.24.1*,MC.13.2.4*,LE.1*,MC.31*,XED*,JN.1.59.1*,MF.1*,KR.5*,MC.32.1*,JN.1.48.1*,MC.28.1.1*,XDD.1.1.1*,MC.33.1*,NB.1.2.1*,MZ.3*,PJ.1*,JN.1.11.2*,JN.1.8.2*,KZ.1.1*,LN.1.1*,XDR.1*,LU.1*,XEP.1.1*,JN.1.7.3*,MU.3*,JN.1.16.1*,JN.1.29.1*,LF.6*,JN.1.44.1*,LG.1*,KS.1*,XEH*,LF.8*,JN.1.25.1*,MC.17.1*,JN.1.18*,MQ.1*,JN.1.30.1*,NU.1*,LU.2*,JN.1.6.1*,MC.19*,KP.2*,PK.1*,JN.1.50.1*,JN.1.4.4*,JN.1.49.1*,MC.13.3.1*,MK.3*,JN.1.26*,MC.13.2.1*,PG.3*,JN.1.39.2*,JN.1.58.2*,JN.1.42.2*,KQ.1*,JN.1.1.3*,XEM*,JN.1.1.5*,KP.4.1*,MC.10.1.6*,JN.1.48.2*,JN.1.48.3*,JN.1.9.2*,XEC.27*,JN.1.18.8*,XES.1*,MC.33.2*,NB.1.6.1*,XDK.1*,MC.13.2.2*,XEK.7*	11	2024-12-15 to 2025-01-04 versus 2024-11-24 to 2024-12-14	0.118511	0.13864	+2.013	XFG,LP.8.1,LB.1.3.1,XFC,XEQ,LF.7.9,LF.7.7.2,LF.7.2.1,LF.7,LF.7.7.1
405	ORF1a	A405G	K47R	XDR*,XDK*,XDS*,XDD*	36	2025-06-08 to 2025-06-28 versus 2025-05-18 to 2025-06-07	0.146794	0.213573	+6.678	NB.1.8.1
686	ORF1a	AAGTCATTT686-694del	KSF141-143del	MJ.1.1*,MJ.2.1*,ND.3*,XDV.1.7.5*	33	2025-05-18 to 2025-06-07 versus 2025-04-27 to 2025-05-17	0.023989	0.016483	-0.751	Does not define any major lineages.
24819	S	A24819G	K1086R	KP.1.1*,XFT*,KP.1*	14	2025-01-05 to 2025-01-25 versus 2024-12-15 to 2025-01-04	0.074617	0.124679	+5.006	LP.8.1,XFC
25492	ORF3a	A25492G	T34A	PA.1.4*	32	2025-05-11 to 2025-05-31 versus 2025-04-20 to 2025-05-10	0.025789	0.001417	-2.437	Does not define any major lineages.
16943	ORF1b	G16943T	S1159I	XEQ*	15	2025-01-12 to 2025-02-01 versus 2024-12-22 to 2025-01-11	0.021221	0.024748	+0.353	XEQ
22132	S	G22132T	R190S	LP.8.1*,LF.7*,XFN*,XFP*,LB.1.4.1*,NC.1*,MA.1*,JN.1.59.1*,LP.7*,XEL.4*,NL.5.2*,NL.22.1*,NK.1*,LB.1.11*,LB.1.7.4*,LP.1.2*,XER*,LZ.4*,KP.4.2.6*,KP.4.2.4*,MC.19.1.1*,NL.1*,MC.33.1.1*	2	2024-10-13 to 2024-11-02 versus 2024-09-22 to 2024-10-12	0.02096	0.028496	+0.754	XFG,LP.8.1,XFC,LF.7.9,LF.7.7.2,LF.7.2.1,LF.7,LF.7.7.1
2949	ORF1a	T2949G	I895S	No associated lineages	27	2025-04-06 to 2025-04-26 versus 2025-03-16 to 2025-04-05	0.024815	0.015916	-0.89	Does not define any major lineages.
27810	ORF7b	T27810C	F19L	No associated lineages	33	2025-05-18 to 2025-06-07 versus 2025-04-27 to 2025-05-17	0.55477	0.602636	+4.787	JN.1
7279	ORF1a	C7279A	F2338L	No associated lineages	40	2025-07-06 to 2025-07-26 versus 2025-06-15 to 2025-07-05	0.028787	0.025585	-0.32	Does not define any major lineages.
21137	ORF1b	A21137G	K2557R	JN.1.58*,MV.2*,KP.3.2.9*,JN.1.7.7*,NW.1.4*,MC.23*,MV.1.1*,XFG.2*,NL.12*	41	2025-07-13 to 2025-08-02 versus 2025-06-22 to 2025-07-12	0.123749	0.149245	+2.55	Does not define any major lineages.
28254	ORF8	A28254-28254del	121fs	No associated lineages	36	2025-06-08 to 2025-06-28 versus 2025-05-18 to 2025-06-07	0.024843	0.019018	-0.583	Does not define any major lineages.
21652	S	TTC21652-21654del	NS30-31Ndel	No associated lineages	5	2024-11-03 to 2024-11-23 versus 2024-10-13 to 2024-11-02	0.574208	0.429724	-14.448	LP.8.1,LB.1.3.1,KP.3.1.1,PA.1,MC.1,MC.10.1
23933	S	A23933G	T791A	XFJ*,XFP*,XFM*	35	2025-06-01 to 2025-06-21 versus 2025-05-11 to 2025-05-31	0.0075	0.027624	+2.012	Does not define any major lineages.
21627	S	C21627A	T22N	XFC*,XEC*,LF.7*,XEQ*,KP.3.3.9*,XFP*,MB.1.1*,NB.1*,KP.2.14*,KS.1.5*,JN.1.18.7*,MR.2*,XEN*,XDV.1.7.1*,MT.1.1*,PF.2*,KP.3.1.9*,PB.1*,MU.6*,JN.1.16.5*,PM.1*,KP.2.26*,LF.8.1.1*,KP.3.6*,MU.3*,KP.2.18*,KS.1.1*,MG.3*,NG.1*,LJ.1*,MJ.1.1*,XER*,PB.2*,KP.2.2.1*,NW.1.2*,MC.24.1*,LP.8.1.6*,PP.1*,XEL*	19	2025-02-09 to 2025-03-01 versus 2025-01-19 to 2025-02-08	0.544323	0.51021	-3.411	XFG,XFC,XEC,XEQ,NB.1.8.1,LF.7.9,XEC.4,LF.7.7.2,LF.7.2.1,XEK,LF.7,LF.7.7.1
7869	ORF1a	C7869T	S2535L	LF.7*	15	2025-01-12 to 2025-02-01 versus 2024-12-22 to 2025-01-11	0.0265	0.047231	+2.073	XFG,LF.7.9,LF.7.7.2,LF.7.2.1,LF.7,LF.7.7.1
14290	ORF1b	G14290T	D275Y	NB.1*	27	2025-04-06 to 2025-04-26 versus 2025-03-16 to 2025-04-05	0.013686	0.039014	+2.533	NB.1.8.1
22120	S	C22120A	F186L	LP.8.1*,LP.8.2*,XFT*	38	2025-06-22 to 2025-07-12 versus 2025-06-01 to 2025-06-21	0.175539	0.191251	+1.571	LP.8.1
24819	S	A24819G	K1086R	KP.1.1*,XFT*,KP.1*	32	2025-05-11 to 2025-05-31 versus 2025-04-20 to 2025-05-10	0.582374	0.540575	-4.18	LP.8.1,XFC
22884	S	T22884G	L441R	LF.7.9*,LF.7.6.2*,XFP*,MV.1.5*	40	2025-07-06 to 2025-07-26 versus 2025-06-15 to 2025-07-05	0.032457	0.030505	-0.195	LF.7.9
23039	S	C23039G	Q493E	LP.8.1*,XFG*,KP.3*,XEQ*,XFH*,JN.1.16.4*,XDY*,JN.1.16.5*,LP.8.2*,KP.3.4*,XDY.9*,XEF*,XDY.1*,XFT*,XDY.5*,XDY.4*,XDY.11*,LF.7.1.11*,XET*,XDY.3*,NB.1.8*,XDY.6*,XDY.8*,XDY.2*,XDY.7*	19	2025-02-09 to 2025-03-01 versus 2025-01-19 to 2025-02-08	0.748806	0.81967	+7.086	XFG,LP.8.1,XFC,KP.3.1.1,XEC,XEQ,NB.1.8.1,KP.3,XEC.4,PA.1,MC.1,XEK,MC.10.1
22419	S	C22419T	T286I	XFG.19*	42	2025-07-20 to 2025-08-09 versus 2025-06-29 to 2025-07-19	0.001632	0.043306	+4.167	Does not define any major lineages.
21627	S	C21627A	T22N	XFC*,XEC*,LF.7*,XEQ*,KP.3.3.9*,XFP*,MB.1.1*,NB.1*,KP.2.14*,KS.1.5*,JN.1.18.7*,MR.2*,XEN*,XDV.1.7.1*,MT.1.1*,PF.2*,KP.3.1.9*,PB.1*,MU.6*,JN.1.16.5*,PM.1*,KP.2.26*,LF.8.1.1*,KP.3.6*,MU.3*,KP.2.18*,KS.1.1*,MG.3*,NG.1*,LJ.1*,MJ.1.1*,XER*,PB.2*,KP.2.2.1*,NW.1.2*,MC.24.1*,LP.8.1.6*,PP.1*,XEL*	21	2025-02-23 to 2025-03-15 versus 2025-02-02 to 2025-02-22	0.554751	0.42738	-12.737	XFG,XFC,XEC,XEQ,NB.1.8.1,LF.7.9,XEC.4,LF.7.7.2,LF.7.2.1,XEK,LF.7,LF.7.7.1
6501	ORF1a	C6501A	P2079Q	XDV*	30	2025-04-27 to 2025-05-17 versus 2025-04-06 to 2025-04-26	0.025779	0.072299	+4.652	NB.1.8.1
21652	S	TTC21652-21654del	NS30-31Ndel	No associated lineages	26	2025-03-30 to 2025-04-19 versus 2025-03-09 to 2025-03-29	0.503956	0.546196	+4.224	LP.8.1,LB.1.3.1,KP.3.1.1,PA.1,MC.1,MC.10.1
7113	ORF1a	C7113T	T2283I	PY.5*,XDV*,JN.1.11.1*,KU.2*,XFG.19*	27	2025-04-06 to 2025-04-26 versus 2025-03-16 to 2025-04-05	0.48122	0.501471	+2.025	LP.8.1,XFC,KP.3.1.1,NB.1.8.1,KP.3,PA.1,MC.1,XEK,MC.10.1
25699	ORF3a	G25699A	A103T	NY.15*	33	2025-05-18 to 2025-06-07 versus 2025-04-27 to 2025-05-17	0.010537	0.023916	+1.338	Does not define any major lineages.
16342	ORF1b	T16342C	S959P	XDV*	32	2025-05-11 to 2025-05-31 versus 2025-04-20 to 2025-05-10	0.054965	0.127492	+7.253	NB.1.8.1
29409	N	C29409T	T379I	XFG*,LF.7.9*,LB.1.3.1*,NT.1*,MC.10.1.3*,XDS*,XEC.2.3*,NS.3*,XEC.35.1*	35	2025-06-01 to 2025-06-21 versus 2025-05-11 to 2025-05-31	0.139208	0.194774	+5.557	XFG,LB.1.3.1,LF.7.9
22895	S	G22895C, T22896C	V445P	LF.7.9*,LF.7.7.2*,PA.1*,LB.1.3.1*,LK.1*,XFP*,NS.1.1*,MV.1.1.1*,LP.1.2.1*,XFG.1*,KP.2.3.4*,NN.1*,LF.3.1*,NC.1.2*,JN.1.1.8*,MA.1.1.1*,LF.7.8*,LP.9*,MU.2.1.1*,LF.7.10.1*,LF.7.6.2*,KP.2.28.1*,JN.1.50*,LB.1.10*,LF.7.1.10*,MU.5*,QJ.1*	35	2025-06-01 to 2025-06-21 versus 2025-05-11 to 2025-05-31	0.034305	0.020777	-1.353	LB.1.3.1,LF.7.9,LF.7.7.2,PA.1
21627	S	C21627A	T22N	XFC*,XEC*,LF.7*,XEQ*,KP.3.3.9*,XFP*,MB.1.1*,NB.1*,KP.2.14*,KS.1.5*,JN.1.18.7*,MR.2*,XEN*,XDV.1.7.1*,MT.1.1*,PF.2*,KP.3.1.9*,PB.1*,MU.6*,JN.1.16.5*,PM.1*,KP.2.26*,LF.8.1.1*,KP.3.6*,MU.3*,KP.2.18*,KS.1.1*,MG.3*,NG.1*,LJ.1*,MJ.1.1*,XER*,PB.2*,KP.2.2.1*,NW.1.2*,MC.24.1*,LP.8.1.6*,PP.1*,XEL*	37	2025-06-15 to 2025-07-05 versus 2025-05-25 to 2025-06-14	0.547855	0.626197	+7.834	XFG,XFC,XEC,XEQ,NB.1.8.1,LF.7.9,XEC.4,LF.7.7.2,LF.7.2.1,XEK,LF.7,LF.7.7.1
18131	ORF1b	C18131T	T1555I	LB.1.3*	20	2025-02-16 to 2025-03-08 versus 2025-01-26 to 2025-02-15	0.04163	0.03052	-1.111	LB.1.3.1
24872	S	G24872T	V1104L	XEQ*,XDY.3*,XDY.9*,XDY.6*,JN.1.11*,XEF*,XDY.8*,XDY.1*,XDY*,XDY.2*,XDY.5*,XDY.4*,LB.1.1*,XFT*,XDY.11*,XDY.7*	36	2025-06-08 to 2025-06-28 versus 2025-05-18 to 2025-06-07	0.564728	0.30557	-25.916	LP.8.1,XFC,KP.3.1.1,XEC,XEQ,KP.3,XEC.4,PA.1,MC.1,XEK,MC.10.1
1895	ORF1a	G1895A	V544I	LF.7.9.1*	34	2025-05-25 to 2025-06-14 versus 2025-05-04 to 2025-05-24	0.056982	0.019601	-3.738	Does not define any major lineages.
22895	S	G22895C, T22896G	V445R	LP.8.1*,XFG*,NZ.1*,LP.8.2*,MK.3*,LF.7.12.1*,MC.32.1*,XEC.27*,XFT*,MC.33.1*,MC.19.1*	39	2025-06-29 to 2025-07-19 versus 2025-06-08 to 2025-06-28	0.366177	0.370918	+0.474	XFG,LP.8.1,XFC
27810	ORF7b	T27810C	F19L	No associated lineages	13	2024-12-29 to 2025-01-18 versus 2024-12-08 to 2024-12-28	0.649282	0.732521	+8.324	JN.1
25083	S	C25083T	A1174V	NW.1*,KP.2.3.12*,MC.1.2*,XEC.28*	38	2025-06-22 to 2025-07-12 versus 2025-06-01 to 2025-06-21	0.034074	0.052123	+1.805	Does not define any major lineages.
22599	S	G22599C	R346T	XFN*,JN.1.24.1*,MC.13.2.4*,LE.1*,MC.31*,XED*,JN.1.59.1*,MF.1*,KR.5*,MC.32.1*,JN.1.48.1*,MC.28.1.1*,XDD.1.1.1*,MC.33.1*,NB.1.2.1*,MZ.3*,PJ.1*,JN.1.11.2*,JN.1.8.2*,KZ.1.1*,LN.1.1*,XDR.1*,LU.1*,XEP.1.1*,JN.1.7.3*,MU.3*,JN.1.16.1*,JN.1.29.1*,LF.6*,JN.1.44.1*,LG.1*,KS.1*,XEH*,LF.8*,JN.1.25.1*,MC.17.1*,JN.1.18*,MQ.1*,JN.1.30.1*,NU.1*,LU.2*,JN.1.6.1*,MC.19*,KP.2*,PK.1*,JN.1.50.1*,JN.1.4.4*,JN.1.49.1*,MC.13.3.1*,MK.3*,JN.1.26*,MC.13.2.1*,PG.3*,JN.1.39.2*,JN.1.58.2*,JN.1.42.2*,KQ.1*,JN.1.1.3*,XEM*,JN.1.1.5*,KP.4.1*,MC.10.1.6*,JN.1.48.2*,JN.1.48.3*,JN.1.9.2*,XEC.27*,JN.1.18.8*,XES.1*,MC.33.2*,NB.1.6.1*,XDK.1*,MC.13.2.2*,XEK.7*	3	2024-10-20 to 2024-11-09 versus 2024-09-29 to 2024-10-19	0.139021	0.131135	-0.789	XFG,LP.8.1,LB.1.3.1,XFC,XEQ,LF.7.9,LF.7.7.2,LF.7.2.1,LF.7,LF.7.7.1
7113	ORF1a	C7113T	T2283I	PY.5*,XDV*,JN.1.11.1*,KU.2*,XFG.19*	3	2024-10-20 to 2024-11-09 versus 2024-09-29 to 2024-10-19	0.506345	0.505313	-0.103	LP.8.1,XFC,KP.3.1.1,NB.1.8.1,KP.3,PA.1,MC.1,XEK,MC.10.1
10323	ORF1a	A10323G	K3353R	LP.8.1.5*,LF.7.8*,JN.1.52*,NY.7.2*,MC.10.2*	19	2025-02-09 to 2025-03-01 versus 2025-01-19 to 2025-02-08	0.023337	0.015108	-0.823	Does not define any major lineages.
27476	ORF7a	C27476T	T28I	LB.1.3.1*,JN.1.8*,JN.1.8.1*	6	2024-11-10 to 2024-11-30 versus 2024-10-20 to 2024-11-09	0.011784	0.030882	+1.91	LB.1.3.1
15009	ORF1b	T15009A	D514E	No associated lineages	30	2025-04-27 to 2025-05-17 versus 2025-04-06 to 2025-04-26	0.024908	0.032728	+0.782	Does not define any major lineages.
22120	S	C22120A	F186L	LP.8.1*,LP.8.2*,XFT*	7	2024-11-17 to 2024-12-07 versus 2024-10-27 to 2024-11-16	0.010784	0.021555	+1.077	LP.8.1
14189	ORF1b	C14189T	A241V	NY.14*,NY.8*	26	2025-03-30 to 2025-04-19 versus 2025-03-09 to 2025-03-29	0.038115	0.03269	-0.543	Does not define any major lineages.
21652	S	TTC21652-21654del	NS30-31Ndel	No associated lineages	15	2025-01-12 to 2025-02-01 versus 2024-12-22 to 2025-01-11	0.43232	0.504039	+7.172	LP.8.1,LB.1.3.1,KP.3.1.1,PA.1,MC.1,MC.10.1
21137	ORF1b	A21137G	K2557R	JN.1.58*,MV.2*,KP.3.2.9*,JN.1.7.7*,NW.1.4*,MC.23*,MV.1.1*,XFG.2*,NL.12*	33	2025-05-18 to 2025-06-07 versus 2025-04-27 to 2025-05-17	0.018979	0.048135	+2.916	Does not define any major lineages.
22112	S	G22112A	G184S	XDV.1.5*	39	2025-06-29 to 2025-07-19 versus 2025-06-08 to 2025-06-28	0.168254	0.155375	-1.288	NB.1.8.1
9866	ORF1a	C9866T	L3201F	XDR*	32	2025-05-11 to 2025-05-31 versus 2025-04-20 to 2025-05-10	0.039273	0.129084	+8.981	NB.1.8.1
22865	S	G22865T	A435S	NB.1.8.1*,MC.10.1*,XEC.32.1*,XFN*,KP.3.3.5*,MC.31*,XDV.1.9.1*,XEC.20.1*,XEC.18.2*,MU.6*,MC.21.1*,MC.28.1*,MC.30.1.1*,PG.1*,PY.1.1.1*,KP.2.14.2*,XEP*,LP.10.1.1*,MU.2.1.1*,XDY.1*,MC.13.2*,XEC.25.1*,XEC.14.1.1*,PT.1*,XFB*,PY.1.4.1*,XDY.3*,MC.46.1*,KP.3.3.2*,XEC.4.5.1*,XEC.4.6.1*,KP.3.7*	42	2025-07-20 to 2025-08-09 versus 2025-06-29 to 2025-07-19	0.162441	0.122488	-3.995	NB.1.8.1,PA.1,MC.10.1
23856	S	G23856T	R765L	MC.41*,NY.3*,XEK.1.2.1*,XEC.2.5*	38	2025-06-22 to 2025-07-12 versus 2025-06-01 to 2025-06-21	0.024567	0.017183	-0.738	Does not define any major lineages.
10323	ORF1a	A10323G	K3353R	LP.8.1.5*,LF.7.8*,JN.1.52*,NY.7.2*,MC.10.2*	28	2025-04-13 to 2025-05-03 versus 2025-03-23 to 2025-04-12	0.020315	0.006183	-1.413	Does not define any major lineages.
27476	ORF7a	C27476T	T28I	LB.1.3.1*,JN.1.8*,JN.1.8.1*	7	2024-11-17 to 2024-12-07 versus 2024-10-27 to 2024-11-16	0.019173	0.038311	+1.914	LB.1.3.1
22108	S	A22108T	K182N	MB.1.1*,XEC.27.2*,LU.2.1.1*,KP.1.1.1*,XEC.11*	19	2025-02-09 to 2025-03-01 versus 2025-01-19 to 2025-02-08	0.012879	0.032907	+2.003	Does not define any major lineages.
7869	ORF1a	C7869T	S2535L	LF.7*	28	2025-04-13 to 2025-05-03 versus 2025-03-23 to 2025-04-12	0.034487	0.054823	+2.034	XFG,LF.7.9,LF.7.7.2,LF.7.2.1,LF.7,LF.7.7.1
1266	ORF1a	G1266T	G334V	No associated lineages	22	2025-03-02 to 2025-03-22 versus 2025-02-09 to 2025-03-01	0.00175	0.031086	+2.934	Does not define any major lineages.
24819	S	A24819G	K1086R	KP.1.1*,XFT*,KP.1*	12	2024-12-22 to 2025-01-11 versus 2024-12-01 to 2024-12-21	0.044059	0.113991	+6.993	LP.8.1,XFC
6701	ORF1a	C6701T	L2146F	XEQ*,KS.1.1.2*,XEL*,MC.38*	25	2025-03-23 to 2025-04-12 versus 2025-03-02 to 2025-03-22	0.024446	0.016604	-0.784	XEQ
22132	S	G22132T	R190S	LP.8.1*,LF.7*,XFN*,XFP*,LB.1.4.1*,NC.1*,MA.1*,JN.1.59.1*,LP.7*,XEL.4*,NL.5.2*,NL.22.1*,NK.1*,LB.1.11*,LB.1.7.4*,LP.1.2*,XER*,LZ.4*,KP.4.2.6*,KP.4.2.4*,MC.19.1.1*,NL.1*,MC.33.1.1*	36	2025-06-08 to 2025-06-28 versus 2025-05-18 to 2025-06-07	0.531387	0.482825	-4.856	XFG,LP.8.1,XFC,LF.7.9,LF.7.7.2,LF.7.2.1,LF.7,LF.7.7.1
1170	ORF1a	C1170T	S302F	XDV*	28	2025-04-13 to 2025-05-03 versus 2025-03-23 to 2025-04-12	0.00229	0.02509	+2.28	NB.1.8.1
21627	S	C21627A	T22N	XFC*,XEC*,LF.7*,XEQ*,KP.3.3.9*,XFP*,MB.1.1*,NB.1*,KP.2.14*,KS.1.5*,JN.1.18.7*,MR.2*,XEN*,XDV.1.7.1*,MT.1.1*,PF.2*,KP.3.1.9*,PB.1*,MU.6*,JN.1.16.5*,PM.1*,KP.2.26*,LF.8.1.1*,KP.3.6*,MU.3*,KP.2.18*,KS.1.1*,MG.3*,NG.1*,LJ.1*,MJ.1.1*,XER*,PB.2*,KP.2.2.1*,NW.1.2*,MC.24.1*,LP.8.1.6*,PP.1*,XEL*	38	2025-06-22 to 2025-07-12 versus 2025-06-01 to 2025-06-21	0.5953	0.662244	+6.694	XFG,XFC,XEC,XEQ,NB.1.8.1,LF.7.9,XEC.4,LF.7.7.2,LF.7.2.1,XEK,LF.7,LF.7.7.1
22895	S	G22895C, T22896C	V445P	LF.7.9*,LF.7.7.2*,PA.1*,LB.1.3.1*,LK.1*,XFP*,NS.1.1*,MV.1.1.1*,LP.1.2.1*,XFG.1*,KP.2.3.4*,NN.1*,LF.3.1*,NC.1.2*,JN.1.1.8*,MA.1.1.1*,LF.7.8*,LP.9*,MU.2.1.1*,LF.7.10.1*,LF.7.6.2*,KP.2.28.1*,JN.1.50*,LB.1.10*,LF.7.1.10*,MU.5*,QJ.1*	6	2024-11-10 to 2024-11-30 versus 2024-10-20 to 2024-11-09	0.013769	0.024559	+1.079	LB.1.3.1,LF.7.9,LF.7.7.2,PA.1
27476	ORF7a	C27476T	T28I	LB.1.3.1*,JN.1.8*,JN.1.8.1*	30	2025-04-27 to 2025-05-17 versus 2025-04-06 to 2025-04-26	0.015879	0.02751	+1.163	LB.1.3.1
25492	ORF3a	A25492G	T34A	PA.1.4*	29	2025-04-20 to 2025-05-10 versus 2025-03-30 to 2025-04-19	0.004135	0.025789	+2.165	Does not define any major lineages.
6255	ORF1a	C6255T	A1997V	LP.8.1*,LP.11*,XFV*,LP.8.2*	15	2025-01-12 to 2025-02-01 versus 2024-12-22 to 2025-01-11	0.110408	0.172415	+6.201	LP.8.1,XFC
13170	ORF1a	C13170T	T4302I	XDV.1.5*	23	2025-03-09 to 2025-03-29 versus 2025-02-16 to 2025-03-08	0.027319	0.006309	-2.101	Does not define any major lineages.
21653	S	T21653C	S31P	XFC*,LF.7*,XFN*,XFP*,MT.1*,KP.2.26*,KP.3.2.6*,MJ.1*,NF.1*,XER*,JN.1.40*	41	2025-07-13 to 2025-08-02 versus 2025-06-22 to 2025-07-12	0.438487	0.52294	+8.445	XFG,XFC,LF.7.9,LF.7.7.2,LF.7.2.1,LF.7,LF.7.7.1
24872	S	G24872T	V1104L	XEQ*,XDY.3*,XDY.9*,XDY.6*,JN.1.11*,XEF*,XDY.8*,XDY.1*,XDY*,XDY.2*,XDY.5*,XDY.4*,LB.1.1*,XFT*,XDY.11*,XDY.7*	1	2024-10-06 to 2024-10-26 versus 2024-09-15 to 2024-10-05	0.524064	0.825851	+30.179	LP.8.1,XFC,KP.3.1.1,XEC,XEQ,KP.3,XEC.4,PA.1,MC.1,XEK,MC.10.1
405	ORF1a	A405G	K47R	XDR*,XDK*,XDS*,XDD*	32	2025-05-11 to 2025-05-31 versus 2025-04-20 to 2025-05-10	0.063419	0.117807	+5.439	NB.1.8.1
25352	S	G25352T	V1264L	XEC.38*,XET*,JN.1.1.4*,JN.1.23.1*,XEC.11.1*,XFG.14*,NB.1.2*,XEL.1*,XEC.37*,XEK.2.1*,MV.1.3*,XEC.34*,XFJ.3*,PH.1*	37	2025-06-15 to 2025-07-05 versus 2025-05-25 to 2025-06-14	0.012624	0.025319	+1.27	Does not define any major lineages.
24819	S	A24819G	K1086R	KP.1.1*,XFT*,KP.1*	30	2025-04-27 to 2025-05-17 versus 2025-04-06 to 2025-04-26	0.600716	0.576722	-2.399	LP.8.1,XFC
6543	ORF1a	C6543T	T2093I	XFG.5.1*,KP.2.3.10*,KP.3.3.7*,KP.2.11*,NL.10*,PF.2.3*	30	2025-04-27 to 2025-05-17 versus 2025-04-06 to 2025-04-26	0.001145	0.020019	+1.887	Does not define any major lineages.
7262	ORF1a	C7262A	L2333I	No associated lineages	41	2025-07-13 to 2025-08-02 versus 2025-06-22 to 2025-07-12	0.063212	0.037223	-2.599	Does not define any major lineages.
29409	N	C29409T	T379I	XFG*,LF.7.9*,LB.1.3.1*,NT.1*,MC.10.1.3*,XDS*,XEC.2.3*,NS.3*,XEC.35.1*	22	2025-03-02 to 2025-03-22 versus 2025-02-09 to 2025-03-01	0.02679	0.037332	+1.054	XFG,LB.1.3.1,LF.7.9
12924	ORF1a	C12924T	P4220L	XDV*	29	2025-04-20 to 2025-05-10 versus 2025-03-30 to 2025-04-19	0.017811	0.101243	+8.343	NB.1.8.1
7279	ORF1a	C7279A	F2338L	No associated lineages	37	2025-06-15 to 2025-07-05 versus 2025-05-25 to 2025-06-14	0.022786	0.028787	+0.6	Does not define any major lineages.
8390	ORF1a	A8390G	I2709V	NB.1*	37	2025-06-15 to 2025-07-05 versus 2025-05-25 to 2025-06-14	0.118955	0.179314	+6.036	NB.1.8.1
22865	S	G22865T	A435S	NB.1.8.1*,MC.10.1*,XEC.32.1*,XFN*,KP.3.3.5*,MC.31*,XDV.1.9.1*,XEC.20.1*,XEC.18.2*,MU.6*,MC.21.1*,MC.28.1*,MC.30.1.1*,PG.1*,PY.1.1.1*,KP.2.14.2*,XEP*,LP.10.1.1*,MU.2.1.1*,XDY.1*,MC.13.2*,XEC.25.1*,XEC.14.1.1*,PT.1*,XFB*,PY.1.4.1*,XDY.3*,MC.46.1*,KP.3.3.2*,XEC.4.5.1*,XEC.4.6.1*,KP.3.7*	28	2025-04-13 to 2025-05-03 versus 2025-03-23 to 2025-04-12	0.117197	0.108688	-0.851	NB.1.8.1,PA.1,MC.10.1
12854	ORF1a	C12854T	P4197S	NB.1*	39	2025-06-29 to 2025-07-19 versus 2025-06-08 to 2025-06-28	0.275644	0.220797	-5.485	NB.1.8.1
22132	S	G22132T	R190S	LP.8.1*,LF.7*,XFN*,XFP*,LB.1.4.1*,NC.1*,MA.1*,JN.1.59.1*,LP.7*,XEL.4*,NL.5.2*,NL.22.1*,NK.1*,LB.1.11*,LB.1.7.4*,LP.1.2*,XER*,LZ.4*,KP.4.2.6*,KP.4.2.4*,MC.19.1.1*,NL.1*,MC.33.1.1*	40	2025-07-06 to 2025-07-26 versus 2025-06-15 to 2025-07-05	0.555284	0.500843	-5.444	XFG,LP.8.1,XFC,LF.7.9,LF.7.7.2,LF.7.2.1,LF.7,LF.7.7.1
6501	ORF1a	C6501A	P2079Q	XDV*	41	2025-07-13 to 2025-08-02 versus 2025-06-22 to 2025-07-12	0.199846	0.145364	-5.448	NB.1.8.1
22120	S	C22120A	F186L	LP.8.1*,LP.8.2*,XFT*	27	2025-04-06 to 2025-04-26 versus 2025-03-16 to 2025-04-05	0.198452	0.259096	+6.064	LP.8.1
27810	ORF7b	T27810C	F19L	No associated lineages	36	2025-06-08 to 2025-06-28 versus 2025-05-18 to 2025-06-07	0.602636	0.58589	-1.675	JN.1
22926	S	T22926C	L455S	No associated lineages	35	2025-06-01 to 2025-06-21 versus 2025-05-11 to 2025-05-31	0.881715	0.75227	-12.945	JN.1
24819	S	A24819G	K1086R	KP.1.1*,XFT*,KP.1*	41	2025-07-13 to 2025-08-02 versus 2025-06-22 to 2025-07-12	0.312182	0.169967	-14.222	LP.8.1,XFC
10296	ORF1a	C10296T	S3344F	NY.15*	42	2025-07-20 to 2025-08-09 versus 2025-06-29 to 2025-07-19	0.022534	0.004112	-1.842	Does not define any major lineages.
7869	ORF1a	C7869T	S2535L	LF.7*	21	2025-02-23 to 2025-03-15 versus 2025-02-02 to 2025-02-22	0.042645	0.025104	-1.754	XFG,LF.7.9,LF.7.7.2,LF.7.2.1,LF.7,LF.7.7.1
29409	N	C29409T	T379I	XFG*,LF.7.9*,LB.1.3.1*,NT.1*,MC.10.1.3*,XDS*,XEC.2.3*,NS.3*,XEC.35.1*	39	2025-06-29 to 2025-07-19 versus 2025-06-08 to 2025-06-28	0.236285	0.429855	+19.357	XFG,LB.1.3.1,LF.7.9
2060	ORF1a	G2060A	A599T	XEC*,MC.24.1*	8	2024-11-24 to 2024-12-14 versus 2024-11-03 to 2024-11-23	0.176683	0.212252	+3.557	XEC,XEC.4
22120	S	C22120A	F186L	LP.8.1*,LP.8.2*,XFT*	37	2025-06-15 to 2025-07-05 versus 2025-05-25 to 2025-06-14	0.215244	0.173066	-4.218	LP.8.1
4364	ORF1a	A4364C	I1367L	XEP*,XEC.2*,KP.3.3.4*	14	2025-01-05 to 2025-01-25 versus 2024-12-15 to 2025-01-04	0.061182	0.052692	-0.849	Does not define any major lineages.
21652	S	TTC21652-21654del	NS30-31Ndel	No associated lineages	23	2025-03-09 to 2025-03-29 versus 2025-02-16 to 2025-03-08	0.489282	0.503956	+1.467	LP.8.1,LB.1.3.1,KP.3.1.1,PA.1,MC.1,MC.10.1
23039	S	C23039G	Q493E	LP.8.1*,XFG*,KP.3*,XEQ*,XFH*,JN.1.16.4*,XDY*,JN.1.16.5*,LP.8.2*,KP.3.4*,XDY.9*,XEF*,XDY.1*,XFT*,XDY.5*,XDY.4*,XDY.11*,LF.7.1.11*,XET*,XDY.3*,NB.1.8*,XDY.6*,XDY.8*,XDY.2*,XDY.7*	39	2025-06-29 to 2025-07-19 versus 2025-06-08 to 2025-06-28	0.8939	0.803305	-9.059	XFG,LP.8.1,XFC,KP.3.1.1,XEC,XEQ,NB.1.8.1,KP.3,XEC.4,PA.1,MC.1,XEK,MC.10.1
3896	ORF1a	G3896A	V1211I	No associated lineages	21	2025-02-23 to 2025-03-15 versus 2025-02-02 to 2025-02-22	0.036149	0.000798	-3.535	Does not define any major lineages.
17012	ORF1b	C17012A	S1182*	No associated lineages	19	2025-02-09 to 2025-03-01 versus 2025-01-19 to 2025-02-08	0.057989	0.016032	-4.196	Does not define any major lineages.
22132	S	G22132T	R190S	LP.8.1*,LF.7*,XFN*,XFP*,LB.1.4.1*,NC.1*,MA.1*,JN.1.59.1*,LP.7*,XEL.4*,NL.5.2*,NL.22.1*,NK.1*,LB.1.11*,LB.1.7.4*,LP.1.2*,XER*,LZ.4*,KP.4.2.6*,KP.4.2.4*,MC.19.1.1*,NL.1*,MC.33.1.1*	31	2025-05-04 to 2025-05-24 versus 2025-04-13 to 2025-05-03	0.458571	0.482985	+2.441	XFG,LP.8.1,XFC,LF.7.9,LF.7.7.2,LF.7.2.1,LF.7,LF.7.7.1
1170	ORF1a	C1170T	S302F	XDV*	35	2025-06-01 to 2025-06-21 versus 2025-05-11 to 2025-05-31	0.112032	0.126595	+1.456	NB.1.8.1
3686	ORF1a	C3686T	H1141Y	XDV.1.5.1*	39	2025-06-29 to 2025-07-19 versus 2025-06-08 to 2025-06-28	0.167056	0.148698	-1.836	NB.1.8.1
25693	ORF3a	C25693T	L101F	NW.1*	38	2025-06-22 to 2025-07-12 versus 2025-06-01 to 2025-06-21	0.016841	0.021909	+0.507	Does not define any major lineages.
1895	ORF1a	G1895A	V544I	LF.7.9.1*	37	2025-06-15 to 2025-07-05 versus 2025-05-25 to 2025-06-14	0.019601	0.038372	+1.877	Does not define any major lineages.
23598	S	A23598G, T23599G	N679R	XFC*,XEC.32.1*,NY.7*,PG.4.1*,LP.8.1.1*,JN.1.68.1*,PF.2.4*,MC.10.2.1*,XDK.2*,PU.1*,XFT*,NR.1*,NW.1.5*,XEC.22*,KP.2.3.14*,MD.1*,PY.1.1*,PR.2*,LQ.1.1.1*	41	2025-07-13 to 2025-08-02 versus 2025-06-22 to 2025-07-12	0.2616	0.11463	-14.697	XFC
27476	ORF7a	C27476T	T28I	LB.1.3.1*,JN.1.8*,JN.1.8.1*	21	2025-02-23 to 2025-03-15 versus 2025-02-02 to 2025-02-22	0.038389	0.032363	-0.603	LB.1.3.1
22031	S	T22031-22031del, 22035-insertG	FR157-158SG	No associated lineages	16	2025-01-19 to 2025-02-08 versus 2024-12-29 to 2025-01-18	0.932722	0.758365	-17.436	Does not define any major lineages.
7869	ORF1a	C7869T	S2535L	LF.7*	42	2025-07-20 to 2025-08-09 versus 2025-06-29 to 2025-07-19	0.455166	0.529719	+7.455	XFG,LF.7.9,LF.7.7.2,LF.7.2.1,LF.7,LF.7.7.1
16457	ORF1b	C16457T	S997L	XFG.4.1*	37	2025-06-15 to 2025-07-05 versus 2025-05-25 to 2025-06-14	0.017312	0.031519	+1.421	Does not define any major lineages.
16943	ORF1b	G16943T	S1159I	XEQ*	20	2025-02-16 to 2025-03-08 versus 2025-01-26 to 2025-02-15	0.017719	0.010049	-0.767	XEQ
2949	ORF1a	T2949G	I895S	No associated lineages	28	2025-04-13 to 2025-05-03 versus 2025-03-23 to 2025-04-12	0.021133	0.01371	-0.742	Does not define any major lineages.
28883	N	G28883C, G28884C	G204P	PP.1.1.1*,MC.24.1*,PQ.1.1*,KP.3.3*,XEP*	28	2025-04-13 to 2025-05-03 versus 2025-03-23 to 2025-04-12	0.158829	0.101579	-5.725	XEC,XEC.4,XEK
21738	S	T21738C	F59S	XEC*,NB.1*,JN.1.18.7*,MR.2*,KR.1.4*,JN.1.18.6*,MZ.3*,XDR.1*,JN.1.42.1*,MU.3*,KP.1.1.5*,KS.1*,JN.1.13.1*,JN.1.18.2*,KP.3.1.8*,KP.3.3.8*,KP.2.10*,XEM*,JN.1.18.9*	32	2025-05-11 to 2025-05-31 versus 2025-04-20 to 2025-05-10	0.168989	0.152847	-1.614	XEC,XEQ,NB.1.8.1,XEC.4,XEK
4683	ORF1a	C4683T	A1473V	XDV.1.5*,LB.1.4*,XFC.1.3*	29	2025-04-20 to 2025-05-10 versus 2025-03-30 to 2025-04-19	0.030112	0.063021	+3.291	NB.1.8.1
4364	ORF1a	A4364C	I1367L	XEP*,XEC.2*,KP.3.3.4*	26	2025-03-30 to 2025-04-19 versus 2025-03-09 to 2025-03-29	0.032578	0.032379	-0.02	Does not define any major lineages.
22120	S	C22120A	F186L	LP.8.1*,LP.8.2*,XFT*	13	2024-12-29 to 2025-01-18 versus 2024-12-08 to 2024-12-28	0.044345	0.078861	+3.452	LP.8.1
17668	ORF1b	G17668T	G1401C	No associated lineages	29	2025-04-20 to 2025-05-10 versus 2025-03-30 to 2025-04-19	0.026745	0.001269	-2.548	Does not define any major lineages.
22031	S	T22031-22031del, 22035-insertG	FR157-158SG	No associated lineages	36	2025-06-08 to 2025-06-28 versus 2025-05-18 to 2025-06-07	0.85564	0.725815	-12.982	Does not define any major lineages.
22895	S	G22895C, T22896C	V445P	LF.7.9*,LF.7.7.2*,PA.1*,LB.1.3.1*,LK.1*,XFP*,NS.1.1*,MV.1.1.1*,LP.1.2.1*,XFG.1*,KP.2.3.4*,NN.1*,LF.3.1*,NC.1.2*,JN.1.1.8*,MA.1.1.1*,LF.7.8*,LP.9*,MU.2.1.1*,LF.7.10.1*,LF.7.6.2*,KP.2.28.1*,JN.1.50*,LB.1.10*,LF.7.1.10*,MU.5*,QJ.1*	40	2025-07-06 to 2025-07-26 versus 2025-06-15 to 2025-07-05	0.032782	0.020851	-1.193	LB.1.3.1,LF.7.9,LF.7.7.2,PA.1
1170	ORF1a	C1170T	S302F	XDV*	39	2025-06-29 to 2025-07-19 versus 2025-06-08 to 2025-06-28	0.149668	0.148789	-0.088	NB.1.8.1
12423	ORF1a	G12423T	R4053I	No associated lineages	19	2025-02-09 to 2025-03-01 versus 2025-01-19 to 2025-02-08	0.034034	0.006154	-2.788	Does not define any major lineages.
2060	ORF1a	G2060A	A599T	XEC*,MC.24.1*	14	2025-01-05 to 2025-01-25 versus 2024-12-15 to 2025-01-04	0.313832	0.320003	+0.617	XEC,XEC.4
3096	ORF1a	C3096T	S944L	NB.1.3.1*,PF.2*	35	2025-06-01 to 2025-06-21 versus 2025-05-11 to 2025-05-31	0.022483	0.025379	+0.29	Does not define any major lineages.
16943	ORF1b	G16943T	S1159I	XEQ*	17	2025-01-26 to 2025-02-15 versus 2025-01-05 to 2025-01-25	0.023029	0.017719	-0.531	XEQ
1895	ORF1a	G1895A	V544I	LF.7.9.1*	38	2025-06-22 to 2025-07-12 versus 2025-06-01 to 2025-06-21	0.03502	0.03191	-0.311	Does not define any major lineages.
15757	ORF1b	C15757A	Q764K	No associated lineages	19	2025-02-09 to 2025-03-01 versus 2025-01-19 to 2025-02-08	0.042278	0.012568	-2.971	Does not define any major lineages.
22132	S	G22132T	R190S	LP.8.1*,LF.7*,XFN*,XFP*,LB.1.4.1*,NC.1*,MA.1*,JN.1.59.1*,LP.7*,XEL.4*,NL.5.2*,NL.22.1*,NK.1*,LB.1.11*,LB.1.7.4*,LP.1.2*,XER*,LZ.4*,KP.4.2.6*,KP.4.2.4*,MC.19.1.1*,NL.1*,MC.33.1.1*	42	2025-07-20 to 2025-08-09 versus 2025-06-29 to 2025-07-19	0.577729	0.495465	-8.226	XFG,LP.8.1,XFC,LF.7.9,LF.7.7.2,LF.7.2.1,LF.7,LF.7.7.1
21738	S	T21738C	F59S	XEC*,NB.1*,JN.1.18.7*,MR.2*,KR.1.4*,JN.1.18.6*,MZ.3*,XDR.1*,JN.1.42.1*,MU.3*,KP.1.1.5*,KS.1*,JN.1.13.1*,JN.1.18.2*,KP.3.1.8*,KP.3.3.8*,KP.2.10*,XEM*,JN.1.18.9*	10	2024-12-08 to 2024-12-28 versus 2024-11-17 to 2024-12-07	0.348383	0.451337	+10.295	XEC,XEQ,NB.1.8.1,XEC.4,XEK
25925	ORF3a	C25925T	P178L	LP.8.1*,LP.11*,XFT*,LP.8.2*	30	2025-04-27 to 2025-05-17 versus 2025-04-06 to 2025-04-26	0.493729	0.556484	+6.276	LP.8.1,XFC
3096	ORF1a	C3096T	S944L	NB.1.3.1*,PF.2*	29	2025-04-20 to 2025-05-10 versus 2025-03-30 to 2025-04-19	0.024702	0.015282	-0.942	Does not define any major lineages.
23933	S	A23933G	T791A	XFJ*,XFP*,XFM*	31	2025-05-04 to 2025-05-24 versus 2025-04-13 to 2025-05-03	0.002741	0.021614	+1.887	Does not define any major lineages.
22928	S	T22928C	F456L	JN.1.7.9*,LR.1*,KU.2*,JN.1.39.1*,KR.5*,KR.1*,JN.1.67.1*,JN.1.48.1*,JN.1.62*,NS.3*,LN.1.1*,KR.3*,JN.1.29.1*,JN.1.1.8*,JN.1.4.9*,LF.6*,XDR.1.1*,KS.1*,LF.8*,JN.1.18.5*,LL.1*,XDK.1.2*,KR.4.1*,XDK.4.1*,LM.1*,MD.3.1*,LZ.1*,KW.1.1*,XDD.3*,LQ.1*,JN.1.1.6*,XDK.3*,JN.1.11.1*,JN.1.55.2*,JN.1.16*,XDK.6*,JN.1.55.1*,JN.1.48.3*,LR.3*,JN.1.50*,JN.1.51.1*,JN.1.15.1*,MD.1*,JN.1.7.8*,XDK.5*,LZ.2.2*,XDV.1*,JN.1.18.9*,JN.1.18.4*,LZ.2.1*,LE.1.3.1*,JN.1.65.1*	37	2025-06-15 to 2025-07-05 versus 2025-05-25 to 2025-06-14	0.739386	0.743609	+0.422	XFG,LP.8.1,LB.1.3.1,XFC,KP.3.1.1,XEC,XEQ,NB.1.8.1,LF.7.9,KP.3,XEC.4,LF.7.7.2,PA.1,MC.1,LF.7.2.1,XEK,LF.7,LF.7.7.1,MC.10.1
3936	ORF1a	A3936G	Q1224R	No associated lineages	42	2025-07-20 to 2025-08-09 versus 2025-06-29 to 2025-07-19	0.020631	0.010123	-1.051	Does not define any major lineages.
3686	ORF1a	C3686T	H1141Y	XDV.1.5.1*	29	2025-04-20 to 2025-05-10 versus 2025-03-30 to 2025-04-19	0.021682	0.042628	+2.095	NB.1.8.1
22599	S	G22599C	R346T	XFN*,JN.1.24.1*,MC.13.2.4*,LE.1*,MC.31*,XED*,JN.1.59.1*,MF.1*,KR.5*,MC.32.1*,JN.1.48.1*,MC.28.1.1*,XDD.1.1.1*,MC.33.1*,NB.1.2.1*,MZ.3*,PJ.1*,JN.1.11.2*,JN.1.8.2*,KZ.1.1*,LN.1.1*,XDR.1*,LU.1*,XEP.1.1*,JN.1.7.3*,MU.3*,JN.1.16.1*,JN.1.29.1*,LF.6*,JN.1.44.1*,LG.1*,KS.1*,XEH*,LF.8*,JN.1.25.1*,MC.17.1*,JN.1.18*,MQ.1*,JN.1.30.1*,NU.1*,LU.2*,JN.1.6.1*,MC.19*,KP.2*,PK.1*,JN.1.50.1*,JN.1.4.4*,JN.1.49.1*,MC.13.3.1*,MK.3*,JN.1.26*,MC.13.2.1*,PG.3*,JN.1.39.2*,JN.1.58.2*,JN.1.42.2*,KQ.1*,JN.1.1.3*,XEM*,JN.1.1.5*,KP.4.1*,MC.10.1.6*,JN.1.48.2*,JN.1.48.3*,JN.1.9.2*,XEC.27*,JN.1.18.8*,XES.1*,MC.33.2*,NB.1.6.1*,XDK.1*,MC.13.2.2*,XEK.7*	24	2025-03-16 to 2025-04-05 versus 2025-02-23 to 2025-03-15	0.311552	0.371931	+6.038	XFG,LP.8.1,LB.1.3.1,XFC,XEQ,LF.7.9,LF.7.7.2,LF.7.2.1,LF.7,LF.7.7.1
22930	S	T22930A	F456L (1)	JN.1.7.9*,LR.1*,KU.2*,JN.1.39.1*,KR.5*,KR.1*,JN.1.67.1*,JN.1.48.1*,JN.1.62*,NS.3*,LN.1.1*,KR.3*,JN.1.29.1*,JN.1.1.8*,JN.1.4.9*,LF.6*,XDR.1.1*,KS.1*,LF.8*,JN.1.18.5*,LL.1*,XDK.1.2*,KR.4.1*,XDK.4.1*,LM.1*,MD.3.1*,LZ.1*,KW.1.1*,XDD.3*,LQ.1*,JN.1.1.6*,XDK.3*,JN.1.11.1*,JN.1.55.2*,JN.1.16*,XDK.6*,JN.1.55.1*,JN.1.48.3*,LR.3*,JN.1.50*,JN.1.51.1*,JN.1.15.1*,MD.1*,JN.1.7.8*,XDK.5*,LZ.2.2*,XDV.1*,JN.1.18.9*,JN.1.18.4*,LZ.2.1*,LE.1.3.1*,JN.1.65.1*	36	2025-06-08 to 2025-06-28 versus 2025-05-18 to 2025-06-07	0.177218	0.19429	+1.707	Does not define any major lineages.
24819	S	A24819G	K1086R	KP.1.1*,XFT*,KP.1*	8	2024-11-24 to 2024-12-14 versus 2024-11-03 to 2024-11-23	0.024368	0.04192	+1.755	LP.8.1,XFC
29081	N	G29081T	V270L	XFG.2*	38	2025-06-22 to 2025-07-12 versus 2025-06-01 to 2025-06-21	0.069823	0.113068	+4.325	Does not define any major lineages.
27810	ORF7b	T27810C	F19L	No associated lineages	39	2025-06-29 to 2025-07-19 versus 2025-06-08 to 2025-06-28	0.58589	0.666232	+8.034	JN.1
10296	ORF1a	C10296T	S3344F	NY.15*	23	2025-03-09 to 2025-03-29 versus 2025-02-16 to 2025-03-08	0.027195	0.004981	-2.221	Does not define any major lineages.
22995	S	C22995T	T478I	LF.7.10*,NL.9*,XDV.1.5*,QD.1*,ND.3*,LN.1.1*	40	2025-07-06 to 2025-07-26 versus 2025-06-15 to 2025-07-05	0.149858	0.110718	-3.914	NB.1.8.1
11727	ORF1a	G11727A	R3821K	No associated lineages	3	2024-10-20 to 2024-11-09 versus 2024-09-29 to 2024-10-19	0.88111	0.86276	-1.835	JN.1
18131	ORF1b	C18131T	T1555I	LB.1.3*	9	2024-12-01 to 2024-12-21 versus 2024-11-10 to 2024-11-30	0.016806	0.027357	+1.055	LB.1.3.1
2060	ORF1a	G2060A	A599T	XEC*,MC.24.1*	24	2025-03-16 to 2025-04-05 versus 2025-02-23 to 2025-03-15	0.177199	0.11658	-6.062	XEC,XEC.4
22112	S	G22112A	G184S	XDV.1.5*	29	2025-04-20 to 2025-05-10 versus 2025-03-30 to 2025-04-19	0.014633	0.029255	+1.462	NB.1.8.1
7267	ORF1a	C7267A	F2334L	No associated lineages	40	2025-07-06 to 2025-07-26 versus 2025-06-15 to 2025-07-05	0.029614	0.024605	-0.501	Does not define any major lineages.
16456	ORF1b	T16456C	S997P	PQ.1*,LF.7.12*	36	2025-06-08 to 2025-06-28 versus 2025-05-18 to 2025-06-07	0.012372	0.02132	+0.895	Does not define any major lineages.
29409	N	C29409T	T379I	XFG*,LF.7.9*,LB.1.3.1*,NT.1*,MC.10.1.3*,XDS*,XEC.2.3*,NS.3*,XEC.35.1*	25	2025-03-23 to 2025-04-12 versus 2025-03-02 to 2025-03-22	0.037332	0.032099	-0.523	XFG,LB.1.3.1,LF.7.9
16457	ORF1b	C16457T	S997L	XFG.4.1*	38	2025-06-22 to 2025-07-12 versus 2025-06-01 to 2025-06-21	0.02964	0.026903	-0.274	Does not define any major lineages.
16342	ORF1b	T16342C	S959P	XDV*	42	2025-07-20 to 2025-08-09 versus 2025-06-29 to 2025-07-19	0.203246	0.159002	-4.424	NB.1.8.1
24872	S	G24872T	V1104L	XEQ*,XDY.3*,XDY.9*,XDY.6*,JN.1.11*,XEF*,XDY.8*,XDY.1*,XDY*,XDY.2*,XDY.5*,XDY.4*,LB.1.1*,XFT*,XDY.11*,XDY.7*	34	2025-05-25 to 2025-06-14 versus 2025-05-04 to 2025-05-24	0.570656	0.404017	-16.664	LP.8.1,XFC,KP.3.1.1,XEC,XEQ,KP.3,XEC.4,PA.1,MC.1,XEK,MC.10.1
22031	S	T22031-22031del, 22035-insertG	FR157-158SG	No associated lineages	28	2025-04-13 to 2025-05-03 versus 2025-03-23 to 2025-04-12	0.510389	0.762952	+25.256	Does not define any major lineages.
9866	ORF1a	C9866T	L3201F	XDR*	29	2025-04-20 to 2025-05-10 versus 2025-03-30 to 2025-04-19	0.027802	0.039273	+1.147	NB.1.8.1
22112	S	G22112A	G184S	XDV.1.5*	32	2025-05-11 to 2025-05-31 versus 2025-04-20 to 2025-05-10	0.029255	0.085328	+5.607	NB.1.8.1
686	ORF1a	AAGTCATTT686-694del	KSF141-143del	MJ.1.1*,MJ.2.1*,ND.3*,XDV.1.7.5*	37	2025-06-15 to 2025-07-05 versus 2025-05-25 to 2025-06-14	0.016525	0.025374	+0.885	Does not define any major lineages.
22896	S	T22896C	V445P	LF.7.9*,LF.7.7.2*,PA.1*,LB.1.3.1*,LK.1*,XFP*,NS.1.1*,MV.1.1.1*,LP.1.2.1*,XFG.1*,KP.2.3.4*,NN.1*,LF.3.1*,NC.1.2*,JN.1.1.8*,MA.1.1.1*,LF.7.8*,LP.9*,MU.2.1.1*,LF.7.10.1*,LF.7.6.2*,KP.2.28.1*,JN.1.50*,LB.1.10*,LF.7.1.10*,MU.5*,QJ.1*	1	2024-10-06 to 2024-10-26 versus 2024-09-15 to 2024-10-05	0.005607	0.02144	+1.583	LB.1.3.1,LF.7.9,LF.7.7.2,PA.1
22107	S	A22107G	K182R	XFC*,LF.7*,XFN*,XFP*,XER*,KP.2.2.2*,LB.1.3.3*,MC.15*,XEC.1*	42	2025-07-20 to 2025-08-09 versus 2025-06-29 to 2025-07-19	0.298207	0.292348	-0.586	XFG,XFC,LF.7.9,LF.7.7.2,LF.7.2.1,LF.7,LF.7.7.1
28727	N	G28727T	A152S	PA.1*	27	2025-04-06 to 2025-04-26 versus 2025-03-16 to 2025-04-05	0.017668	0.020737	+0.307	PA.1
23039	S	C23039G	Q493E	LP.8.1*,XFG*,KP.3*,XEQ*,XFH*,JN.1.16.4*,XDY*,JN.1.16.5*,LP.8.2*,KP.3.4*,XDY.9*,XEF*,XDY.1*,XFT*,XDY.5*,XDY.4*,XDY.11*,LF.7.1.11*,XET*,XDY.3*,NB.1.8*,XDY.6*,XDY.8*,XDY.2*,XDY.7*	16	2025-01-19 to 2025-02-08 versus 2024-12-29 to 2025-01-18	0.80627	0.748806	-5.746	XFG,LP.8.1,XFC,KP.3.1.1,XEC,XEQ,NB.1.8.1,KP.3,XEC.4,PA.1,MC.1,XEK,MC.10.1
2060	ORF1a	G2060A	A599T	XEC*,MC.24.1*	18	2025-02-02 to 2025-02-22 versus 2025-01-12 to 2025-02-01	0.284434	0.225179	-5.926	XEC,XEC.4
7113	ORF1a	C7113T	T2283I	PY.5*,XDV*,JN.1.11.1*,KU.2*,XFG.19*	6	2024-11-10 to 2024-11-30 versus 2024-10-20 to 2024-11-09	0.505313	0.484976	-2.034	LP.8.1,XFC,KP.3.1.1,NB.1.8.1,KP.3,PA.1,MC.1,XEK,MC.10.1
29081	N	G29081T	V270L	XFG.2*	31	2025-05-04 to 2025-05-24 versus 2025-04-13 to 2025-05-03	0.015878	0.036386	+2.051	Does not define any major lineages.
22132	S	G22132T	R190S	LP.8.1*,LF.7*,XFN*,XFP*,LB.1.4.1*,NC.1*,MA.1*,JN.1.59.1*,LP.7*,XEL.4*,NL.5.2*,NL.22.1*,NK.1*,LB.1.11*,LB.1.7.4*,LP.1.2*,XER*,LZ.4*,KP.4.2.6*,KP.4.2.4*,MC.19.1.1*,NL.1*,MC.33.1.1*	13	2024-12-29 to 2025-01-18 versus 2024-12-08 to 2024-12-28	0.098385	0.165574	+6.719	XFG,LP.8.1,XFC,LF.7.9,LF.7.7.2,LF.7.2.1,LF.7,LF.7.7.1
12854	ORF1a	C12854T	P4197S	NB.1*	31	2025-05-04 to 2025-05-24 versus 2025-04-13 to 2025-05-03	0.063222	0.136824	+7.36	NB.1.8.1
22895	S	G22895C, T22896C	V445P	LF.7.9*,LF.7.7.2*,PA.1*,LB.1.3.1*,LK.1*,XFP*,NS.1.1*,MV.1.1.1*,LP.1.2.1*,XFG.1*,KP.2.3.4*,NN.1*,LF.3.1*,NC.1.2*,JN.1.1.8*,MA.1.1.1*,LF.7.8*,LP.9*,MU.2.1.1*,LF.7.10.1*,LF.7.6.2*,KP.2.28.1*,JN.1.50*,LB.1.10*,LF.7.1.10*,MU.5*,QJ.1*	33	2025-05-18 to 2025-06-07 versus 2025-04-27 to 2025-05-17	0.031145	0.028809	-0.234	LB.1.3.1,LF.7.9,LF.7.7.2,PA.1
2949	ORF1a	T2949G	I895S	No associated lineages	23	2025-03-09 to 2025-03-29 versus 2025-02-16 to 2025-03-08	0.020603	0.02371	+0.311	Does not define any major lineages.
22994	S	A22994G, C22995A	T478E	LZ.2.1.1*,NY.17.1*,LF.7.8*,LP.8.1.15*,NY.7.2*,XFC.1.4*,ND.2*,NY.1.2*,PF.1*,NY.10*,NY.3.2*,XFC.1.1.1*,KP.2.13*	29	2025-04-20 to 2025-05-10 versus 2025-03-30 to 2025-04-19	0.002522	0.022058	+1.954	Does not define any major lineages.
13121	ORF1a	A13121T	S4286C	KP.3.1.1*,XFA*,XFK*,XEW*	29	2025-04-20 to 2025-05-10 versus 2025-03-30 to 2025-04-19	0.098251	0.047968	-5.028	KP.3.1.1,PA.1,MC.1,MC.10.1
22108	S	A22108T	K182N	MB.1.1*,XEC.27.2*,LU.2.1.1*,KP.1.1.1*,XEC.11*	20	2025-02-16 to 2025-03-08 versus 2025-01-26 to 2025-02-15	0.019922	0.029354	+0.943	Does not define any major lineages.
10323	ORF1a	A10323G	K3353R	LP.8.1.5*,LF.7.8*,JN.1.52*,NY.7.2*,MC.10.2*	25	2025-03-23 to 2025-04-12 versus 2025-03-02 to 2025-03-22	0.032962	0.020315	-1.265	Does not define any major lineages.
28883	N	G28883C, G28884C	G204P	PP.1.1.1*,MC.24.1*,PQ.1.1*,KP.3.3*,XEP*	41	2025-07-13 to 2025-08-02 versus 2025-06-22 to 2025-07-12	0.036744	0.011052	-2.569	XEC,XEC.4,XEK
1895	ORF1a	G1895A	V544I	LF.7.9.1*	42	2025-07-20 to 2025-08-09 versus 2025-06-29 to 2025-07-19	0.034515	0.011963	-2.255	Does not define any major lineages.
7283	ORF1a	G7283T	V2340L	No associated lineages	42	2025-07-20 to 2025-08-09 versus 2025-06-29 to 2025-07-19	0.026676	0.017506	-0.917	Does not define any major lineages.
3948	ORF1a	A3948G	D1228G	MC.10.1.7*	31	2025-05-04 to 2025-05-24 versus 2025-04-13 to 2025-05-03	0.026138	0.013179	-1.296	Does not define any major lineages.
8390	ORF1a	A8390G	I2709V	NB.1*	31	2025-05-04 to 2025-05-24 versus 2025-04-13 to 2025-05-03	0.054047	0.093565	+3.952	NB.1.8.1
28883	N	G28883C, G28884C	G204P	PP.1.1.1*,MC.24.1*,PQ.1.1*,KP.3.3*,XEP*	12	2024-12-22 to 2025-01-11 versus 2024-12-01 to 2024-12-21	0.402765	0.48845	+8.569	XEC,XEC.4,XEK
25083	S	C25083T	A1174V	NW.1*,KP.2.3.12*,MC.1.2*,XEC.28*	34	2025-05-25 to 2025-06-14 versus 2025-05-04 to 2025-05-24	0.010989	0.026002	+1.501	Does not define any major lineages.
18131	ORF1b	C18131T	T1555I	LB.1.3*	10	2024-12-08 to 2024-12-28 versus 2024-11-17 to 2024-12-07	0.01912	0.033592	+1.447	LB.1.3.1
2060	ORF1a	G2060A	A599T	XEC*,MC.24.1*	19	2025-02-09 to 2025-03-01 versus 2025-01-19 to 2025-02-08	0.288721	0.209204	-7.952	XEC,XEC.4
7267	ORF1a	C7267A	F2334L	No associated lineages	39	2025-06-29 to 2025-07-19 versus 2025-06-08 to 2025-06-28	0.023897	0.033227	+0.933	Does not define any major lineages.
25595	ORF3a	G25595T	R68I	XFB*,MC.24*,MC.24.2*	6	2024-11-10 to 2024-11-30 versus 2024-10-20 to 2024-11-09	0.020022	0.021834	+0.181	Does not define any major lineages.
9866	ORF1a	C9866T	L3201F	XDR*	33	2025-05-18 to 2025-06-07 versus 2025-04-27 to 2025-05-17	0.047586	0.188517	+14.093	NB.1.8.1
16943	ORF1b	G16943T	S1159I	XEQ*	21	2025-02-23 to 2025-03-15 versus 2025-02-02 to 2025-02-22	0.00827	0.016561	+0.829	XEQ
21738	S	T21738C	F59S	XEC*,NB.1*,JN.1.18.7*,MR.2*,KR.1.4*,JN.1.18.6*,MZ.3*,XDR.1*,JN.1.42.1*,MU.3*,KP.1.1.5*,KS.1*,JN.1.13.1*,JN.1.18.2*,KP.3.1.8*,KP.3.3.8*,KP.2.10*,XEM*,JN.1.18.9*	4	2024-10-27 to 2024-11-16 versus 2024-10-06 to 2024-10-26	0.220744	0.332912	+11.217	XEC,XEQ,NB.1.8.1,XEC.4,XEK
22132	S	G22132T	R190S	LP.8.1*,LF.7*,XFN*,XFP*,LB.1.4.1*,NC.1*,MA.1*,JN.1.59.1*,LP.7*,XEL.4*,NL.5.2*,NL.22.1*,NK.1*,LB.1.11*,LB.1.7.4*,LP.1.2*,XER*,LZ.4*,KP.4.2.6*,KP.4.2.4*,MC.19.1.1*,NL.1*,MC.33.1.1*	10	2024-12-08 to 2024-12-28 versus 2024-11-17 to 2024-12-07	0.07001	0.098385	+2.838	XFG,LP.8.1,XFC,LF.7.9,LF.7.7.2,LF.7.2.1,LF.7,LF.7.7.1
22865	S	G22865T	A435S	NB.1.8.1*,MC.10.1*,XEC.32.1*,XFN*,KP.3.3.5*,MC.31*,XDV.1.9.1*,XEC.20.1*,XEC.18.2*,MU.6*,MC.21.1*,MC.28.1*,MC.30.1.1*,PG.1*,PY.1.1.1*,KP.2.14.2*,XEP*,LP.10.1.1*,MU.2.1.1*,XDY.1*,MC.13.2*,XEC.25.1*,XEC.14.1.1*,PT.1*,XFB*,PY.1.4.1*,XDY.3*,MC.46.1*,KP.3.3.2*,XEC.4.5.1*,XEC.4.6.1*,KP.3.7*	37	2025-06-15 to 2025-07-05 versus 2025-05-25 to 2025-06-14	0.229467	0.181843	-4.762	NB.1.8.1,PA.1,MC.10.1
25595	ORF3a	G25595T	R68I	XFB*,MC.24*,MC.24.2*	9	2024-12-01 to 2024-12-21 versus 2024-11-10 to 2024-11-30	0.021834	0.009425	-1.241	Does not define any major lineages.
16943	ORF1b	G16943T	S1159I	XEQ*	13	2024-12-29 to 2025-01-18 versus 2024-12-08 to 2024-12-28	0.018125	0.022142	+0.402	XEQ
15009	ORF1b	T15009A	D514E	No associated lineages	37	2025-06-15 to 2025-07-05 versus 2025-05-25 to 2025-06-14	0.034726	0.03241	-0.232	Does not define any major lineages.
6533	ORF1a	G6533T	V2090F	XEC.11.1*	24	2025-03-16 to 2025-04-05 versus 2025-02-23 to 2025-03-15	0.031539	0.014367	-1.717	Does not define any major lineages.
22895	S	G22895C, T22896C	V445P	LF.7.9*,LF.7.7.2*,PA.1*,LB.1.3.1*,LK.1*,XFP*,NS.1.1*,MV.1.1.1*,LP.1.2.1*,XFG.1*,KP.2.3.4*,NN.1*,LF.3.1*,NC.1.2*,JN.1.1.8*,MA.1.1.1*,LF.7.8*,LP.9*,MU.2.1.1*,LF.7.10.1*,LF.7.6.2*,KP.2.28.1*,JN.1.50*,LB.1.10*,LF.7.1.10*,MU.5*,QJ.1*	23	2025-03-09 to 2025-03-29 versus 2025-02-16 to 2025-03-08	0.049293	0.03911	-1.018	LB.1.3.1,LF.7.9,LF.7.7.2,PA.1
22865	S	G22865T	A435S	NB.1.8.1*,MC.10.1*,XEC.32.1*,XFN*,KP.3.3.5*,MC.31*,XDV.1.9.1*,XEC.20.1*,XEC.18.2*,MU.6*,MC.21.1*,MC.28.1*,MC.30.1.1*,PG.1*,PY.1.1.1*,KP.2.14.2*,XEP*,LP.10.1.1*,MU.2.1.1*,XDY.1*,MC.13.2*,XEC.25.1*,XEC.14.1.1*,PT.1*,XFB*,PY.1.4.1*,XDY.3*,MC.46.1*,KP.3.3.2*,XEC.4.5.1*,XEC.4.6.1*,KP.3.7*	34	2025-05-25 to 2025-06-14 versus 2025-05-04 to 2025-05-24	0.315811	0.229467	-8.634	NB.1.8.1,PA.1,MC.10.1
593	ORF1a	C593T	H110Y	XEK*,LP.8.1.15*,XEU*,MC.36.1*,XEC.4.5.1*	23	2025-03-09 to 2025-03-29 versus 2025-02-16 to 2025-03-08	0.017289	0.021867	+0.458	XEK
27476	ORF7a	C27476T	T28I	LB.1.3.1*,JN.1.8*,JN.1.8.1*	31	2025-05-04 to 2025-05-24 versus 2025-04-13 to 2025-05-03	0.021225	0.021773	+0.055	LB.1.3.1
23039	S	C23039G	Q493E	LP.8.1*,XFG*,KP.3*,XEQ*,XFH*,JN.1.16.4*,XDY*,JN.1.16.5*,LP.8.2*,KP.3.4*,XDY.9*,XEF*,XDY.1*,XFT*,XDY.5*,XDY.4*,XDY.11*,LF.7.1.11*,XET*,XDY.3*,NB.1.8*,XDY.6*,XDY.8*,XDY.2*,XDY.7*	10	2024-12-08 to 2024-12-28 versus 2024-11-17 to 2024-12-07	0.804721	0.823388	+1.867	XFG,LP.8.1,XFC,KP.3.1.1,XEC,XEQ,NB.1.8.1,KP.3,XEC.4,PA.1,MC.1,XEK,MC.10.1
13121	ORF1a	A13121T	S4286C	KP.3.1.1*,XFA*,XFK*,XEW*	10	2024-12-08 to 2024-12-28 versus 2024-11-17 to 2024-12-07	0.360646	0.314001	-4.665	KP.3.1.1,PA.1,MC.1,MC.10.1
11083	ORF1a	G11083T	L3606F	LK.1*,KP.3.4.1*,MM.2*,KP.2.20*,NY.1.2*,XFJ.3*	1	2024-10-06 to 2024-10-26 versus 2024-09-15 to 2024-10-05	0.033264	0.011755	-2.151	Does not define any major lineages.
14964	ORF1b	A14964C	K499N	No associated lineages	29	2025-04-20 to 2025-05-10 versus 2025-03-30 to 2025-04-19	0.015305	0.018249	+0.294	Does not define any major lineages.
27810	ORF7b	T27810C	F19L	No associated lineages	32	2025-05-11 to 2025-05-31 versus 2025-04-20 to 2025-05-10	0.565913	0.609038	+4.312	JN.1
14189	ORF1b	C14189T	A241V	NY.14*,NY.8*	23	2025-03-09 to 2025-03-29 versus 2025-02-16 to 2025-03-08	0.011007	0.038115	+2.711	Does not define any major lineages.
5180	ORF1a	G5180A	D1639N	NY.18.1*,NC.1.1*,XEC.31*	17	2025-01-26 to 2025-02-15 versus 2025-01-05 to 2025-01-25	0.021632	0.005257	-1.637	Does not define any major lineages.
7869	ORF1a	C7869T	S2535L	LF.7*	29	2025-04-20 to 2025-05-10 versus 2025-03-30 to 2025-04-19	0.031224	0.054727	+2.35	XFG,LF.7.9,LF.7.7.2,LF.7.2.1,LF.7,LF.7.7.1
22928	S	T22928C	F456L	JN.1.7.9*,LR.1*,KU.2*,JN.1.39.1*,KR.5*,KR.1*,JN.1.67.1*,JN.1.48.1*,JN.1.62*,NS.3*,LN.1.1*,KR.3*,JN.1.29.1*,JN.1.1.8*,JN.1.4.9*,LF.6*,XDR.1.1*,KS.1*,LF.8*,JN.1.18.5*,LL.1*,XDK.1.2*,KR.4.1*,XDK.4.1*,LM.1*,MD.3.1*,LZ.1*,KW.1.1*,XDD.3*,LQ.1*,JN.1.1.6*,XDK.3*,JN.1.11.1*,JN.1.55.2*,JN.1.16*,XDK.6*,JN.1.55.1*,JN.1.48.3*,LR.3*,JN.1.50*,JN.1.51.1*,JN.1.15.1*,MD.1*,JN.1.7.8*,XDK.5*,LZ.2.2*,XDV.1*,JN.1.18.9*,JN.1.18.4*,LZ.2.1*,LE.1.3.1*,JN.1.65.1*	20	2025-02-16 to 2025-03-08 versus 2025-01-26 to 2025-02-15	0.97689	0.983765	+0.687	XFG,LP.8.1,LB.1.3.1,XFC,KP.3.1.1,XEC,XEQ,NB.1.8.1,LF.7.9,KP.3,XEC.4,LF.7.7.2,PA.1,MC.1,LF.7.2.1,XEK,LF.7,LF.7.7.1,MC.10.1
22928	S	T22928C	F456L	JN.1.7.9*,LR.1*,KU.2*,JN.1.39.1*,KR.5*,KR.1*,JN.1.67.1*,JN.1.48.1*,JN.1.62*,NS.3*,LN.1.1*,KR.3*,JN.1.29.1*,JN.1.1.8*,JN.1.4.9*,LF.6*,XDR.1.1*,KS.1*,LF.8*,JN.1.18.5*,LL.1*,XDK.1.2*,KR.4.1*,XDK.4.1*,LM.1*,MD.3.1*,LZ.1*,KW.1.1*,XDD.3*,LQ.1*,JN.1.1.6*,XDK.3*,JN.1.11.1*,JN.1.55.2*,JN.1.16*,XDK.6*,JN.1.55.1*,JN.1.48.3*,LR.3*,JN.1.50*,JN.1.51.1*,JN.1.15.1*,MD.1*,JN.1.7.8*,XDK.5*,LZ.2.2*,XDV.1*,JN.1.18.9*,JN.1.18.4*,LZ.2.1*,LE.1.3.1*,JN.1.65.1*	3	2024-10-20 to 2024-11-09 versus 2024-09-29 to 2024-10-19	0.627295	0.886815	+25.952	XFG,LP.8.1,LB.1.3.1,XFC,KP.3.1.1,XEC,XEQ,NB.1.8.1,LF.7.9,KP.3,XEC.4,LF.7.7.2,PA.1,MC.1,LF.7.2.1,XEK,LF.7,LF.7.7.1,MC.10.1
15026	ORF1b	C15026T	A520V	No associated lineages	30	2025-04-27 to 2025-05-17 versus 2025-04-06 to 2025-04-26	0.071746	0.02258	-4.917	Does not define any major lineages.
16456	ORF1b	T16456C	S997P	PQ.1*,LF.7.12*	39	2025-06-29 to 2025-07-19 versus 2025-06-08 to 2025-06-28	0.02132	0.014485	-0.683	Does not define any major lineages.
6533	ORF1a	G6533T	V2090F	XEC.11.1*	26	2025-03-30 to 2025-04-19 versus 2025-03-09 to 2025-03-29	0.031146	0.006771	-2.438	Does not define any major lineages.
4809	ORF1a	C4809T	S1515F	XFC.1*	32	2025-05-11 to 2025-05-31 versus 2025-04-20 to 2025-05-10	0.024291	0.006569	-1.772	Does not define any major lineages.
5784	ORF1a	C5784T	T1840I	MC.32*,MC.10.1.8*,XFJ.3*	23	2025-03-09 to 2025-03-29 versus 2025-02-16 to 2025-03-08	0.028042	0.019778	-0.826	Does not define any major lineages.
22111	S	G22111T	Q183H	XFB*,LB.1*,JN.1.9*,XFR*,LY.2*,JN.1.32.1*	19	2025-02-09 to 2025-03-01 versus 2025-01-19 to 2025-02-08	0.022023	0.011931	-1.009	LB.1.3.1
27810	ORF7b	T27810C	F19L	No associated lineages	2	2024-10-13 to 2024-11-02 versus 2024-09-22 to 2024-10-12	0.602705	0.665639	+6.293	JN.1
25969	ORF3a	T25969C	W193R	PQ.2*	36	2025-06-08 to 2025-06-28 versus 2025-05-18 to 2025-06-07	0.019002	0.023482	+0.448	Does not define any major lineages.
11727	ORF1a	G11727A	R3821K	No associated lineages	28	2025-04-13 to 2025-05-03 versus 2025-03-23 to 2025-04-12	0.951848	0.95753	+0.568	JN.1
24819	S	A24819G	K1086R	KP.1.1*,XFT*,KP.1*	31	2025-05-04 to 2025-05-24 versus 2025-04-13 to 2025-05-03	0.63341	0.539351	-9.406	LP.8.1,XFC
18508	ORF1b	C18508T	L1681F	NY.18*,LF.7.9.4*	35	2025-06-01 to 2025-06-21 versus 2025-05-11 to 2025-05-31	0.043082	0.006197	-3.689	Does not define any major lineages.
22893	S	A22893G	K444R	LF.7*,JN.1.23*,JN.1.61*,XER*,NY.3.1.1*,NA.1.1*	22	2025-03-02 to 2025-03-22 versus 2025-02-09 to 2025-03-01	0.02641	0.066022	+3.961	XFG,LF.7.9,LF.7.7.2,LF.7.2.1,LF.7,LF.7.7.1
28883	N	G28883C, G28884C	G204P	PP.1.1.1*,MC.24.1*,PQ.1.1*,KP.3.3*,XEP*	7	2024-11-17 to 2024-12-07 versus 2024-10-27 to 2024-11-16	0.238052	0.322201	+8.415	XEC,XEC.4,XEK
22599	S	G22599C	R346T	XFN*,JN.1.24.1*,MC.13.2.4*,LE.1*,MC.31*,XED*,JN.1.59.1*,MF.1*,KR.5*,MC.32.1*,JN.1.48.1*,MC.28.1.1*,XDD.1.1.1*,MC.33.1*,NB.1.2.1*,MZ.3*,PJ.1*,JN.1.11.2*,JN.1.8.2*,KZ.1.1*,LN.1.1*,XDR.1*,LU.1*,XEP.1.1*,JN.1.7.3*,MU.3*,JN.1.16.1*,JN.1.29.1*,LF.6*,JN.1.44.1*,LG.1*,KS.1*,XEH*,LF.8*,JN.1.25.1*,MC.17.1*,JN.1.18*,MQ.1*,JN.1.30.1*,NU.1*,LU.2*,JN.1.6.1*,MC.19*,KP.2*,PK.1*,JN.1.50.1*,JN.1.4.4*,JN.1.49.1*,MC.13.3.1*,MK.3*,JN.1.26*,MC.13.2.1*,PG.3*,JN.1.39.2*,JN.1.58.2*,JN.1.42.2*,KQ.1*,JN.1.1.3*,XEM*,JN.1.1.5*,KP.4.1*,MC.10.1.6*,JN.1.48.2*,JN.1.48.3*,JN.1.9.2*,XEC.27*,JN.1.18.8*,XES.1*,MC.33.2*,NB.1.6.1*,XDK.1*,MC.13.2.2*,XEK.7*	27	2025-04-06 to 2025-04-26 versus 2025-03-16 to 2025-04-05	0.371931	0.444242	+7.231	XFG,LP.8.1,LB.1.3.1,XFC,XEQ,LF.7.9,LF.7.7.2,LF.7.2.1,LF.7,LF.7.7.1
7262	ORF1a	C7262A	L2333I	No associated lineages	33	2025-05-18 to 2025-06-07 versus 2025-04-27 to 2025-05-17	0.071134	0.054654	-1.648	Does not define any major lineages.
25925	ORF3a	C25925T	P178L	LP.8.1*,LP.11*,XFT*,LP.8.2*	40	2025-07-06 to 2025-07-26 versus 2025-06-15 to 2025-07-05	0.320847	0.296966	-2.388	LP.8.1,XFC
686	ORF1a	AAGTCATTT686-694del	KSF141-143del	MJ.1.1*,MJ.2.1*,ND.3*,XDV.1.7.5*	36	2025-06-08 to 2025-06-28 versus 2025-05-18 to 2025-06-07	0.016483	0.018467	+0.198	Does not define any major lineages.
2060	ORF1a	G2060A	A599T	XEC*,MC.24.1*	7	2024-11-17 to 2024-12-07 versus 2024-10-27 to 2024-11-16	0.132258	0.194849	+6.259	XEC,XEC.4
27810	ORF7b	T27810C	F19L	No associated lineages	29	2025-04-20 to 2025-05-10 versus 2025-03-30 to 2025-04-19	0.594353	0.565913	-2.844	JN.1
25925	ORF3a	C25925T	P178L	LP.8.1*,LP.11*,XFT*,LP.8.2*	28	2025-04-13 to 2025-05-03 versus 2025-03-23 to 2025-04-12	0.453496	0.533035	+7.954	LP.8.1,XFC
22132	S	G22132T	R190S	LP.8.1*,LF.7*,XFN*,XFP*,LB.1.4.1*,NC.1*,MA.1*,JN.1.59.1*,LP.7*,XEL.4*,NL.5.2*,NL.22.1*,NK.1*,LB.1.11*,LB.1.7.4*,LP.1.2*,XER*,LZ.4*,KP.4.2.6*,KP.4.2.4*,MC.19.1.1*,NL.1*,MC.33.1.1*	27	2025-04-06 to 2025-04-26 versus 2025-03-16 to 2025-04-05	0.390939	0.414485	+2.355	XFG,LP.8.1,XFC,LF.7.9,LF.7.7.2,LF.7.2.1,LF.7,LF.7.7.1
3686	ORF1a	C3686T	H1141Y	XDV.1.5.1*	30	2025-04-27 to 2025-05-17 versus 2025-04-06 to 2025-04-26	0.03083	0.046776	+1.595	NB.1.8.1
23933	S	A23933G	T791A	XFJ*,XFP*,XFM*	34	2025-05-25 to 2025-06-14 versus 2025-05-04 to 2025-05-24	0.021614	0.014118	-0.75	Does not define any major lineages.
22895	S	G22895C, T22896G	V445R	LP.8.1*,XFG*,NZ.1*,LP.8.2*,MK.3*,LF.7.12.1*,MC.32.1*,XEC.27*,XFT*,MC.33.1*,MC.19.1*	18	2025-02-02 to 2025-02-22 versus 2025-01-12 to 2025-02-01	0.130088	0.119954	-1.013	XFG,LP.8.1,XFC
24819	S	A24819G	K1086R	KP.1.1*,XFT*,KP.1*	22	2025-03-02 to 2025-03-22 versus 2025-02-09 to 2025-03-01	0.32138	0.406827	+8.545	LP.8.1,XFC
14290	ORF1b	G14290T	D275Y	NB.1*	40	2025-07-06 to 2025-07-26 versus 2025-06-15 to 2025-07-05	0.207344	0.149489	-5.785	NB.1.8.1
10323	ORF1a	A10323G	K3353R	LP.8.1.5*,LF.7.8*,JN.1.52*,NY.7.2*,MC.10.2*	39	2025-06-29 to 2025-07-19 versus 2025-06-08 to 2025-06-28	0.036346	0.003022	-3.332	Does not define any major lineages.
22120	S	C22120A	F186L	LP.8.1*,LP.8.2*,XFT*	33	2025-05-18 to 2025-06-07 versus 2025-04-27 to 2025-05-17	0.229947	0.250111	+2.016	LP.8.1
22893	S	A22893G	K444R	LF.7*,JN.1.23*,JN.1.61*,XER*,NY.3.1.1*,NA.1.1*	20	2025-02-16 to 2025-03-08 versus 2025-01-26 to 2025-02-15	0.041491	0.025321	-1.617	XFG,LF.7.9,LF.7.7.2,LF.7.2.1,LF.7,LF.7.7.1
27476	ORF7a	C27476T	T28I	LB.1.3.1*,JN.1.8*,JN.1.8.1*	16	2025-01-19 to 2025-02-08 versus 2024-12-29 to 2025-01-18	0.038194	0.042854	+0.466	LB.1.3.1
22111	S	G22111T	Q183H	XFB*,LB.1*,JN.1.9*,XFR*,LY.2*,JN.1.32.1*	2	2024-10-13 to 2024-11-02 versus 2024-09-22 to 2024-10-12	0.03322	0.029003	-0.422	LB.1.3.1
18131	ORF1b	C18131T	T1555I	LB.1.3*	19	2025-02-09 to 2025-03-01 versus 2025-01-19 to 2025-02-08	0.040321	0.03001	-1.031	LB.1.3.1
25844	ORF3a	C25844T	T151I	XFJ*,XFM*	8	2024-11-24 to 2024-12-14 versus 2024-11-03 to 2024-11-23	0.018465	0.020202	+0.174	Does not define any major lineages.
27810	ORF7b	T27810C	F19L	No associated lineages	40	2025-07-06 to 2025-07-26 versus 2025-06-15 to 2025-07-05	0.658424	0.592062	-6.636	JN.1
22995	S	C22995T	T478I	LF.7.10*,NL.9*,XDV.1.5*,QD.1*,ND.3*,LN.1.1*	30	2025-04-27 to 2025-05-17 versus 2025-04-06 to 2025-04-26	0.05446	0.023053	-3.141	NB.1.8.1
6543	ORF1a	C6543T	T2093I	XFG.5.1*,KP.2.3.10*,KP.3.3.7*,KP.2.11*,NL.10*,PF.2.3*	40	2025-07-06 to 2025-07-26 versus 2025-06-15 to 2025-07-05	0.023483	0.026013	+0.253	Does not define any major lineages.
23598	S	A23598G, T23599G	N679R	XFC*,XEC.32.1*,NY.7*,PG.4.1*,LP.8.1.1*,JN.1.68.1*,PF.2.4*,MC.10.2.1*,XDK.2*,PU.1*,XFT*,NR.1*,NW.1.5*,XEC.22*,KP.2.3.14*,MD.1*,PY.1.1*,PR.2*,LQ.1.1.1*	40	2025-07-06 to 2025-07-26 versus 2025-06-15 to 2025-07-05	0.269138	0.138259	-13.088	XFC
16342	ORF1b	T16342C	S959P	XDV*	3	2024-10-20 to 2024-11-09 versus 2024-09-29 to 2024-10-19	0.003099	0.0221	+1.9	NB.1.8.1
10296	ORF1a	C10296T	S3344F	NY.15*	35	2025-06-01 to 2025-06-21 versus 2025-05-11 to 2025-05-31	0.023572	0.010536	-1.304	Does not define any major lineages.
23277	S	C23277T	T572I	XFG*,XEC.4*,MC.1*,XDK*,MU.1*,MC.13.4*,XFA*,LF.7.1.8*,MV.1.6*,KP.2.15.1*,JN.1.32*,NY.16.1*,XDV.1.3*,XDY.1.1*,NT.2.1*,PW.1*,MC.6.1*,JN.1.62*,XEC.35*,MH.1*,KP.2.27*,JN.1.16.3*,LF.7.3.6*,NY.19*,JN.1.47.2*,MC.30.1.1*,KP.2.3.8*,KP.2.14.1*,XEC.21*,MC.26.1*,NB.1.3.1*,LZ.3*,LP.4*,LB.1.2.2*,XDY.5.1*,JN.1.9.1*,JN.1.1.1*,KP.2.9*,KP.2.2.2*,XDD.3*,XEC.37*,XEC.2.2.1*,LF.7.6.5*,LD.1*,JN.1.7*,LF.7.7*,MC.9.2*,KP.1.2*,XFB*,LF.7.10.1*,KP.2.3.6*,XEC.25.1.1*,NL.5.1*,KV.2*,MG.1*,XEF.3*,NL.13*,JN.1.65*,MZ.5*,KW.1*,MC.11.3.1*,JN.1.4.3*,MC.8.1*,KP.5*	40	2025-07-06 to 2025-07-26 versus 2025-06-15 to 2025-07-05	0.273576	0.380278	+10.67	XFG,XEC.4,MC.1,LF.7.7.1
16943	ORF1b	G16943T	S1159I	XEQ*	14	2025-01-05 to 2025-01-25 versus 2024-12-15 to 2025-01-04	0.018214	0.023029	+0.482	XEQ
23277	S	C23277T	T572I	XFG*,XEC.4*,MC.1*,XDK*,MU.1*,MC.13.4*,XFA*,LF.7.1.8*,MV.1.6*,KP.2.15.1*,JN.1.32*,NY.16.1*,XDV.1.3*,XDY.1.1*,NT.2.1*,PW.1*,MC.6.1*,JN.1.62*,XEC.35*,MH.1*,KP.2.27*,JN.1.16.3*,LF.7.3.6*,NY.19*,JN.1.47.2*,MC.30.1.1*,KP.2.3.8*,KP.2.14.1*,XEC.21*,MC.26.1*,NB.1.3.1*,LZ.3*,LP.4*,LB.1.2.2*,XDY.5.1*,JN.1.9.1*,JN.1.1.1*,KP.2.9*,KP.2.2.2*,XDD.3*,XEC.37*,XEC.2.2.1*,LF.7.6.5*,LD.1*,JN.1.7*,LF.7.7*,MC.9.2*,KP.1.2*,XFB*,LF.7.10.1*,KP.2.3.6*,XEC.25.1.1*,NL.5.1*,KV.2*,MG.1*,XEF.3*,NL.13*,JN.1.65*,MZ.5*,KW.1*,MC.11.3.1*,JN.1.4.3*,MC.8.1*,KP.5*	28	2025-04-13 to 2025-05-03 versus 2025-03-23 to 2025-04-12	0.055109	0.045888	-0.922	XFG,XEC.4,MC.1,LF.7.7.1
13121	ORF1a	A13121T	S4286C	KP.3.1.1*,XFA*,XFK*,XEW*	13	2024-12-29 to 2025-01-18 versus 2024-12-08 to 2024-12-28	0.314001	0.259446	-5.455	KP.3.1.1,PA.1,MC.1,MC.10.1
9866	ORF1a	C9866T	L3201F	XDR*	30	2025-04-27 to 2025-05-17 versus 2025-04-06 to 2025-04-26	0.035984	0.047586	+1.16	NB.1.8.1
4683	ORF1a	C4683T	A1473V	XDV.1.5*,LB.1.4*,XFC.1.3*	35	2025-06-01 to 2025-06-21 versus 2025-05-11 to 2025-05-31	0.110161	0.178988	+6.883	NB.1.8.1
22865	S	G22865T	A435S	NB.1.8.1*,MC.10.1*,XEC.32.1*,XFN*,KP.3.3.5*,MC.31*,XDV.1.9.1*,XEC.20.1*,XEC.18.2*,MU.6*,MC.21.1*,MC.28.1*,MC.30.1.1*,PG.1*,PY.1.1.1*,KP.2.14.2*,XEP*,LP.10.1.1*,MU.2.1.1*,XDY.1*,MC.13.2*,XEC.25.1*,XEC.14.1.1*,PT.1*,XFB*,PY.1.4.1*,XDY.3*,MC.46.1*,KP.3.3.2*,XEC.4.5.1*,XEC.4.6.1*,KP.3.7*	15	2025-01-12 to 2025-02-01 versus 2024-12-22 to 2025-01-11	0.042156	0.04201	-0.015	NB.1.8.1,PA.1,MC.10.1
7262	ORF1a	C7262A	L2333I	No associated lineages	35	2025-06-01 to 2025-06-21 versus 2025-05-11 to 2025-05-31	0.067438	0.050248	-1.719	Does not define any major lineages.
10296	ORF1a	C10296T	S3344F	NY.15*	39	2025-06-29 to 2025-07-19 versus 2025-06-08 to 2025-06-28	0.012478	0.022534	+1.006	Does not define any major lineages.
14964	ORF1b	A14964C	K499N	No associated lineages	23	2025-03-09 to 2025-03-29 versus 2025-02-16 to 2025-03-08	0.021978	0.020113	-0.187	Does not define any major lineages.
22865	S	G22865T	A435S	NB.1.8.1*,MC.10.1*,XEC.32.1*,XFN*,KP.3.3.5*,MC.31*,XDV.1.9.1*,XEC.20.1*,XEC.18.2*,MU.6*,MC.21.1*,MC.28.1*,MC.30.1.1*,PG.1*,PY.1.1.1*,KP.2.14.2*,XEP*,LP.10.1.1*,MU.2.1.1*,XDY.1*,MC.13.2*,XEC.25.1*,XEC.14.1.1*,PT.1*,XFB*,PY.1.4.1*,XDY.3*,MC.46.1*,KP.3.3.2*,XEC.4.5.1*,XEC.4.6.1*,KP.3.7*	24	2025-03-16 to 2025-04-05 versus 2025-02-23 to 2025-03-15	0.090529	0.112008	+2.148	NB.1.8.1,PA.1,MC.10.1
6501	ORF1a	C6501A	P2079Q	XDV*	33	2025-05-18 to 2025-06-07 versus 2025-04-27 to 2025-05-17	0.072299	0.168676	+9.638	NB.1.8.1
2060	ORF1a	G2060A	A599T	XEC*,MC.24.1*	28	2025-04-13 to 2025-05-03 versus 2025-03-23 to 2025-04-12	0.114571	0.0587	-5.587	XEC,XEC.4
22865	S	G22865T	A435S	NB.1.8.1*,MC.10.1*,XEC.32.1*,XFN*,KP.3.3.5*,MC.31*,XDV.1.9.1*,XEC.20.1*,XEC.18.2*,MU.6*,MC.21.1*,MC.28.1*,MC.30.1.1*,PG.1*,PY.1.1.1*,KP.2.14.2*,XEP*,LP.10.1.1*,MU.2.1.1*,XDY.1*,MC.13.2*,XEC.25.1*,XEC.14.1.1*,PT.1*,XFB*,PY.1.4.1*,XDY.3*,MC.46.1*,KP.3.3.2*,XEC.4.5.1*,XEC.4.6.1*,KP.3.7*	32	2025-05-11 to 2025-05-31 versus 2025-04-20 to 2025-05-10	0.27465	0.086359	-18.829	NB.1.8.1,PA.1,MC.10.1
21653	S	T21653C	S31P	XFC*,LF.7*,XFN*,XFP*,MT.1*,KP.2.26*,KP.3.2.6*,MJ.1*,NF.1*,XER*,JN.1.40*	19	2025-02-09 to 2025-03-01 versus 2025-01-19 to 2025-02-08	0.03045	0.032665	+0.221	XFG,XFC,LF.7.9,LF.7.7.2,LF.7.2.1,LF.7,LF.7.7.1
6533	ORF1a	G6533T	V2090F	XEC.11.1*	19	2025-02-09 to 2025-03-01 versus 2025-01-19 to 2025-02-08	0.011116	0.021377	+1.026	Does not define any major lineages.
25324	S	C25324A	C1254*	No associated lineages	38	2025-06-22 to 2025-07-12 versus 2025-06-01 to 2025-06-21	0.024852	0.035877	+1.103	Does not define any major lineages.
21137	ORF1b	A21137G	K2557R	JN.1.58*,MV.2*,KP.3.2.9*,JN.1.7.7*,NW.1.4*,MC.23*,MV.1.1*,XFG.2*,NL.12*	31	2025-05-04 to 2025-05-24 versus 2025-04-13 to 2025-05-03	0.015858	0.033748	+1.789	Does not define any major lineages.
11083	ORF1a	G11083T	L3606F	LK.1*,KP.3.4.1*,MM.2*,KP.2.20*,NY.1.2*,XFJ.3*	35	2025-06-01 to 2025-06-21 versus 2025-05-11 to 2025-05-31	0.023832	0.009365	-1.447	Does not define any major lineages.
23039	S	C23039G	Q493E	LP.8.1*,XFG*,KP.3*,XEQ*,XFH*,JN.1.16.4*,XDY*,JN.1.16.5*,LP.8.2*,KP.3.4*,XDY.9*,XEF*,XDY.1*,XFT*,XDY.5*,XDY.4*,XDY.11*,LF.7.1.11*,XET*,XDY.3*,NB.1.8*,XDY.6*,XDY.8*,XDY.2*,XDY.7*	15	2025-01-12 to 2025-02-01 versus 2024-12-22 to 2025-01-11	0.802187	0.823996	+2.181	XFG,LP.8.1,XFC,KP.3.1.1,XEC,XEQ,NB.1.8.1,KP.3,XEC.4,PA.1,MC.1,XEK,MC.10.1
23933	S	A23933G	T791A	XFJ*,XFP*,XFM*	36	2025-06-08 to 2025-06-28 versus 2025-05-18 to 2025-06-07	0.015644	0.029181	+1.354	Does not define any major lineages.
27476	ORF7a	C27476T	T28I	LB.1.3.1*,JN.1.8*,JN.1.8.1*	35	2025-06-01 to 2025-06-21 versus 2025-05-11 to 2025-05-31	0.026937	0.008708	-1.823	LB.1.3.1
7869	ORF1a	C7869T	S2535L	LF.7*	39	2025-06-29 to 2025-07-19 versus 2025-06-08 to 2025-06-28	0.235306	0.455166	+21.986	XFG,LF.7.9,LF.7.7.2,LF.7.2.1,LF.7,LF.7.7.1
22031	S	T22031-22031del, 22035-insertG	FR157-158SG	No associated lineages	6	2024-11-10 to 2024-11-30 versus 2024-10-20 to 2024-11-09	0.493717	0.612474	+11.876	Does not define any major lineages.
8390	ORF1a	A8390G	I2709V	NB.1*	29	2025-04-20 to 2025-05-10 versus 2025-03-30 to 2025-04-19	0.014903	0.061181	+4.628	NB.1.8.1
21652	S	TTC21652-21654del	NS30-31Ndel	No associated lineages	42	2025-07-20 to 2025-08-09 versus 2025-06-29 to 2025-07-19	0.263724	0.235725	-2.8	LP.8.1,LB.1.3.1,KP.3.1.1,PA.1,MC.1,MC.10.1
11727	ORF1a	G11727A	R3821K	No associated lineages	34	2025-05-25 to 2025-06-14 versus 2025-05-04 to 2025-05-24	0.868381	0.83911	-2.927	JN.1
3096	ORF1a	C3096T	S944L	NB.1.3.1*,PF.2*	34	2025-05-25 to 2025-06-14 versus 2025-05-04 to 2025-05-24	0.02044	0.023421	+0.298	Does not define any major lineages.
12924	ORF1a	C12924T	P4220L	XDV*	31	2025-05-04 to 2025-05-24 versus 2025-04-13 to 2025-05-03	0.062683	0.120197	+5.751	NB.1.8.1
23039	S	C23039G	Q493E	LP.8.1*,XFG*,KP.3*,XEQ*,XFH*,JN.1.16.4*,XDY*,JN.1.16.5*,LP.8.2*,KP.3.4*,XDY.9*,XEF*,XDY.1*,XFT*,XDY.5*,XDY.4*,XDY.11*,LF.7.1.11*,XET*,XDY.3*,NB.1.8*,XDY.6*,XDY.8*,XDY.2*,XDY.7*	31	2025-05-04 to 2025-05-24 versus 2025-04-13 to 2025-05-03	0.810477	0.759023	-5.145	XFG,LP.8.1,XFC,KP.3.1.1,XEC,XEQ,NB.1.8.1,KP.3,XEC.4,PA.1,MC.1,XEK,MC.10.1
24813	S	A24813G	D1084G	XFG.3.1*,XFQ*	38	2025-06-22 to 2025-07-12 versus 2025-06-01 to 2025-06-21	0.015555	0.02784	+1.229	Does not define any major lineages.
14189	ORF1b	C14189T	A241V	NY.14*,NY.8*	22	2025-03-02 to 2025-03-22 versus 2025-02-09 to 2025-03-01	0.009667	0.025459	+1.579	Does not define any major lineages.
6255	ORF1a	C6255T	A1997V	LP.8.1*,LP.11*,XFV*,LP.8.2*	25	2025-03-23 to 2025-04-12 versus 2025-03-02 to 2025-03-22	0.400608	0.499911	+9.93	LP.8.1,XFC
4683	ORF1a	C4683T	A1473V	XDV.1.5*,LB.1.4*,XFC.1.3*	26	2025-03-30 to 2025-04-19 versus 2025-03-09 to 2025-03-29	0.00518	0.030112	+2.493	NB.1.8.1
21653	S	T21653C	S31P	XFC*,LF.7*,XFN*,XFP*,MT.1*,KP.2.26*,KP.3.2.6*,MJ.1*,NF.1*,XER*,JN.1.40*	26	2025-03-30 to 2025-04-19 versus 2025-03-09 to 2025-03-29	0.033006	0.05461	+2.16	XFG,XFC,LF.7.9,LF.7.7.2,LF.7.2.1,LF.7,LF.7.7.1
22893	S	A22893G	K444R	LF.7*,JN.1.23*,JN.1.61*,XER*,NY.3.1.1*,NA.1.1*	35	2025-06-01 to 2025-06-21 versus 2025-05-11 to 2025-05-31	0.184524	0.191627	+0.71	XFG,LF.7.9,LF.7.7.2,LF.7.2.1,LF.7,LF.7.7.1
22895	S	G22895C, T22896G	V445R	LP.8.1*,XFG*,NZ.1*,LP.8.2*,MK.3*,LF.7.12.1*,MC.32.1*,XEC.27*,XFT*,MC.33.1*,MC.19.1*	6	2024-11-10 to 2024-11-30 versus 2024-10-20 to 2024-11-09	0.010321	0.021653	+1.133	XFG,LP.8.1,XFC
23039	S	C23039G	Q493E	LP.8.1*,XFG*,KP.3*,XEQ*,XFH*,JN.1.16.4*,XDY*,JN.1.16.5*,LP.8.2*,KP.3.4*,XDY.9*,XEF*,XDY.1*,XFT*,XDY.5*,XDY.4*,XDY.11*,LF.7.1.11*,XET*,XDY.3*,NB.1.8*,XDY.6*,XDY.8*,XDY.2*,XDY.7*	9	2024-12-01 to 2024-12-21 versus 2024-11-10 to 2024-11-30	0.800238	0.811711	+1.147	XFG,LP.8.1,XFC,KP.3.1.1,XEC,XEQ,NB.1.8.1,KP.3,XEC.4,PA.1,MC.1,XEK,MC.10.1
13121	ORF1a	A13121T	S4286C	KP.3.1.1*,XFA*,XFK*,XEW*	14	2025-01-05 to 2025-01-25 versus 2024-12-15 to 2025-01-04	0.306145	0.253337	-5.281	KP.3.1.1,PA.1,MC.1,MC.10.1
22132	S	G22132T	R190S	LP.8.1*,LF.7*,XFN*,XFP*,LB.1.4.1*,NC.1*,MA.1*,JN.1.59.1*,LP.7*,XEL.4*,NL.5.2*,NL.22.1*,NK.1*,LB.1.11*,LB.1.7.4*,LP.1.2*,XER*,LZ.4*,KP.4.2.6*,KP.4.2.4*,MC.19.1.1*,NL.1*,MC.33.1.1*	19	2025-02-09 to 2025-03-01 versus 2025-01-19 to 2025-02-08	0.17462	0.250609	+7.599	XFG,LP.8.1,XFC,LF.7.9,LF.7.7.2,LF.7.2.1,LF.7,LF.7.7.1
16342	ORF1b	T16342C	S959P	XDV*	34	2025-05-25 to 2025-06-14 versus 2025-05-04 to 2025-05-24	0.094874	0.180663	+8.579	NB.1.8.1
27476	ORF7a	C27476T	T28I	LB.1.3.1*,JN.1.8*,JN.1.8.1*	34	2025-05-25 to 2025-06-14 versus 2025-05-04 to 2025-05-24	0.021773	0.014854	-0.692	LB.1.3.1
16943	ORF1b	G16943T	S1159I	XEQ*	16	2025-01-19 to 2025-02-08 versus 2024-12-29 to 2025-01-18	0.022142	0.017818	-0.432	XEQ
22995	S	C22995T	T478I	LF.7.10*,NL.9*,XDV.1.5*,QD.1*,ND.3*,LN.1.1*	36	2025-06-08 to 2025-06-28 versus 2025-05-18 to 2025-06-07	0.162204	0.171637	+0.943	NB.1.8.1
28727	N	G28727T	A152S	PA.1*	29	2025-04-20 to 2025-05-10 versus 2025-03-30 to 2025-04-19	0.02005	0.013902	-0.615	PA.1
24872	S	G24872T	V1104L	XEQ*,XDY.3*,XDY.9*,XDY.6*,JN.1.11*,XEF*,XDY.8*,XDY.1*,XDY*,XDY.2*,XDY.5*,XDY.4*,LB.1.1*,XFT*,XDY.11*,XDY.7*	17	2025-01-26 to 2025-02-15 versus 2025-01-05 to 2025-01-25	0.856251	0.831076	-2.517	LP.8.1,XFC,KP.3.1.1,XEC,XEQ,KP.3,XEC.4,PA.1,MC.1,XEK,MC.10.1
1895	ORF1a	G1895A	V544I	LF.7.9.1*	41	2025-07-13 to 2025-08-02 versus 2025-06-22 to 2025-07-12	0.03191	0.015146	-1.676	Does not define any major lineages.
5180	ORF1a	G5180A	D1639N	NY.18.1*,NC.1.1*,XEC.31*	10	2024-12-08 to 2024-12-28 versus 2024-11-17 to 2024-12-07	0.004428	0.020765	+1.634	Does not define any major lineages.
22000	S	C22000A	H146Q	KP.2.3*,XES*,XEE*	1	2024-10-06 to 2024-10-26 versus 2024-09-15 to 2024-10-05	0.050775	0.031253	-1.952	Does not define any major lineages.
4364	ORF1a	A4364C	I1367L	XEP*,XEC.2*,KP.3.3.4*	15	2025-01-12 to 2025-02-01 versus 2024-12-22 to 2025-01-11	0.061619	0.065351	+0.373	Does not define any major lineages.
21738	S	T21738C	F59S	XEC*,NB.1*,JN.1.18.7*,MR.2*,KR.1.4*,JN.1.18.6*,MZ.3*,XDR.1*,JN.1.42.1*,MU.3*,KP.1.1.5*,KS.1*,JN.1.13.1*,JN.1.18.2*,KP.3.1.8*,KP.3.3.8*,KP.2.10*,XEM*,JN.1.18.9*	41	2025-07-13 to 2025-08-02 versus 2025-06-22 to 2025-07-12	0.173211	0.187895	+1.468	XEC,XEQ,NB.1.8.1,XEC.4,XEK
1895	ORF1a	G1895A	V544I	LF.7.9.1*	40	2025-07-06 to 2025-07-26 versus 2025-06-15 to 2025-07-05	0.038372	0.022973	-1.54	Does not define any major lineages.
29409	N	C29409T	T379I	XFG*,LF.7.9*,LB.1.3.1*,NT.1*,MC.10.1.3*,XDS*,XEC.2.3*,NS.3*,XEC.35.1*	15	2025-01-12 to 2025-02-01 versus 2024-12-22 to 2025-01-11	0.027248	0.034885	+0.764	XFG,LB.1.3.1,LF.7.9
24872	S	G24872T	V1104L	XEQ*,XDY.3*,XDY.9*,XDY.6*,JN.1.11*,XEF*,XDY.8*,XDY.1*,XDY*,XDY.2*,XDY.5*,XDY.4*,LB.1.1*,XFT*,XDY.11*,XDY.7*	29	2025-04-20 to 2025-05-10 versus 2025-03-30 to 2025-04-19	0.688438	0.624439	-6.4	LP.8.1,XFC,KP.3.1.1,XEC,XEQ,KP.3,XEC.4,PA.1,MC.1,XEK,MC.10.1
21652	S	TTC21652-21654del	NS30-31Ndel	No associated lineages	32	2025-05-11 to 2025-05-31 versus 2025-04-20 to 2025-05-10	0.480598	0.47173	-0.887	LP.8.1,LB.1.3.1,KP.3.1.1,PA.1,MC.1,MC.10.1
25083	S	C25083T	A1174V	NW.1*,KP.2.3.12*,MC.1.2*,XEC.28*	35	2025-06-01 to 2025-06-21 versus 2025-05-11 to 2025-05-31	0.00579	0.034074	+2.828	Does not define any major lineages.
2060	ORF1a	G2060A	A599T	XEC*,MC.24.1*	25	2025-03-23 to 2025-04-12 versus 2025-03-02 to 2025-03-22	0.131669	0.114571	-1.71	XEC,XEC.4
7113	ORF1a	C7113T	T2283I	PY.5*,XDV*,JN.1.11.1*,KU.2*,XFG.19*	9	2024-12-01 to 2024-12-21 versus 2024-11-10 to 2024-11-30	0.484976	0.450561	-3.442	LP.8.1,XFC,KP.3.1.1,NB.1.8.1,KP.3,PA.1,MC.1,XEK,MC.10.1
22599	S	G22599C	R346T	XFN*,JN.1.24.1*,MC.13.2.4*,LE.1*,MC.31*,XED*,JN.1.59.1*,MF.1*,KR.5*,MC.32.1*,JN.1.48.1*,MC.28.1.1*,XDD.1.1.1*,MC.33.1*,NB.1.2.1*,MZ.3*,PJ.1*,JN.1.11.2*,JN.1.8.2*,KZ.1.1*,LN.1.1*,XDR.1*,LU.1*,XEP.1.1*,JN.1.7.3*,MU.3*,JN.1.16.1*,JN.1.29.1*,LF.6*,JN.1.44.1*,LG.1*,KS.1*,XEH*,LF.8*,JN.1.25.1*,MC.17.1*,JN.1.18*,MQ.1*,JN.1.30.1*,NU.1*,LU.2*,JN.1.6.1*,MC.19*,KP.2*,PK.1*,JN.1.50.1*,JN.1.4.4*,JN.1.49.1*,MC.13.3.1*,MK.3*,JN.1.26*,MC.13.2.1*,PG.3*,JN.1.39.2*,JN.1.58.2*,JN.1.42.2*,KQ.1*,JN.1.1.3*,XEM*,JN.1.1.5*,KP.4.1*,MC.10.1.6*,JN.1.48.2*,JN.1.48.3*,JN.1.9.2*,XEC.27*,JN.1.18.8*,XES.1*,MC.33.2*,NB.1.6.1*,XDK.1*,MC.13.2.2*,XEK.7*	17	2025-01-26 to 2025-02-15 versus 2025-01-05 to 2025-01-25	0.161569	0.273123	+11.155	XFG,LP.8.1,LB.1.3.1,XFC,XEQ,LF.7.9,LF.7.7.2,LF.7.2.1,LF.7,LF.7.7.1
25455	ORF3a	G25455T	K21N	PG.1*,PC.4*	34	2025-05-25 to 2025-06-14 versus 2025-05-04 to 2025-05-24	0.024412	0.000976	-2.344	Does not define any major lineages.
21738	S	T21738C	F59S	XEC*,NB.1*,JN.1.18.7*,MR.2*,KR.1.4*,JN.1.18.6*,MZ.3*,XDR.1*,JN.1.42.1*,MU.3*,KP.1.1.5*,KS.1*,JN.1.13.1*,JN.1.18.2*,KP.3.1.8*,KP.3.3.8*,KP.2.10*,XEM*,JN.1.18.9*	1	2024-10-06 to 2024-10-26 versus 2024-09-15 to 2024-10-05	0.082288	0.220744	+13.846	XEC,XEQ,NB.1.8.1,XEC.4,XEK
27476	ORF7a	C27476T	T28I	LB.1.3.1*,JN.1.8*,JN.1.8.1*	15	2025-01-12 to 2025-02-01 versus 2024-12-22 to 2025-01-11	0.040312	0.04242	+0.211	LB.1.3.1
24872	S	G24872T	V1104L	XEQ*,XDY.3*,XDY.9*,XDY.6*,JN.1.11*,XEF*,XDY.8*,XDY.1*,XDY*,XDY.2*,XDY.5*,XDY.4*,LB.1.1*,XFT*,XDY.11*,XDY.7*	21	2025-02-23 to 2025-03-15 versus 2025-02-02 to 2025-02-22	0.831031	0.784953	-4.608	LP.8.1,XFC,KP.3.1.1,XEC,XEQ,KP.3,XEC.4,PA.1,MC.1,XEK,MC.10.1
23148	S	A23148C	K529T	XFG.14*,LF.7.1.5*	42	2025-07-20 to 2025-08-09 versus 2025-06-29 to 2025-07-19	0.005383	0.030115	+2.473	Does not define any major lineages.
11727	ORF1a	G11727A	R3821K	No associated lineages	15	2025-01-12 to 2025-02-01 versus 2024-12-22 to 2025-01-11	0.992693	0.978565	-1.413	JN.1
22107	S	A22107G	K182R	XFC*,LF.7*,XFN*,XFP*,XER*,KP.2.2.2*,LB.1.3.3*,MC.15*,XEC.1*	19	2025-02-09 to 2025-03-01 versus 2025-01-19 to 2025-02-08	0.029535	0.04086	+1.133	XFG,XFC,LF.7.9,LF.7.7.2,LF.7.2.1,LF.7,LF.7.7.1
6543	ORF1a	C6543T	T2093I	XFG.5.1*,KP.2.3.10*,KP.3.3.7*,KP.2.11*,NL.10*,PF.2.3*	41	2025-07-13 to 2025-08-02 versus 2025-06-22 to 2025-07-12	0.023823	0.035618	+1.179	Does not define any major lineages.
2949	ORF1a	T2949G	I895S	No associated lineages	25	2025-03-23 to 2025-04-12 versus 2025-03-02 to 2025-03-22	0.020583	0.021133	+0.055	Does not define any major lineages.
25693	ORF3a	C25693T	L101F	NW.1*	42	2025-07-20 to 2025-08-09 versus 2025-06-29 to 2025-07-19	0.01751	0.033568	+1.606	Does not define any major lineages.
21627	S	C21627A	T22N	XFC*,XEC*,LF.7*,XEQ*,KP.3.3.9*,XFP*,MB.1.1*,NB.1*,KP.2.14*,KS.1.5*,JN.1.18.7*,MR.2*,XEN*,XDV.1.7.1*,MT.1.1*,PF.2*,KP.3.1.9*,PB.1*,MU.6*,JN.1.16.5*,PM.1*,KP.2.26*,LF.8.1.1*,KP.3.6*,MU.3*,KP.2.18*,KS.1.1*,MG.3*,NG.1*,LJ.1*,MJ.1.1*,XER*,PB.2*,KP.2.2.1*,NW.1.2*,MC.24.1*,LP.8.1.6*,PP.1*,XEL*	1	2024-10-06 to 2024-10-26 versus 2024-09-15 to 2024-10-05	0.074819	0.225239	+15.042	XFG,XFC,XEC,XEQ,NB.1.8.1,LF.7.9,XEC.4,LF.7.7.2,LF.7.2.1,XEK,LF.7,LF.7.7.1
25925	ORF3a	C25925T	P178L	LP.8.1*,LP.11*,XFT*,LP.8.2*	24	2025-03-16 to 2025-04-05 versus 2025-02-23 to 2025-03-15	0.336779	0.419049	+8.227	LP.8.1,XFC
22031	S	T22031-22031del, 22035-insertG	FR157-158SG	No associated lineages	14	2025-01-05 to 2025-01-25 versus 2024-12-15 to 2025-01-04	0.840606	0.892375	+5.177	Does not define any major lineages.
3939	ORF1a	G3939T	R1225I	XFT*,LF.7.7*	37	2025-06-15 to 2025-07-05 versus 2025-05-25 to 2025-06-14	0.021748	0.006351	-1.54	LF.7.7.2,LF.7.7.1
3939	ORF1a	G3939T	R1225I	XFT*,LF.7.7*	31	2025-05-04 to 2025-05-24 versus 2025-04-13 to 2025-05-03	0.027992	0.014779	-1.321	LF.7.7.2,LF.7.7.1
22895	S	G22895C, T22896C	V445P	LF.7.9*,LF.7.7.2*,PA.1*,LB.1.3.1*,LK.1*,XFP*,NS.1.1*,MV.1.1.1*,LP.1.2.1*,XFG.1*,KP.2.3.4*,NN.1*,LF.3.1*,NC.1.2*,JN.1.1.8*,MA.1.1.1*,LF.7.8*,LP.9*,MU.2.1.1*,LF.7.10.1*,LF.7.6.2*,KP.2.28.1*,JN.1.50*,LB.1.10*,LF.7.1.10*,MU.5*,QJ.1*	32	2025-05-11 to 2025-05-31 versus 2025-04-20 to 2025-05-10	0.032125	0.034305	+0.218	LB.1.3.1,LF.7.9,LF.7.7.2,PA.1
22895	S	G22895C, T22896C	V445P	LF.7.9*,LF.7.7.2*,PA.1*,LB.1.3.1*,LK.1*,XFP*,NS.1.1*,MV.1.1.1*,LP.1.2.1*,XFG.1*,KP.2.3.4*,NN.1*,LF.3.1*,NC.1.2*,JN.1.1.8*,MA.1.1.1*,LF.7.8*,LP.9*,MU.2.1.1*,LF.7.10.1*,LF.7.6.2*,KP.2.28.1*,JN.1.50*,LB.1.10*,LF.7.1.10*,MU.5*,QJ.1*	38	2025-06-22 to 2025-07-12 versus 2025-06-01 to 2025-06-21	0.020777	0.033706	+1.293	LB.1.3.1,LF.7.9,LF.7.7.2,PA.1
13121	ORF1a	A13121T	S4286C	KP.3.1.1*,XFA*,XFK*,XEW*	18	2025-02-02 to 2025-02-22 versus 2025-01-12 to 2025-02-01	0.231104	0.2064	-2.47	KP.3.1.1,PA.1,MC.1,MC.10.1
25699	ORF3a	G25699A	A103T	NY.15*	35	2025-06-01 to 2025-06-21 versus 2025-05-11 to 2025-05-31	0.023667	0.013682	-0.999	Does not define any major lineages.
6255	ORF1a	C6255T	A1997V	LP.8.1*,LP.11*,XFV*,LP.8.2*	5	2024-11-03 to 2024-11-23 versus 2024-10-13 to 2024-11-02	0.011104	0.02824	+1.714	LP.8.1,XFC
21738	S	T21738C	F59S	XEC*,NB.1*,JN.1.18.7*,MR.2*,KR.1.4*,JN.1.18.6*,MZ.3*,XDR.1*,JN.1.42.1*,MU.3*,KP.1.1.5*,KS.1*,JN.1.13.1*,JN.1.18.2*,KP.3.1.8*,KP.3.3.8*,KP.2.10*,XEM*,JN.1.18.9*	33	2025-05-18 to 2025-06-07 versus 2025-04-27 to 2025-05-17	0.1643	0.222377	+5.808	XEC,XEQ,NB.1.8.1,XEC.4,XEK
25693	ORF3a	C25693T	L101F	NW.1*	30	2025-04-27 to 2025-05-17 versus 2025-04-06 to 2025-04-26	0.023281	0.026667	+0.339	Does not define any major lineages.
29081	N	G29081T	V270L	XFG.2*	30	2025-04-27 to 2025-05-17 versus 2025-04-06 to 2025-04-26	0.005419	0.028819	+2.34	Does not define any major lineages.
22107	S	A22107G	K182R	XFC*,LF.7*,XFN*,XFP*,XER*,KP.2.2.2*,LB.1.3.3*,MC.15*,XEC.1*	40	2025-07-06 to 2025-07-26 versus 2025-06-15 to 2025-07-05	0.256879	0.264803	+0.792	XFG,XFC,LF.7.9,LF.7.7.2,LF.7.2.1,LF.7,LF.7.7.1
22926	S	T22926C	L455S	No associated lineages	7	2024-11-17 to 2024-12-07 versus 2024-10-27 to 2024-11-16	0.76196	0.742554	-1.941	JN.1
27810	ORF7b	T27810C	F19L	No associated lineages	21	2025-02-23 to 2025-03-15 versus 2025-02-02 to 2025-02-22	0.67417	0.599426	-7.474	JN.1
1266	ORF1a	G1266T	G334V	No associated lineages	23	2025-03-09 to 2025-03-29 versus 2025-02-16 to 2025-03-08	0.024501	0.001707	-2.279	Does not define any major lineages.
15009	ORF1b	T15009A	D514E	No associated lineages	38	2025-06-22 to 2025-07-12 versus 2025-06-01 to 2025-06-21	0.037686	0.03296	-0.473	Does not define any major lineages.
22599	S	G22599C	R346T	XFN*,JN.1.24.1*,MC.13.2.4*,LE.1*,MC.31*,XED*,JN.1.59.1*,MF.1*,KR.5*,MC.32.1*,JN.1.48.1*,MC.28.1.1*,XDD.1.1.1*,MC.33.1*,NB.1.2.1*,MZ.3*,PJ.1*,JN.1.11.2*,JN.1.8.2*,KZ.1.1*,LN.1.1*,XDR.1*,LU.1*,XEP.1.1*,JN.1.7.3*,MU.3*,JN.1.16.1*,JN.1.29.1*,LF.6*,JN.1.44.1*,LG.1*,KS.1*,XEH*,LF.8*,JN.1.25.1*,MC.17.1*,JN.1.18*,MQ.1*,JN.1.30.1*,NU.1*,LU.2*,JN.1.6.1*,MC.19*,KP.2*,PK.1*,JN.1.50.1*,JN.1.4.4*,JN.1.49.1*,MC.13.3.1*,MK.3*,JN.1.26*,MC.13.2.1*,PG.3*,JN.1.39.2*,JN.1.58.2*,JN.1.42.2*,KQ.1*,JN.1.1.3*,XEM*,JN.1.1.5*,KP.4.1*,MC.10.1.6*,JN.1.48.2*,JN.1.48.3*,JN.1.9.2*,XEC.27*,JN.1.18.8*,XES.1*,MC.33.2*,NB.1.6.1*,XDK.1*,MC.13.2.2*,XEK.7*	33	2025-05-18 to 2025-06-07 versus 2025-04-27 to 2025-05-17	0.417939	0.59182	+17.388	XFG,LP.8.1,LB.1.3.1,XFC,XEQ,LF.7.9,LF.7.7.2,LF.7.2.1,LF.7,LF.7.7.1
25083	S	C25083T	A1174V	NW.1*,KP.2.3.12*,MC.1.2*,XEC.28*	39	2025-06-29 to 2025-07-19 versus 2025-06-08 to 2025-06-28	0.025686	0.05367	+2.798	Does not define any major lineages.
6543	ORF1a	C6543T	T2093I	XFG.5.1*,KP.2.3.10*,KP.3.3.7*,KP.2.11*,NL.10*,PF.2.3*	38	2025-06-22 to 2025-07-12 versus 2025-06-01 to 2025-06-21	0.015053	0.023823	+0.877	Does not define any major lineages.
7869	ORF1a	C7869T	S2535L	LF.7*	38	2025-06-22 to 2025-07-12 versus 2025-06-01 to 2025-06-21	0.177468	0.410842	+23.337	XFG,LF.7.9,LF.7.7.2,LF.7.2.1,LF.7,LF.7.7.1
11124	ORF1a	C11124T	A3620V	XEC.23.1*,LP.8.2.1*	14	2025-01-05 to 2025-01-25 versus 2024-12-15 to 2025-01-04	0.001985	0.020062	+1.808	Does not define any major lineages.
22895	S	G22895C, T22896G	V445R	LP.8.1*,XFG*,NZ.1*,LP.8.2*,MK.3*,LF.7.12.1*,MC.32.1*,XEC.27*,XFT*,MC.33.1*,MC.19.1*	10	2024-12-08 to 2024-12-28 versus 2024-11-17 to 2024-12-07	0.018941	0.052373	+3.343	XFG,LP.8.1,XFC
22928	S	T22928C	F456L	JN.1.7.9*,LR.1*,KU.2*,JN.1.39.1*,KR.5*,KR.1*,JN.1.67.1*,JN.1.48.1*,JN.1.62*,NS.3*,LN.1.1*,KR.3*,JN.1.29.1*,JN.1.1.8*,JN.1.4.9*,LF.6*,XDR.1.1*,KS.1*,LF.8*,JN.1.18.5*,LL.1*,XDK.1.2*,KR.4.1*,XDK.4.1*,LM.1*,MD.3.1*,LZ.1*,KW.1.1*,XDD.3*,LQ.1*,JN.1.1.6*,XDK.3*,JN.1.11.1*,JN.1.55.2*,JN.1.16*,XDK.6*,JN.1.55.1*,JN.1.48.3*,LR.3*,JN.1.50*,JN.1.51.1*,JN.1.15.1*,MD.1*,JN.1.7.8*,XDK.5*,LZ.2.2*,XDV.1*,JN.1.18.9*,JN.1.18.4*,LZ.2.1*,LE.1.3.1*,JN.1.65.1*	17	2025-01-26 to 2025-02-15 versus 2025-01-05 to 2025-01-25	0.963646	0.97689	+1.324	XFG,LP.8.1,LB.1.3.1,XFC,KP.3.1.1,XEC,XEQ,NB.1.8.1,LF.7.9,KP.3,XEC.4,LF.7.7.2,PA.1,MC.1,LF.7.2.1,XEK,LF.7,LF.7.7.1,MC.10.1
22107	S	A22107G	K182R	XFC*,LF.7*,XFN*,XFP*,XER*,KP.2.2.2*,LB.1.3.3*,MC.15*,XEC.1*	37	2025-06-15 to 2025-07-05 versus 2025-05-25 to 2025-06-14	0.176872	0.256879	+8.001	XFG,XFC,LF.7.9,LF.7.7.2,LF.7.2.1,LF.7,LF.7.7.1
11727	ORF1a	G11727A	R3821K	No associated lineages	24	2025-03-16 to 2025-04-05 versus 2025-02-23 to 2025-03-15	0.973553	0.982889	+0.934	JN.1
6255	ORF1a	C6255T	A1997V	LP.8.1*,LP.11*,XFV*,LP.8.2*	7	2024-11-17 to 2024-12-07 versus 2024-10-27 to 2024-11-16	0.032304	0.031282	-0.102	LP.8.1,XFC
7113	ORF1a	C7113T	T2283I	PY.5*,XDV*,JN.1.11.1*,KU.2*,XFG.19*	32	2025-05-11 to 2025-05-31 versus 2025-04-20 to 2025-05-10	0.468844	0.491756	+2.291	LP.8.1,XFC,KP.3.1.1,NB.1.8.1,KP.3,PA.1,MC.1,XEK,MC.10.1
25523	ORF3a	G25523A	G44E	LF.7.9.1*	36	2025-06-08 to 2025-06-28 versus 2025-05-18 to 2025-06-07	0.03096	0.016984	-1.398	Does not define any major lineages.
18508	ORF1b	C18508T	L1681F	NY.18*,LF.7.9.4*	33	2025-05-18 to 2025-06-07 versus 2025-04-27 to 2025-05-17	0.020685	0.029361	+0.868	Does not define any major lineages.
29409	N	C29409T	T379I	XFG*,LF.7.9*,LB.1.3.1*,NT.1*,MC.10.1.3*,XDS*,XEC.2.3*,NS.3*,XEC.35.1*	19	2025-02-09 to 2025-03-01 versus 2025-01-19 to 2025-02-08	0.029112	0.02679	-0.232	XFG,LB.1.3.1,LF.7.9
17668	ORF1b	G17668T	G1401C	No associated lineages	26	2025-03-30 to 2025-04-19 versus 2025-03-09 to 2025-03-29	0.001772	0.026745	+2.497	Does not define any major lineages.
29081	N	G29081T	V270L	XFG.2*	39	2025-06-29 to 2025-07-19 versus 2025-06-08 to 2025-06-28	0.090053	0.133388	+4.334	Does not define any major lineages.
9866	ORF1a	C9866T	L3201F	XDR*	35	2025-06-01 to 2025-06-21 versus 2025-05-11 to 2025-05-31	0.129084	0.215342	+8.626	NB.1.8.1
22895	S	G22895C, T22896G	V445R	LP.8.1*,XFG*,NZ.1*,LP.8.2*,MK.3*,LF.7.12.1*,MC.32.1*,XEC.27*,XFT*,MC.33.1*,MC.19.1*	14	2025-01-05 to 2025-01-25 versus 2024-12-15 to 2025-01-04	0.062129	0.110952	+4.882	XFG,LP.8.1,XFC
28883	N	G28883C, G28884C	G204P	PP.1.1.1*,MC.24.1*,PQ.1.1*,KP.3.3*,XEP*	37	2025-06-15 to 2025-07-05 versus 2025-05-25 to 2025-06-14	0.042611	0.032858	-0.975	XEC,XEC.4,XEK
16342	ORF1b	T16342C	S959P	XDV*	27	2025-04-06 to 2025-04-26 versus 2025-03-16 to 2025-04-05	0.007493	0.037494	+3.0	NB.1.8.1
9866	ORF1a	C9866T	L3201F	XDR*	38	2025-06-22 to 2025-07-12 versus 2025-06-01 to 2025-06-21	0.215342	0.168601	-4.674	NB.1.8.1
22893	S	A22893G	K444R	LF.7*,JN.1.23*,JN.1.61*,XER*,NY.3.1.1*,NA.1.1*	40	2025-07-06 to 2025-07-26 versus 2025-06-15 to 2025-07-05	0.294217	0.299675	+0.546	XFG,LF.7.9,LF.7.7.2,LF.7.2.1,LF.7,LF.7.7.1
25595	ORF3a	G25595T	R68I	XFB*,MC.24*,MC.24.2*	3	2024-10-20 to 2024-11-09 versus 2024-09-29 to 2024-10-19	0.021468	0.020022	-0.145	Does not define any major lineages.
24872	S	G24872T	V1104L	XEQ*,XDY.3*,XDY.9*,XDY.6*,JN.1.11*,XEF*,XDY.8*,XDY.1*,XDY*,XDY.2*,XDY.5*,XDY.4*,LB.1.1*,XFT*,XDY.11*,XDY.7*	13	2024-12-29 to 2025-01-18 versus 2024-12-08 to 2024-12-28	0.841046	0.869082	+2.804	LP.8.1,XFC,KP.3.1.1,XEC,XEQ,KP.3,XEC.4,PA.1,MC.1,XEK,MC.10.1
1266	ORF1a	G1266T	G334V	No associated lineages	25	2025-03-23 to 2025-04-12 versus 2025-03-02 to 2025-03-22	0.031086	0.00119	-2.99	Does not define any major lineages.
5784	ORF1a	C5784T	T1840I	MC.32*,MC.10.1.8*,XFJ.3*	20	2025-02-16 to 2025-03-08 versus 2025-01-26 to 2025-02-15	0.005738	0.028042	+2.23	Does not define any major lineages.
23039	S	C23039G	Q493E	LP.8.1*,XFG*,KP.3*,XEQ*,XFH*,JN.1.16.4*,XDY*,JN.1.16.5*,LP.8.2*,KP.3.4*,XDY.9*,XEF*,XDY.1*,XFT*,XDY.5*,XDY.4*,XDY.11*,LF.7.1.11*,XET*,XDY.3*,NB.1.8*,XDY.6*,XDY.8*,XDY.2*,XDY.7*	30	2025-04-27 to 2025-05-17 versus 2025-04-06 to 2025-04-26	0.776426	0.744825	-3.16	XFG,LP.8.1,XFC,KP.3.1.1,XEC,XEQ,NB.1.8.1,KP.3,XEC.4,PA.1,MC.1,XEK,MC.10.1
18131	ORF1b	C18131T	T1555I	LB.1.3*	2	2024-10-13 to 2024-11-02 versus 2024-09-22 to 2024-10-12	0.020164	0.016566	-0.36	LB.1.3.1
12924	ORF1a	C12924T	P4220L	XDV*	37	2025-06-15 to 2025-07-05 versus 2025-05-25 to 2025-06-14	0.203696	0.243753	+4.006	NB.1.8.1
22928	S	T22928C	F456L	JN.1.7.9*,LR.1*,KU.2*,JN.1.39.1*,KR.5*,KR.1*,JN.1.67.1*,JN.1.48.1*,JN.1.62*,NS.3*,LN.1.1*,KR.3*,JN.1.29.1*,JN.1.1.8*,JN.1.4.9*,LF.6*,XDR.1.1*,KS.1*,LF.8*,JN.1.18.5*,LL.1*,XDK.1.2*,KR.4.1*,XDK.4.1*,LM.1*,MD.3.1*,LZ.1*,KW.1.1*,XDD.3*,LQ.1*,JN.1.1.6*,XDK.3*,JN.1.11.1*,JN.1.55.2*,JN.1.16*,XDK.6*,JN.1.55.1*,JN.1.48.3*,LR.3*,JN.1.50*,JN.1.51.1*,JN.1.15.1*,MD.1*,JN.1.7.8*,XDK.5*,LZ.2.2*,XDV.1*,JN.1.18.9*,JN.1.18.4*,LZ.2.1*,LE.1.3.1*,JN.1.65.1*	2	2024-10-13 to 2024-11-02 versus 2024-09-22 to 2024-10-12	0.325447	0.899318	+57.387	XFG,LP.8.1,LB.1.3.1,XFC,KP.3.1.1,XEC,XEQ,NB.1.8.1,LF.7.9,KP.3,XEC.4,LF.7.7.2,PA.1,MC.1,LF.7.2.1,XEK,LF.7,LF.7.7.1,MC.10.1
15451	ORF1b	G15451A	G662S	XDV*	39	2025-06-29 to 2025-07-19 versus 2025-06-08 to 2025-06-28	0.091805	0.098658	+0.685	NB.1.8.1
23277	S	C23277T	T572I	XFG*,XEC.4*,MC.1*,XDK*,MU.1*,MC.13.4*,XFA*,LF.7.1.8*,MV.1.6*,KP.2.15.1*,JN.1.32*,NY.16.1*,XDV.1.3*,XDY.1.1*,NT.2.1*,PW.1*,MC.6.1*,JN.1.62*,XEC.35*,MH.1*,KP.2.27*,JN.1.16.3*,LF.7.3.6*,NY.19*,JN.1.47.2*,MC.30.1.1*,KP.2.3.8*,KP.2.14.1*,XEC.21*,MC.26.1*,NB.1.3.1*,LZ.3*,LP.4*,LB.1.2.2*,XDY.5.1*,JN.1.9.1*,JN.1.1.1*,KP.2.9*,KP.2.2.2*,XDD.3*,XEC.37*,XEC.2.2.1*,LF.7.6.5*,LD.1*,JN.1.7*,LF.7.7*,MC.9.2*,KP.1.2*,XFB*,LF.7.10.1*,KP.2.3.6*,XEC.25.1.1*,NL.5.1*,KV.2*,MG.1*,XEF.3*,NL.13*,JN.1.65*,MZ.5*,KW.1*,MC.11.3.1*,JN.1.4.3*,MC.8.1*,KP.5*	17	2025-01-26 to 2025-02-15 versus 2025-01-05 to 2025-01-25	0.085953	0.07323	-1.272	XFG,XEC.4,MC.1,LF.7.7.1
21653	S	T21653C	S31P	XFC*,LF.7*,XFN*,XFP*,MT.1*,KP.2.26*,KP.3.2.6*,MJ.1*,NF.1*,XER*,JN.1.40*	28	2025-04-13 to 2025-05-03 versus 2025-03-23 to 2025-04-12	0.060275	0.05261	-0.767	XFG,XFC,LF.7.9,LF.7.7.2,LF.7.2.1,LF.7,LF.7.7.1
7869	ORF1a	C7869T	S2535L	LF.7*	16	2025-01-19 to 2025-02-08 versus 2024-12-29 to 2025-01-18	0.031811	0.045012	+1.32	XFG,LF.7.9,LF.7.7.2,LF.7.2.1,LF.7,LF.7.7.1
27476	ORF7a	C27476T	T28I	LB.1.3.1*,JN.1.8*,JN.1.8.1*	17	2025-01-26 to 2025-02-15 versus 2025-01-05 to 2025-01-25	0.039875	0.035393	-0.448	LB.1.3.1
5180	ORF1a	G5180A	D1639N	NY.18.1*,NC.1.1*,XEC.31*	16	2025-01-19 to 2025-02-08 versus 2024-12-29 to 2025-01-18	0.020588	0.008748	-1.184	Does not define any major lineages.
24872	S	G24872T	V1104L	XEQ*,XDY.3*,XDY.9*,XDY.6*,JN.1.11*,XEF*,XDY.8*,XDY.1*,XDY*,XDY.2*,XDY.5*,XDY.4*,LB.1.1*,XFT*,XDY.11*,XDY.7*	23	2025-03-09 to 2025-03-29 versus 2025-02-16 to 2025-03-08	0.842376	0.694966	-14.741	LP.8.1,XFC,KP.3.1.1,XEC,XEQ,KP.3,XEC.4,PA.1,MC.1,XEK,MC.10.1
16342	ORF1b	T16342C	S959P	XDV*	35	2025-06-01 to 2025-06-21 versus 2025-05-11 to 2025-05-31	0.127492	0.203923	+7.643	NB.1.8.1
10323	ORF1a	A10323G	K3353R	LP.8.1.5*,LF.7.8*,JN.1.52*,NY.7.2*,MC.10.2*	12	2024-12-22 to 2025-01-11 versus 2024-12-01 to 2024-12-21	0.051273	0.012154	-3.912	Does not define any major lineages.
22986	S	C22986T	A475V	LF.7.9*,LF.7.2.1*,XFP*,PF.2.2.1*,PV.3*,NY.6*,LP.10.1*,QJ.2*,LF.7.3.6*,PL.1*,LF.7.12*,XFC.2*,KP.2.3.1*,LP.8.2.1*,LP.8.1.9*,NY.3.1.1*,LF.7.1.2*,LF.7.1.7*,QH.1*,NY.7.1.1*,LF.7.3.1*,QC.2.1*	20	2025-02-16 to 2025-03-08 versus 2025-01-26 to 2025-02-15	0.023203	0.007972	-1.523	LF.7.9,LF.7.2.1
23021	S	A23021G	N487D	XFG*,NY.11*,NY.11.1*,LP.8.1.2*	41	2025-07-13 to 2025-08-02 versus 2025-06-22 to 2025-07-12	0.347829	0.581343	+23.351	XFG
27810	ORF7b	T27810C	F19L	No associated lineages	20	2025-02-16 to 2025-03-08 versus 2025-01-26 to 2025-02-15	0.723528	0.622631	-10.09	JN.1
2060	ORF1a	G2060A	A599T	XEC*,MC.24.1*	30	2025-04-27 to 2025-05-17 versus 2025-04-06 to 2025-04-26	0.07272	0.060375	-1.235	XEC,XEC.4
25324	S	C25324A	C1254*	No associated lineages	31	2025-05-04 to 2025-05-24 versus 2025-04-13 to 2025-05-03	0.018803	0.023459	+0.466	Does not define any major lineages.
15451	ORF1b	G15451A	G662S	XDV*	37	2025-06-15 to 2025-07-05 versus 2025-05-25 to 2025-06-14	0.086363	0.107599	+2.124	NB.1.8.1
25324	S	C25324A	C1254*	No associated lineages	34	2025-05-25 to 2025-06-14 versus 2025-05-04 to 2025-05-24	0.023459	0.024419	+0.096	Does not define any major lineages.
7869	ORF1a	C7869T	S2535L	LF.7*	32	2025-05-11 to 2025-05-31 versus 2025-04-20 to 2025-05-10	0.054727	0.098952	+4.423	XFG,LF.7.9,LF.7.7.2,LF.7.2.1,LF.7,LF.7.7.1
25352	S	G25352T	V1264L	XEC.38*,XET*,JN.1.1.4*,JN.1.23.1*,XEC.11.1*,XFG.14*,NB.1.2*,XEL.1*,XEC.37*,XEK.2.1*,MV.1.3*,XEC.34*,XFJ.3*,PH.1*	38	2025-06-22 to 2025-07-12 versus 2025-06-01 to 2025-06-21	0.01657	0.02346	+0.689	Does not define any major lineages.
22599	S	G22599C	R346T	XFN*,JN.1.24.1*,MC.13.2.4*,LE.1*,MC.31*,XED*,JN.1.59.1*,MF.1*,KR.5*,MC.32.1*,JN.1.48.1*,MC.28.1.1*,XDD.1.1.1*,MC.33.1*,NB.1.2.1*,MZ.3*,PJ.1*,JN.1.11.2*,JN.1.8.2*,KZ.1.1*,LN.1.1*,XDR.1*,LU.1*,XEP.1.1*,JN.1.7.3*,MU.3*,JN.1.16.1*,JN.1.29.1*,LF.6*,JN.1.44.1*,LG.1*,KS.1*,XEH*,LF.8*,JN.1.25.1*,MC.17.1*,JN.1.18*,MQ.1*,JN.1.30.1*,NU.1*,LU.2*,JN.1.6.1*,MC.19*,KP.2*,PK.1*,JN.1.50.1*,JN.1.4.4*,JN.1.49.1*,MC.13.3.1*,MK.3*,JN.1.26*,MC.13.2.1*,PG.3*,JN.1.39.2*,JN.1.58.2*,JN.1.42.2*,KQ.1*,JN.1.1.3*,XEM*,JN.1.1.5*,KP.4.1*,MC.10.1.6*,JN.1.48.2*,JN.1.48.3*,JN.1.9.2*,XEC.27*,JN.1.18.8*,XES.1*,MC.33.2*,NB.1.6.1*,XDK.1*,MC.13.2.2*,XEK.7*	41	2025-07-13 to 2025-08-02 versus 2025-06-22 to 2025-07-12	0.640832	0.53436	-10.647	XFG,LP.8.1,LB.1.3.1,XFC,XEQ,LF.7.9,LF.7.7.2,LF.7.2.1,LF.7,LF.7.7.1
22599	S	G22599C	R346T	XFN*,JN.1.24.1*,MC.13.2.4*,LE.1*,MC.31*,XED*,JN.1.59.1*,MF.1*,KR.5*,MC.32.1*,JN.1.48.1*,MC.28.1.1*,XDD.1.1.1*,MC.33.1*,NB.1.2.1*,MZ.3*,PJ.1*,JN.1.11.2*,JN.1.8.2*,KZ.1.1*,LN.1.1*,XDR.1*,LU.1*,XEP.1.1*,JN.1.7.3*,MU.3*,JN.1.16.1*,JN.1.29.1*,LF.6*,JN.1.44.1*,LG.1*,KS.1*,XEH*,LF.8*,JN.1.25.1*,MC.17.1*,JN.1.18*,MQ.1*,JN.1.30.1*,NU.1*,LU.2*,JN.1.6.1*,MC.19*,KP.2*,PK.1*,JN.1.50.1*,JN.1.4.4*,JN.1.49.1*,MC.13.3.1*,MK.3*,JN.1.26*,MC.13.2.1*,PG.3*,JN.1.39.2*,JN.1.58.2*,JN.1.42.2*,KQ.1*,JN.1.1.3*,XEM*,JN.1.1.5*,KP.4.1*,MC.10.1.6*,JN.1.48.2*,JN.1.48.3*,JN.1.9.2*,XEC.27*,JN.1.18.8*,XES.1*,MC.33.2*,NB.1.6.1*,XDK.1*,MC.13.2.2*,XEK.7*	35	2025-06-01 to 2025-06-21 versus 2025-05-11 to 2025-05-31	0.591427	0.54563	-4.58	XFG,LP.8.1,LB.1.3.1,XFC,XEQ,LF.7.9,LF.7.7.2,LF.7.2.1,LF.7,LF.7.7.1
12854	ORF1a	C12854T	P4197S	NB.1*	32	2025-05-11 to 2025-05-31 versus 2025-04-20 to 2025-05-10	0.111969	0.12519	+1.322	NB.1.8.1
22865	S	G22865T	A435S	NB.1.8.1*,MC.10.1*,XEC.32.1*,XFN*,KP.3.3.5*,MC.31*,XDV.1.9.1*,XEC.20.1*,XEC.18.2*,MU.6*,MC.21.1*,MC.28.1*,MC.30.1.1*,PG.1*,PY.1.1.1*,KP.2.14.2*,XEP*,LP.10.1.1*,MU.2.1.1*,XDY.1*,MC.13.2*,XEC.25.1*,XEC.14.1.1*,PT.1*,XFB*,PY.1.4.1*,XDY.3*,MC.46.1*,KP.3.3.2*,XEC.4.5.1*,XEC.4.6.1*,KP.3.7*	26	2025-03-30 to 2025-04-19 versus 2025-03-09 to 2025-03-29	0.109413	0.131937	+2.252	NB.1.8.1,PA.1,MC.10.1
28883	N	G28883C, G28884C	G204P	PP.1.1.1*,MC.24.1*,PQ.1.1*,KP.3.3*,XEP*	18	2025-02-02 to 2025-02-22 versus 2025-01-12 to 2025-02-01	0.440044	0.372931	-6.711	XEC,XEC.4,XEK
7279	ORF1a	C7279A	F2338L	No associated lineages	36	2025-06-08 to 2025-06-28 versus 2025-05-18 to 2025-06-07	0.021927	0.024501	+0.257	Does not define any major lineages.
6312	ORF1a	C6312T	T2016I	XEC.4*,LU.1*,PQ.10*	21	2025-02-23 to 2025-03-15 versus 2025-02-02 to 2025-02-22	0.022486	0.014155	-0.833	XEC.4
27810	ORF7b	T27810C	F19L	No associated lineages	22	2025-03-02 to 2025-03-22 versus 2025-02-09 to 2025-03-01	0.621223	0.598424	-2.28	JN.1
22928	S	T22928C	F456L	JN.1.7.9*,LR.1*,KU.2*,JN.1.39.1*,KR.5*,KR.1*,JN.1.67.1*,JN.1.48.1*,JN.1.62*,NS.3*,LN.1.1*,KR.3*,JN.1.29.1*,JN.1.1.8*,JN.1.4.9*,LF.6*,XDR.1.1*,KS.1*,LF.8*,JN.1.18.5*,LL.1*,XDK.1.2*,KR.4.1*,XDK.4.1*,LM.1*,MD.3.1*,LZ.1*,KW.1.1*,XDD.3*,LQ.1*,JN.1.1.6*,XDK.3*,JN.1.11.1*,JN.1.55.2*,JN.1.16*,XDK.6*,JN.1.55.1*,JN.1.48.3*,LR.3*,JN.1.50*,JN.1.51.1*,JN.1.15.1*,MD.1*,JN.1.7.8*,XDK.5*,LZ.2.2*,XDV.1*,JN.1.18.9*,JN.1.18.4*,LZ.2.1*,LE.1.3.1*,JN.1.65.1*	38	2025-06-22 to 2025-07-12 versus 2025-06-01 to 2025-06-21	0.718557	0.732421	+1.386	XFG,LP.8.1,LB.1.3.1,XFC,KP.3.1.1,XEC,XEQ,NB.1.8.1,LF.7.9,KP.3,XEC.4,LF.7.7.2,PA.1,MC.1,LF.7.2.1,XEK,LF.7,LF.7.7.1,MC.10.1
23598	S	A23598G, T23599G	N679R	XFC*,XEC.32.1*,NY.7*,PG.4.1*,LP.8.1.1*,JN.1.68.1*,PF.2.4*,MC.10.2.1*,XDK.2*,PU.1*,XFT*,NR.1*,NW.1.5*,XEC.22*,KP.2.3.14*,MD.1*,PY.1.1*,PR.2*,LQ.1.1.1*	26	2025-03-30 to 2025-04-19 versus 2025-03-09 to 2025-03-29	0.002666	0.226951	+22.429	XFC
7869	ORF1a	C7869T	S2535L	LF.7*	13	2024-12-29 to 2025-01-18 versus 2024-12-08 to 2024-12-28	0.021425	0.031811	+1.039	XFG,LF.7.9,LF.7.7.2,LF.7.2.1,LF.7,LF.7.7.1
24819	S	A24819G	K1086R	KP.1.1*,XFT*,KP.1*	39	2025-06-29 to 2025-07-19 versus 2025-06-08 to 2025-06-28	0.347368	0.229096	-11.827	LP.8.1,XFC
21653	S	T21653C	S31P	XFC*,LF.7*,XFN*,XFP*,MT.1*,KP.2.26*,KP.3.2.6*,MJ.1*,NF.1*,XER*,JN.1.40*	6	2024-11-10 to 2024-11-30 versus 2024-10-20 to 2024-11-09	0.041811	0.054252	+1.244	XFG,XFC,LF.7.9,LF.7.7.2,LF.7.2.1,LF.7,LF.7.7.1
22895	S	G22895C, T22896C	V445P	LF.7.9*,LF.7.7.2*,PA.1*,LB.1.3.1*,LK.1*,XFP*,NS.1.1*,MV.1.1.1*,LP.1.2.1*,XFG.1*,KP.2.3.4*,NN.1*,LF.3.1*,NC.1.2*,JN.1.1.8*,MA.1.1.1*,LF.7.8*,LP.9*,MU.2.1.1*,LF.7.10.1*,LF.7.6.2*,KP.2.28.1*,JN.1.50*,LB.1.10*,LF.7.1.10*,MU.5*,QJ.1*	19	2025-02-09 to 2025-03-01 versus 2025-01-19 to 2025-02-08	0.040828	0.050467	+0.964	LB.1.3.1,LF.7.9,LF.7.7.2,PA.1
3096	ORF1a	C3096T	S944L	NB.1.3.1*,PF.2*	33	2025-05-18 to 2025-06-07 versus 2025-04-27 to 2025-05-17	0.011503	0.023365	+1.186	Does not define any major lineages.
22926	S	T22926C	L455S	No associated lineages	16	2025-01-19 to 2025-02-08 versus 2024-12-29 to 2025-01-18	0.921285	0.870535	-5.075	JN.1
15009	ORF1b	T15009A	D514E	No associated lineages	29	2025-04-20 to 2025-05-10 versus 2025-03-30 to 2025-04-19	0.023416	0.030673	+0.726	Does not define any major lineages.
22031	S	T22031-22031del, 22035-insertG	FR157-158SG	No associated lineages	33	2025-05-18 to 2025-06-07 versus 2025-04-27 to 2025-05-17	0.568219	0.85564	+28.742	Does not define any major lineages.
22599	S	G22599C	R346T	XFN*,JN.1.24.1*,MC.13.2.4*,LE.1*,MC.31*,XED*,JN.1.59.1*,MF.1*,KR.5*,MC.32.1*,JN.1.48.1*,MC.28.1.1*,XDD.1.1.1*,MC.33.1*,NB.1.2.1*,MZ.3*,PJ.1*,JN.1.11.2*,JN.1.8.2*,KZ.1.1*,LN.1.1*,XDR.1*,LU.1*,XEP.1.1*,JN.1.7.3*,MU.3*,JN.1.16.1*,JN.1.29.1*,LF.6*,JN.1.44.1*,LG.1*,KS.1*,XEH*,LF.8*,JN.1.25.1*,MC.17.1*,JN.1.18*,MQ.1*,JN.1.30.1*,NU.1*,LU.2*,JN.1.6.1*,MC.19*,KP.2*,PK.1*,JN.1.50.1*,JN.1.4.4*,JN.1.49.1*,MC.13.3.1*,MK.3*,JN.1.26*,MC.13.2.1*,PG.3*,JN.1.39.2*,JN.1.58.2*,JN.1.42.2*,KQ.1*,JN.1.1.3*,XEM*,JN.1.1.5*,KP.4.1*,MC.10.1.6*,JN.1.48.2*,JN.1.48.3*,JN.1.9.2*,XEC.27*,JN.1.18.8*,XES.1*,MC.33.2*,NB.1.6.1*,XDK.1*,MC.13.2.2*,XEK.7*	15	2025-01-12 to 2025-02-01 versus 2024-12-22 to 2025-01-11	0.144885	0.179275	+3.439	XFG,LP.8.1,LB.1.3.1,XFC,XEQ,LF.7.9,LF.7.7.2,LF.7.2.1,LF.7,LF.7.7.1
22031	S	T22031-22031del, 22035-insertG	FR157-158SG	No associated lineages	18	2025-02-02 to 2025-02-22 versus 2025-01-12 to 2025-02-01	0.745259	0.751961	+0.67	Does not define any major lineages.
5826	ORF1a	C5826T	T1854I	PC.3.1*,LU.2.1.1*	37	2025-06-15 to 2025-07-05 versus 2025-05-25 to 2025-06-14	0.001764	0.021145	+1.938	Does not define any major lineages.
22031	S	T22031-22031del, 22035-insertG	FR157-158SG	No associated lineages	8	2024-11-24 to 2024-12-14 versus 2024-11-03 to 2024-11-23	0.670963	0.58096	-9.0	Does not define any major lineages.
25693	ORF3a	C25693T	L101F	NW.1*	21	2025-02-23 to 2025-03-15 versus 2025-02-02 to 2025-02-22	0.006515	0.030282	+2.377	Does not define any major lineages.
7262	ORF1a	C7262A	L2333I	No associated lineages	36	2025-06-08 to 2025-06-28 versus 2025-05-18 to 2025-06-07	0.054654	0.054321	-0.033	Does not define any major lineages.
7262	ORF1a	C7262A	L2333I	No associated lineages	27	2025-04-06 to 2025-04-26 versus 2025-03-16 to 2025-04-05	0.037363	0.043097	+0.573	Does not define any major lineages.
22120	S	C22120A	F186L	LP.8.1*,LP.8.2*,XFT*	17	2025-01-26 to 2025-02-15 versus 2025-01-05 to 2025-01-25	0.086214	0.098903	+1.269	LP.8.1
21653	S	T21653C	S31P	XFC*,LF.7*,XFN*,XFP*,MT.1*,KP.2.26*,KP.3.2.6*,MJ.1*,NF.1*,XER*,JN.1.40*	24	2025-03-16 to 2025-04-05 versus 2025-02-23 to 2025-03-15	0.03783	0.055421	+1.759	XFG,XFC,LF.7.9,LF.7.7.2,LF.7.2.1,LF.7,LF.7.7.1
405	ORF1a	A405G	K47R	XDR*,XDK*,XDS*,XDD*	31	2025-05-04 to 2025-05-24 versus 2025-04-13 to 2025-05-03	0.033993	0.109444	+7.545	NB.1.8.1
22928	S	T22928C	F456L	JN.1.7.9*,LR.1*,KU.2*,JN.1.39.1*,KR.5*,KR.1*,JN.1.67.1*,JN.1.48.1*,JN.1.62*,NS.3*,LN.1.1*,KR.3*,JN.1.29.1*,JN.1.1.8*,JN.1.4.9*,LF.6*,XDR.1.1*,KS.1*,LF.8*,JN.1.18.5*,LL.1*,XDK.1.2*,KR.4.1*,XDK.4.1*,LM.1*,MD.3.1*,LZ.1*,KW.1.1*,XDD.3*,LQ.1*,JN.1.1.6*,XDK.3*,JN.1.11.1*,JN.1.55.2*,JN.1.16*,XDK.6*,JN.1.55.1*,JN.1.48.3*,LR.3*,JN.1.50*,JN.1.51.1*,JN.1.15.1*,MD.1*,JN.1.7.8*,XDK.5*,LZ.2.2*,XDV.1*,JN.1.18.9*,JN.1.18.4*,LZ.2.1*,LE.1.3.1*,JN.1.65.1*	35	2025-06-01 to 2025-06-21 versus 2025-05-11 to 2025-05-31	0.899921	0.718557	-18.136	XFG,LP.8.1,LB.1.3.1,XFC,KP.3.1.1,XEC,XEQ,NB.1.8.1,LF.7.9,KP.3,XEC.4,LF.7.7.2,PA.1,MC.1,LF.7.2.1,XEK,LF.7,LF.7.7.1,MC.10.1
2193	ORF1a	G2193T	R643I	No associated lineages	17	2025-01-26 to 2025-02-15 versus 2025-01-05 to 2025-01-25	0.000798	0.023767	+2.297	Does not define any major lineages.
9431	ORF1a	G9431A	V3056I	No associated lineages	25	2025-03-23 to 2025-04-12 versus 2025-03-02 to 2025-03-22	0.005137	0.024474	+1.934	Does not define any major lineages.
22111	S	G22111T	Q183H	XFB*,LB.1*,JN.1.9*,XFR*,LY.2*,JN.1.32.1*	4	2024-10-27 to 2024-11-16 versus 2024-10-06 to 2024-10-26	0.03377	0.025885	-0.789	LB.1.3.1
23856	S	G23856T	R765L	MC.41*,NY.3*,XEK.1.2.1*,XEC.2.5*	36	2025-06-08 to 2025-06-28 versus 2025-05-18 to 2025-06-07	0.020932	0.020094	-0.084	Does not define any major lineages.
4364	ORF1a	A4364C	I1367L	XEP*,XEC.2*,KP.3.3.4*	31	2025-05-04 to 2025-05-24 versus 2025-04-13 to 2025-05-03	0.03454	0.008518	-2.602	Does not define any major lineages.
7869	ORF1a	C7869T	S2535L	LF.7*	27	2025-04-06 to 2025-04-26 versus 2025-03-16 to 2025-04-05	0.060391	0.032111	-2.828	XFG,LF.7.9,LF.7.7.2,LF.7.2.1,LF.7,LF.7.7.1
22986	S	C22986T	A475V	LF.7.9*,LF.7.2.1*,XFP*,PF.2.2.1*,PV.3*,NY.6*,LP.10.1*,QJ.2*,LF.7.3.6*,PL.1*,LF.7.12*,XFC.2*,KP.2.3.1*,LP.8.2.1*,LP.8.1.9*,NY.3.1.1*,LF.7.1.2*,LF.7.1.7*,QH.1*,NY.7.1.1*,LF.7.3.1*,QC.2.1*	24	2025-03-16 to 2025-04-05 versus 2025-02-23 to 2025-03-15	0.008448	0.075009	+6.656	LF.7.9,LF.7.2.1
7119	ORF1a	C7119T	S2285F	No associated lineages	17	2025-01-26 to 2025-02-15 versus 2025-01-05 to 2025-01-25	0.020134	0.002128	-1.801	Does not define any major lineages.
9866	ORF1a	C9866T	L3201F	XDR*	26	2025-03-30 to 2025-04-19 versus 2025-03-09 to 2025-03-29	0.011288	0.027802	+1.651	NB.1.8.1
16943	ORF1b	G16943T	S1159I	XEQ*	24	2025-03-16 to 2025-04-05 versus 2025-02-23 to 2025-03-15	0.016561	0.031646	+1.509	XEQ
25693	ORF3a	C25693T	L101F	NW.1*	28	2025-04-13 to 2025-05-03 versus 2025-03-23 to 2025-04-12	0.008577	0.024157	+1.558	Does not define any major lineages.
22926	S	T22926C	L455S	No associated lineages	2	2024-10-13 to 2024-11-02 versus 2024-09-22 to 2024-10-12	0.229851	0.769312	+53.946	JN.1
2193	ORF1a	G2193T	R643I	No associated lineages	18	2025-02-02 to 2025-02-22 versus 2025-01-12 to 2025-02-01	0.002988	0.020017	+1.703	Does not define any major lineages.
12080	ORF1a	G12080T	A3939S	No associated lineages	42	2025-07-20 to 2025-08-09 versus 2025-06-29 to 2025-07-19	0.000281	0.025971	+2.569	Does not define any major lineages.
22895	S	G22895C, T22896C	V445P	LF.7.9*,LF.7.7.2*,PA.1*,LB.1.3.1*,LK.1*,XFP*,NS.1.1*,MV.1.1.1*,LP.1.2.1*,XFG.1*,KP.2.3.4*,NN.1*,LF.3.1*,NC.1.2*,JN.1.1.8*,MA.1.1.1*,LF.7.8*,LP.9*,MU.2.1.1*,LF.7.10.1*,LF.7.6.2*,KP.2.28.1*,JN.1.50*,LB.1.10*,LF.7.1.10*,MU.5*,QJ.1*	27	2025-04-06 to 2025-04-26 versus 2025-03-16 to 2025-04-05	0.04068	0.053469	+1.279	LB.1.3.1,LF.7.9,LF.7.7.2,PA.1
22120	S	C22120A	F186L	LP.8.1*,LP.8.2*,XFT*	32	2025-05-11 to 2025-05-31 versus 2025-04-20 to 2025-05-10	0.234326	0.273155	+3.883	LP.8.1
4364	ORF1a	A4364C	I1367L	XEP*,XEC.2*,KP.3.3.4*	10	2024-12-08 to 2024-12-28 versus 2024-11-17 to 2024-12-07	0.028498	0.046983	+1.848	Does not define any major lineages.
4683	ORF1a	C4683T	A1473V	XDV.1.5*,LB.1.4*,XFC.1.3*	33	2025-05-18 to 2025-06-07 versus 2025-04-27 to 2025-05-17	0.081765	0.135423	+5.366	NB.1.8.1
22112	S	G22112A	G184S	XDV.1.5*	34	2025-05-25 to 2025-06-14 versus 2025-05-04 to 2025-05-24	0.06468	0.11986	+5.518	NB.1.8.1
13170	ORF1a	C13170T	T4302I	XDV.1.5*	24	2025-03-16 to 2025-04-05 versus 2025-02-23 to 2025-03-15	0.027077	0.000553	-2.652	Does not define any major lineages.
22895	S	G22895C, T22896G	V445R	LP.8.1*,XFG*,NZ.1*,LP.8.2*,MK.3*,LF.7.12.1*,MC.32.1*,XEC.27*,XFT*,MC.33.1*,MC.19.1*	24	2025-03-16 to 2025-04-05 versus 2025-02-23 to 2025-03-15	0.244755	0.213438	-3.132	XFG,LP.8.1,XFC
22132	S	G22132T	R190S	LP.8.1*,LF.7*,XFN*,XFP*,LB.1.4.1*,NC.1*,MA.1*,JN.1.59.1*,LP.7*,XEL.4*,NL.5.2*,NL.22.1*,NK.1*,LB.1.11*,LB.1.7.4*,LP.1.2*,XER*,LZ.4*,KP.4.2.6*,KP.4.2.4*,MC.19.1.1*,NL.1*,MC.33.1.1*	22	2025-03-02 to 2025-03-22 versus 2025-02-09 to 2025-03-01	0.250609	0.317919	+6.731	XFG,LP.8.1,XFC,LF.7.9,LF.7.7.2,LF.7.2.1,LF.7,LF.7.7.1
28883	N	G28883C, G28884C	G204P	PP.1.1.1*,MC.24.1*,PQ.1.1*,KP.3.3*,XEP*	8	2024-11-24 to 2024-12-14 versus 2024-11-03 to 2024-11-23	0.26144	0.352226	+9.079	XEC,XEC.4,XEK
7113	ORF1a	C7113T	T2283I	PY.5*,XDV*,JN.1.11.1*,KU.2*,XFG.19*	24	2025-03-16 to 2025-04-05 versus 2025-02-23 to 2025-03-15	0.371212	0.48122	+11.001	LP.8.1,XFC,KP.3.1.1,NB.1.8.1,KP.3,PA.1,MC.1,XEK,MC.10.1
23039	S	C23039G	Q493E	LP.8.1*,XFG*,KP.3*,XEQ*,XFH*,JN.1.16.4*,XDY*,JN.1.16.5*,LP.8.2*,KP.3.4*,XDY.9*,XEF*,XDY.1*,XFT*,XDY.5*,XDY.4*,XDY.11*,LF.7.1.11*,XET*,XDY.3*,NB.1.8*,XDY.6*,XDY.8*,XDY.2*,XDY.7*	27	2025-04-06 to 2025-04-26 versus 2025-03-16 to 2025-04-05	0.766291	0.776426	+1.013	XFG,LP.8.1,XFC,KP.3.1.1,XEC,XEQ,NB.1.8.1,KP.3,XEC.4,PA.1,MC.1,XEK,MC.10.1
22896	S	T22896G	V445R	LP.8.1*,XFG*,NZ.1*,LP.8.2*,MK.3*,LF.7.12.1*,MC.32.1*,XEC.27*,XFT*,MC.33.1*,MC.19.1*	4	2024-10-27 to 2024-11-16 versus 2024-10-06 to 2024-10-26	0.006072	0.026558	+2.049	XFG,LP.8.1,XFC
11727	ORF1a	G11727A	R3821K	No associated lineages	10	2024-12-08 to 2024-12-28 versus 2024-11-17 to 2024-12-07	0.880434	0.959534	+7.91	JN.1
25595	ORF3a	G25595T	R68I	XFB*,MC.24*,MC.24.2*	7	2024-11-17 to 2024-12-07 versus 2024-10-27 to 2024-11-16	0.020512	0.018301	-0.221	Does not define any major lineages.
25925	ORF3a	C25925T	P178L	LP.8.1*,LP.11*,XFT*,LP.8.2*	19	2025-02-09 to 2025-03-01 versus 2025-01-19 to 2025-02-08	0.208485	0.271249	+6.276	LP.8.1,XFC
2949	ORF1a	T2949G	I895S	No associated lineages	24	2025-03-16 to 2025-04-05 versus 2025-02-23 to 2025-03-15	0.018712	0.024815	+0.61	Does not define any major lineages.
24819	S	A24819G	K1086R	KP.1.1*,XFT*,KP.1*	2	2024-10-13 to 2024-11-02 versus 2024-09-22 to 2024-10-12	0.019634	0.02119	+0.156	LP.8.1,XFC
3686	ORF1a	C3686T	H1141Y	XDV.1.5.1*	34	2025-05-25 to 2025-06-14 versus 2025-05-04 to 2025-05-24	0.070703	0.147306	+7.66	NB.1.8.1
10323	ORF1a	A10323G	K3353R	LP.8.1.5*,LF.7.8*,JN.1.52*,NY.7.2*,MC.10.2*	10	2024-12-08 to 2024-12-28 versus 2024-11-17 to 2024-12-07	0.015812	0.050402	+3.459	Does not define any major lineages.
22599	S	G22599C	R346T	XFN*,JN.1.24.1*,MC.13.2.4*,LE.1*,MC.31*,XED*,JN.1.59.1*,MF.1*,KR.5*,MC.32.1*,JN.1.48.1*,MC.28.1.1*,XDD.1.1.1*,MC.33.1*,NB.1.2.1*,MZ.3*,PJ.1*,JN.1.11.2*,JN.1.8.2*,KZ.1.1*,LN.1.1*,XDR.1*,LU.1*,XEP.1.1*,JN.1.7.3*,MU.3*,JN.1.16.1*,JN.1.29.1*,LF.6*,JN.1.44.1*,LG.1*,KS.1*,XEH*,LF.8*,JN.1.25.1*,MC.17.1*,JN.1.18*,MQ.1*,JN.1.30.1*,NU.1*,LU.2*,JN.1.6.1*,MC.19*,KP.2*,PK.1*,JN.1.50.1*,JN.1.4.4*,JN.1.49.1*,MC.13.3.1*,MK.3*,JN.1.26*,MC.13.2.1*,PG.3*,JN.1.39.2*,JN.1.58.2*,JN.1.42.2*,KQ.1*,JN.1.1.3*,XEM*,JN.1.1.5*,KP.4.1*,MC.10.1.6*,JN.1.48.2*,JN.1.48.3*,JN.1.9.2*,XEC.27*,JN.1.18.8*,XES.1*,MC.33.2*,NB.1.6.1*,XDK.1*,MC.13.2.2*,XEK.7*	10	2024-12-08 to 2024-12-28 versus 2024-11-17 to 2024-12-07	0.115435	0.139806	+2.437	XFG,LP.8.1,LB.1.3.1,XFC,XEQ,LF.7.9,LF.7.7.2,LF.7.2.1,LF.7,LF.7.7.1
22926	S	T22926C	L455S	No associated lineages	15	2025-01-12 to 2025-02-01 versus 2024-12-22 to 2025-01-11	0.901913	0.88281	-1.91	JN.1
29409	N	C29409T	T379I	XFG*,LF.7.9*,LB.1.3.1*,NT.1*,MC.10.1.3*,XDS*,XEC.2.3*,NS.3*,XEC.35.1*	9	2024-12-01 to 2024-12-21 versus 2024-11-10 to 2024-11-30	0.025405	0.024343	-0.106	XFG,LB.1.3.1,LF.7.9
28883	N	G28883C, G28884C	G204P	PP.1.1.1*,MC.24.1*,PQ.1.1*,KP.3.3*,XEP*	1	2024-10-06 to 2024-10-26 versus 2024-09-15 to 2024-10-05	0.077927	0.186777	+10.885	XEC,XEC.4,XEK
22107	S	A22107G	K182R	XFC*,LF.7*,XFN*,XFP*,XER*,KP.2.2.2*,LB.1.3.3*,MC.15*,XEC.1*	2	2024-10-13 to 2024-11-02 versus 2024-09-22 to 2024-10-12	0.005533	0.021668	+1.614	XFG,XFC,LF.7.9,LF.7.7.2,LF.7.2.1,LF.7,LF.7.7.1
6255	ORF1a	C6255T	A1997V	LP.8.1*,LP.11*,XFV*,LP.8.2*	13	2024-12-29 to 2025-01-18 versus 2024-12-08 to 2024-12-28	0.059331	0.125679	+6.635	LP.8.1,XFC
22926	S	T22926C	L455S	No associated lineages	31	2025-05-04 to 2025-05-24 versus 2025-04-13 to 2025-05-03	0.70115	0.437612	-26.354	JN.1
12924	ORF1a	C12924T	P4220L	XDV*	41	2025-07-13 to 2025-08-02 versus 2025-06-22 to 2025-07-12	0.227475	0.190163	-3.731	NB.1.8.1
22031	S	T22031-22031del, 22035-insertG	FR157-158SG	No associated lineages	5	2024-11-03 to 2024-11-23 versus 2024-10-13 to 2024-11-02	0.528326	0.670963	+14.264	Does not define any major lineages.
27476	ORF7a	C27476T	T28I	LB.1.3.1*,JN.1.8*,JN.1.8.1*	27	2025-04-06 to 2025-04-26 versus 2025-03-16 to 2025-04-05	0.04475	0.015879	-2.887	LB.1.3.1
14290	ORF1b	G14290T	D275Y	NB.1*	41	2025-07-13 to 2025-08-02 versus 2025-06-22 to 2025-07-12	0.171971	0.171053	-0.092	NB.1.8.1
23277	S	C23277T	T572I	XFG*,XEC.4*,MC.1*,XDK*,MU.1*,MC.13.4*,XFA*,LF.7.1.8*,MV.1.6*,KP.2.15.1*,JN.1.32*,NY.16.1*,XDV.1.3*,XDY.1.1*,NT.2.1*,PW.1*,MC.6.1*,JN.1.62*,XEC.35*,MH.1*,KP.2.27*,JN.1.16.3*,LF.7.3.6*,NY.19*,JN.1.47.2*,MC.30.1.1*,KP.2.3.8*,KP.2.14.1*,XEC.21*,MC.26.1*,NB.1.3.1*,LZ.3*,LP.4*,LB.1.2.2*,XDY.5.1*,JN.1.9.1*,JN.1.1.1*,KP.2.9*,KP.2.2.2*,XDD.3*,XEC.37*,XEC.2.2.1*,LF.7.6.5*,LD.1*,JN.1.7*,LF.7.7*,MC.9.2*,KP.1.2*,XFB*,LF.7.10.1*,KP.2.3.6*,XEC.25.1.1*,NL.5.1*,KV.2*,MG.1*,XEF.3*,NL.13*,JN.1.65*,MZ.5*,KW.1*,MC.11.3.1*,JN.1.4.3*,MC.8.1*,KP.5*	9	2024-12-01 to 2024-12-21 versus 2024-11-10 to 2024-11-30	0.074571	0.063035	-1.154	XFG,XEC.4,MC.1,LF.7.7.1
22031	S	T22031-22031del, 22035-insertG	FR157-158SG	No associated lineages	7	2024-11-17 to 2024-12-07 versus 2024-10-27 to 2024-11-16	0.535266	0.60364	+6.837	Does not define any major lineages.
22111	S	G22111T	Q183H	XFB*,LB.1*,JN.1.9*,XFR*,LY.2*,JN.1.32.1*	13	2024-12-29 to 2025-01-18 versus 2024-12-08 to 2024-12-28	0.024555	0.013474	-1.108	LB.1.3.1
22031	S	T22031-22031del, 22035-insertG	FR157-158SG	No associated lineages	12	2024-12-22 to 2025-01-11 versus 2024-12-01 to 2024-12-21	0.668391	0.933872	+26.548	Does not define any major lineages.
27810	ORF7b	T27810C	F19L	No associated lineages	19	2025-02-09 to 2025-03-01 versus 2025-01-19 to 2025-02-08	0.76851	0.621223	-14.729	JN.1
25595	ORF3a	G25595T	R68I	XFB*,MC.24*,MC.24.2*	2	2024-10-13 to 2024-11-02 versus 2024-09-22 to 2024-10-12	0.014135	0.020963	+0.683	Does not define any major lineages.
21653	S	T21653C	S31P	XFC*,LF.7*,XFN*,XFP*,MT.1*,KP.2.26*,KP.3.2.6*,MJ.1*,NF.1*,XER*,JN.1.40*	22	2025-03-02 to 2025-03-22 versus 2025-02-09 to 2025-03-01	0.032665	0.029073	-0.359	XFG,XFC,LF.7.9,LF.7.7.2,LF.7.2.1,LF.7,LF.7.7.1
22986	S	C22986T	A475V	LF.7.9*,LF.7.2.1*,XFP*,PF.2.2.1*,PV.3*,NY.6*,LP.10.1*,QJ.2*,LF.7.3.6*,PL.1*,LF.7.12*,XFC.2*,KP.2.3.1*,LP.8.2.1*,LP.8.1.9*,NY.3.1.1*,LF.7.1.2*,LF.7.1.7*,QH.1*,NY.7.1.1*,LF.7.3.1*,QC.2.1*	36	2025-06-08 to 2025-06-28 versus 2025-05-18 to 2025-06-07	0.055301	0.05913	+0.383	LF.7.9,LF.7.2.1
12924	ORF1a	C12924T	P4220L	XDV*	35	2025-06-01 to 2025-06-21 versus 2025-05-11 to 2025-05-31	0.118745	0.246502	+12.776	NB.1.8.1
21652	S	TTC21652-21654del	NS30-31Ndel	No associated lineages	22	2025-03-02 to 2025-03-22 versus 2025-02-09 to 2025-03-01	0.43616	0.516327	+8.017	LP.8.1,LB.1.3.1,KP.3.1.1,PA.1,MC.1,MC.10.1
22107	S	A22107G	K182R	XFC*,LF.7*,XFN*,XFP*,XER*,KP.2.2.2*,LB.1.3.3*,MC.15*,XEC.1*	29	2025-04-20 to 2025-05-10 versus 2025-03-30 to 2025-04-19	0.052339	0.096043	+4.37	XFG,XFC,LF.7.9,LF.7.7.2,LF.7.2.1,LF.7,LF.7.7.1
14290	ORF1b	G14290T	D275Y	NB.1*	39	2025-06-29 to 2025-07-19 versus 2025-06-08 to 2025-06-28	0.208235	0.162766	-4.547	NB.1.8.1
1758	ORF1a	C1758T	A498V	MU.6*	34	2025-05-25 to 2025-06-14 versus 2025-05-04 to 2025-05-24	0.002833	0.026915	+2.408	Does not define any major lineages.
686	ORF1a	AAGTCATTT686-694del	KSF141-143del	MJ.1.1*,MJ.2.1*,ND.3*,XDV.1.7.5*	28	2025-04-13 to 2025-05-03 versus 2025-03-23 to 2025-04-12	0.03084	0.03311	+0.227	Does not define any major lineages.
2060	ORF1a	G2060A	A599T	XEC*,MC.24.1*	17	2025-01-26 to 2025-02-15 versus 2025-01-05 to 2025-01-25	0.320003	0.224111	-9.589	XEC,XEC.4
22930	S	T22930A	F456L (1)	JN.1.7.9*,LR.1*,KU.2*,JN.1.39.1*,KR.5*,KR.1*,JN.1.67.1*,JN.1.48.1*,JN.1.62*,NS.3*,LN.1.1*,KR.3*,JN.1.29.1*,JN.1.1.8*,JN.1.4.9*,LF.6*,XDR.1.1*,KS.1*,LF.8*,JN.1.18.5*,LL.1*,XDK.1.2*,KR.4.1*,XDK.4.1*,LM.1*,MD.3.1*,LZ.1*,KW.1.1*,XDD.3*,LQ.1*,JN.1.1.6*,XDK.3*,JN.1.11.1*,JN.1.55.2*,JN.1.16*,XDK.6*,JN.1.55.1*,JN.1.48.3*,LR.3*,JN.1.50*,JN.1.51.1*,JN.1.15.1*,MD.1*,JN.1.7.8*,XDK.5*,LZ.2.2*,XDV.1*,JN.1.18.9*,JN.1.18.4*,LZ.2.1*,LE.1.3.1*,JN.1.65.1*	32	2025-05-11 to 2025-05-31 versus 2025-04-20 to 2025-05-10	0.02497	0.074479	+4.951	Does not define any major lineages.
23598	S	A23598G, T23599G	N679R	XFC*,XEC.32.1*,NY.7*,PG.4.1*,LP.8.1.1*,JN.1.68.1*,PF.2.4*,MC.10.2.1*,XDK.2*,PU.1*,XFT*,NR.1*,NW.1.5*,XEC.22*,KP.2.3.14*,MD.1*,PY.1.1*,PR.2*,LQ.1.1.1*	35	2025-06-01 to 2025-06-21 versus 2025-05-11 to 2025-05-31	0.446578	0.304326	-14.225	XFC
15830	ORF1b	C15830T	A788V	NY.7.1*	36	2025-06-08 to 2025-06-28 versus 2025-05-18 to 2025-06-07	0.014335	0.023018	+0.868	Does not define any major lineages.
25693	ORF3a	C25693T	L101F	NW.1*	23	2025-03-09 to 2025-03-29 versus 2025-02-16 to 2025-03-08	0.007906	0.035786	+2.788	Does not define any major lineages.
22895	S	G22895C, T22896G	V445R	LP.8.1*,XFG*,NZ.1*,LP.8.2*,MK.3*,LF.7.12.1*,MC.32.1*,XEC.27*,XFT*,MC.33.1*,MC.19.1*	21	2025-02-23 to 2025-03-15 versus 2025-02-02 to 2025-02-22	0.119954	0.244755	+12.48	XFG,LP.8.1,XFC
21738	S	T21738C	F59S	XEC*,NB.1*,JN.1.18.7*,MR.2*,KR.1.4*,JN.1.18.6*,MZ.3*,XDR.1*,JN.1.42.1*,MU.3*,KP.1.1.5*,KS.1*,JN.1.13.1*,JN.1.18.2*,KP.3.1.8*,KP.3.3.8*,KP.2.10*,XEM*,JN.1.18.9*	31	2025-05-04 to 2025-05-24 versus 2025-04-13 to 2025-05-03	0.189131	0.16228	-2.685	XEC,XEQ,NB.1.8.1,XEC.4,XEK
25324	S	C25324A	C1254*	No associated lineages	35	2025-06-01 to 2025-06-21 versus 2025-05-11 to 2025-05-31	0.024432	0.024852	+0.042	Does not define any major lineages.
8390	ORF1a	A8390G	I2709V	NB.1*	28	2025-04-13 to 2025-05-03 versus 2025-03-23 to 2025-04-12	0.013585	0.054047	+4.046	NB.1.8.1
593	ORF1a	C593T	H110Y	XEK*,LP.8.1.15*,XEU*,MC.36.1*,XEC.4.5.1*	7	2024-11-17 to 2024-12-07 versus 2024-10-27 to 2024-11-16	0.016156	0.024796	+0.864	XEK
27810	ORF7b	T27810C	F19L	No associated lineages	11	2024-12-15 to 2025-01-04 versus 2024-11-24 to 2024-12-14	0.722578	0.664483	-5.81	JN.1
14189	ORF1b	C14189T	A241V	NY.14*,NY.8*	30	2025-04-27 to 2025-05-17 versus 2025-04-06 to 2025-04-26	0.031224	0.015077	-1.615	Does not define any major lineages.
18508	ORF1b	C18508T	L1681F	NY.18*,LF.7.9.4*	30	2025-04-27 to 2025-05-17 versus 2025-04-06 to 2025-04-26	0.0022	0.020685	+1.848	Does not define any major lineages.
22893	S	A22893G	K444R	LF.7*,JN.1.23*,JN.1.61*,XER*,NY.3.1.1*,NA.1.1*	12	2024-12-22 to 2025-01-11 versus 2024-12-01 to 2024-12-21	0.046763	0.031847	-1.492	XFG,LF.7.9,LF.7.7.2,LF.7.2.1,LF.7,LF.7.7.1
23856	S	G23856T	R765L	MC.41*,NY.3*,XEK.1.2.1*,XEC.2.5*	31	2025-05-04 to 2025-05-24 versus 2025-04-13 to 2025-05-03	0.01982	0.024722	+0.49	Does not define any major lineages.
18131	ORF1b	C18131T	T1555I	LB.1.3*	18	2025-02-02 to 2025-02-22 versus 2025-01-12 to 2025-02-01	0.035299	0.034452	-0.085	LB.1.3.1
22926	S	T22926C	L455S	No associated lineages	37	2025-06-15 to 2025-07-05 versus 2025-05-25 to 2025-06-14	0.834067	0.732544	-10.152	JN.1
22865	S	G22865T	A435S	NB.1.8.1*,MC.10.1*,XEC.32.1*,XFN*,KP.3.3.5*,MC.31*,XDV.1.9.1*,XEC.20.1*,XEC.18.2*,MU.6*,MC.21.1*,MC.28.1*,MC.30.1.1*,PG.1*,PY.1.1.1*,KP.2.14.2*,XEP*,LP.10.1.1*,MU.2.1.1*,XDY.1*,MC.13.2*,XEC.25.1*,XEC.14.1.1*,PT.1*,XFB*,PY.1.4.1*,XDY.3*,MC.46.1*,KP.3.3.2*,XEC.4.5.1*,XEC.4.6.1*,KP.3.7*	35	2025-06-01 to 2025-06-21 versus 2025-05-11 to 2025-05-31	0.086359	0.25727	+17.091	NB.1.8.1,PA.1,MC.10.1
1170	ORF1a	C1170T	S302F	XDV*	40	2025-07-06 to 2025-07-26 versus 2025-06-15 to 2025-07-05	0.17232	0.142558	-2.976	NB.1.8.1
2949	ORF1a	T2949G	I895S	No associated lineages	26	2025-03-30 to 2025-04-19 versus 2025-03-09 to 2025-03-29	0.02371	0.017602	-0.611	Does not define any major lineages.
25925	ORF3a	C25925T	P178L	LP.8.1*,LP.11*,XFT*,LP.8.2*	33	2025-05-18 to 2025-06-07 versus 2025-04-27 to 2025-05-17	0.556484	0.520713	-3.577	LP.8.1,XFC
21653	S	T21653C	S31P	XFC*,LF.7*,XFN*,XFP*,MT.1*,KP.2.26*,KP.3.2.6*,MJ.1*,NF.1*,XER*,JN.1.40*	21	2025-02-23 to 2025-03-15 versus 2025-02-02 to 2025-02-22	0.02815	0.03783	+0.968	XFG,XFC,LF.7.9,LF.7.7.2,LF.7.2.1,LF.7,LF.7.7.1
25693	ORF3a	C25693T	L101F	NW.1*	33	2025-05-18 to 2025-06-07 versus 2025-04-27 to 2025-05-17	0.026667	0.019532	-0.713	Does not define any major lineages.
21738	S	T21738C	F59S	XEC*,NB.1*,JN.1.18.7*,MR.2*,KR.1.4*,JN.1.18.6*,MZ.3*,XDR.1*,JN.1.42.1*,MU.3*,KP.1.1.5*,KS.1*,JN.1.13.1*,JN.1.18.2*,KP.3.1.8*,KP.3.3.8*,KP.2.10*,XEM*,JN.1.18.9*	34	2025-05-25 to 2025-06-14 versus 2025-05-04 to 2025-05-24	0.16228	0.204935	+4.265	XEC,XEQ,NB.1.8.1,XEC.4,XEK
22111	S	G22111T	Q183H	XFB*,LB.1*,JN.1.9*,XFR*,LY.2*,JN.1.32.1*	11	2024-12-15 to 2025-01-04 versus 2024-11-24 to 2024-12-14	0.016863	0.026762	+0.99	LB.1.3.1
27476	ORF7a	C27476T	T28I	LB.1.3.1*,JN.1.8*,JN.1.8.1*	8	2024-11-24 to 2024-12-14 versus 2024-11-03 to 2024-11-23	0.030803	0.035617	+0.481	LB.1.3.1
29409	N	C29409T	T379I	XFG*,LF.7.9*,LB.1.3.1*,NT.1*,MC.10.1.3*,XDS*,XEC.2.3*,NS.3*,XEC.35.1*	21	2025-02-23 to 2025-03-15 versus 2025-02-02 to 2025-02-22	0.026438	0.037243	+1.08	XFG,LB.1.3.1,LF.7.9
23039	S	C23039G	Q493E	LP.8.1*,XFG*,KP.3*,XEQ*,XFH*,JN.1.16.4*,XDY*,JN.1.16.5*,LP.8.2*,KP.3.4*,XDY.9*,XEF*,XDY.1*,XFT*,XDY.5*,XDY.4*,XDY.11*,LF.7.1.11*,XET*,XDY.3*,NB.1.8*,XDY.6*,XDY.8*,XDY.2*,XDY.7*	40	2025-07-06 to 2025-07-26 versus 2025-06-15 to 2025-07-05	0.827761	0.751619	-7.614	XFG,LP.8.1,XFC,KP.3.1.1,XEC,XEQ,NB.1.8.1,KP.3,XEC.4,PA.1,MC.1,XEK,MC.10.1
22926	S	T22926C	L455S	No associated lineages	24	2025-03-16 to 2025-04-05 versus 2025-02-23 to 2025-03-15	0.623225	0.648983	+2.576	JN.1
11083	ORF1a	G11083T	L3606F	LK.1*,KP.3.4.1*,MM.2*,KP.2.20*,NY.1.2*,XFJ.3*	41	2025-07-13 to 2025-08-02 versus 2025-06-22 to 2025-07-12	0.022675	0.012191	-1.048	Does not define any major lineages.
22132	S	G22132T	R190S	LP.8.1*,LF.7*,XFN*,XFP*,LB.1.4.1*,NC.1*,MA.1*,JN.1.59.1*,LP.7*,XEL.4*,NL.5.2*,NL.22.1*,NK.1*,LB.1.11*,LB.1.7.4*,LP.1.2*,XER*,LZ.4*,KP.4.2.6*,KP.4.2.4*,MC.19.1.1*,NL.1*,MC.33.1.1*	18	2025-02-02 to 2025-02-22 versus 2025-01-12 to 2025-02-01	0.178209	0.190315	+1.211	XFG,LP.8.1,XFC,LF.7.9,LF.7.7.2,LF.7.2.1,LF.7,LF.7.7.1
22928	S	T22928C	F456L	JN.1.7.9*,LR.1*,KU.2*,JN.1.39.1*,KR.5*,KR.1*,JN.1.67.1*,JN.1.48.1*,JN.1.62*,NS.3*,LN.1.1*,KR.3*,JN.1.29.1*,JN.1.1.8*,JN.1.4.9*,LF.6*,XDR.1.1*,KS.1*,LF.8*,JN.1.18.5*,LL.1*,XDK.1.2*,KR.4.1*,XDK.4.1*,LM.1*,MD.3.1*,LZ.1*,KW.1.1*,XDD.3*,LQ.1*,JN.1.1.6*,XDK.3*,JN.1.11.1*,JN.1.55.2*,JN.1.16*,XDK.6*,JN.1.55.1*,JN.1.48.3*,LR.3*,JN.1.50*,JN.1.51.1*,JN.1.15.1*,MD.1*,JN.1.7.8*,XDK.5*,LZ.2.2*,XDV.1*,JN.1.18.9*,JN.1.18.4*,LZ.2.1*,LE.1.3.1*,JN.1.65.1*	1	2024-10-06 to 2024-10-26 versus 2024-09-15 to 2024-10-05	0.224154	0.93434	+71.019	XFG,LP.8.1,LB.1.3.1,XFC,KP.3.1.1,XEC,XEQ,NB.1.8.1,LF.7.9,KP.3,XEC.4,LF.7.7.2,PA.1,MC.1,LF.7.2.1,XEK,LF.7,LF.7.7.1,MC.10.1
405	ORF1a	A405G	K47R	XDR*,XDK*,XDS*,XDD*	33	2025-05-18 to 2025-06-07 versus 2025-04-27 to 2025-05-17	0.079894	0.146794	+6.69	NB.1.8.1
6720	ORF1a	C6720T	T2152I	NY.7.1*,JN.1.65*	36	2025-06-08 to 2025-06-28 versus 2025-05-18 to 2025-06-07	0.022717	0.006901	-1.582	Does not define any major lineages.
27476	ORF7a	C27476T	T28I	LB.1.3.1*,JN.1.8*,JN.1.8.1*	23	2025-03-09 to 2025-03-29 versus 2025-02-16 to 2025-03-08	0.041813	0.043722	+0.191	LB.1.3.1
22926	S	T22926C	L455S	No associated lineages	12	2024-12-22 to 2025-01-11 versus 2024-12-01 to 2024-12-21	0.870554	0.901913	+3.136	JN.1
11727	ORF1a	G11727A	R3821K	No associated lineages	25	2025-03-23 to 2025-04-12 versus 2025-03-02 to 2025-03-22	0.980299	0.951848	-2.845	JN.1
21654	S	C21654T	S31F	KP.3.3.9*,KP.3.4.1*,LF.8.1*,KP.2.14*,LC.1*,JN.1.1.7*,MD.3.1.4*,KP.3.1.3*,KP.4.2.1*,XEN*,MK.1*,MZ.1*,JN.1.20*,MB.1*,KP.2.7*,JN.1.58.3*,KP.1.1.6*	20	2025-02-16 to 2025-03-08 versus 2025-01-26 to 2025-02-15	0.025295	0.007787	-1.751	Does not define any major lineages.
1895	ORF1a	G1895A	V544I	LF.7.9.1*	33	2025-05-18 to 2025-06-07 versus 2025-04-27 to 2025-05-17	0.042664	0.024044	-1.862	Does not define any major lineages.
7113	ORF1a	C7113T	T2283I	PY.5*,XDV*,JN.1.11.1*,KU.2*,XFG.19*	16	2025-01-19 to 2025-02-08 versus 2024-12-29 to 2025-01-18	0.381406	0.371488	-0.992	LP.8.1,XFC,KP.3.1.1,NB.1.8.1,KP.3,PA.1,MC.1,XEK,MC.10.1
13121	ORF1a	A13121T	S4286C	KP.3.1.1*,XFA*,XFK*,XEW*	9	2024-12-01 to 2024-12-21 versus 2024-11-10 to 2024-11-30	0.427261	0.319308	-10.795	KP.3.1.1,PA.1,MC.1,MC.10.1
6501	ORF1a	C6501A	P2079Q	XDV*	42	2025-07-20 to 2025-08-09 versus 2025-06-29 to 2025-07-19	0.187965	0.145963	-4.2	NB.1.8.1
22599	S	G22599C	R346T	XFN*,JN.1.24.1*,MC.13.2.4*,LE.1*,MC.31*,XED*,JN.1.59.1*,MF.1*,KR.5*,MC.32.1*,JN.1.48.1*,MC.28.1.1*,XDD.1.1.1*,MC.33.1*,NB.1.2.1*,MZ.3*,PJ.1*,JN.1.11.2*,JN.1.8.2*,KZ.1.1*,LN.1.1*,XDR.1*,LU.1*,XEP.1.1*,JN.1.7.3*,MU.3*,JN.1.16.1*,JN.1.29.1*,LF.6*,JN.1.44.1*,LG.1*,KS.1*,XEH*,LF.8*,JN.1.25.1*,MC.17.1*,JN.1.18*,MQ.1*,JN.1.30.1*,NU.1*,LU.2*,JN.1.6.1*,MC.19*,KP.2*,PK.1*,JN.1.50.1*,JN.1.4.4*,JN.1.49.1*,MC.13.3.1*,MK.3*,JN.1.26*,MC.13.2.1*,PG.3*,JN.1.39.2*,JN.1.58.2*,JN.1.42.2*,KQ.1*,JN.1.1.3*,XEM*,JN.1.1.5*,KP.4.1*,MC.10.1.6*,JN.1.48.2*,JN.1.48.3*,JN.1.9.2*,XEC.27*,JN.1.18.8*,XES.1*,MC.33.2*,NB.1.6.1*,XDK.1*,MC.13.2.2*,XEK.7*	1	2024-10-06 to 2024-10-26 versus 2024-09-15 to 2024-10-05	0.261915	0.139248	-12.267	XFG,LP.8.1,LB.1.3.1,XFC,XEQ,LF.7.9,LF.7.7.2,LF.7.2.1,LF.7,LF.7.7.1
24872	S	G24872T	V1104L	XEQ*,XDY.3*,XDY.9*,XDY.6*,JN.1.11*,XEF*,XDY.8*,XDY.1*,XDY*,XDY.2*,XDY.5*,XDY.4*,LB.1.1*,XFT*,XDY.11*,XDY.7*	20	2025-02-16 to 2025-03-08 versus 2025-01-26 to 2025-02-15	0.831076	0.842376	+1.13	LP.8.1,XFC,KP.3.1.1,XEC,XEQ,KP.3,XEC.4,PA.1,MC.1,XEK,MC.10.1
22986	S	C22986T	A475V	LF.7.9*,LF.7.2.1*,XFP*,PF.2.2.1*,PV.3*,NY.6*,LP.10.1*,QJ.2*,LF.7.3.6*,PL.1*,LF.7.12*,XFC.2*,KP.2.3.1*,LP.8.2.1*,LP.8.1.9*,NY.3.1.1*,LF.7.1.2*,LF.7.1.7*,QH.1*,NY.7.1.1*,LF.7.3.1*,QC.2.1*	26	2025-03-30 to 2025-04-19 versus 2025-03-09 to 2025-03-29	0.057438	0.01838	-3.906	LF.7.9,LF.7.2.1
22132	S	G22132T	R190S	LP.8.1*,LF.7*,XFN*,XFP*,LB.1.4.1*,NC.1*,MA.1*,JN.1.59.1*,LP.7*,XEL.4*,NL.5.2*,NL.22.1*,NK.1*,LB.1.11*,LB.1.7.4*,LP.1.2*,XER*,LZ.4*,KP.4.2.6*,KP.4.2.4*,MC.19.1.1*,NL.1*,MC.33.1.1*	37	2025-06-15 to 2025-07-05 versus 2025-05-25 to 2025-06-14	0.497779	0.555284	+5.75	XFG,LP.8.1,XFC,LF.7.9,LF.7.7.2,LF.7.2.1,LF.7,LF.7.7.1
15830	ORF1b	C15830T	A788V	NY.7.1*	39	2025-06-29 to 2025-07-19 versus 2025-06-08 to 2025-06-28	0.023018	0.009498	-1.352	Does not define any major lineages.
11727	ORF1a	G11727A	R3821K	No associated lineages	33	2025-05-18 to 2025-06-07 versus 2025-04-27 to 2025-05-17	0.910374	0.865127	-4.525	JN.1
7113	ORF1a	C7113T	T2283I	PY.5*,XDV*,JN.1.11.1*,KU.2*,XFG.19*	20	2025-02-16 to 2025-03-08 versus 2025-01-26 to 2025-02-15	0.387472	0.359927	-2.754	LP.8.1,XFC,KP.3.1.1,NB.1.8.1,KP.3,PA.1,MC.1,XEK,MC.10.1
16342	ORF1b	T16342C	S959P	XDV*	31	2025-05-04 to 2025-05-24 versus 2025-04-13 to 2025-05-03	0.041746	0.094874	+5.313	NB.1.8.1
22108	S	A22108T	K182N	MB.1.1*,XEC.27.2*,LU.2.1.1*,KP.1.1.1*,XEC.11*	21	2025-02-23 to 2025-03-15 versus 2025-02-02 to 2025-02-22	0.034375	0.017275	-1.71	Does not define any major lineages.
22599	S	G22599C	R346T	XFN*,JN.1.24.1*,MC.13.2.4*,LE.1*,MC.31*,XED*,JN.1.59.1*,MF.1*,KR.5*,MC.32.1*,JN.1.48.1*,MC.28.1.1*,XDD.1.1.1*,MC.33.1*,NB.1.2.1*,MZ.3*,PJ.1*,JN.1.11.2*,JN.1.8.2*,KZ.1.1*,LN.1.1*,XDR.1*,LU.1*,XEP.1.1*,JN.1.7.3*,MU.3*,JN.1.16.1*,JN.1.29.1*,LF.6*,JN.1.44.1*,LG.1*,KS.1*,XEH*,LF.8*,JN.1.25.1*,MC.17.1*,JN.1.18*,MQ.1*,JN.1.30.1*,NU.1*,LU.2*,JN.1.6.1*,MC.19*,KP.2*,PK.1*,JN.1.50.1*,JN.1.4.4*,JN.1.49.1*,MC.13.3.1*,MK.3*,JN.1.26*,MC.13.2.1*,PG.3*,JN.1.39.2*,JN.1.58.2*,JN.1.42.2*,KQ.1*,JN.1.1.3*,XEM*,JN.1.1.5*,KP.4.1*,MC.10.1.6*,JN.1.48.2*,JN.1.48.3*,JN.1.9.2*,XEC.27*,JN.1.18.8*,XES.1*,MC.33.2*,NB.1.6.1*,XDK.1*,MC.13.2.2*,XEK.7*	21	2025-02-23 to 2025-03-15 versus 2025-02-02 to 2025-02-22	0.272386	0.311552	+3.917	XFG,LP.8.1,LB.1.3.1,XFC,XEQ,LF.7.9,LF.7.7.2,LF.7.2.1,LF.7,LF.7.7.1
6501	ORF1a	C6501A	P2079Q	XDV*	32	2025-05-11 to 2025-05-31 versus 2025-04-20 to 2025-05-10	0.050474	0.124465	+7.399	NB.1.8.1
18766	ORF1b	G18766T	D1767Y	No associated lineages	31	2025-05-04 to 2025-05-24 versus 2025-04-13 to 2025-05-03	0.000463	0.027026	+2.656	Does not define any major lineages.
2847	ORF1a	C2847T	T861I	No associated lineages	34	2025-05-25 to 2025-06-14 versus 2025-05-04 to 2025-05-24	0.000509	0.024077	+2.357	Does not define any major lineages.
15009	ORF1b	T15009A	D514E	No associated lineages	36	2025-06-08 to 2025-06-28 versus 2025-05-18 to 2025-06-07	0.034148	0.038582	+0.443	Does not define any major lineages.
29625	ORF10	C29625T	S23F	No associated lineages	28	2025-04-13 to 2025-05-03 versus 2025-03-23 to 2025-04-12	0.009045	0.033472	+2.443	Does not define any major lineages.
22120	S	C22120A	F186L	LP.8.1*,LP.8.2*,XFT*	40	2025-07-06 to 2025-07-26 versus 2025-06-15 to 2025-07-05	0.173066	0.13169	-4.138	LP.8.1
405	ORF1a	A405G	K47R	XDR*,XDK*,XDS*,XDD*	41	2025-07-13 to 2025-08-02 versus 2025-06-22 to 2025-07-12	0.203891	0.172481	-3.141	NB.1.8.1
22599	S	G22599C	R346T	XFN*,JN.1.24.1*,MC.13.2.4*,LE.1*,MC.31*,XED*,JN.1.59.1*,MF.1*,KR.5*,MC.32.1*,JN.1.48.1*,MC.28.1.1*,XDD.1.1.1*,MC.33.1*,NB.1.2.1*,MZ.3*,PJ.1*,JN.1.11.2*,JN.1.8.2*,KZ.1.1*,LN.1.1*,XDR.1*,LU.1*,XEP.1.1*,JN.1.7.3*,MU.3*,JN.1.16.1*,JN.1.29.1*,LF.6*,JN.1.44.1*,LG.1*,KS.1*,XEH*,LF.8*,JN.1.25.1*,MC.17.1*,JN.1.18*,MQ.1*,JN.1.30.1*,NU.1*,LU.2*,JN.1.6.1*,MC.19*,KP.2*,PK.1*,JN.1.50.1*,JN.1.4.4*,JN.1.49.1*,MC.13.3.1*,MK.3*,JN.1.26*,MC.13.2.1*,PG.3*,JN.1.39.2*,JN.1.58.2*,JN.1.42.2*,KQ.1*,JN.1.1.3*,XEM*,JN.1.1.5*,KP.4.1*,MC.10.1.6*,JN.1.48.2*,JN.1.48.3*,JN.1.9.2*,XEC.27*,JN.1.18.8*,XES.1*,MC.33.2*,NB.1.6.1*,XDK.1*,MC.13.2.2*,XEK.7*	34	2025-05-25 to 2025-06-14 versus 2025-05-04 to 2025-05-24	0.528069	0.555409	+2.734	XFG,LP.8.1,LB.1.3.1,XFC,XEQ,LF.7.9,LF.7.7.2,LF.7.2.1,LF.7,LF.7.7.1
10296	ORF1a	C10296T	S3344F	NY.15*	38	2025-06-22 to 2025-07-12 versus 2025-06-01 to 2025-06-21	0.010536	0.026288	+1.575	Does not define any major lineages.
18131	ORF1b	C18131T	T1555I	LB.1.3*	11	2024-12-15 to 2025-01-04 versus 2024-11-24 to 2024-12-14	0.024261	0.034957	+1.07	LB.1.3.1
22895	S	G22895C, T22896G	V445R	LP.8.1*,XFG*,NZ.1*,LP.8.2*,MK.3*,LF.7.12.1*,MC.32.1*,XEC.27*,XFT*,MC.33.1*,MC.19.1*	12	2024-12-22 to 2025-01-11 versus 2024-12-01 to 2024-12-21	0.045576	0.080987	+3.541	XFG,LP.8.1,XFC
7869	ORF1a	C7869T	S2535L	LF.7*	23	2025-03-09 to 2025-03-29 versus 2025-02-16 to 2025-03-08	0.028741	0.060313	+3.157	XFG,LF.7.9,LF.7.7.2,LF.7.2.1,LF.7,LF.7.7.1
22865	S	G22865T	A435S	NB.1.8.1*,MC.10.1*,XEC.32.1*,XFN*,KP.3.3.5*,MC.31*,XDV.1.9.1*,XEC.20.1*,XEC.18.2*,MU.6*,MC.21.1*,MC.28.1*,MC.30.1.1*,PG.1*,PY.1.1.1*,KP.2.14.2*,XEP*,LP.10.1.1*,MU.2.1.1*,XDY.1*,MC.13.2*,XEC.25.1*,XEC.14.1.1*,PT.1*,XFB*,PY.1.4.1*,XDY.3*,MC.46.1*,KP.3.3.2*,XEC.4.5.1*,XEC.4.6.1*,KP.3.7*	17	2025-01-26 to 2025-02-15 versus 2025-01-05 to 2025-01-25	0.045841	0.058347	+1.251	NB.1.8.1,PA.1,MC.10.1
22599	S	G22599C	R346T	XFN*,JN.1.24.1*,MC.13.2.4*,LE.1*,MC.31*,XED*,JN.1.59.1*,MF.1*,KR.5*,MC.32.1*,JN.1.48.1*,MC.28.1.1*,XDD.1.1.1*,MC.33.1*,NB.1.2.1*,MZ.3*,PJ.1*,JN.1.11.2*,JN.1.8.2*,KZ.1.1*,LN.1.1*,XDR.1*,LU.1*,XEP.1.1*,JN.1.7.3*,MU.3*,JN.1.16.1*,JN.1.29.1*,LF.6*,JN.1.44.1*,LG.1*,KS.1*,XEH*,LF.8*,JN.1.25.1*,MC.17.1*,JN.1.18*,MQ.1*,JN.1.30.1*,NU.1*,LU.2*,JN.1.6.1*,MC.19*,KP.2*,PK.1*,JN.1.50.1*,JN.1.4.4*,JN.1.49.1*,MC.13.3.1*,MK.3*,JN.1.26*,MC.13.2.1*,PG.3*,JN.1.39.2*,JN.1.58.2*,JN.1.42.2*,KQ.1*,JN.1.1.3*,XEM*,JN.1.1.5*,KP.4.1*,MC.10.1.6*,JN.1.48.2*,JN.1.48.3*,JN.1.9.2*,XEC.27*,JN.1.18.8*,XES.1*,MC.33.2*,NB.1.6.1*,XDK.1*,MC.13.2.2*,XEK.7*	30	2025-04-27 to 2025-05-17 versus 2025-04-06 to 2025-04-26	0.444242	0.417939	-2.63	XFG,LP.8.1,LB.1.3.1,XFC,XEQ,LF.7.9,LF.7.7.2,LF.7.2.1,LF.7,LF.7.7.1
25925	ORF3a	C25925T	P178L	LP.8.1*,LP.11*,XFT*,LP.8.2*	26	2025-03-30 to 2025-04-19 versus 2025-03-09 to 2025-03-29	0.4122	0.445709	+3.351	LP.8.1,XFC
29625	ORF10	C29625T	S23F	No associated lineages	35	2025-06-01 to 2025-06-21 versus 2025-05-11 to 2025-05-31	0.020668	0.031193	+1.053	Does not define any major lineages.
24872	S	G24872T	V1104L	XEQ*,XDY.3*,XDY.9*,XDY.6*,JN.1.11*,XEF*,XDY.8*,XDY.1*,XDY*,XDY.2*,XDY.5*,XDY.4*,LB.1.1*,XFT*,XDY.11*,XDY.7*	4	2024-10-27 to 2024-11-16 versus 2024-10-06 to 2024-10-26	0.825851	0.787841	-3.801	LP.8.1,XFC,KP.3.1.1,XEC,XEQ,KP.3,XEC.4,PA.1,MC.1,XEK,MC.10.1
405	ORF1a	A405G	K47R	XDR*,XDK*,XDS*,XDD*	38	2025-06-22 to 2025-07-12 versus 2025-06-01 to 2025-06-21	0.200985	0.203891	+0.291	NB.1.8.1
25793	ORF3a	G25793A	R134H	XDV.1.5.1*	32	2025-05-11 to 2025-05-31 versus 2025-04-20 to 2025-05-10	0.015054	0.029681	+1.463	NB.1.8.1
23277	S	C23277T	T572I	XFG*,XEC.4*,MC.1*,XDK*,MU.1*,MC.13.4*,XFA*,LF.7.1.8*,MV.1.6*,KP.2.15.1*,JN.1.32*,NY.16.1*,XDV.1.3*,XDY.1.1*,NT.2.1*,PW.1*,MC.6.1*,JN.1.62*,XEC.35*,MH.1*,KP.2.27*,JN.1.16.3*,LF.7.3.6*,NY.19*,JN.1.47.2*,MC.30.1.1*,KP.2.3.8*,KP.2.14.1*,XEC.21*,MC.26.1*,NB.1.3.1*,LZ.3*,LP.4*,LB.1.2.2*,XDY.5.1*,JN.1.9.1*,JN.1.1.1*,KP.2.9*,KP.2.2.2*,XDD.3*,XEC.37*,XEC.2.2.1*,LF.7.6.5*,LD.1*,JN.1.7*,LF.7.7*,MC.9.2*,KP.1.2*,XFB*,LF.7.10.1*,KP.2.3.6*,XEC.25.1.1*,NL.5.1*,KV.2*,MG.1*,XEF.3*,NL.13*,JN.1.65*,MZ.5*,KW.1*,MC.11.3.1*,JN.1.4.3*,MC.8.1*,KP.5*	24	2025-03-16 to 2025-04-05 versus 2025-02-23 to 2025-03-15	0.055543	0.056143	+0.06	XFG,XEC.4,MC.1,LF.7.7.1
8390	ORF1a	A8390G	I2709V	NB.1*	39	2025-06-29 to 2025-07-19 versus 2025-06-08 to 2025-06-28	0.145852	0.177469	+3.162	NB.1.8.1
22895	S	G22895C, T22896C	V445P	LF.7.9*,LF.7.7.2*,PA.1*,LB.1.3.1*,LK.1*,XFP*,NS.1.1*,MV.1.1.1*,LP.1.2.1*,XFG.1*,KP.2.3.4*,NN.1*,LF.3.1*,NC.1.2*,JN.1.1.8*,MA.1.1.1*,LF.7.8*,LP.9*,MU.2.1.1*,LF.7.10.1*,LF.7.6.2*,KP.2.28.1*,JN.1.50*,LB.1.10*,LF.7.1.10*,MU.5*,QJ.1*	30	2025-04-27 to 2025-05-17 versus 2025-04-06 to 2025-04-26	0.053469	0.031145	-2.232	LB.1.3.1,LF.7.9,LF.7.7.2,PA.1
23598	S	A23598G, T23599G	N679R	XFC*,XEC.32.1*,NY.7*,PG.4.1*,LP.8.1.1*,JN.1.68.1*,PF.2.4*,MC.10.2.1*,XDK.2*,PU.1*,XFT*,NR.1*,NW.1.5*,XEC.22*,KP.2.3.14*,MD.1*,PY.1.1*,PR.2*,LQ.1.1.1*	42	2025-07-20 to 2025-08-09 versus 2025-06-29 to 2025-07-19	0.190296	0.113641	-7.665	XFC
7267	ORF1a	C7267A	F2334L	No associated lineages	33	2025-05-18 to 2025-06-07 versus 2025-04-27 to 2025-05-17	0.032711	0.026319	-0.639	Does not define any major lineages.
24819	S	A24819G	K1086R	KP.1.1*,XFT*,KP.1*	35	2025-06-01 to 2025-06-21 versus 2025-05-11 to 2025-05-31	0.540575	0.374199	-16.638	LP.8.1,XFC
22108	S	A22108T	K182N	MB.1.1*,XEC.27.2*,LU.2.1.1*,KP.1.1.1*,XEC.11*	22	2025-03-02 to 2025-03-22 versus 2025-02-09 to 2025-03-01	0.032907	0.014687	-1.822	Does not define any major lineages.
2060	ORF1a	G2060A	A599T	XEC*,MC.24.1*	41	2025-07-13 to 2025-08-02 versus 2025-06-22 to 2025-07-12	0.03136	0.002314	-2.905	XEC,XEC.4
27810	ORF7b	T27810C	F19L	No associated lineages	8	2024-11-24 to 2024-12-14 versus 2024-11-03 to 2024-11-23	0.654341	0.722578	+6.824	JN.1
4809	ORF1a	C4809T	S1515F	XFC.1*	33	2025-05-18 to 2025-06-07 versus 2025-04-27 to 2025-05-17	0.024422	0.008002	-1.642	Does not define any major lineages.
21653	S	T21653C	S31P	XFC*,LF.7*,XFN*,XFP*,MT.1*,KP.2.26*,KP.3.2.6*,MJ.1*,NF.1*,XER*,JN.1.40*	13	2024-12-29 to 2025-01-18 versus 2024-12-08 to 2024-12-28	0.042311	0.031992	-1.032	XFG,XFC,LF.7.9,LF.7.7.2,LF.7.2.1,LF.7,LF.7.7.1
23598	S	A23598G, T23599G	N679R	XFC*,XEC.32.1*,NY.7*,PG.4.1*,LP.8.1.1*,JN.1.68.1*,PF.2.4*,MC.10.2.1*,XDK.2*,PU.1*,XFT*,NR.1*,NW.1.5*,XEC.22*,KP.2.3.14*,MD.1*,PY.1.1*,PR.2*,LQ.1.1.1*	37	2025-06-15 to 2025-07-05 versus 2025-05-25 to 2025-06-14	0.339162	0.269138	-7.002	XFC
23277	S	C23277T	T572I	XFG*,XEC.4*,MC.1*,XDK*,MU.1*,MC.13.4*,XFA*,LF.7.1.8*,MV.1.6*,KP.2.15.1*,JN.1.32*,NY.16.1*,XDV.1.3*,XDY.1.1*,NT.2.1*,PW.1*,MC.6.1*,JN.1.62*,XEC.35*,MH.1*,KP.2.27*,JN.1.16.3*,LF.7.3.6*,NY.19*,JN.1.47.2*,MC.30.1.1*,KP.2.3.8*,KP.2.14.1*,XEC.21*,MC.26.1*,NB.1.3.1*,LZ.3*,LP.4*,LB.1.2.2*,XDY.5.1*,JN.1.9.1*,JN.1.1.1*,KP.2.9*,KP.2.2.2*,XDD.3*,XEC.37*,XEC.2.2.1*,LF.7.6.5*,LD.1*,JN.1.7*,LF.7.7*,MC.9.2*,KP.1.2*,XFB*,LF.7.10.1*,KP.2.3.6*,XEC.25.1.1*,NL.5.1*,KV.2*,MG.1*,XEF.3*,NL.13*,JN.1.65*,MZ.5*,KW.1*,MC.11.3.1*,JN.1.4.3*,MC.8.1*,KP.5*	4	2024-10-27 to 2024-11-16 versus 2024-10-06 to 2024-10-26	0.039393	0.064354	+2.496	XFG,XEC.4,MC.1,LF.7.7.1
3686	ORF1a	C3686T	H1141Y	XDV.1.5.1*	40	2025-07-06 to 2025-07-26 versus 2025-06-15 to 2025-07-05	0.157155	0.144015	-1.314	NB.1.8.1
13121	ORF1a	A13121T	S4286C	KP.3.1.1*,XFA*,XFK*,XEW*	31	2025-05-04 to 2025-05-24 versus 2025-04-13 to 2025-05-03	0.053028	0.039981	-1.305	KP.3.1.1,PA.1,MC.1,MC.10.1
28883	N	G28883C, G28884C	G204P	PP.1.1.1*,MC.24.1*,PQ.1.1*,KP.3.3*,XEP*	5	2024-11-03 to 2024-11-23 versus 2024-10-13 to 2024-11-02	0.218621	0.26144	+4.282	XEC,XEC.4,XEK
15026	ORF1b	C15026T	A520V	No associated lineages	25	2025-03-23 to 2025-04-12 versus 2025-03-02 to 2025-03-22	0.004441	0.064124	+5.968	Does not define any major lineages.
25352	S	G25352T	V1264L	XEC.38*,XET*,JN.1.1.4*,JN.1.23.1*,XEC.11.1*,XFG.14*,NB.1.2*,XEL.1*,XEC.37*,XEK.2.1*,MV.1.3*,XEC.34*,XFJ.3*,PH.1*	40	2025-07-06 to 2025-07-26 versus 2025-06-15 to 2025-07-05	0.025319	0.016006	-0.931	Does not define any major lineages.
21652	S	TTC21652-21654del	NS30-31Ndel	No associated lineages	6	2024-11-10 to 2024-11-30 versus 2024-10-20 to 2024-11-09	0.543156	0.435516	-10.764	LP.8.1,LB.1.3.1,KP.3.1.1,PA.1,MC.1,MC.10.1
13121	ORF1a	A13121T	S4286C	KP.3.1.1*,XFA*,XFK*,XEW*	8	2024-11-24 to 2024-12-14 versus 2024-11-03 to 2024-11-23	0.463361	0.324895	-13.847	KP.3.1.1,PA.1,MC.1,MC.10.1
28883	N	G28883C, G28884C	G204P	PP.1.1.1*,MC.24.1*,PQ.1.1*,KP.3.3*,XEP*	23	2025-03-09 to 2025-03-29 versus 2025-02-16 to 2025-03-08	0.273527	0.225566	-4.796	XEC,XEC.4,XEK
23277	S	C23277T	T572I	XFG*,XEC.4*,MC.1*,XDK*,MU.1*,MC.13.4*,XFA*,LF.7.1.8*,MV.1.6*,KP.2.15.1*,JN.1.32*,NY.16.1*,XDV.1.3*,XDY.1.1*,NT.2.1*,PW.1*,MC.6.1*,JN.1.62*,XEC.35*,MH.1*,KP.2.27*,JN.1.16.3*,LF.7.3.6*,NY.19*,JN.1.47.2*,MC.30.1.1*,KP.2.3.8*,KP.2.14.1*,XEC.21*,MC.26.1*,NB.1.3.1*,LZ.3*,LP.4*,LB.1.2.2*,XDY.5.1*,JN.1.9.1*,JN.1.1.1*,KP.2.9*,KP.2.2.2*,XDD.3*,XEC.37*,XEC.2.2.1*,LF.7.6.5*,LD.1*,JN.1.7*,LF.7.7*,MC.9.2*,KP.1.2*,XFB*,LF.7.10.1*,KP.2.3.6*,XEC.25.1.1*,NL.5.1*,KV.2*,MG.1*,XEF.3*,NL.13*,JN.1.65*,MZ.5*,KW.1*,MC.11.3.1*,JN.1.4.3*,MC.8.1*,KP.5*	35	2025-06-01 to 2025-06-21 versus 2025-05-11 to 2025-05-31	0.127079	0.168989	+4.191	XFG,XEC.4,MC.1,LF.7.7.1
7869	ORF1a	C7869T	S2535L	LF.7*	17	2025-01-26 to 2025-02-15 versus 2025-01-05 to 2025-01-25	0.037924	0.040088	+0.216	XFG,LF.7.9,LF.7.7.2,LF.7.2.1,LF.7,LF.7.7.1
23021	S	A23021G	N487D	XFG*,NY.11*,NY.11.1*,LP.8.1.2*	29	2025-04-20 to 2025-05-10 versus 2025-03-30 to 2025-04-19	0.011299	0.023605	+1.231	XFG
1758	ORF1a	C1758T	A498V	MU.6*	37	2025-06-15 to 2025-07-05 versus 2025-05-25 to 2025-06-14	0.026915	0.001977	-2.494	Does not define any major lineages.
3037	ORF1a	C3037-3037del	924fs	No associated lineages	3	2024-10-20 to 2024-11-09 versus 2024-09-29 to 2024-10-19	0.01063	0.021605	+1.098	Does not define any major lineages.
24872	S	G24872T	V1104L	XEQ*,XDY.3*,XDY.9*,XDY.6*,JN.1.11*,XEF*,XDY.8*,XDY.1*,XDY*,XDY.2*,XDY.5*,XDY.4*,LB.1.1*,XFT*,XDY.11*,XDY.7*	39	2025-06-29 to 2025-07-19 versus 2025-06-08 to 2025-06-28	0.30557	0.238336	-6.723	LP.8.1,XFC,KP.3.1.1,XEC,XEQ,KP.3,XEC.4,PA.1,MC.1,XEK,MC.10.1
21652	S	TTC21652-21654del	NS30-31Ndel	No associated lineages	14	2025-01-05 to 2025-01-25 versus 2024-12-15 to 2025-01-04	0.420628	0.445606	+2.498	LP.8.1,LB.1.3.1,KP.3.1.1,PA.1,MC.1,MC.10.1
29625	ORF10	C29625T	S23F	No associated lineages	31	2025-05-04 to 2025-05-24 versus 2025-04-13 to 2025-05-03	0.033472	0.018926	-1.455	Does not define any major lineages.
21738	S	T21738C	F59S	XEC*,NB.1*,JN.1.18.7*,MR.2*,KR.1.4*,JN.1.18.6*,MZ.3*,XDR.1*,JN.1.42.1*,MU.3*,KP.1.1.5*,KS.1*,JN.1.13.1*,JN.1.18.2*,KP.3.1.8*,KP.3.3.8*,KP.2.10*,XEM*,JN.1.18.9*	25	2025-03-23 to 2025-04-12 versus 2025-03-02 to 2025-03-22	0.29886	0.202837	-9.602	XEC,XEQ,NB.1.8.1,XEC.4,XEK
21137	ORF1b	A21137G	K2557R	JN.1.58*,MV.2*,KP.3.2.9*,JN.1.7.7*,NW.1.4*,MC.23*,MV.1.1*,XFG.2*,NL.12*	42	2025-07-20 to 2025-08-09 versus 2025-06-29 to 2025-07-19	0.127879	0.148654	+2.078	Does not define any major lineages.
24813	S	A24813G	D1084G	XFG.3.1*,XFQ*	39	2025-06-29 to 2025-07-19 versus 2025-06-08 to 2025-06-28	0.018349	0.02469	+0.634	Does not define any major lineages.
22986	S	C22986T	A475V	LF.7.9*,LF.7.2.1*,XFP*,PF.2.2.1*,PV.3*,NY.6*,LP.10.1*,QJ.2*,LF.7.3.6*,PL.1*,LF.7.12*,XFC.2*,KP.2.3.1*,LP.8.2.1*,LP.8.1.9*,NY.3.1.1*,LF.7.1.2*,LF.7.1.7*,QH.1*,NY.7.1.1*,LF.7.3.1*,QC.2.1*	33	2025-05-18 to 2025-06-07 versus 2025-04-27 to 2025-05-17	0.024163	0.055301	+3.114	LF.7.9,LF.7.2.1
27810	ORF7b	T27810C	F19L	No associated lineages	10	2024-12-08 to 2024-12-28 versus 2024-11-17 to 2024-12-07	0.705216	0.649282	-5.593	JN.1
21738	S	T21738C	F59S	XEC*,NB.1*,JN.1.18.7*,MR.2*,KR.1.4*,JN.1.18.6*,MZ.3*,XDR.1*,JN.1.42.1*,MU.3*,KP.1.1.5*,KS.1*,JN.1.13.1*,JN.1.18.2*,KP.3.1.8*,KP.3.3.8*,KP.2.10*,XEM*,JN.1.18.9*	11	2024-12-15 to 2025-01-04 versus 2024-11-24 to 2024-12-14	0.381355	0.482522	+10.117	XEC,XEQ,NB.1.8.1,XEC.4,XEK
22995	S	C22995T	T478I	LF.7.10*,NL.9*,XDV.1.5*,QD.1*,ND.3*,LN.1.1*	41	2025-07-13 to 2025-08-02 versus 2025-06-22 to 2025-07-12	0.126768	0.099933	-2.683	NB.1.8.1
27810	ORF7b	T27810C	F19L	No associated lineages	31	2025-05-04 to 2025-05-24 versus 2025-04-13 to 2025-05-03	0.609526	0.568247	-4.128	JN.1
29409	N	C29409T	T379I	XFG*,LF.7.9*,LB.1.3.1*,NT.1*,MC.10.1.3*,XDS*,XEC.2.3*,NS.3*,XEC.35.1*	13	2024-12-29 to 2025-01-18 versus 2024-12-08 to 2024-12-28	0.02776	0.029827	+0.207	XFG,LB.1.3.1,LF.7.9
22865	S	G22865T	A435S	NB.1.8.1*,MC.10.1*,XEC.32.1*,XFN*,KP.3.3.5*,MC.31*,XDV.1.9.1*,XEC.20.1*,XEC.18.2*,MU.6*,MC.21.1*,MC.28.1*,MC.30.1.1*,PG.1*,PY.1.1.1*,KP.2.14.2*,XEP*,LP.10.1.1*,MU.2.1.1*,XDY.1*,MC.13.2*,XEC.25.1*,XEC.14.1.1*,PT.1*,XFB*,PY.1.4.1*,XDY.3*,MC.46.1*,KP.3.3.2*,XEC.4.5.1*,XEC.4.6.1*,KP.3.7*	14	2025-01-05 to 2025-01-25 versus 2024-12-15 to 2025-01-04	0.009425	0.045841	+3.642	NB.1.8.1,PA.1,MC.10.1
22599	S	G22599C	R346T	XFN*,JN.1.24.1*,MC.13.2.4*,LE.1*,MC.31*,XED*,JN.1.59.1*,MF.1*,KR.5*,MC.32.1*,JN.1.48.1*,MC.28.1.1*,XDD.1.1.1*,MC.33.1*,NB.1.2.1*,MZ.3*,PJ.1*,JN.1.11.2*,JN.1.8.2*,KZ.1.1*,LN.1.1*,XDR.1*,LU.1*,XEP.1.1*,JN.1.7.3*,MU.3*,JN.1.16.1*,JN.1.29.1*,LF.6*,JN.1.44.1*,LG.1*,KS.1*,XEH*,LF.8*,JN.1.25.1*,MC.17.1*,JN.1.18*,MQ.1*,JN.1.30.1*,NU.1*,LU.2*,JN.1.6.1*,MC.19*,KP.2*,PK.1*,JN.1.50.1*,JN.1.4.4*,JN.1.49.1*,MC.13.3.1*,MK.3*,JN.1.26*,MC.13.2.1*,PG.3*,JN.1.39.2*,JN.1.58.2*,JN.1.42.2*,KQ.1*,JN.1.1.3*,XEM*,JN.1.1.5*,KP.4.1*,MC.10.1.6*,JN.1.48.2*,JN.1.48.3*,JN.1.9.2*,XEC.27*,JN.1.18.8*,XES.1*,MC.33.2*,NB.1.6.1*,XDK.1*,MC.13.2.2*,XEK.7*	18	2025-02-02 to 2025-02-22 versus 2025-01-12 to 2025-02-01	0.179275	0.272386	+9.311	XFG,LP.8.1,LB.1.3.1,XFC,XEQ,LF.7.9,LF.7.7.2,LF.7.2.1,LF.7,LF.7.7.1
22986	S	C22986T	A475V	LF.7.9*,LF.7.2.1*,XFP*,PF.2.2.1*,PV.3*,NY.6*,LP.10.1*,QJ.2*,LF.7.3.6*,PL.1*,LF.7.12*,XFC.2*,KP.2.3.1*,LP.8.2.1*,LP.8.1.9*,NY.3.1.1*,LF.7.1.2*,LF.7.1.7*,QH.1*,NY.7.1.1*,LF.7.3.1*,QC.2.1*	37	2025-06-15 to 2025-07-05 versus 2025-05-25 to 2025-06-14	0.041313	0.07236	+3.105	LF.7.9,LF.7.2.1
13121	ORF1a	A13121T	S4286C	KP.3.1.1*,XFA*,XFK*,XEW*	4	2024-10-27 to 2024-11-16 versus 2024-10-06 to 2024-10-26	0.546792	0.499397	-4.739	KP.3.1.1,PA.1,MC.1,MC.10.1
17668	ORF1b	G17668T	G1401C	No associated lineages	25	2025-03-23 to 2025-04-12 versus 2025-03-02 to 2025-03-22	0.001695	0.027617	+2.592	Does not define any major lineages.
21738	S	T21738C	F59S	XEC*,NB.1*,JN.1.18.7*,MR.2*,KR.1.4*,JN.1.18.6*,MZ.3*,XDR.1*,JN.1.42.1*,MU.3*,KP.1.1.5*,KS.1*,JN.1.13.1*,JN.1.18.2*,KP.3.1.8*,KP.3.3.8*,KP.2.10*,XEM*,JN.1.18.9*	26	2025-03-30 to 2025-04-19 versus 2025-03-09 to 2025-03-29	0.257274	0.232396	-2.488	XEC,XEQ,NB.1.8.1,XEC.4,XEK
23598	S	A23598G, T23599G	N679R	XFC*,XEC.32.1*,NY.7*,PG.4.1*,LP.8.1.1*,JN.1.68.1*,PF.2.4*,MC.10.2.1*,XDK.2*,PU.1*,XFT*,NR.1*,NW.1.5*,XEC.22*,KP.2.3.14*,MD.1*,PY.1.1*,PR.2*,LQ.1.1.1*	27	2025-04-06 to 2025-04-26 versus 2025-03-16 to 2025-04-05	0.003106	0.304137	+30.103	XFC
25083	S	C25083T	A1174V	NW.1*,KP.2.3.12*,MC.1.2*,XEC.28*	41	2025-07-13 to 2025-08-02 versus 2025-06-22 to 2025-07-12	0.052123	0.035828	-1.63	Does not define any major lineages.
22895	S	G22895C, T22896C	V445P	LF.7.9*,LF.7.7.2*,PA.1*,LB.1.3.1*,LK.1*,XFP*,NS.1.1*,MV.1.1.1*,LP.1.2.1*,XFG.1*,KP.2.3.4*,NN.1*,LF.3.1*,NC.1.2*,JN.1.1.8*,MA.1.1.1*,LF.7.8*,LP.9*,MU.2.1.1*,LF.7.10.1*,LF.7.6.2*,KP.2.28.1*,JN.1.50*,LB.1.10*,LF.7.1.10*,MU.5*,QJ.1*	13	2024-12-29 to 2025-01-18 versus 2024-12-08 to 2024-12-28	0.029858	0.047979	+1.812	LB.1.3.1,LF.7.9,LF.7.7.2,PA.1
21627	S	C21627A	T22N	XFC*,XEC*,LF.7*,XEQ*,KP.3.3.9*,XFP*,MB.1.1*,NB.1*,KP.2.14*,KS.1.5*,JN.1.18.7*,MR.2*,XEN*,XDV.1.7.1*,MT.1.1*,PF.2*,KP.3.1.9*,PB.1*,MU.6*,JN.1.16.5*,PM.1*,KP.2.26*,LF.8.1.1*,KP.3.6*,MU.3*,KP.2.18*,KS.1.1*,MG.3*,NG.1*,LJ.1*,MJ.1.1*,XER*,PB.2*,KP.2.2.1*,NW.1.2*,MC.24.1*,LP.8.1.6*,PP.1*,XEL*	41	2025-07-13 to 2025-08-02 versus 2025-06-22 to 2025-07-12	0.662244	0.799169	+13.692	XFG,XFC,XEC,XEQ,NB.1.8.1,LF.7.9,XEC.4,LF.7.7.2,LF.7.2.1,XEK,LF.7,LF.7.7.1
21653	S	T21653C	S31P	XFC*,LF.7*,XFN*,XFP*,MT.1*,KP.2.26*,KP.3.2.6*,MJ.1*,NF.1*,XER*,JN.1.40*	10	2024-12-08 to 2024-12-28 versus 2024-11-17 to 2024-12-07	0.052187	0.042311	-0.988	XFG,XFC,LF.7.9,LF.7.7.2,LF.7.2.1,LF.7,LF.7.7.1
22884	S	T22884G	L441R	LF.7.9*,LF.7.6.2*,XFP*,MV.1.5*	33	2025-05-18 to 2025-06-07 versus 2025-04-27 to 2025-05-17	0.014043	0.027847	+1.38	LF.7.9
11727	ORF1a	G11727A	R3821K	No associated lineages	27	2025-04-06 to 2025-04-26 versus 2025-03-16 to 2025-04-05	0.982889	0.925261	-5.763	JN.1
15026	ORF1b	C15026T	A520V	No associated lineages	34	2025-05-25 to 2025-06-14 versus 2025-05-04 to 2025-05-24	0.020215	0.012576	-0.764	Does not define any major lineages.
21738	S	T21738C	F59S	XEC*,NB.1*,JN.1.18.7*,MR.2*,KR.1.4*,JN.1.18.6*,MZ.3*,XDR.1*,JN.1.42.1*,MU.3*,KP.1.1.5*,KS.1*,JN.1.13.1*,JN.1.18.2*,KP.3.1.8*,KP.3.3.8*,KP.2.10*,XEM*,JN.1.18.9*	9	2024-12-01 to 2024-12-21 versus 2024-11-10 to 2024-11-30	0.346442	0.411976	+6.553	XEC,XEQ,NB.1.8.1,XEC.4,XEK
13170	ORF1a	C13170T	T4302I	XDV.1.5*	21	2025-02-23 to 2025-03-15 versus 2025-02-02 to 2025-02-22	0.003125	0.027077	+2.395	Does not define any major lineages.
22120	S	C22120A	F186L	LP.8.1*,LP.8.2*,XFT*	25	2025-03-23 to 2025-04-12 versus 2025-03-02 to 2025-03-22	0.178609	0.223031	+4.442	LP.8.1
14189	ORF1b	C14189T	A241V	NY.14*,NY.8*	27	2025-04-06 to 2025-04-26 versus 2025-03-16 to 2025-04-05	0.034349	0.031224	-0.312	Does not define any major lineages.
6501	ORF1a	C6501A	P2079Q	XDV*	35	2025-06-01 to 2025-06-21 versus 2025-05-11 to 2025-05-31	0.124465	0.186556	+6.209	NB.1.8.1
3948	ORF1a	A3948G	D1228G	MC.10.1.7*	32	2025-05-11 to 2025-05-31 versus 2025-04-20 to 2025-05-10	0.026961	0.00988	-1.708	Does not define any major lineages.
22930	S	T22930A	F456L (1)	JN.1.7.9*,LR.1*,KU.2*,JN.1.39.1*,KR.5*,KR.1*,JN.1.67.1*,JN.1.48.1*,JN.1.62*,NS.3*,LN.1.1*,KR.3*,JN.1.29.1*,JN.1.1.8*,JN.1.4.9*,LF.6*,XDR.1.1*,KS.1*,LF.8*,JN.1.18.5*,LL.1*,XDK.1.2*,KR.4.1*,XDK.4.1*,LM.1*,MD.3.1*,LZ.1*,KW.1.1*,XDD.3*,LQ.1*,JN.1.1.6*,XDK.3*,JN.1.11.1*,JN.1.55.2*,JN.1.16*,XDK.6*,JN.1.55.1*,JN.1.48.3*,LR.3*,JN.1.50*,JN.1.51.1*,JN.1.15.1*,MD.1*,JN.1.7.8*,XDK.5*,LZ.2.2*,XDV.1*,JN.1.18.9*,JN.1.18.4*,LZ.2.1*,LE.1.3.1*,JN.1.65.1*	40	2025-07-06 to 2025-07-26 versus 2025-06-15 to 2025-07-05	0.16676	0.17088	+0.412	Does not define any major lineages.
22928	S	T22928C	F456L	JN.1.7.9*,LR.1*,KU.2*,JN.1.39.1*,KR.5*,KR.1*,JN.1.67.1*,JN.1.48.1*,JN.1.62*,NS.3*,LN.1.1*,KR.3*,JN.1.29.1*,JN.1.1.8*,JN.1.4.9*,LF.6*,XDR.1.1*,KS.1*,LF.8*,JN.1.18.5*,LL.1*,XDK.1.2*,KR.4.1*,XDK.4.1*,LM.1*,MD.3.1*,LZ.1*,KW.1.1*,XDD.3*,LQ.1*,JN.1.1.6*,XDK.3*,JN.1.11.1*,JN.1.55.2*,JN.1.16*,XDK.6*,JN.1.55.1*,JN.1.48.3*,LR.3*,JN.1.50*,JN.1.51.1*,JN.1.15.1*,MD.1*,JN.1.7.8*,XDK.5*,LZ.2.2*,XDV.1*,JN.1.18.9*,JN.1.18.4*,LZ.2.1*,LE.1.3.1*,JN.1.65.1*	32	2025-05-11 to 2025-05-31 versus 2025-04-20 to 2025-05-10	0.560275	0.899921	+33.965	XFG,LP.8.1,LB.1.3.1,XFC,KP.3.1.1,XEC,XEQ,NB.1.8.1,LF.7.9,KP.3,XEC.4,LF.7.7.2,PA.1,MC.1,LF.7.2.1,XEK,LF.7,LF.7.7.1,MC.10.1
11727	ORF1a	G11727A	R3821K	No associated lineages	38	2025-06-22 to 2025-07-12 versus 2025-06-01 to 2025-06-21	0.814018	0.791237	-2.278	JN.1
11727	ORF1a	G11727A	R3821K	No associated lineages	8	2024-11-24 to 2024-12-14 versus 2024-11-03 to 2024-11-23	0.875293	0.884719	+0.943	JN.1
27810	ORF7b	T27810C	F19L	No associated lineages	12	2024-12-22 to 2025-01-11 versus 2024-12-01 to 2024-12-21	0.664692	0.713581	+4.889	JN.1
6701	ORF1a	C6701T	L2146F	XEQ*,KS.1.1.2*,XEL*,MC.38*	21	2025-02-23 to 2025-03-15 versus 2025-02-02 to 2025-02-22	0.004168	0.020088	+1.592	XEQ
29409	N	C29409T	T379I	XFG*,LF.7.9*,LB.1.3.1*,NT.1*,MC.10.1.3*,XDS*,XEC.2.3*,NS.3*,XEC.35.1*	5	2024-11-03 to 2024-11-23 versus 2024-10-13 to 2024-11-02	0.018092	0.022025	+0.393	XFG,LB.1.3.1,LF.7.9
11727	ORF1a	G11727A	R3821K	No associated lineages	39	2025-06-29 to 2025-07-19 versus 2025-06-08 to 2025-06-28	0.80931	0.812342	+0.303	JN.1
29409	N	C29409T	T379I	XFG*,LF.7.9*,LB.1.3.1*,NT.1*,MC.10.1.3*,XDS*,XEC.2.3*,NS.3*,XEC.35.1*	38	2025-06-22 to 2025-07-12 versus 2025-06-01 to 2025-06-21	0.194774	0.333321	+13.855	XFG,LB.1.3.1,LF.7.9
6255	ORF1a	C6255T	A1997V	LP.8.1*,LP.11*,XFV*,LP.8.2*	10	2024-12-08 to 2024-12-28 versus 2024-11-17 to 2024-12-07	0.031282	0.059331	+2.805	LP.8.1,XFC
22111	S	G22111T	Q183H	XFB*,LB.1*,JN.1.9*,XFR*,LY.2*,JN.1.32.1*	14	2025-01-05 to 2025-01-25 versus 2024-12-15 to 2025-01-04	0.026762	0.014372	-1.239	LB.1.3.1
4364	ORF1a	A4364C	I1367L	XEP*,XEC.2*,KP.3.3.4*	24	2025-03-16 to 2025-04-05 versus 2025-02-23 to 2025-03-15	0.043043	0.034174	-0.887	Does not define any major lineages.
28883	N	G28883C, G28884C	G204P	PP.1.1.1*,MC.24.1*,PQ.1.1*,KP.3.3*,XEP*	22	2025-03-02 to 2025-03-22 versus 2025-02-09 to 2025-03-01	0.283238	0.266897	-1.634	XEC,XEC.4,XEK
405	ORF1a	A405G	K47R	XDR*,XDK*,XDS*,XDD*	27	2025-04-06 to 2025-04-26 versus 2025-03-16 to 2025-04-05	0.00971	0.022471	+1.276	NB.1.8.1
23039	S	C23039G	Q493E	LP.8.1*,XFG*,KP.3*,XEQ*,XFH*,JN.1.16.4*,XDY*,JN.1.16.5*,LP.8.2*,KP.3.4*,XDY.9*,XEF*,XDY.1*,XFT*,XDY.5*,XDY.4*,XDY.11*,LF.7.1.11*,XET*,XDY.3*,NB.1.8*,XDY.6*,XDY.8*,XDY.2*,XDY.7*	13	2024-12-29 to 2025-01-18 versus 2024-12-08 to 2024-12-28	0.823388	0.80627	-1.712	XFG,LP.8.1,XFC,KP.3.1.1,XEC,XEQ,NB.1.8.1,KP.3,XEC.4,PA.1,MC.1,XEK,MC.10.1
7113	ORF1a	C7113T	T2283I	PY.5*,XDV*,JN.1.11.1*,KU.2*,XFG.19*	40	2025-07-06 to 2025-07-26 versus 2025-06-15 to 2025-07-05	0.516379	0.341772	-17.461	LP.8.1,XFC,KP.3.1.1,NB.1.8.1,KP.3,PA.1,MC.1,XEK,MC.10.1
22000	S	C22000A	H146Q	KP.2.3*,XES*,XEE*	4	2024-10-27 to 2024-11-16 versus 2024-10-06 to 2024-10-26	0.031253	0.037944	+0.669	Does not define any major lineages.
22107	S	A22107G	K182R	XFC*,LF.7*,XFN*,XFP*,XER*,KP.2.2.2*,LB.1.3.3*,MC.15*,XEC.1*	6	2024-11-10 to 2024-11-30 versus 2024-10-20 to 2024-11-09	0.018221	0.025645	+0.742	XFG,XFC,LF.7.9,LF.7.7.2,LF.7.2.1,LF.7,LF.7.7.1
6312	ORF1a	C6312T	T2016I	XEC.4*,LU.1*,PQ.10*	24	2025-03-16 to 2025-04-05 versus 2025-02-23 to 2025-03-15	0.014155	0.010476	-0.368	XEC.4
22926	S	T22926C	L455S	No associated lineages	33	2025-05-18 to 2025-06-07 versus 2025-04-27 to 2025-05-17	0.481691	0.833821	+35.213	JN.1
21652	S	TTC21652-21654del	NS30-31Ndel	No associated lineages	33	2025-05-18 to 2025-06-07 versus 2025-04-27 to 2025-05-17	0.486284	0.470926	-1.536	LP.8.1,LB.1.3.1,KP.3.1.1,PA.1,MC.1,MC.10.1
23021	S	A23021G	N487D	XFG*,NY.11*,NY.11.1*,LP.8.1.2*	33	2025-05-18 to 2025-06-07 versus 2025-04-27 to 2025-05-17	0.030773	0.147232	+11.646	XFG
22000	S	C22000A	H146Q	KP.2.3*,XES*,XEE*	2	2024-10-13 to 2024-11-02 versus 2024-09-22 to 2024-10-12	0.038148	0.041592	+0.344	Does not define any major lineages.
23277	S	C23277T	T572I	XFG*,XEC.4*,MC.1*,XDK*,MU.1*,MC.13.4*,XFA*,LF.7.1.8*,MV.1.6*,KP.2.15.1*,JN.1.32*,NY.16.1*,XDV.1.3*,XDY.1.1*,NT.2.1*,PW.1*,MC.6.1*,JN.1.62*,XEC.35*,MH.1*,KP.2.27*,JN.1.16.3*,LF.7.3.6*,NY.19*,JN.1.47.2*,MC.30.1.1*,KP.2.3.8*,KP.2.14.1*,XEC.21*,MC.26.1*,NB.1.3.1*,LZ.3*,LP.4*,LB.1.2.2*,XDY.5.1*,JN.1.9.1*,JN.1.1.1*,KP.2.9*,KP.2.2.2*,XDD.3*,XEC.37*,XEC.2.2.1*,LF.7.6.5*,LD.1*,JN.1.7*,LF.7.7*,MC.9.2*,KP.1.2*,XFB*,LF.7.10.1*,KP.2.3.6*,XEC.25.1.1*,NL.5.1*,KV.2*,MG.1*,XEF.3*,NL.13*,JN.1.65*,MZ.5*,KW.1*,MC.11.3.1*,JN.1.4.3*,MC.8.1*,KP.5*	19	2025-02-09 to 2025-03-01 versus 2025-01-19 to 2025-02-08	0.084771	0.074233	-1.054	XFG,XEC.4,MC.1,LF.7.7.1
1895	ORF1a	G1895A	V544I	LF.7.9.1*	39	2025-06-29 to 2025-07-19 versus 2025-06-08 to 2025-06-28	0.0328	0.034515	+0.171	Does not define any major lineages.
593	ORF1a	C593T	H110Y	XEK*,LP.8.1.15*,XEU*,MC.36.1*,XEC.4.5.1*	8	2024-11-24 to 2024-12-14 versus 2024-11-03 to 2024-11-23	0.0205	0.022145	+0.165	XEK
22986	S	C22986T	A475V	LF.7.9*,LF.7.2.1*,XFP*,PF.2.2.1*,PV.3*,NY.6*,LP.10.1*,QJ.2*,LF.7.3.6*,PL.1*,LF.7.12*,XFC.2*,KP.2.3.1*,LP.8.2.1*,LP.8.1.9*,NY.3.1.1*,LF.7.1.2*,LF.7.1.7*,QH.1*,NY.7.1.1*,LF.7.3.1*,QC.2.1*	28	2025-04-13 to 2025-05-03 versus 2025-03-23 to 2025-04-12	0.024686	0.040198	+1.551	LF.7.9,LF.7.2.1
3948	ORF1a	A3948G	D1228G	MC.10.1.7*	33	2025-05-18 to 2025-06-07 versus 2025-04-27 to 2025-05-17	0.032385	0.002626	-2.976	Does not define any major lineages.
9866	ORF1a	C9866T	L3201F	XDR*	42	2025-07-20 to 2025-08-09 versus 2025-06-29 to 2025-07-19	0.14502	0.182646	+3.763	NB.1.8.1
22132	S	G22132T	R190S	LP.8.1*,LF.7*,XFN*,XFP*,LB.1.4.1*,NC.1*,MA.1*,JN.1.59.1*,LP.7*,XEL.4*,NL.5.2*,NL.22.1*,NK.1*,LB.1.11*,LB.1.7.4*,LP.1.2*,XER*,LZ.4*,KP.4.2.6*,KP.4.2.4*,MC.19.1.1*,NL.1*,MC.33.1.1*	17	2025-01-26 to 2025-02-15 versus 2025-01-05 to 2025-01-25	0.173186	0.179306	+0.612	XFG,LP.8.1,XFC,LF.7.9,LF.7.7.2,LF.7.2.1,LF.7,LF.7.7.1
22120	S	C22120A	F186L	LP.8.1*,LP.8.2*,XFT*	35	2025-06-01 to 2025-06-21 versus 2025-05-11 to 2025-05-31	0.273155	0.175539	-9.762	LP.8.1
22926	S	T22926C	L455S	No associated lineages	27	2025-04-06 to 2025-04-26 versus 2025-03-16 to 2025-04-05	0.648983	0.627668	-2.131	JN.1
11083	ORF1a	G11083T	L3606F	LK.1*,KP.3.4.1*,MM.2*,KP.2.20*,NY.1.2*,XFJ.3*	38	2025-06-22 to 2025-07-12 versus 2025-06-01 to 2025-06-21	0.009365	0.022675	+1.331	Does not define any major lineages.
10296	ORF1a	C10296T	S3344F	NY.15*	21	2025-02-23 to 2025-03-15 versus 2025-02-02 to 2025-02-22	0.027175	0.007531	-1.964	Does not define any major lineages.
22120	S	C22120A	F186L	LP.8.1*,LP.8.2*,XFT*	18	2025-02-02 to 2025-02-22 versus 2025-01-12 to 2025-02-01	0.090249	0.099733	+0.948	LP.8.1
22107	S	A22107G	K182R	XFC*,LF.7*,XFN*,XFP*,XER*,KP.2.2.2*,LB.1.3.3*,MC.15*,XEC.1*	28	2025-04-13 to 2025-05-03 versus 2025-03-23 to 2025-04-12	0.057994	0.077436	+1.944	XFG,XFC,LF.7.9,LF.7.7.2,LF.7.2.1,LF.7,LF.7.7.1
21627	S	C21627A	T22N	XFC*,XEC*,LF.7*,XEQ*,KP.3.3.9*,XFP*,MB.1.1*,NB.1*,KP.2.14*,KS.1.5*,JN.1.18.7*,MR.2*,XEN*,XDV.1.7.1*,MT.1.1*,PF.2*,KP.3.1.9*,PB.1*,MU.6*,JN.1.16.5*,PM.1*,KP.2.26*,LF.8.1.1*,KP.3.6*,MU.3*,KP.2.18*,KS.1.1*,MG.3*,NG.1*,LJ.1*,MJ.1.1*,XER*,PB.2*,KP.2.2.1*,NW.1.2*,MC.24.1*,LP.8.1.6*,PP.1*,XEL*	39	2025-06-29 to 2025-07-19 versus 2025-06-08 to 2025-06-28	0.590378	0.707234	+11.686	XFG,XFC,XEC,XEQ,NB.1.8.1,LF.7.9,XEC.4,LF.7.7.2,LF.7.2.1,XEK,LF.7,LF.7.7.1
2060	ORF1a	G2060A	A599T	XEC*,MC.24.1*	4	2024-10-27 to 2024-11-16 versus 2024-10-06 to 2024-10-26	0.099897	0.132258	+3.236	XEC,XEC.4
22895	S	G22895C, T22896G	V445R	LP.8.1*,XFG*,NZ.1*,LP.8.2*,MK.3*,LF.7.12.1*,MC.32.1*,XEC.27*,XFT*,MC.33.1*,MC.19.1*	23	2025-03-09 to 2025-03-29 versus 2025-02-16 to 2025-03-08	0.224493	0.198298	-2.619	XFG,LP.8.1,XFC
1170	ORF1a	C1170T	S302F	XDV*	32	2025-05-11 to 2025-05-31 versus 2025-04-20 to 2025-05-10	0.032754	0.112032	+7.928	NB.1.8.1
7279	ORF1a	C7279A	F2338L	No associated lineages	38	2025-06-22 to 2025-07-12 versus 2025-06-01 to 2025-06-21	0.024582	0.030398	+0.582	Does not define any major lineages.
25925	ORF3a	C25925T	P178L	LP.8.1*,LP.11*,XFT*,LP.8.2*	41	2025-07-13 to 2025-08-02 versus 2025-06-22 to 2025-07-12	0.301361	0.277503	-2.386	LP.8.1,XFC
21653	S	T21653C	S31P	XFC*,LF.7*,XFN*,XFP*,MT.1*,KP.2.26*,KP.3.2.6*,MJ.1*,NF.1*,XER*,JN.1.40*	5	2024-11-03 to 2024-11-23 versus 2024-10-13 to 2024-11-02	0.034264	0.061051	+2.679	XFG,XFC,LF.7.9,LF.7.7.2,LF.7.2.1,LF.7,LF.7.7.1
14189	ORF1b	C14189T	A241V	NY.14*,NY.8*	28	2025-04-13 to 2025-05-03 versus 2025-03-23 to 2025-04-12	0.039264	0.018917	-2.035	Does not define any major lineages.
6255	ORF1a	C6255T	A1997V	LP.8.1*,LP.11*,XFV*,LP.8.2*	21	2025-02-23 to 2025-03-15 versus 2025-02-02 to 2025-02-22	0.247246	0.361729	+11.448	LP.8.1,XFC
28883	N	G28883C, G28884C	G204P	PP.1.1.1*,MC.24.1*,PQ.1.1*,KP.3.3*,XEP*	39	2025-06-29 to 2025-07-19 versus 2025-06-08 to 2025-06-28	0.027906	0.031306	+0.34	XEC,XEC.4,XEK
15009	ORF1b	T15009A	D514E	No associated lineages	25	2025-03-23 to 2025-04-12 versus 2025-03-02 to 2025-03-22	0.036765	0.028134	-0.863	Does not define any major lineages.
22599	S	G22599C	R346T	XFN*,JN.1.24.1*,MC.13.2.4*,LE.1*,MC.31*,XED*,JN.1.59.1*,MF.1*,KR.5*,MC.32.1*,JN.1.48.1*,MC.28.1.1*,XDD.1.1.1*,MC.33.1*,NB.1.2.1*,MZ.3*,PJ.1*,JN.1.11.2*,JN.1.8.2*,KZ.1.1*,LN.1.1*,XDR.1*,LU.1*,XEP.1.1*,JN.1.7.3*,MU.3*,JN.1.16.1*,JN.1.29.1*,LF.6*,JN.1.44.1*,LG.1*,KS.1*,XEH*,LF.8*,JN.1.25.1*,MC.17.1*,JN.1.18*,MQ.1*,JN.1.30.1*,NU.1*,LU.2*,JN.1.6.1*,MC.19*,KP.2*,PK.1*,JN.1.50.1*,JN.1.4.4*,JN.1.49.1*,MC.13.3.1*,MK.3*,JN.1.26*,MC.13.2.1*,PG.3*,JN.1.39.2*,JN.1.58.2*,JN.1.42.2*,KQ.1*,JN.1.1.3*,XEM*,JN.1.1.5*,KP.4.1*,MC.10.1.6*,JN.1.48.2*,JN.1.48.3*,JN.1.9.2*,XEC.27*,JN.1.18.8*,XES.1*,MC.33.2*,NB.1.6.1*,XDK.1*,MC.13.2.2*,XEK.7*	29	2025-04-20 to 2025-05-10 versus 2025-03-30 to 2025-04-19	0.495745	0.378965	-11.678	XFG,LP.8.1,LB.1.3.1,XFC,XEQ,LF.7.9,LF.7.7.2,LF.7.2.1,LF.7,LF.7.7.1
22112	S	G22112A	G184S	XDV.1.5*	36	2025-06-08 to 2025-06-28 versus 2025-05-18 to 2025-06-07	0.120858	0.168254	+4.74	NB.1.8.1
22111	S	G22111T	Q183H	XFB*,LB.1*,JN.1.9*,XFR*,LY.2*,JN.1.32.1*	5	2024-11-03 to 2024-11-23 versus 2024-10-13 to 2024-11-02	0.029003	0.020176	-0.883	LB.1.3.1
22107	S	A22107G	K182R	XFC*,LF.7*,XFN*,XFP*,XER*,KP.2.2.2*,LB.1.3.3*,MC.15*,XEC.1*	24	2025-03-16 to 2025-04-05 versus 2025-02-23 to 2025-03-15	0.059512	0.067318	+0.781	XFG,XFC,LF.7.9,LF.7.7.2,LF.7.2.1,LF.7,LF.7.7.1
7267	ORF1a	C7267A	F2334L	No associated lineages	31	2025-05-04 to 2025-05-24 versus 2025-04-13 to 2025-05-03	0.035289	0.028316	-0.697	Does not define any major lineages.
22895	S	G22895C, T22896C	V445P	LF.7.9*,LF.7.7.2*,PA.1*,LB.1.3.1*,LK.1*,XFP*,NS.1.1*,MV.1.1.1*,LP.1.2.1*,XFG.1*,KP.2.3.4*,NN.1*,LF.3.1*,NC.1.2*,JN.1.1.8*,MA.1.1.1*,LF.7.8*,LP.9*,MU.2.1.1*,LF.7.10.1*,LF.7.6.2*,KP.2.28.1*,JN.1.50*,LB.1.10*,LF.7.1.10*,MU.5*,QJ.1*	36	2025-06-08 to 2025-06-28 versus 2025-05-18 to 2025-06-07	0.028809	0.016546	-1.226	LB.1.3.1,LF.7.9,LF.7.7.2,PA.1
22895	S	G22895C, T22896G	V445R	LP.8.1*,XFG*,NZ.1*,LP.8.2*,MK.3*,LF.7.12.1*,MC.32.1*,XEC.27*,XFT*,MC.33.1*,MC.19.1*	19	2025-02-09 to 2025-03-01 versus 2025-01-19 to 2025-02-08	0.11627	0.164376	+4.811	XFG,LP.8.1,XFC
7113	ORF1a	C7113T	T2283I	PY.5*,XDV*,JN.1.11.1*,KU.2*,XFG.19*	8	2024-11-24 to 2024-12-14 versus 2024-11-03 to 2024-11-23	0.485392	0.461951	-2.344	LP.8.1,XFC,KP.3.1.1,NB.1.8.1,KP.3,PA.1,MC.1,XEK,MC.10.1
9866	ORF1a	C9866T	L3201F	XDR*	27	2025-04-06 to 2025-04-26 versus 2025-03-16 to 2025-04-05	0.011787	0.035984	+2.42	NB.1.8.1
17668	ORF1b	G17668T	G1401C	No associated lineages	27	2025-04-06 to 2025-04-26 versus 2025-03-16 to 2025-04-05	0.001783	0.025115	+2.333	Does not define any major lineages.
5784	ORF1a	C5784T	T1840I	MC.32*,MC.10.1.8*,XFJ.3*	19	2025-02-09 to 2025-03-01 versus 2025-01-19 to 2025-02-08	0.003642	0.023771	+2.013	Does not define any major lineages.
23021	S	A23021G	N487D	XFG*,NY.11*,NY.11.1*,LP.8.1.2*	31	2025-05-04 to 2025-05-24 versus 2025-04-13 to 2025-05-03	0.024831	0.079121	+5.429	XFG
10323	ORF1a	A10323G	K3353R	LP.8.1.5*,LF.7.8*,JN.1.52*,NY.7.2*,MC.10.2*	37	2025-06-15 to 2025-07-05 versus 2025-05-25 to 2025-06-14	0.005791	0.033888	+2.81	Does not define any major lineages.
22926	S	T22926C	L455S	No associated lineages	17	2025-01-26 to 2025-02-15 versus 2025-01-05 to 2025-01-25	0.911126	0.777661	-13.346	JN.1
25925	ORF3a	C25925T	P178L	LP.8.1*,LP.11*,XFT*,LP.8.2*	31	2025-05-04 to 2025-05-24 versus 2025-04-13 to 2025-05-03	0.533035	0.542384	+0.935	LP.8.1,XFC
25693	ORF3a	C25693T	L101F	NW.1*	34	2025-05-25 to 2025-06-14 versus 2025-05-04 to 2025-05-24	0.034206	0.015567	-1.864	Does not define any major lineages.
7113	ORF1a	C7113T	T2283I	PY.5*,XDV*,JN.1.11.1*,KU.2*,XFG.19*	39	2025-06-29 to 2025-07-19 versus 2025-06-08 to 2025-06-28	0.446529	0.42577	-2.076	LP.8.1,XFC,KP.3.1.1,NB.1.8.1,KP.3,PA.1,MC.1,XEK,MC.10.1
29081	N	G29081T	V270L	XFG.2*	41	2025-07-13 to 2025-08-02 versus 2025-06-22 to 2025-07-12	0.113068	0.143178	+3.011	Does not define any major lineages.
22031	S	T22031-22031del, 22035-insertG	FR157-158SG	No associated lineages	1	2024-10-06 to 2024-10-26 versus 2024-09-15 to 2024-10-05	0.430579	0.434614	+0.404	Does not define any major lineages.
16943	ORF1b	G16943T	S1159I	XEQ*	26	2025-03-30 to 2025-04-19 versus 2025-03-09 to 2025-03-29	0.025783	0.035523	+0.974	XEQ
6255	ORF1a	C6255T	A1997V	LP.8.1*,LP.11*,XFV*,LP.8.2*	23	2025-03-09 to 2025-03-29 versus 2025-02-16 to 2025-03-08	0.307528	0.442041	+13.451	LP.8.1,XFC
18508	ORF1b	C18508T	L1681F	NY.18*,LF.7.9.4*	32	2025-05-11 to 2025-05-31 versus 2025-04-20 to 2025-05-10	0.012398	0.043082	+3.068	Does not define any major lineages.
7262	ORF1a	C7262A	L2333I	No associated lineages	30	2025-04-27 to 2025-05-17 versus 2025-04-06 to 2025-04-26	0.043097	0.071134	+2.804	Does not define any major lineages.
22893	S	A22893G	K444R	LF.7*,JN.1.23*,JN.1.61*,XER*,NY.3.1.1*,NA.1.1*	19	2025-02-09 to 2025-03-01 versus 2025-01-19 to 2025-02-08	0.041444	0.02641	-1.503	XFG,LF.7.9,LF.7.7.2,LF.7.2.1,LF.7,LF.7.7.1
22132	S	G22132T	R190S	LP.8.1*,LF.7*,XFN*,XFP*,LB.1.4.1*,NC.1*,MA.1*,JN.1.59.1*,LP.7*,XEL.4*,NL.5.2*,NL.22.1*,NK.1*,LB.1.11*,LB.1.7.4*,LP.1.2*,XER*,LZ.4*,KP.4.2.6*,KP.4.2.4*,MC.19.1.1*,NL.1*,MC.33.1.1*	34	2025-05-25 to 2025-06-14 versus 2025-05-04 to 2025-05-24	0.482985	0.497779	+1.479	XFG,LP.8.1,XFC,LF.7.9,LF.7.7.2,LF.7.2.1,LF.7,LF.7.7.1
13121	ORF1a	A13121T	S4286C	KP.3.1.1*,XFA*,XFK*,XEW*	20	2025-02-16 to 2025-03-08 versus 2025-01-26 to 2025-02-15	0.214159	0.156052	-5.811	KP.3.1.1,PA.1,MC.1,MC.10.1
21137	ORF1b	A21137G	K2557R	JN.1.58*,MV.2*,KP.3.2.9*,JN.1.7.7*,NW.1.4*,MC.23*,MV.1.1*,XFG.2*,NL.12*	37	2025-06-15 to 2025-07-05 versus 2025-05-25 to 2025-06-14	0.05181	0.116095	+6.429	Does not define any major lineages.
16342	ORF1b	T16342C	S959P	XDV*	7	2024-11-17 to 2024-12-07 versus 2024-10-27 to 2024-11-16	0.02106	0.00162	-1.944	NB.1.8.1
22865	S	G22865T	A435S	NB.1.8.1*,MC.10.1*,XEC.32.1*,XFN*,KP.3.3.5*,MC.31*,XDV.1.9.1*,XEC.20.1*,XEC.18.2*,MU.6*,MC.21.1*,MC.28.1*,MC.30.1.1*,PG.1*,PY.1.1.1*,KP.2.14.2*,XEP*,LP.10.1.1*,MU.2.1.1*,XDY.1*,MC.13.2*,XEC.25.1*,XEC.14.1.1*,PT.1*,XFB*,PY.1.4.1*,XDY.3*,MC.46.1*,KP.3.3.2*,XEC.4.5.1*,XEC.4.6.1*,KP.3.7*	23	2025-03-09 to 2025-03-29 versus 2025-02-16 to 2025-03-08	0.098365	0.109413	+1.105	NB.1.8.1,PA.1,MC.10.1
22930	S	T22930A	F456L (1)	JN.1.7.9*,LR.1*,KU.2*,JN.1.39.1*,KR.5*,KR.1*,JN.1.67.1*,JN.1.48.1*,JN.1.62*,NS.3*,LN.1.1*,KR.3*,JN.1.29.1*,JN.1.1.8*,JN.1.4.9*,LF.6*,XDR.1.1*,KS.1*,LF.8*,JN.1.18.5*,LL.1*,XDK.1.2*,KR.4.1*,XDK.4.1*,LM.1*,MD.3.1*,LZ.1*,KW.1.1*,XDD.3*,LQ.1*,JN.1.1.6*,XDK.3*,JN.1.11.1*,JN.1.55.2*,JN.1.16*,XDK.6*,JN.1.55.1*,JN.1.48.3*,LR.3*,JN.1.50*,JN.1.51.1*,JN.1.15.1*,MD.1*,JN.1.7.8*,XDK.5*,LZ.2.2*,XDV.1*,JN.1.18.9*,JN.1.18.4*,LZ.2.1*,LE.1.3.1*,JN.1.65.1*	29	2025-04-20 to 2025-05-10 versus 2025-03-30 to 2025-04-19	0.051658	0.02497	-2.669	Does not define any major lineages.
2060	ORF1a	G2060A	A599T	XEC*,MC.24.1*	36	2025-06-08 to 2025-06-28 versus 2025-05-18 to 2025-06-07	0.036003	0.026657	-0.935	XEC,XEC.4
21738	S	T21738C	F59S	XEC*,NB.1*,JN.1.18.7*,MR.2*,KR.1.4*,JN.1.18.6*,MZ.3*,XDR.1*,JN.1.42.1*,MU.3*,KP.1.1.5*,KS.1*,JN.1.13.1*,JN.1.18.2*,KP.3.1.8*,KP.3.3.8*,KP.2.10*,XEM*,JN.1.18.9*	7	2024-11-17 to 2024-12-07 versus 2024-10-27 to 2024-11-16	0.332912	0.348383	+1.547	XEC,XEQ,NB.1.8.1,XEC.4,XEK
29409	N	C29409T	T379I	XFG*,LF.7.9*,LB.1.3.1*,NT.1*,MC.10.1.3*,XDS*,XEC.2.3*,NS.3*,XEC.35.1*	26	2025-03-30 to 2025-04-19 versus 2025-03-09 to 2025-03-29	0.020541	0.042861	+2.232	XFG,LB.1.3.1,LF.7.9
25083	S	C25083T	A1174V	NW.1*,KP.2.3.12*,MC.1.2*,XEC.28*	40	2025-07-06 to 2025-07-26 versus 2025-06-15 to 2025-07-05	0.035606	0.049443	+1.384	Does not define any major lineages.
16943	ORF1b	G16943T	S1159I	XEQ*	29	2025-04-20 to 2025-05-10 versus 2025-03-30 to 2025-04-19	0.035523	0.008419	-2.71	XEQ
12854	ORF1a	C12854T	P4197S	NB.1*	33	2025-05-18 to 2025-06-07 versus 2025-04-27 to 2025-05-17	0.114668	0.174545	+5.988	NB.1.8.1
12423	ORF1a	G12423T	R4053I	No associated lineages	18	2025-02-02 to 2025-02-22 versus 2025-01-12 to 2025-02-01	0.002827	0.033232	+3.04	Does not define any major lineages.
22107	S	A22107G	K182R	XFC*,LF.7*,XFN*,XFP*,XER*,KP.2.2.2*,LB.1.3.3*,MC.15*,XEC.1*	7	2024-11-17 to 2024-12-07 versus 2024-10-27 to 2024-11-16	0.018485	0.02997	+1.148	XFG,XFC,LF.7.9,LF.7.7.2,LF.7.2.1,LF.7,LF.7.7.1
22928	S	T22928C	F456L	JN.1.7.9*,LR.1*,KU.2*,JN.1.39.1*,KR.5*,KR.1*,JN.1.67.1*,JN.1.48.1*,JN.1.62*,NS.3*,LN.1.1*,KR.3*,JN.1.29.1*,JN.1.1.8*,JN.1.4.9*,LF.6*,XDR.1.1*,KS.1*,LF.8*,JN.1.18.5*,LL.1*,XDK.1.2*,KR.4.1*,XDK.4.1*,LM.1*,MD.3.1*,LZ.1*,KW.1.1*,XDD.3*,LQ.1*,JN.1.1.6*,XDK.3*,JN.1.11.1*,JN.1.55.2*,JN.1.16*,XDK.6*,JN.1.55.1*,JN.1.48.3*,LR.3*,JN.1.50*,JN.1.51.1*,JN.1.15.1*,MD.1*,JN.1.7.8*,XDK.5*,LZ.2.2*,XDV.1*,JN.1.18.9*,JN.1.18.4*,LZ.2.1*,LE.1.3.1*,JN.1.65.1*	18	2025-02-02 to 2025-02-22 versus 2025-01-12 to 2025-02-01	0.981883	0.976603	-0.528	XFG,LP.8.1,LB.1.3.1,XFC,KP.3.1.1,XEC,XEQ,NB.1.8.1,LF.7.9,KP.3,XEC.4,LF.7.7.2,PA.1,MC.1,LF.7.2.1,XEK,LF.7,LF.7.7.1,MC.10.1
25083	S	C25083T	A1174V	NW.1*,KP.2.3.12*,MC.1.2*,XEC.28*	36	2025-06-08 to 2025-06-28 versus 2025-05-18 to 2025-06-07	0.025397	0.025686	+0.029	Does not define any major lineages.
24813	S	A24813G	D1084G	XFG.3.1*,XFQ*	42	2025-07-20 to 2025-08-09 versus 2025-06-29 to 2025-07-19	0.02469	0.010429	-1.426	Does not define any major lineages.
4683	ORF1a	C4683T	A1473V	XDV.1.5*,LB.1.4*,XFC.1.3*	28	2025-04-13 to 2025-05-03 versus 2025-03-23 to 2025-04-12	0.028618	0.040723	+1.211	NB.1.8.1
22986	S	C22986T	A475V	LF.7.9*,LF.7.2.1*,XFP*,PF.2.2.1*,PV.3*,NY.6*,LP.10.1*,QJ.2*,LF.7.3.6*,PL.1*,LF.7.12*,XFC.2*,KP.2.3.1*,LP.8.2.1*,LP.8.1.9*,NY.3.1.1*,LF.7.1.2*,LF.7.1.7*,QH.1*,NY.7.1.1*,LF.7.3.1*,QC.2.1*	40	2025-07-06 to 2025-07-26 versus 2025-06-15 to 2025-07-05	0.07236	0.041546	-3.081	LF.7.9,LF.7.2.1
25925	ORF3a	C25925T	P178L	LP.8.1*,LP.11*,XFT*,LP.8.2*	7	2024-11-17 to 2024-12-07 versus 2024-10-27 to 2024-11-16	0.00611	0.027063	+2.095	LP.8.1,XFC
23039	S	C23039G	Q493E	LP.8.1*,XFG*,KP.3*,XEQ*,XFH*,JN.1.16.4*,XDY*,JN.1.16.5*,LP.8.2*,KP.3.4*,XDY.9*,XEF*,XDY.1*,XFT*,XDY.5*,XDY.4*,XDY.11*,LF.7.1.11*,XET*,XDY.3*,NB.1.8*,XDY.6*,XDY.8*,XDY.2*,XDY.7*	26	2025-03-30 to 2025-04-19 versus 2025-03-09 to 2025-03-29	0.821445	0.745122	-7.632	XFG,LP.8.1,XFC,KP.3.1.1,XEC,XEQ,NB.1.8.1,KP.3,XEC.4,PA.1,MC.1,XEK,MC.10.1
22120	S	C22120A	F186L	LP.8.1*,LP.8.2*,XFT*	34	2025-05-25 to 2025-06-14 versus 2025-05-04 to 2025-05-24	0.23832	0.215244	-2.308	LP.8.1
11727	ORF1a	G11727A	R3821K	No associated lineages	7	2024-11-17 to 2024-12-07 versus 2024-10-27 to 2024-11-16	0.855309	0.880434	+2.513	JN.1
6255	ORF1a	C6255T	A1997V	LP.8.1*,LP.11*,XFV*,LP.8.2*	8	2024-11-24 to 2024-12-14 versus 2024-11-03 to 2024-11-23	0.02824	0.043971	+1.573	LP.8.1,XFC
22865	S	G22865T	A435S	NB.1.8.1*,MC.10.1*,XEC.32.1*,XFN*,KP.3.3.5*,MC.31*,XDV.1.9.1*,XEC.20.1*,XEC.18.2*,MU.6*,MC.21.1*,MC.28.1*,MC.30.1.1*,PG.1*,PY.1.1.1*,KP.2.14.2*,XEP*,LP.10.1.1*,MU.2.1.1*,XDY.1*,MC.13.2*,XEC.25.1*,XEC.14.1.1*,PT.1*,XFB*,PY.1.4.1*,XDY.3*,MC.46.1*,KP.3.3.2*,XEC.4.5.1*,XEC.4.6.1*,KP.3.7*	22	2025-03-02 to 2025-03-22 versus 2025-02-09 to 2025-03-01	0.105331	0.097547	-0.778	NB.1.8.1,PA.1,MC.10.1
7086	ORF1a	C7086T	T2274I	MZ.1*,MC.46.1*,XEC.9*,MC.45*	11	2024-12-15 to 2025-01-04 versus 2024-11-24 to 2024-12-14	0.020542	0.010958	-0.958	Does not define any major lineages.
28883	N	G28883C, G28884C	G204P	PP.1.1.1*,MC.24.1*,PQ.1.1*,KP.3.3*,XEP*	16	2025-01-19 to 2025-02-08 versus 2024-12-29 to 2025-01-18	0.476086	0.445461	-3.063	XEC,XEC.4,XEK
22599	S	G22599C	R346T	XFN*,JN.1.24.1*,MC.13.2.4*,LE.1*,MC.31*,XED*,JN.1.59.1*,MF.1*,KR.5*,MC.32.1*,JN.1.48.1*,MC.28.1.1*,XDD.1.1.1*,MC.33.1*,NB.1.2.1*,MZ.3*,PJ.1*,JN.1.11.2*,JN.1.8.2*,KZ.1.1*,LN.1.1*,XDR.1*,LU.1*,XEP.1.1*,JN.1.7.3*,MU.3*,JN.1.16.1*,JN.1.29.1*,LF.6*,JN.1.44.1*,LG.1*,KS.1*,XEH*,LF.8*,JN.1.25.1*,MC.17.1*,JN.1.18*,MQ.1*,JN.1.30.1*,NU.1*,LU.2*,JN.1.6.1*,MC.19*,KP.2*,PK.1*,JN.1.50.1*,JN.1.4.4*,JN.1.49.1*,MC.13.3.1*,MK.3*,JN.1.26*,MC.13.2.1*,PG.3*,JN.1.39.2*,JN.1.58.2*,JN.1.42.2*,KQ.1*,JN.1.1.3*,XEM*,JN.1.1.5*,KP.4.1*,MC.10.1.6*,JN.1.48.2*,JN.1.48.3*,JN.1.9.2*,XEC.27*,JN.1.18.8*,XES.1*,MC.33.2*,NB.1.6.1*,XDK.1*,MC.13.2.2*,XEK.7*	37	2025-06-15 to 2025-07-05 versus 2025-05-25 to 2025-06-14	0.555409	0.66231	+10.69	XFG,LP.8.1,LB.1.3.1,XFC,XEQ,LF.7.9,LF.7.7.2,LF.7.2.1,LF.7,LF.7.7.1
14290	ORF1b	G14290T	D275Y	NB.1*	38	2025-06-22 to 2025-07-12 versus 2025-06-01 to 2025-06-21	0.196467	0.171971	-2.45	NB.1.8.1
22895	S	G22895C, T22896C	V445P	LF.7.9*,LF.7.7.2*,PA.1*,LB.1.3.1*,LK.1*,XFP*,NS.1.1*,MV.1.1.1*,LP.1.2.1*,XFG.1*,KP.2.3.4*,NN.1*,LF.3.1*,NC.1.2*,JN.1.1.8*,MA.1.1.1*,LF.7.8*,LP.9*,MU.2.1.1*,LF.7.10.1*,LF.7.6.2*,KP.2.28.1*,JN.1.50*,LB.1.10*,LF.7.1.10*,MU.5*,QJ.1*	25	2025-03-23 to 2025-04-12 versus 2025-03-02 to 2025-03-22	0.03019	0.035876	+0.569	LB.1.3.1,LF.7.9,LF.7.7.2,PA.1
22132	S	G22132T	R190S	LP.8.1*,LF.7*,XFN*,XFP*,LB.1.4.1*,NC.1*,MA.1*,JN.1.59.1*,LP.7*,XEL.4*,NL.5.2*,NL.22.1*,NK.1*,LB.1.11*,LB.1.7.4*,LP.1.2*,XER*,LZ.4*,KP.4.2.6*,KP.4.2.4*,MC.19.1.1*,NL.1*,MC.33.1.1*	11	2024-12-15 to 2025-01-04 versus 2024-11-24 to 2024-12-14	0.084976	0.111195	+2.622	XFG,LP.8.1,XFC,LF.7.9,LF.7.7.2,LF.7.2.1,LF.7,LF.7.7.1
21653	S	T21653C	S31P	XFC*,LF.7*,XFN*,XFP*,MT.1*,KP.2.26*,KP.3.2.6*,MJ.1*,NF.1*,XER*,JN.1.40*	40	2025-07-06 to 2025-07-26 versus 2025-06-15 to 2025-07-05	0.413711	0.479851	+6.614	XFG,XFC,LF.7.9,LF.7.7.2,LF.7.2.1,LF.7,LF.7.7.1
22986	S	C22986T	A475V	LF.7.9*,LF.7.2.1*,XFP*,PF.2.2.1*,PV.3*,NY.6*,LP.10.1*,QJ.2*,LF.7.3.6*,PL.1*,LF.7.12*,XFC.2*,KP.2.3.1*,LP.8.2.1*,LP.8.1.9*,NY.3.1.1*,LF.7.1.2*,LF.7.1.7*,QH.1*,NY.7.1.1*,LF.7.3.1*,QC.2.1*	17	2025-01-26 to 2025-02-15 versus 2025-01-05 to 2025-01-25	0.011024	0.023203	+1.218	LF.7.9,LF.7.2.1
24872	S	G24872T	V1104L	XEQ*,XDY.3*,XDY.9*,XDY.6*,JN.1.11*,XEF*,XDY.8*,XDY.1*,XDY*,XDY.2*,XDY.5*,XDY.4*,LB.1.1*,XFT*,XDY.11*,XDY.7*	32	2025-05-11 to 2025-05-31 versus 2025-04-20 to 2025-05-10	0.624439	0.574137	-5.03	LP.8.1,XFC,KP.3.1.1,XEC,XEQ,KP.3,XEC.4,PA.1,MC.1,XEK,MC.10.1
22031	S	T22031-22031del, 22035-insertG	FR157-158SG	No associated lineages	20	2025-02-16 to 2025-03-08 versus 2025-01-26 to 2025-02-15	0.791378	0.710416	-8.096	Does not define any major lineages.
2060	ORF1a	G2060A	A599T	XEC*,MC.24.1*	33	2025-05-18 to 2025-06-07 versus 2025-04-27 to 2025-05-17	0.060375	0.036003	-2.437	XEC,XEC.4
23039	S	C23039G	Q493E	LP.8.1*,XFG*,KP.3*,XEQ*,XFH*,JN.1.16.4*,XDY*,JN.1.16.5*,LP.8.2*,KP.3.4*,XDY.9*,XEF*,XDY.1*,XFT*,XDY.5*,XDY.4*,XDY.11*,LF.7.1.11*,XET*,XDY.3*,NB.1.8*,XDY.6*,XDY.8*,XDY.2*,XDY.7*	23	2025-03-09 to 2025-03-29 versus 2025-02-16 to 2025-03-08	0.736599	0.821445	+8.485	XFG,LP.8.1,XFC,KP.3.1.1,XEC,XEQ,NB.1.8.1,KP.3,XEC.4,PA.1,MC.1,XEK,MC.10.1
22884	S	T22884G	L441R	LF.7.9*,LF.7.6.2*,XFP*,MV.1.5*	34	2025-05-25 to 2025-06-14 versus 2025-05-04 to 2025-05-24	0.017179	0.025429	+0.825	LF.7.9
22112	S	G22112A	G184S	XDV.1.5*	35	2025-06-01 to 2025-06-21 versus 2025-05-11 to 2025-05-31	0.085328	0.150666	+6.534	NB.1.8.1
23856	S	G23856T	R765L	MC.41*,NY.3*,XEK.1.2.1*,XEC.2.5*	30	2025-04-27 to 2025-05-17 versus 2025-04-06 to 2025-04-26	0.015327	0.024252	+0.892	Does not define any major lineages.
405	ORF1a	A405G	K47R	XDR*,XDK*,XDS*,XDD*	39	2025-06-29 to 2025-07-19 versus 2025-06-08 to 2025-06-28	0.213573	0.183665	-2.991	NB.1.8.1
21738	S	T21738C	F59S	XEC*,NB.1*,JN.1.18.7*,MR.2*,KR.1.4*,JN.1.18.6*,MZ.3*,XDR.1*,JN.1.42.1*,MU.3*,KP.1.1.5*,KS.1*,JN.1.13.1*,JN.1.18.2*,KP.3.1.8*,KP.3.3.8*,KP.2.10*,XEM*,JN.1.18.9*	42	2025-07-20 to 2025-08-09 versus 2025-06-29 to 2025-07-19	0.243452	0.120722	-12.273	XEC,XEQ,NB.1.8.1,XEC.4,XEK
21627	S	C21627A	T22N	XFC*,XEC*,LF.7*,XEQ*,KP.3.3.9*,XFP*,MB.1.1*,NB.1*,KP.2.14*,KS.1.5*,JN.1.18.7*,MR.2*,XEN*,XDV.1.7.1*,MT.1.1*,PF.2*,KP.3.1.9*,PB.1*,MU.6*,JN.1.16.5*,PM.1*,KP.2.26*,LF.8.1.1*,KP.3.6*,MU.3*,KP.2.18*,KS.1.1*,MG.3*,NG.1*,LJ.1*,MJ.1.1*,XER*,PB.2*,KP.2.2.1*,NW.1.2*,MC.24.1*,LP.8.1.6*,PP.1*,XEL*	14	2025-01-05 to 2025-01-25 versus 2024-12-15 to 2025-01-04	0.51012	0.533581	+2.346	XFG,XFC,XEC,XEQ,NB.1.8.1,LF.7.9,XEC.4,LF.7.7.2,LF.7.2.1,XEK,LF.7,LF.7.7.1
7113	ORF1a	C7113T	T2283I	PY.5*,XDV*,JN.1.11.1*,KU.2*,XFG.19*	1	2024-10-06 to 2024-10-26 versus 2024-09-15 to 2024-10-05	0.520958	0.505747	-1.521	LP.8.1,XFC,KP.3.1.1,NB.1.8.1,KP.3,PA.1,MC.1,XEK,MC.10.1
22926	S	T22926C	L455S	No associated lineages	10	2024-12-08 to 2024-12-28 versus 2024-11-17 to 2024-12-07	0.742554	0.901515	+15.896	JN.1
22895	S	G22895C, T22896G	V445R	LP.8.1*,XFG*,NZ.1*,LP.8.2*,MK.3*,LF.7.12.1*,MC.32.1*,XEC.27*,XFT*,MC.33.1*,MC.19.1*	11	2024-12-15 to 2025-01-04 versus 2024-11-24 to 2024-12-14	0.028675	0.062129	+3.345	XFG,LP.8.1,XFC
22893	S	A22893G	K444R	LF.7*,JN.1.23*,JN.1.61*,XER*,NY.3.1.1*,NA.1.1*	13	2024-12-29 to 2025-01-18 versus 2024-12-08 to 2024-12-28	0.039953	0.038862	-0.109	XFG,LF.7.9,LF.7.7.2,LF.7.2.1,LF.7,LF.7.7.1
2060	ORF1a	G2060A	A599T	XEC*,MC.24.1*	34	2025-05-25 to 2025-06-14 versus 2025-05-04 to 2025-05-24	0.062399	0.025452	-3.695	XEC,XEC.4
23021	S	A23021G	N487D	XFG*,NY.11*,NY.11.1*,LP.8.1.2*	39	2025-06-29 to 2025-07-19 versus 2025-06-08 to 2025-06-28	0.203138	0.427485	+22.435	XFG
15009	ORF1b	T15009A	D514E	No associated lineages	32	2025-05-11 to 2025-05-31 versus 2025-04-20 to 2025-05-10	0.030673	0.036088	+0.542	Does not define any major lineages.
405	ORF1a	A405G	K47R	XDR*,XDK*,XDS*,XDD*	28	2025-04-13 to 2025-05-03 versus 2025-03-23 to 2025-04-12	0.015461	0.033993	+1.853	NB.1.8.1
22107	S	A22107G	K182R	XFC*,LF.7*,XFN*,XFP*,XER*,KP.2.2.2*,LB.1.3.3*,MC.15*,XEC.1*	14	2025-01-05 to 2025-01-25 versus 2024-12-15 to 2025-01-04	0.030544	0.040078	+0.953	XFG,XFC,LF.7.9,LF.7.7.2,LF.7.2.1,LF.7,LF.7.7.1
22132	S	G22132T	R190S	LP.8.1*,LF.7*,XFN*,XFP*,LB.1.4.1*,NC.1*,MA.1*,JN.1.59.1*,LP.7*,XEL.4*,NL.5.2*,NL.22.1*,NK.1*,LB.1.11*,LB.1.7.4*,LP.1.2*,XER*,LZ.4*,KP.4.2.6*,KP.4.2.4*,MC.19.1.1*,NL.1*,MC.33.1.1*	28	2025-04-13 to 2025-05-03 versus 2025-03-23 to 2025-04-12	0.392795	0.458571	+6.578	XFG,LP.8.1,XFC,LF.7.9,LF.7.7.2,LF.7.2.1,LF.7,LF.7.7.1
22599	S	G22599C	R346T	XFN*,JN.1.24.1*,MC.13.2.4*,LE.1*,MC.31*,XED*,JN.1.59.1*,MF.1*,KR.5*,MC.32.1*,JN.1.48.1*,MC.28.1.1*,XDD.1.1.1*,MC.33.1*,NB.1.2.1*,MZ.3*,PJ.1*,JN.1.11.2*,JN.1.8.2*,KZ.1.1*,LN.1.1*,XDR.1*,LU.1*,XEP.1.1*,JN.1.7.3*,MU.3*,JN.1.16.1*,JN.1.29.1*,LF.6*,JN.1.44.1*,LG.1*,KS.1*,XEH*,LF.8*,JN.1.25.1*,MC.17.1*,JN.1.18*,MQ.1*,JN.1.30.1*,NU.1*,LU.2*,JN.1.6.1*,MC.19*,KP.2*,PK.1*,JN.1.50.1*,JN.1.4.4*,JN.1.49.1*,MC.13.3.1*,MK.3*,JN.1.26*,MC.13.2.1*,PG.3*,JN.1.39.2*,JN.1.58.2*,JN.1.42.2*,KQ.1*,JN.1.1.3*,XEM*,JN.1.1.5*,KP.4.1*,MC.10.1.6*,JN.1.48.2*,JN.1.48.3*,JN.1.9.2*,XEC.27*,JN.1.18.8*,XES.1*,MC.33.2*,NB.1.6.1*,XDK.1*,MC.13.2.2*,XEK.7*	19	2025-02-09 to 2025-03-01 versus 2025-01-19 to 2025-02-08	0.198133	0.256245	+5.811	XFG,LP.8.1,LB.1.3.1,XFC,XEQ,LF.7.9,LF.7.7.2,LF.7.2.1,LF.7,LF.7.7.1
22895	S	G22895C, T22896G	V445R	LP.8.1*,XFG*,NZ.1*,LP.8.2*,MK.3*,LF.7.12.1*,MC.32.1*,XEC.27*,XFT*,MC.33.1*,MC.19.1*	13	2024-12-29 to 2025-01-18 versus 2024-12-08 to 2024-12-28	0.052373	0.100382	+4.801	XFG,LP.8.1,XFC
22132	S	G22132T	R190S	LP.8.1*,LF.7*,XFN*,XFP*,LB.1.4.1*,NC.1*,MA.1*,JN.1.59.1*,LP.7*,XEL.4*,NL.5.2*,NL.22.1*,NK.1*,LB.1.11*,LB.1.7.4*,LP.1.2*,XER*,LZ.4*,KP.4.2.6*,KP.4.2.4*,MC.19.1.1*,NL.1*,MC.33.1.1*	35	2025-06-01 to 2025-06-21 versus 2025-05-11 to 2025-05-31	0.530749	0.459075	-7.167	XFG,LP.8.1,XFC,LF.7.9,LF.7.7.2,LF.7.2.1,LF.7,LF.7.7.1
4364	ORF1a	A4364C	I1367L	XEP*,XEC.2*,KP.3.3.4*	13	2024-12-29 to 2025-01-18 versus 2024-12-08 to 2024-12-28	0.046983	0.054626	+0.764	Does not define any major lineages.
22112	S	G22112A	G184S	XDV.1.5*	30	2025-04-27 to 2025-05-17 versus 2025-04-06 to 2025-04-26	0.016979	0.040137	+2.316	NB.1.8.1
20233	ORF1b	C20233T	P2256S	MC.32.1*,NW.1.2*	37	2025-06-15 to 2025-07-05 versus 2025-05-25 to 2025-06-14	0.011119	0.021799	+1.068	Does not define any major lineages.
11727	ORF1a	G11727A	R3821K	No associated lineages	19	2025-02-09 to 2025-03-01 versus 2025-01-19 to 2025-02-08	0.980945	0.919252	-6.169	JN.1
11083	ORF1a	G11083T	L3606F	LK.1*,KP.3.4.1*,MM.2*,KP.2.20*,NY.1.2*,XFJ.3*	37	2025-06-15 to 2025-07-05 versus 2025-05-25 to 2025-06-14	0.011016	0.021381	+1.037	Does not define any major lineages.
7267	ORF1a	C7267A	F2334L	No associated lineages	37	2025-06-15 to 2025-07-05 versus 2025-05-25 to 2025-06-14	0.025962	0.029614	+0.365	Does not define any major lineages.
4809	ORF1a	C4809T	S1515F	XFC.1*	28	2025-04-13 to 2025-05-03 versus 2025-03-23 to 2025-04-12	0.00605	0.029261	+2.321	Does not define any major lineages.
22031	S	T22031-22031del, 22035-insertG	FR157-158SG	No associated lineages	2	2024-10-13 to 2024-11-02 versus 2024-09-22 to 2024-10-12	0.361822	0.528326	+16.65	Does not define any major lineages.
28883	N	G28883C, G28884C	G204P	PP.1.1.1*,MC.24.1*,PQ.1.1*,KP.3.3*,XEP*	13	2024-12-29 to 2025-01-18 versus 2024-12-08 to 2024-12-28	0.41912	0.476086	+5.697	XEC,XEC.4,XEK
21738	S	T21738C	F59S	XEC*,NB.1*,JN.1.18.7*,MR.2*,KR.1.4*,JN.1.18.6*,MZ.3*,XDR.1*,JN.1.42.1*,MU.3*,KP.1.1.5*,KS.1*,JN.1.13.1*,JN.1.18.2*,KP.3.1.8*,KP.3.3.8*,KP.2.10*,XEM*,JN.1.18.9*	35	2025-06-01 to 2025-06-21 versus 2025-05-11 to 2025-05-31	0.152847	0.258109	+10.526	XEC,XEQ,NB.1.8.1,XEC.4,XEK
29409	N	C29409T	T379I	XFG*,LF.7.9*,LB.1.3.1*,NT.1*,MC.10.1.3*,XDS*,XEC.2.3*,NS.3*,XEC.35.1*	31	2025-05-04 to 2025-05-24 versus 2025-04-13 to 2025-05-03	0.052036	0.090583	+3.855	XFG,LB.1.3.1,LF.7.9
6255	ORF1a	C6255T	A1997V	LP.8.1*,LP.11*,XFV*,LP.8.2*	41	2025-07-13 to 2025-08-02 versus 2025-06-22 to 2025-07-12	0.317552	0.174708	-14.284	LP.8.1,XFC
24819	S	A24819G	K1086R	KP.1.1*,XFT*,KP.1*	40	2025-07-06 to 2025-07-26 versus 2025-06-15 to 2025-07-05	0.360983	0.185293	-17.569	LP.8.1,XFC
4683	ORF1a	C4683T	A1473V	XDV.1.5*,LB.1.4*,XFC.1.3*	39	2025-06-29 to 2025-07-19 versus 2025-06-08 to 2025-06-28	0.197698	0.188045	-0.965	NB.1.8.1
4364	ORF1a	A4364C	I1367L	XEP*,XEC.2*,KP.3.3.4*	29	2025-04-20 to 2025-05-10 versus 2025-03-30 to 2025-04-19	0.032379	0.021185	-1.119	Does not define any major lineages.
27476	ORF7a	C27476T	T28I	LB.1.3.1*,JN.1.8*,JN.1.8.1*	25	2025-03-23 to 2025-04-12 versus 2025-03-02 to 2025-03-22	0.042688	0.026279	-1.641	LB.1.3.1
22865	S	G22865T	A435S	NB.1.8.1*,MC.10.1*,XEC.32.1*,XFN*,KP.3.3.5*,MC.31*,XDV.1.9.1*,XEC.20.1*,XEC.18.2*,MU.6*,MC.21.1*,MC.28.1*,MC.30.1.1*,PG.1*,PY.1.1.1*,KP.2.14.2*,XEP*,LP.10.1.1*,MU.2.1.1*,XDY.1*,MC.13.2*,XEC.25.1*,XEC.14.1.1*,PT.1*,XFB*,PY.1.4.1*,XDY.3*,MC.46.1*,KP.3.3.2*,XEC.4.5.1*,XEC.4.6.1*,KP.3.7*	13	2024-12-29 to 2025-01-18 versus 2024-12-08 to 2024-12-28	0.002913	0.042691	+3.978	NB.1.8.1,PA.1,MC.10.1
21652	S	TTC21652-21654del	NS30-31Ndel	No associated lineages	18	2025-02-02 to 2025-02-22 versus 2025-01-12 to 2025-02-01	0.504039	0.399311	-10.473	LP.8.1,LB.1.3.1,KP.3.1.1,PA.1,MC.1,MC.10.1
7113	ORF1a	C7113T	T2283I	PY.5*,XDV*,JN.1.11.1*,KU.2*,XFG.19*	18	2025-02-02 to 2025-02-22 versus 2025-01-12 to 2025-02-01	0.359162	0.345316	-1.385	LP.8.1,XFC,KP.3.1.1,NB.1.8.1,KP.3,PA.1,MC.1,XEK,MC.10.1
686	ORF1a	AAGTCATTT686-694del	KSF141-143del	MJ.1.1*,MJ.2.1*,ND.3*,XDV.1.7.5*	34	2025-05-25 to 2025-06-14 versus 2025-05-04 to 2025-05-24	0.011511	0.016525	+0.501	Does not define any major lineages.
23933	S	A23933G	T791A	XFJ*,XFP*,XFM*	41	2025-07-13 to 2025-08-02 versus 2025-06-22 to 2025-07-12	0.020609	0.015276	-0.533	Does not define any major lineages.
23277	S	C23277T	T572I	XFG*,XEC.4*,MC.1*,XDK*,MU.1*,MC.13.4*,XFA*,LF.7.1.8*,MV.1.6*,KP.2.15.1*,JN.1.32*,NY.16.1*,XDV.1.3*,XDY.1.1*,NT.2.1*,PW.1*,MC.6.1*,JN.1.62*,XEC.35*,MH.1*,KP.2.27*,JN.1.16.3*,LF.7.3.6*,NY.19*,JN.1.47.2*,MC.30.1.1*,KP.2.3.8*,KP.2.14.1*,XEC.21*,MC.26.1*,NB.1.3.1*,LZ.3*,LP.4*,LB.1.2.2*,XDY.5.1*,JN.1.9.1*,JN.1.1.1*,KP.2.9*,KP.2.2.2*,XDD.3*,XEC.37*,XEC.2.2.1*,LF.7.6.5*,LD.1*,JN.1.7*,LF.7.7*,MC.9.2*,KP.1.2*,XFB*,LF.7.10.1*,KP.2.3.6*,XEC.25.1.1*,NL.5.1*,KV.2*,MG.1*,XEF.3*,NL.13*,JN.1.65*,MZ.5*,KW.1*,MC.11.3.1*,JN.1.4.3*,MC.8.1*,KP.5*	2	2024-10-13 to 2024-11-02 versus 2024-09-22 to 2024-10-12	0.028275	0.05601	+2.773	XFG,XEC.4,MC.1,LF.7.7.1
23039	S	C23039G	Q493E	LP.8.1*,XFG*,KP.3*,XEQ*,XFH*,JN.1.16.4*,XDY*,JN.1.16.5*,LP.8.2*,KP.3.4*,XDY.9*,XEF*,XDY.1*,XFT*,XDY.5*,XDY.4*,XDY.11*,LF.7.1.11*,XET*,XDY.3*,NB.1.8*,XDY.6*,XDY.8*,XDY.2*,XDY.7*	2	2024-10-13 to 2024-11-02 versus 2024-09-22 to 2024-10-12	0.299381	0.772682	+47.33	XFG,LP.8.1,XFC,KP.3.1.1,XEC,XEQ,NB.1.8.1,KP.3,XEC.4,PA.1,MC.1,XEK,MC.10.1
25844	ORF3a	C25844T	T151I	XFJ*,XFM*	33	2025-05-18 to 2025-06-07 versus 2025-04-27 to 2025-05-17	0.013354	0.039376	+2.602	Does not define any major lineages.
18131	ORF1b	C18131T	T1555I	LB.1.3*	13	2024-12-29 to 2025-01-18 versus 2024-12-08 to 2024-12-28	0.033592	0.032572	-0.102	LB.1.3.1
7113	ORF1a	C7113T	T2283I	PY.5*,XDV*,JN.1.11.1*,KU.2*,XFG.19*	17	2025-01-26 to 2025-02-15 versus 2025-01-05 to 2025-01-25	0.355178	0.387472	+3.229	LP.8.1,XFC,KP.3.1.1,NB.1.8.1,KP.3,PA.1,MC.1,XEK,MC.10.1
4364	ORF1a	A4364C	I1367L	XEP*,XEC.2*,KP.3.3.4*	16	2025-01-19 to 2025-02-08 versus 2024-12-29 to 2025-01-18	0.054626	0.062086	+0.746	Does not define any major lineages.
18131	ORF1b	C18131T	T1555I	LB.1.3*	27	2025-04-06 to 2025-04-26 versus 2025-03-16 to 2025-04-05	0.015614	0.021927	+0.631	LB.1.3.1
23277	S	C23277T	T572I	XFG*,XEC.4*,MC.1*,XDK*,MU.1*,MC.13.4*,XFA*,LF.7.1.8*,MV.1.6*,KP.2.15.1*,JN.1.32*,NY.16.1*,XDV.1.3*,XDY.1.1*,NT.2.1*,PW.1*,MC.6.1*,JN.1.62*,XEC.35*,MH.1*,KP.2.27*,JN.1.16.3*,LF.7.3.6*,NY.19*,JN.1.47.2*,MC.30.1.1*,KP.2.3.8*,KP.2.14.1*,XEC.21*,MC.26.1*,NB.1.3.1*,LZ.3*,LP.4*,LB.1.2.2*,XDY.5.1*,JN.1.9.1*,JN.1.1.1*,KP.2.9*,KP.2.2.2*,XDD.3*,XEC.37*,XEC.2.2.1*,LF.7.6.5*,LD.1*,JN.1.7*,LF.7.7*,MC.9.2*,KP.1.2*,XFB*,LF.7.10.1*,KP.2.3.6*,XEC.25.1.1*,NL.5.1*,KV.2*,MG.1*,XEF.3*,NL.13*,JN.1.65*,MZ.5*,KW.1*,MC.11.3.1*,JN.1.4.3*,MC.8.1*,KP.5*	31	2025-05-04 to 2025-05-24 versus 2025-04-13 to 2025-05-03	0.045888	0.086714	+4.083	XFG,XEC.4,MC.1,LF.7.7.1
23277	S	C23277T	T572I	XFG*,XEC.4*,MC.1*,XDK*,MU.1*,MC.13.4*,XFA*,LF.7.1.8*,MV.1.6*,KP.2.15.1*,JN.1.32*,NY.16.1*,XDV.1.3*,XDY.1.1*,NT.2.1*,PW.1*,MC.6.1*,JN.1.62*,XEC.35*,MH.1*,KP.2.27*,JN.1.16.3*,LF.7.3.6*,NY.19*,JN.1.47.2*,MC.30.1.1*,KP.2.3.8*,KP.2.14.1*,XEC.21*,MC.26.1*,NB.1.3.1*,LZ.3*,LP.4*,LB.1.2.2*,XDY.5.1*,JN.1.9.1*,JN.1.1.1*,KP.2.9*,KP.2.2.2*,XDD.3*,XEC.37*,XEC.2.2.1*,LF.7.6.5*,LD.1*,JN.1.7*,LF.7.7*,MC.9.2*,KP.1.2*,XFB*,LF.7.10.1*,KP.2.3.6*,XEC.25.1.1*,NL.5.1*,KV.2*,MG.1*,XEF.3*,NL.13*,JN.1.65*,MZ.5*,KW.1*,MC.11.3.1*,JN.1.4.3*,MC.8.1*,KP.5*	26	2025-03-30 to 2025-04-19 versus 2025-03-09 to 2025-03-29	0.053242	0.050021	-0.322	XFG,XEC.4,MC.1,LF.7.7.1
1895	ORF1a	G1895A	V544I	LF.7.9.1*	35	2025-06-01 to 2025-06-21 versus 2025-05-11 to 2025-05-31	0.054221	0.03502	-1.92	Does not define any major lineages.
21653	S	T21653C	S31P	XFC*,LF.7*,XFN*,XFP*,MT.1*,KP.2.26*,KP.3.2.6*,MJ.1*,NF.1*,XER*,JN.1.40*	11	2024-12-15 to 2025-01-04 versus 2024-11-24 to 2024-12-14	0.065233	0.026722	-3.851	XFG,XFC,LF.7.9,LF.7.7.2,LF.7.2.1,LF.7,LF.7.7.1
25083	S	C25083T	A1174V	NW.1*,KP.2.3.12*,MC.1.2*,XEC.28*	37	2025-06-15 to 2025-07-05 versus 2025-05-25 to 2025-06-14	0.026002	0.035606	+0.96	Does not define any major lineages.
21738	S	T21738C	F59S	XEC*,NB.1*,JN.1.18.7*,MR.2*,KR.1.4*,JN.1.18.6*,MZ.3*,XDR.1*,JN.1.42.1*,MU.3*,KP.1.1.5*,KS.1*,JN.1.13.1*,JN.1.18.2*,KP.3.1.8*,KP.3.3.8*,KP.2.10*,XEM*,JN.1.18.9*	8	2024-11-24 to 2024-12-14 versus 2024-11-03 to 2024-11-23	0.370593	0.381355	+1.076	XEC,XEQ,NB.1.8.1,XEC.4,XEK
22599	S	G22599C	R346T	XFN*,JN.1.24.1*,MC.13.2.4*,LE.1*,MC.31*,XED*,JN.1.59.1*,MF.1*,KR.5*,MC.32.1*,JN.1.48.1*,MC.28.1.1*,XDD.1.1.1*,MC.33.1*,NB.1.2.1*,MZ.3*,PJ.1*,JN.1.11.2*,JN.1.8.2*,KZ.1.1*,LN.1.1*,XDR.1*,LU.1*,XEP.1.1*,JN.1.7.3*,MU.3*,JN.1.16.1*,JN.1.29.1*,LF.6*,JN.1.44.1*,LG.1*,KS.1*,XEH*,LF.8*,JN.1.25.1*,MC.17.1*,JN.1.18*,MQ.1*,JN.1.30.1*,NU.1*,LU.2*,JN.1.6.1*,MC.19*,KP.2*,PK.1*,JN.1.50.1*,JN.1.4.4*,JN.1.49.1*,MC.13.3.1*,MK.3*,JN.1.26*,MC.13.2.1*,PG.3*,JN.1.39.2*,JN.1.58.2*,JN.1.42.2*,KQ.1*,JN.1.1.3*,XEM*,JN.1.1.5*,KP.4.1*,MC.10.1.6*,JN.1.48.2*,JN.1.48.3*,JN.1.9.2*,XEC.27*,JN.1.18.8*,XES.1*,MC.33.2*,NB.1.6.1*,XDK.1*,MC.13.2.2*,XEK.7*	12	2024-12-22 to 2025-01-11 versus 2024-12-01 to 2024-12-21	0.115392	0.144885	+2.949	XFG,LP.8.1,LB.1.3.1,XFC,XEQ,LF.7.9,LF.7.7.2,LF.7.2.1,LF.7,LF.7.7.1
27476	ORF7a	C27476T	T28I	LB.1.3.1*,JN.1.8*,JN.1.8.1*	29	2025-04-20 to 2025-05-10 versus 2025-03-30 to 2025-04-19	0.014908	0.022293	+0.739	LB.1.3.1
7113	ORF1a	C7113T	T2283I	PY.5*,XDV*,JN.1.11.1*,KU.2*,XFG.19*	33	2025-05-18 to 2025-06-07 versus 2025-04-27 to 2025-05-17	0.467631	0.509567	+4.194	LP.8.1,XFC,KP.3.1.1,NB.1.8.1,KP.3,PA.1,MC.1,XEK,MC.10.1
24872	S	G24872T	V1104L	XEQ*,XDY.3*,XDY.9*,XDY.6*,JN.1.11*,XEF*,XDY.8*,XDY.1*,XDY*,XDY.2*,XDY.5*,XDY.4*,LB.1.1*,XFT*,XDY.11*,XDY.7*	12	2024-12-22 to 2025-01-11 versus 2024-12-01 to 2024-12-21	0.845512	0.884936	+3.942	LP.8.1,XFC,KP.3.1.1,XEC,XEQ,KP.3,XEC.4,PA.1,MC.1,XEK,MC.10.1
27476	ORF7a	C27476T	T28I	LB.1.3.1*,JN.1.8*,JN.1.8.1*	12	2024-12-22 to 2025-01-11 versus 2024-12-01 to 2024-12-21	0.041818	0.040312	-0.151	LB.1.3.1
1170	ORF1a	C1170T	S302F	XDV*	30	2025-04-27 to 2025-05-17 versus 2025-04-06 to 2025-04-26	0.013121	0.046394	+3.327	NB.1.8.1
22132	S	G22132T	R190S	LP.8.1*,LF.7*,XFN*,XFP*,LB.1.4.1*,NC.1*,MA.1*,JN.1.59.1*,LP.7*,XEL.4*,NL.5.2*,NL.22.1*,NK.1*,LB.1.11*,LB.1.7.4*,LP.1.2*,XER*,LZ.4*,KP.4.2.6*,KP.4.2.4*,MC.19.1.1*,NL.1*,MC.33.1.1*	15	2025-01-12 to 2025-02-01 versus 2024-12-22 to 2025-01-11	0.133303	0.178209	+4.491	XFG,LP.8.1,XFC,LF.7.9,LF.7.7.2,LF.7.2.1,LF.7,LF.7.7.1
22865	S	G22865T	A435S	NB.1.8.1*,MC.10.1*,XEC.32.1*,XFN*,KP.3.3.5*,MC.31*,XDV.1.9.1*,XEC.20.1*,XEC.18.2*,MU.6*,MC.21.1*,MC.28.1*,MC.30.1.1*,PG.1*,PY.1.1.1*,KP.2.14.2*,XEP*,LP.10.1.1*,MU.2.1.1*,XDY.1*,MC.13.2*,XEC.25.1*,XEC.14.1.1*,PT.1*,XFB*,PY.1.4.1*,XDY.3*,MC.46.1*,KP.3.3.2*,XEC.4.5.1*,XEC.4.6.1*,KP.3.7*	20	2025-02-16 to 2025-03-08 versus 2025-01-26 to 2025-02-15	0.058347	0.098365	+4.002	NB.1.8.1,PA.1,MC.10.1
18508	ORF1b	C18508T	L1681F	NY.18*,LF.7.9.4*	36	2025-06-08 to 2025-06-28 versus 2025-05-18 to 2025-06-07	0.029361	0.005425	-2.394	Does not define any major lineages.
23277	S	C23277T	T572I	XFG*,XEC.4*,MC.1*,XDK*,MU.1*,MC.13.4*,XFA*,LF.7.1.8*,MV.1.6*,KP.2.15.1*,JN.1.32*,NY.16.1*,XDV.1.3*,XDY.1.1*,NT.2.1*,PW.1*,MC.6.1*,JN.1.62*,XEC.35*,MH.1*,KP.2.27*,JN.1.16.3*,LF.7.3.6*,NY.19*,JN.1.47.2*,MC.30.1.1*,KP.2.3.8*,KP.2.14.1*,XEC.21*,MC.26.1*,NB.1.3.1*,LZ.3*,LP.4*,LB.1.2.2*,XDY.5.1*,JN.1.9.1*,JN.1.1.1*,KP.2.9*,KP.2.2.2*,XDD.3*,XEC.37*,XEC.2.2.1*,LF.7.6.5*,LD.1*,JN.1.7*,LF.7.7*,MC.9.2*,KP.1.2*,XFB*,LF.7.10.1*,KP.2.3.6*,XEC.25.1.1*,NL.5.1*,KV.2*,MG.1*,XEF.3*,NL.13*,JN.1.65*,MZ.5*,KW.1*,MC.11.3.1*,JN.1.4.3*,MC.8.1*,KP.5*	13	2024-12-29 to 2025-01-18 versus 2024-12-08 to 2024-12-28	0.074617	0.077637	+0.302	XFG,XEC.4,MC.1,LF.7.7.1
21653	S	T21653C	S31P	XFC*,LF.7*,XFN*,XFP*,MT.1*,KP.2.26*,KP.3.2.6*,MJ.1*,NF.1*,XER*,JN.1.40*	3	2024-10-20 to 2024-11-09 versus 2024-09-29 to 2024-10-19	0.023343	0.041811	+1.847	XFG,XFC,LF.7.9,LF.7.7.2,LF.7.2.1,LF.7,LF.7.7.1
22893	S	A22893G	K444R	LF.7*,JN.1.23*,JN.1.61*,XER*,NY.3.1.1*,NA.1.1*	32	2025-05-11 to 2025-05-31 versus 2025-04-20 to 2025-05-10	0.062765	0.184524	+12.176	XFG,LF.7.9,LF.7.7.2,LF.7.2.1,LF.7,LF.7.7.1
25352	S	G25352T	V1264L	XEC.38*,XET*,JN.1.1.4*,JN.1.23.1*,XEC.11.1*,XFG.14*,NB.1.2*,XEL.1*,XEC.37*,XEK.2.1*,MV.1.3*,XEC.34*,XFJ.3*,PH.1*	41	2025-07-13 to 2025-08-02 versus 2025-06-22 to 2025-07-12	0.02346	0.021231	-0.223	Does not define any major lineages.
10323	ORF1a	A10323G	K3353R	LP.8.1.5*,LF.7.8*,JN.1.52*,NY.7.2*,MC.10.2*	9	2024-12-01 to 2024-12-21 versus 2024-11-10 to 2024-11-30	0.015157	0.051273	+3.612	Does not define any major lineages.
25455	ORF3a	G25455T	K21N	PG.1*,PC.4*	32	2025-05-11 to 2025-05-31 versus 2025-04-20 to 2025-05-10	0.001185	0.024414	+2.323	Does not define any major lineages.
6543	ORF1a	C6543T	T2093I	XFG.5.1*,KP.2.3.10*,KP.3.3.7*,KP.2.11*,NL.10*,PF.2.3*	37	2025-06-15 to 2025-07-05 versus 2025-05-25 to 2025-06-14	0.018096	0.023483	+0.539	Does not define any major lineages.
7267	ORF1a	C7267A	F2334L	No associated lineages	36	2025-06-08 to 2025-06-28 versus 2025-05-18 to 2025-06-07	0.026319	0.023897	-0.242	Does not define any major lineages.
18131	ORF1b	C18131T	T1555I	LB.1.3*	23	2025-03-09 to 2025-03-29 versus 2025-02-16 to 2025-03-08	0.03052	0.018726	-1.179	LB.1.3.1
16943	ORF1b	G16943T	S1159I	XEQ*	27	2025-04-06 to 2025-04-26 versus 2025-03-16 to 2025-04-05	0.031646	0.029259	-0.239	XEQ
12854	ORF1a	C12854T	P4197S	NB.1*	37	2025-06-15 to 2025-07-05 versus 2025-05-25 to 2025-06-14	0.208017	0.250846	+4.283	NB.1.8.1
24872	S	G24872T	V1104L	XEQ*,XDY.3*,XDY.9*,XDY.6*,JN.1.11*,XEF*,XDY.8*,XDY.1*,XDY*,XDY.2*,XDY.5*,XDY.4*,LB.1.1*,XFT*,XDY.11*,XDY.7*	31	2025-05-04 to 2025-05-24 versus 2025-04-13 to 2025-05-03	0.688188	0.570656	-11.753	LP.8.1,XFC,KP.3.1.1,XEC,XEQ,KP.3,XEC.4,PA.1,MC.1,XEK,MC.10.1
22108	S	A22108T	K182N	MB.1.1*,XEC.27.2*,LU.2.1.1*,KP.1.1.1*,XEC.11*	18	2025-02-02 to 2025-02-22 versus 2025-01-12 to 2025-02-01	0.00574	0.034375	+2.864	Does not define any major lineages.
22893	S	A22893G	K444R	LF.7*,JN.1.23*,JN.1.61*,XER*,NY.3.1.1*,NA.1.1*	26	2025-03-30 to 2025-04-19 versus 2025-03-09 to 2025-03-29	0.079266	0.051483	-2.778	XFG,LF.7.9,LF.7.7.2,LF.7.2.1,LF.7,LF.7.7.1
25793	ORF3a	G25793A	R134H	XDV.1.5.1*	35	2025-06-01 to 2025-06-21 versus 2025-05-11 to 2025-05-31	0.029681	0.062199	+3.252	NB.1.8.1
25595	ORF3a	G25595T	R68I	XFB*,MC.24*,MC.24.2*	4	2024-10-27 to 2024-11-16 versus 2024-10-06 to 2024-10-26	0.022868	0.020512	-0.236	Does not define any major lineages.
22000	S	C22000A	H146Q	KP.2.3*,XES*,XEE*	5	2024-11-03 to 2024-11-23 versus 2024-10-13 to 2024-11-02	0.041592	0.02033	-2.126	Does not define any major lineages.
22031	S	T22031-22031del, 22035-insertG	FR157-158SG	No associated lineages	23	2025-03-09 to 2025-03-29 versus 2025-02-16 to 2025-03-08	0.710416	0.585318	-12.51	Does not define any major lineages.
22895	S	G22895C, T22896G	V445R	LP.8.1*,XFG*,NZ.1*,LP.8.2*,MK.3*,LF.7.12.1*,MC.32.1*,XEC.27*,XFT*,MC.33.1*,MC.19.1*	30	2025-04-27 to 2025-05-17 versus 2025-04-06 to 2025-04-26	0.262561	0.235537	-2.702	XFG,LP.8.1,XFC
12924	ORF1a	C12924T	P4220L	XDV*	27	2025-04-06 to 2025-04-26 versus 2025-03-16 to 2025-04-05	0.011543	0.034035	+2.249	NB.1.8.1
2060	ORF1a	G2060A	A599T	XEC*,MC.24.1*	35	2025-06-01 to 2025-06-21 versus 2025-05-11 to 2025-05-31	0.040106	0.021608	-1.85	XEC,XEC.4
22895	S	G22895C, T22896C	V445P	LF.7.9*,LF.7.7.2*,PA.1*,LB.1.3.1*,LK.1*,XFP*,NS.1.1*,MV.1.1.1*,LP.1.2.1*,XFG.1*,KP.2.3.4*,NN.1*,LF.3.1*,NC.1.2*,JN.1.1.8*,MA.1.1.1*,LF.7.8*,LP.9*,MU.2.1.1*,LF.7.10.1*,LF.7.6.2*,KP.2.28.1*,JN.1.50*,LB.1.10*,LF.7.1.10*,MU.5*,QJ.1*	14	2025-01-05 to 2025-01-25 versus 2024-12-15 to 2025-01-04	0.034472	0.042603	+0.813	LB.1.3.1,LF.7.9,LF.7.7.2,PA.1
23039	S	C23039G	Q493E	LP.8.1*,XFG*,KP.3*,XEQ*,XFH*,JN.1.16.4*,XDY*,JN.1.16.5*,LP.8.2*,KP.3.4*,XDY.9*,XEF*,XDY.1*,XFT*,XDY.5*,XDY.4*,XDY.11*,LF.7.1.11*,XET*,XDY.3*,NB.1.8*,XDY.6*,XDY.8*,XDY.2*,XDY.7*	32	2025-05-11 to 2025-05-31 versus 2025-04-20 to 2025-05-10	0.742744	0.767096	+2.435	XFG,LP.8.1,XFC,KP.3.1.1,XEC,XEQ,NB.1.8.1,KP.3,XEC.4,PA.1,MC.1,XEK,MC.10.1
25925	ORF3a	C25925T	P178L	LP.8.1*,LP.11*,XFT*,LP.8.2*	35	2025-06-01 to 2025-06-21 versus 2025-05-11 to 2025-05-31	0.577542	0.401584	-17.596	LP.8.1,XFC
24872	S	G24872T	V1104L	XEQ*,XDY.3*,XDY.9*,XDY.6*,JN.1.11*,XEF*,XDY.8*,XDY.1*,XDY*,XDY.2*,XDY.5*,XDY.4*,LB.1.1*,XFT*,XDY.11*,XDY.7*	11	2024-12-15 to 2025-01-04 versus 2024-11-24 to 2024-12-14	0.829694	0.859151	+2.946	LP.8.1,XFC,KP.3.1.1,XEC,XEQ,KP.3,XEC.4,PA.1,MC.1,XEK,MC.10.1
28883	N	G28883C, G28884C	G204P	PP.1.1.1*,MC.24.1*,PQ.1.1*,KP.3.3*,XEP*	14	2025-01-05 to 2025-01-25 versus 2024-12-15 to 2025-01-04	0.453585	0.459957	+0.637	XEC,XEC.4,XEK
28883	N	G28883C, G28884C	G204P	PP.1.1.1*,MC.24.1*,PQ.1.1*,KP.3.3*,XEP*	11	2024-12-15 to 2025-01-04 versus 2024-11-24 to 2024-12-14	0.352226	0.453585	+10.136	XEC,XEC.4,XEK
25844	ORF3a	C25844T	T151I	XFJ*,XFM*	42	2025-07-20 to 2025-08-09 versus 2025-06-29 to 2025-07-19	0.056279	0.012341	-4.394	Does not define any major lineages.
9866	ORF1a	C9866T	L3201F	XDR*	40	2025-07-06 to 2025-07-26 versus 2025-06-15 to 2025-07-05	0.189839	0.146066	-4.377	NB.1.8.1
22926	S	T22926C	L455S	No associated lineages	13	2024-12-29 to 2025-01-18 versus 2024-12-08 to 2024-12-28	0.901515	0.921285	+1.977	JN.1
25925	ORF3a	C25925T	P178L	LP.8.1*,LP.11*,XFT*,LP.8.2*	15	2025-01-12 to 2025-02-01 versus 2024-12-22 to 2025-01-11	0.103763	0.176319	+7.256	LP.8.1,XFC
23039	S	C23039G	Q493E	LP.8.1*,XFG*,KP.3*,XEQ*,XFH*,JN.1.16.4*,XDY*,JN.1.16.5*,LP.8.2*,KP.3.4*,XDY.9*,XEF*,XDY.1*,XFT*,XDY.5*,XDY.4*,XDY.11*,LF.7.1.11*,XET*,XDY.3*,NB.1.8*,XDY.6*,XDY.8*,XDY.2*,XDY.7*	5	2024-11-03 to 2024-11-23 versus 2024-10-13 to 2024-11-02	0.772682	0.78138	+0.87	XFG,LP.8.1,XFC,KP.3.1.1,XEC,XEQ,NB.1.8.1,KP.3,XEC.4,PA.1,MC.1,XEK,MC.10.1
3936	ORF1a	A3936G	Q1224R	No associated lineages	39	2025-06-29 to 2025-07-19 versus 2025-06-08 to 2025-06-28	0.001246	0.020631	+1.939	Does not define any major lineages.
22884	S	T22884G	L441R	LF.7.9*,LF.7.6.2*,XFP*,MV.1.5*	39	2025-06-29 to 2025-07-19 versus 2025-06-08 to 2025-06-28	0.018373	0.046444	+2.807	LF.7.9
14290	ORF1b	G14290T	D275Y	NB.1*	33	2025-05-18 to 2025-06-07 versus 2025-04-27 to 2025-05-17	0.075897	0.172156	+9.626	NB.1.8.1
2937	ORF1a	C2937T	T891I	No associated lineages	34	2025-05-25 to 2025-06-14 versus 2025-05-04 to 2025-05-24	0.021756	0.002435	-1.932	Does not define any major lineages.
3686	ORF1a	C3686T	H1141Y	XDV.1.5.1*	26	2025-03-30 to 2025-04-19 versus 2025-03-09 to 2025-03-29	0.002736	0.021682	+1.895	NB.1.8.1
15009	ORF1b	T15009A	D514E	No associated lineages	39	2025-06-29 to 2025-07-19 versus 2025-06-08 to 2025-06-28	0.038582	0.032979	-0.56	Does not define any major lineages.
28883	N	G28883C, G28884C	G204P	PP.1.1.1*,MC.24.1*,PQ.1.1*,KP.3.3*,XEP*	33	2025-05-18 to 2025-06-07 versus 2025-04-27 to 2025-05-17	0.084953	0.057658	-2.73	XEC,XEC.4,XEK
21652	S	TTC21652-21654del	NS30-31Ndel	No associated lineages	21	2025-02-23 to 2025-03-15 versus 2025-02-02 to 2025-02-22	0.399311	0.513108	+11.38	LP.8.1,LB.1.3.1,KP.3.1.1,PA.1,MC.1,MC.10.1
21652	S	TTC21652-21654del	NS30-31Ndel	No associated lineages	27	2025-04-06 to 2025-04-26 versus 2025-03-16 to 2025-04-05	0.489447	0.513834	+2.439	LP.8.1,LB.1.3.1,KP.3.1.1,PA.1,MC.1,MC.10.1
22995	S	C22995T	T478I	LF.7.10*,NL.9*,XDV.1.5*,QD.1*,ND.3*,LN.1.1*	33	2025-05-18 to 2025-06-07 versus 2025-04-27 to 2025-05-17	0.023053	0.162204	+13.915	NB.1.8.1
25925	ORF3a	C25925T	P178L	LP.8.1*,LP.11*,XFT*,LP.8.2*	42	2025-07-20 to 2025-08-09 versus 2025-06-29 to 2025-07-19	0.287521	0.276097	-1.142	LP.8.1,XFC
29409	N	C29409T	T379I	XFG*,LF.7.9*,LB.1.3.1*,NT.1*,MC.10.1.3*,XDS*,XEC.2.3*,NS.3*,XEC.35.1*	17	2025-01-26 to 2025-02-15 versus 2025-01-05 to 2025-01-25	0.029013	0.028726	-0.029	XFG,LB.1.3.1,LF.7.9
15830	ORF1b	C15830T	A788V	NY.7.1*	38	2025-06-22 to 2025-07-12 versus 2025-06-01 to 2025-06-21	0.027681	0.003714	-2.397	Does not define any major lineages.
18131	ORF1b	C18131T	T1555I	LB.1.3*	15	2025-01-12 to 2025-02-01 versus 2024-12-22 to 2025-01-11	0.034031	0.035299	+0.127	LB.1.3.1
12080	ORF1a	G12080T	A3939S	No associated lineages	40	2025-07-06 to 2025-07-26 versus 2025-06-15 to 2025-07-05	0.000316	0.033811	+3.35	Does not define any major lineages.
9866	ORF1a	C9866T	L3201F	XDR*	28	2025-04-13 to 2025-05-03 versus 2025-03-23 to 2025-04-12	0.032588	0.018159	-1.443	NB.1.8.1
29625	ORF10	C29625T	S23F	No associated lineages	39	2025-06-29 to 2025-07-19 versus 2025-06-08 to 2025-06-28	0.030754	0.024057	-0.67	Does not define any major lineages.
22928	S	T22928C	F456L	JN.1.7.9*,LR.1*,KU.2*,JN.1.39.1*,KR.5*,KR.1*,JN.1.67.1*,JN.1.48.1*,JN.1.62*,NS.3*,LN.1.1*,KR.3*,JN.1.29.1*,JN.1.1.8*,JN.1.4.9*,LF.6*,XDR.1.1*,KS.1*,LF.8*,JN.1.18.5*,LL.1*,XDK.1.2*,KR.4.1*,XDK.4.1*,LM.1*,MD.3.1*,LZ.1*,KW.1.1*,XDD.3*,LQ.1*,JN.1.1.6*,XDK.3*,JN.1.11.1*,JN.1.55.2*,JN.1.16*,XDK.6*,JN.1.55.1*,JN.1.48.3*,LR.3*,JN.1.50*,JN.1.51.1*,JN.1.15.1*,MD.1*,JN.1.7.8*,XDK.5*,LZ.2.2*,XDV.1*,JN.1.18.9*,JN.1.18.4*,LZ.2.1*,LE.1.3.1*,JN.1.65.1*	28	2025-04-13 to 2025-05-03 versus 2025-03-23 to 2025-04-12	0.797219	0.92174	+12.452	XFG,LP.8.1,LB.1.3.1,XFC,KP.3.1.1,XEC,XEQ,NB.1.8.1,LF.7.9,KP.3,XEC.4,LF.7.7.2,PA.1,MC.1,LF.7.2.1,XEK,LF.7,LF.7.7.1,MC.10.1
21738	S	T21738C	F59S	XEC*,NB.1*,JN.1.18.7*,MR.2*,KR.1.4*,JN.1.18.6*,MZ.3*,XDR.1*,JN.1.42.1*,MU.3*,KP.1.1.5*,KS.1*,JN.1.13.1*,JN.1.18.2*,KP.3.1.8*,KP.3.3.8*,KP.2.10*,XEM*,JN.1.18.9*	15	2025-01-12 to 2025-02-01 versus 2024-12-22 to 2025-01-11	0.482659	0.468873	-1.379	XEC,XEQ,NB.1.8.1,XEC.4,XEK
4364	ORF1a	A4364C	I1367L	XEP*,XEC.2*,KP.3.3.4*	12	2024-12-22 to 2025-01-11 versus 2024-12-01 to 2024-12-21	0.03868	0.061619	+2.294	Does not define any major lineages.
7113	ORF1a	C7113T	T2283I	PY.5*,XDV*,JN.1.11.1*,KU.2*,XFG.19*	15	2025-01-12 to 2025-02-01 versus 2024-12-22 to 2025-01-11	0.411074	0.359162	-5.191	LP.8.1,XFC,KP.3.1.1,NB.1.8.1,KP.3,PA.1,MC.1,XEK,MC.10.1
22895	S	G22895C, T22896C	V445P	LF.7.9*,LF.7.7.2*,PA.1*,LB.1.3.1*,LK.1*,XFP*,NS.1.1*,MV.1.1.1*,LP.1.2.1*,XFG.1*,KP.2.3.4*,NN.1*,LF.3.1*,NC.1.2*,JN.1.1.8*,MA.1.1.1*,LF.7.8*,LP.9*,MU.2.1.1*,LF.7.10.1*,LF.7.6.2*,KP.2.28.1*,JN.1.50*,LB.1.10*,LF.7.1.10*,MU.5*,QJ.1*	29	2025-04-20 to 2025-05-10 versus 2025-03-30 to 2025-04-19	0.050904	0.032125	-1.878	LB.1.3.1,LF.7.9,LF.7.7.2,PA.1
7119	ORF1a	C7119T	S2285F	No associated lineages	14	2025-01-05 to 2025-01-25 versus 2024-12-15 to 2025-01-04	0.000999	0.020134	+1.914	Does not define any major lineages.
22031	S	T22031-22031del, 22035-insertG	FR157-158SG	No associated lineages	25	2025-03-23 to 2025-04-12 versus 2025-03-02 to 2025-03-22	0.569519	0.510389	-5.913	Does not define any major lineages.
28883	N	G28883C, G28884C	G204P	PP.1.1.1*,MC.24.1*,PQ.1.1*,KP.3.3*,XEP*	9	2024-12-01 to 2024-12-21 versus 2024-11-10 to 2024-11-30	0.285193	0.402765	+11.757	XEC,XEC.4,XEK
6533	ORF1a	G6533T	V2090F	XEC.11.1*	23	2025-03-09 to 2025-03-29 versus 2025-02-16 to 2025-03-08	0.023178	0.031146	+0.797	Does not define any major lineages.
22986	S	C22986T	A475V	LF.7.9*,LF.7.2.1*,XFP*,PF.2.2.1*,PV.3*,NY.6*,LP.10.1*,QJ.2*,LF.7.3.6*,PL.1*,LF.7.12*,XFC.2*,KP.2.3.1*,LP.8.2.1*,LP.8.1.9*,NY.3.1.1*,LF.7.1.2*,LF.7.1.7*,QH.1*,NY.7.1.1*,LF.7.3.1*,QC.2.1*	22	2025-03-02 to 2025-03-22 versus 2025-02-09 to 2025-03-01	0.008374	0.044372	+3.6	LF.7.9,LF.7.2.1
11003	ORF1a	C11003T	H3580Y	PA.3*	16	2025-01-19 to 2025-02-08 versus 2024-12-29 to 2025-01-18	0.026319	0.009291	-1.703	Does not define any major lineages.
14189	ORF1b	C14189T	A241V	NY.14*,NY.8*	21	2025-02-23 to 2025-03-15 versus 2025-02-02 to 2025-02-22	0.008823	0.020873	+1.205	Does not define any major lineages.
21652	S	TTC21652-21654del	NS30-31Ndel	No associated lineages	36	2025-06-08 to 2025-06-28 versus 2025-05-18 to 2025-06-07	0.470926	0.33883	-13.21	LP.8.1,LB.1.3.1,KP.3.1.1,PA.1,MC.1,MC.10.1
2060	ORF1a	G2060A	A599T	XEC*,MC.24.1*	11	2024-12-15 to 2025-01-04 versus 2024-11-24 to 2024-12-14	0.212252	0.313832	+10.158	XEC,XEC.4
25925	ORF3a	C25925T	P178L	LP.8.1*,LP.11*,XFT*,LP.8.2*	12	2024-12-22 to 2025-01-11 versus 2024-12-01 to 2024-12-21	0.060157	0.103763	+4.361	LP.8.1,XFC
7279	ORF1a	C7279A	F2338L	No associated lineages	41	2025-07-13 to 2025-08-02 versus 2025-06-22 to 2025-07-12	0.030398	0.020838	-0.956	Does not define any major lineages.
22031	S	T22031-22031del, 22035-insertG	FR157-158SG	No associated lineages	30	2025-04-27 to 2025-05-17 versus 2025-04-06 to 2025-04-26	0.555788	0.568219	+1.243	Does not define any major lineages.
22599	S	G22599C	R346T	XFN*,JN.1.24.1*,MC.13.2.4*,LE.1*,MC.31*,XED*,JN.1.59.1*,MF.1*,KR.5*,MC.32.1*,JN.1.48.1*,MC.28.1.1*,XDD.1.1.1*,MC.33.1*,NB.1.2.1*,MZ.3*,PJ.1*,JN.1.11.2*,JN.1.8.2*,KZ.1.1*,LN.1.1*,XDR.1*,LU.1*,XEP.1.1*,JN.1.7.3*,MU.3*,JN.1.16.1*,JN.1.29.1*,LF.6*,JN.1.44.1*,LG.1*,KS.1*,XEH*,LF.8*,JN.1.25.1*,MC.17.1*,JN.1.18*,MQ.1*,JN.1.30.1*,NU.1*,LU.2*,JN.1.6.1*,MC.19*,KP.2*,PK.1*,JN.1.50.1*,JN.1.4.4*,JN.1.49.1*,MC.13.3.1*,MK.3*,JN.1.26*,MC.13.2.1*,PG.3*,JN.1.39.2*,JN.1.58.2*,JN.1.42.2*,KQ.1*,JN.1.1.3*,XEM*,JN.1.1.5*,KP.4.1*,MC.10.1.6*,JN.1.48.2*,JN.1.48.3*,JN.1.9.2*,XEC.27*,JN.1.18.8*,XES.1*,MC.33.2*,NB.1.6.1*,XDK.1*,MC.13.2.2*,XEK.7*	23	2025-03-09 to 2025-03-29 versus 2025-02-16 to 2025-03-08	0.29222	0.340214	+4.799	XFG,LP.8.1,LB.1.3.1,XFC,XEQ,LF.7.9,LF.7.7.2,LF.7.2.1,LF.7,LF.7.7.1
21653	S	T21653C	S31P	XFC*,LF.7*,XFN*,XFP*,MT.1*,KP.2.26*,KP.3.2.6*,MJ.1*,NF.1*,XER*,JN.1.40*	30	2025-04-27 to 2025-05-17 versus 2025-04-06 to 2025-04-26	0.03073	0.081328	+5.06	XFG,XFC,LF.7.9,LF.7.7.2,LF.7.2.1,LF.7,LF.7.7.1
22132	S	G22132T	R190S	LP.8.1*,LF.7*,XFN*,XFP*,LB.1.4.1*,NC.1*,MA.1*,JN.1.59.1*,LP.7*,XEL.4*,NL.5.2*,NL.22.1*,NK.1*,LB.1.11*,LB.1.7.4*,LP.1.2*,XER*,LZ.4*,KP.4.2.6*,KP.4.2.4*,MC.19.1.1*,NL.1*,MC.33.1.1*	30	2025-04-27 to 2025-05-17 versus 2025-04-06 to 2025-04-26	0.414485	0.461523	+4.704	XFG,LP.8.1,XFC,LF.7.9,LF.7.7.2,LF.7.2.1,LF.7,LF.7.7.1
22995	S	C22995T	T478I	LF.7.10*,NL.9*,XDV.1.5*,QD.1*,ND.3*,LN.1.1*	32	2025-05-11 to 2025-05-31 versus 2025-04-20 to 2025-05-10	0.022851	0.061102	+3.825	NB.1.8.1
4364	ORF1a	A4364C	I1367L	XEP*,XEC.2*,KP.3.3.4*	17	2025-01-26 to 2025-02-15 versus 2025-01-05 to 2025-01-25	0.052692	0.065666	+1.297	Does not define any major lineages.
29625	ORF10	C29625T	S23F	No associated lineages	42	2025-07-20 to 2025-08-09 versus 2025-06-29 to 2025-07-19	0.024057	0.016778	-0.728	Does not define any major lineages.
27810	ORF7b	T27810C	F19L	No associated lineages	23	2025-03-09 to 2025-03-29 versus 2025-02-16 to 2025-03-08	0.622631	0.565943	-5.669	JN.1
23598	S	A23598G, T23599G	N679R	XFC*,XEC.32.1*,NY.7*,PG.4.1*,LP.8.1.1*,JN.1.68.1*,PF.2.4*,MC.10.2.1*,XDK.2*,PU.1*,XFT*,NR.1*,NW.1.5*,XEC.22*,KP.2.3.14*,MD.1*,PY.1.1*,PR.2*,LQ.1.1.1*	28	2025-04-13 to 2025-05-03 versus 2025-03-23 to 2025-04-12	0.018424	0.418104	+39.968	XFC
21653	S	T21653C	S31P	XFC*,LF.7*,XFN*,XFP*,MT.1*,KP.2.26*,KP.3.2.6*,MJ.1*,NF.1*,XER*,JN.1.40*	27	2025-04-06 to 2025-04-26 versus 2025-03-16 to 2025-04-05	0.055421	0.03073	-2.469	XFG,XFC,LF.7.9,LF.7.7.2,LF.7.2.1,LF.7,LF.7.7.1
22865	S	G22865T	A435S	NB.1.8.1*,MC.10.1*,XEC.32.1*,XFN*,KP.3.3.5*,MC.31*,XDV.1.9.1*,XEC.20.1*,XEC.18.2*,MU.6*,MC.21.1*,MC.28.1*,MC.30.1.1*,PG.1*,PY.1.1.1*,KP.2.14.2*,XEP*,LP.10.1.1*,MU.2.1.1*,XDY.1*,MC.13.2*,XEC.25.1*,XEC.14.1.1*,PT.1*,XFB*,PY.1.4.1*,XDY.3*,MC.46.1*,KP.3.3.2*,XEC.4.5.1*,XEC.4.6.1*,KP.3.7*	27	2025-04-06 to 2025-04-26 versus 2025-03-16 to 2025-04-05	0.112008	0.139851	+2.784	NB.1.8.1,PA.1,MC.10.1
2060	ORF1a	G2060A	A599T	XEC*,MC.24.1*	10	2024-12-08 to 2024-12-28 versus 2024-11-17 to 2024-12-07	0.194849	0.276203	+8.135	XEC,XEC.4
7267	ORF1a	C7267A	F2334L	No associated lineages	34	2025-05-25 to 2025-06-14 versus 2025-05-04 to 2025-05-24	0.028316	0.025962	-0.235	Does not define any major lineages.
2937	ORF1a	C2937T	T891I	No associated lineages	31	2025-05-04 to 2025-05-24 versus 2025-04-13 to 2025-05-03	0.014082	0.021756	+0.767	Does not define any major lineages.
22895	S	G22895C, T22896G	V445R	LP.8.1*,XFG*,NZ.1*,LP.8.2*,MK.3*,LF.7.12.1*,MC.32.1*,XEC.27*,XFT*,MC.33.1*,MC.19.1*	29	2025-04-20 to 2025-05-10 versus 2025-03-30 to 2025-04-19	0.240834	0.236132	-0.47	XFG,LP.8.1,XFC
25693	ORF3a	C25693T	L101F	NW.1*	22	2025-03-02 to 2025-03-22 versus 2025-02-09 to 2025-03-01	0.007326	0.035638	+2.831	Does not define any major lineages.
28883	N	G28883C, G28884C	G204P	PP.1.1.1*,MC.24.1*,PQ.1.1*,KP.3.3*,XEP*	30	2025-04-27 to 2025-05-17 versus 2025-04-06 to 2025-04-26	0.122024	0.084953	-3.707	XEC,XEC.4,XEK
25793	ORF3a	G25793A	R134H	XDV.1.5.1*	33	2025-05-18 to 2025-06-07 versus 2025-04-27 to 2025-05-17	0.020872	0.037967	+1.709	NB.1.8.1
6255	ORF1a	C6255T	A1997V	LP.8.1*,LP.11*,XFV*,LP.8.2*	33	2025-05-18 to 2025-06-07 versus 2025-04-27 to 2025-05-17	0.582408	0.490062	-9.235	LP.8.1,XFC
3896	ORF1a	G3896A	V1211I	No associated lineages	19	2025-02-09 to 2025-03-01 versus 2025-01-19 to 2025-02-08	0.014854	0.026631	+1.178	Does not define any major lineages.
28892	N	C28892A	P207T	No associated lineages	19	2025-02-09 to 2025-03-01 versus 2025-01-19 to 2025-02-08	0.038805	0.00491	-3.39	Does not define any major lineages.
23277	S	C23277T	T572I	XFG*,XEC.4*,MC.1*,XDK*,MU.1*,MC.13.4*,XFA*,LF.7.1.8*,MV.1.6*,KP.2.15.1*,JN.1.32*,NY.16.1*,XDV.1.3*,XDY.1.1*,NT.2.1*,PW.1*,MC.6.1*,JN.1.62*,XEC.35*,MH.1*,KP.2.27*,JN.1.16.3*,LF.7.3.6*,NY.19*,JN.1.47.2*,MC.30.1.1*,KP.2.3.8*,KP.2.14.1*,XEC.21*,MC.26.1*,NB.1.3.1*,LZ.3*,LP.4*,LB.1.2.2*,XDY.5.1*,JN.1.9.1*,JN.1.1.1*,KP.2.9*,KP.2.2.2*,XDD.3*,XEC.37*,XEC.2.2.1*,LF.7.6.5*,LD.1*,JN.1.7*,LF.7.7*,MC.9.2*,KP.1.2*,XFB*,LF.7.10.1*,KP.2.3.6*,XEC.25.1.1*,NL.5.1*,KV.2*,MG.1*,XEF.3*,NL.13*,JN.1.65*,MZ.5*,KW.1*,MC.11.3.1*,JN.1.4.3*,MC.8.1*,KP.5*	30	2025-04-27 to 2025-05-17 versus 2025-04-06 to 2025-04-26	0.046369	0.068233	+2.186	XFG,XEC.4,MC.1,LF.7.7.1
25844	ORF3a	C25844T	T151I	XFJ*,XFM*	34	2025-05-25 to 2025-06-14 versus 2025-05-04 to 2025-05-24	0.027936	0.018304	-0.963	Does not define any major lineages.
3939	ORF1a	G3939T	R1225I	XFT*,LF.7.7*	27	2025-04-06 to 2025-04-26 versus 2025-03-16 to 2025-04-05	0.018693	0.022995	+0.43	LF.7.7.2,LF.7.7.1
22928	S	T22928C	F456L	JN.1.7.9*,LR.1*,KU.2*,JN.1.39.1*,KR.5*,KR.1*,JN.1.67.1*,JN.1.48.1*,JN.1.62*,NS.3*,LN.1.1*,KR.3*,JN.1.29.1*,JN.1.1.8*,JN.1.4.9*,LF.6*,XDR.1.1*,KS.1*,LF.8*,JN.1.18.5*,LL.1*,XDK.1.2*,KR.4.1*,XDK.4.1*,LM.1*,MD.3.1*,LZ.1*,KW.1.1*,XDD.3*,LQ.1*,JN.1.1.6*,XDK.3*,JN.1.11.1*,JN.1.55.2*,JN.1.16*,XDK.6*,JN.1.55.1*,JN.1.48.3*,LR.3*,JN.1.50*,JN.1.51.1*,JN.1.15.1*,MD.1*,JN.1.7.8*,XDK.5*,LZ.2.2*,XDV.1*,JN.1.18.9*,JN.1.18.4*,LZ.2.1*,LE.1.3.1*,JN.1.65.1*	7	2024-11-17 to 2024-12-07 versus 2024-10-27 to 2024-11-16	0.908796	0.963389	+5.459	XFG,LP.8.1,LB.1.3.1,XFC,KP.3.1.1,XEC,XEQ,NB.1.8.1,LF.7.9,KP.3,XEC.4,LF.7.7.2,PA.1,MC.1,LF.7.2.1,XEK,LF.7,LF.7.7.1,MC.10.1
10323	ORF1a	A10323G	K3353R	LP.8.1.5*,LF.7.8*,JN.1.52*,NY.7.2*,MC.10.2*	41	2025-07-13 to 2025-08-02 versus 2025-06-22 to 2025-07-12	0.021196	0.004514	-1.668	Does not define any major lineages.
25925	ORF3a	C25925T	P178L	LP.8.1*,LP.11*,XFT*,LP.8.2*	22	2025-03-02 to 2025-03-22 versus 2025-02-09 to 2025-03-01	0.271249	0.378275	+10.703	LP.8.1,XFC
22111	S	G22111T	Q183H	XFB*,LB.1*,JN.1.9*,XFR*,LY.2*,JN.1.32.1*	8	2024-11-24 to 2024-12-14 versus 2024-11-03 to 2024-11-23	0.020176	0.016863	-0.331	LB.1.3.1
2060	ORF1a	G2060A	A599T	XEC*,MC.24.1*	2	2024-10-13 to 2024-11-02 versus 2024-09-22 to 2024-10-12	0.046825	0.109499	+6.267	XEC,XEC.4
21653	S	T21653C	S31P	XFC*,LF.7*,XFN*,XFP*,MT.1*,KP.2.26*,KP.3.2.6*,MJ.1*,NF.1*,XER*,JN.1.40*	9	2024-12-01 to 2024-12-21 versus 2024-11-10 to 2024-11-30	0.054252	0.049483	-0.477	XFG,XFC,LF.7.9,LF.7.7.2,LF.7.2.1,LF.7,LF.7.7.1
21627	S	C21627A	T22N	XFC*,XEC*,LF.7*,XEQ*,KP.3.3.9*,XFP*,MB.1.1*,NB.1*,KP.2.14*,KS.1.5*,JN.1.18.7*,MR.2*,XEN*,XDV.1.7.1*,MT.1.1*,PF.2*,KP.3.1.9*,PB.1*,MU.6*,JN.1.16.5*,PM.1*,KP.2.26*,LF.8.1.1*,KP.3.6*,MU.3*,KP.2.18*,KS.1.1*,MG.3*,NG.1*,LJ.1*,MJ.1.1*,XER*,PB.2*,KP.2.2.1*,NW.1.2*,MC.24.1*,LP.8.1.6*,PP.1*,XEL*	9	2024-12-01 to 2024-12-21 versus 2024-11-10 to 2024-11-30	0.433524	0.497538	+6.401	XFG,XFC,XEC,XEQ,NB.1.8.1,LF.7.9,XEC.4,LF.7.7.2,LF.7.2.1,XEK,LF.7,LF.7.7.1
6312	ORF1a	C6312T	T2016I	XEC.4*,LU.1*,PQ.10*	20	2025-02-16 to 2025-03-08 versus 2025-01-26 to 2025-02-15	0.016581	0.022088	+0.551	XEC.4
25969	ORF3a	T25969C	W193R	PQ.2*	39	2025-06-29 to 2025-07-19 versus 2025-06-08 to 2025-06-28	0.023482	0.01479	-0.869	Does not define any major lineages.
405	ORF1a	A405G	K47R	XDR*,XDK*,XDS*,XDD*	34	2025-05-25 to 2025-06-14 versus 2025-05-04 to 2025-05-24	0.109444	0.170204	+6.076	NB.1.8.1
11003	ORF1a	C11003T	H3580Y	PA.3*	13	2024-12-29 to 2025-01-18 versus 2024-12-08 to 2024-12-28	0.005564	0.026319	+2.076	Does not define any major lineages.
22599	S	G22599C	R346T	XFN*,JN.1.24.1*,MC.13.2.4*,LE.1*,MC.31*,XED*,JN.1.59.1*,MF.1*,KR.5*,MC.32.1*,JN.1.48.1*,MC.28.1.1*,XDD.1.1.1*,MC.33.1*,NB.1.2.1*,MZ.3*,PJ.1*,JN.1.11.2*,JN.1.8.2*,KZ.1.1*,LN.1.1*,XDR.1*,LU.1*,XEP.1.1*,JN.1.7.3*,MU.3*,JN.1.16.1*,JN.1.29.1*,LF.6*,JN.1.44.1*,LG.1*,KS.1*,XEH*,LF.8*,JN.1.25.1*,MC.17.1*,JN.1.18*,MQ.1*,JN.1.30.1*,NU.1*,LU.2*,JN.1.6.1*,MC.19*,KP.2*,PK.1*,JN.1.50.1*,JN.1.4.4*,JN.1.49.1*,MC.13.3.1*,MK.3*,JN.1.26*,MC.13.2.1*,PG.3*,JN.1.39.2*,JN.1.58.2*,JN.1.42.2*,KQ.1*,JN.1.1.3*,XEM*,JN.1.1.5*,KP.4.1*,MC.10.1.6*,JN.1.48.2*,JN.1.48.3*,JN.1.9.2*,XEC.27*,JN.1.18.8*,XES.1*,MC.33.2*,NB.1.6.1*,XDK.1*,MC.13.2.2*,XEK.7*	2	2024-10-13 to 2024-11-02 versus 2024-09-22 to 2024-10-12	0.191901	0.130083	-6.182	XFG,LP.8.1,LB.1.3.1,XFC,XEQ,LF.7.9,LF.7.7.2,LF.7.2.1,LF.7,LF.7.7.1
21652	S	TTC21652-21654del	NS30-31Ndel	No associated lineages	10	2024-12-08 to 2024-12-28 versus 2024-11-17 to 2024-12-07	0.486679	0.413696	-7.298	LP.8.1,LB.1.3.1,KP.3.1.1,PA.1,MC.1,MC.10.1
27810	ORF7b	T27810C	F19L	No associated lineages	18	2025-02-02 to 2025-02-22 versus 2025-01-12 to 2025-02-01	0.754124	0.67417	-7.995	JN.1
25969	ORF3a	T25969C	W193R	PQ.2*	37	2025-06-15 to 2025-07-05 versus 2025-05-25 to 2025-06-14	0.021922	0.022313	+0.039	Does not define any major lineages.
4364	ORF1a	A4364C	I1367L	XEP*,XEC.2*,KP.3.3.4*	32	2025-05-11 to 2025-05-31 versus 2025-04-20 to 2025-05-10	0.021185	0.005999	-1.519	Does not define any major lineages.
22895	S	G22895C, T22896C	V445P	LF.7.9*,LF.7.7.2*,PA.1*,LB.1.3.1*,LK.1*,XFP*,NS.1.1*,MV.1.1.1*,LP.1.2.1*,XFG.1*,KP.2.3.4*,NN.1*,LF.3.1*,NC.1.2*,JN.1.1.8*,MA.1.1.1*,LF.7.8*,LP.9*,MU.2.1.1*,LF.7.10.1*,LF.7.6.2*,KP.2.28.1*,JN.1.50*,LB.1.10*,LF.7.1.10*,MU.5*,QJ.1*	7	2024-11-17 to 2024-12-07 versus 2024-10-27 to 2024-11-16	0.014587	0.027962	+1.338	LB.1.3.1,LF.7.9,LF.7.7.2,PA.1
29409	N	C29409T	T379I	XFG*,LF.7.9*,LB.1.3.1*,NT.1*,MC.10.1.3*,XDS*,XEC.2.3*,NS.3*,XEC.35.1*	11	2024-12-15 to 2025-01-04 versus 2024-11-24 to 2024-12-14	0.023606	0.032335	+0.873	XFG,LB.1.3.1,LF.7.9
21652	S	TTC21652-21654del	NS30-31Ndel	No associated lineages	17	2025-01-26 to 2025-02-15 versus 2025-01-05 to 2025-01-25	0.445606	0.414535	-3.107	LP.8.1,LB.1.3.1,KP.3.1.1,PA.1,MC.1,MC.10.1
21627	S	C21627A	T22N	XFC*,XEC*,LF.7*,XEQ*,KP.3.3.9*,XFP*,MB.1.1*,NB.1*,KP.2.14*,KS.1.5*,JN.1.18.7*,MR.2*,XEN*,XDV.1.7.1*,MT.1.1*,PF.2*,KP.3.1.9*,PB.1*,MU.6*,JN.1.16.5*,PM.1*,KP.2.26*,LF.8.1.1*,KP.3.6*,MU.3*,KP.2.18*,KS.1.1*,MG.3*,NG.1*,LJ.1*,MJ.1.1*,XER*,PB.2*,KP.2.2.1*,NW.1.2*,MC.24.1*,LP.8.1.6*,PP.1*,XEL*	20	2025-02-16 to 2025-03-08 versus 2025-01-26 to 2025-02-15	0.529841	0.470349	-5.949	XFG,XFC,XEC,XEQ,NB.1.8.1,LF.7.9,XEC.4,LF.7.7.2,LF.7.2.1,XEK,LF.7,LF.7.7.1
22120	S	C22120A	F186L	LP.8.1*,LP.8.2*,XFT*	26	2025-03-30 to 2025-04-19 versus 2025-03-09 to 2025-03-29	0.190785	0.243342	+5.256	LP.8.1
21652	S	TTC21652-21654del	NS30-31Ndel	No associated lineages	2	2024-10-13 to 2024-11-02 versus 2024-09-22 to 2024-10-12	0.544423	0.574208	+2.979	LP.8.1,LB.1.3.1,KP.3.1.1,PA.1,MC.1,MC.10.1
11727	ORF1a	G11727A	R3821K	No associated lineages	18	2025-02-02 to 2025-02-22 versus 2025-01-12 to 2025-02-01	0.978565	0.916851	-6.171	JN.1
7869	ORF1a	C7869T	S2535L	LF.7*	18	2025-02-02 to 2025-02-22 versus 2025-01-12 to 2025-02-01	0.047231	0.042645	-0.459	XFG,LF.7.9,LF.7.7.2,LF.7.2.1,LF.7,LF.7.7.1
13121	ORF1a	A13121T	S4286C	KP.3.1.1*,XFA*,XFK*,XEW*	25	2025-03-23 to 2025-04-12 versus 2025-03-02 to 2025-03-22	0.123217	0.106935	-1.628	KP.3.1.1,PA.1,MC.1,MC.10.1
27810	ORF7b	T27810C	F19L	No associated lineages	5	2024-11-03 to 2024-11-23 versus 2024-10-13 to 2024-11-02	0.665639	0.654341	-1.13	JN.1
29409	N	C29409T	T379I	XFG*,LF.7.9*,LB.1.3.1*,NT.1*,MC.10.1.3*,XDS*,XEC.2.3*,NS.3*,XEC.35.1*	18	2025-02-02 to 2025-02-22 versus 2025-01-12 to 2025-02-01	0.034885	0.026438	-0.845	XFG,LB.1.3.1,LF.7.9
16943	ORF1b	G16943T	S1159I	XEQ*	12	2024-12-22 to 2025-01-11 versus 2024-12-01 to 2024-12-21	0.015102	0.021221	+0.612	XEQ
22884	S	T22884G	L441R	LF.7.9*,LF.7.6.2*,XFP*,MV.1.5*	38	2025-06-22 to 2025-07-12 versus 2025-06-01 to 2025-06-21	0.023714	0.039923	+1.621	LF.7.9
11124	ORF1a	C11124T	A3620V	XEC.23.1*,LP.8.2.1*	17	2025-01-26 to 2025-02-15 versus 2025-01-05 to 2025-01-25	0.020062	0.003723	-1.634	Does not define any major lineages.
3896	ORF1a	G3896A	V1211I	No associated lineages	20	2025-02-16 to 2025-03-08 versus 2025-01-26 to 2025-02-15	0.010954	0.024959	+1.4	Does not define any major lineages.
8390	ORF1a	A8390G	I2709V	NB.1*	30	2025-04-27 to 2025-05-17 versus 2025-04-06 to 2025-04-26	0.014729	0.077143	+6.241	NB.1.8.1
7267	ORF1a	C7267A	F2334L	No associated lineages	23	2025-03-09 to 2025-03-29 versus 2025-02-16 to 2025-03-08	0.015081	0.022484	+0.74	Does not define any major lineages.
22926	S	T22926C	L455S	No associated lineages	20	2025-02-16 to 2025-03-08 versus 2025-01-26 to 2025-02-15	0.777661	0.636411	-14.125	JN.1
12924	ORF1a	C12924T	P4220L	XDV*	40	2025-07-06 to 2025-07-26 versus 2025-06-15 to 2025-07-05	0.243753	0.208106	-3.565	NB.1.8.1
4683	ORF1a	C4683T	A1473V	XDV.1.5*,LB.1.4*,XFC.1.3*	36	2025-06-08 to 2025-06-28 versus 2025-05-18 to 2025-06-07	0.135423	0.197698	+6.228	NB.1.8.1
17668	ORF1b	G17668T	G1401C	No associated lineages	30	2025-04-27 to 2025-05-17 versus 2025-04-06 to 2025-04-26	0.025115	0.001295	-2.382	Does not define any major lineages.
22865	S	G22865T	A435S	NB.1.8.1*,MC.10.1*,XEC.32.1*,XFN*,KP.3.3.5*,MC.31*,XDV.1.9.1*,XEC.20.1*,XEC.18.2*,MU.6*,MC.21.1*,MC.28.1*,MC.30.1.1*,PG.1*,PY.1.1.1*,KP.2.14.2*,XEP*,LP.10.1.1*,MU.2.1.1*,XDY.1*,MC.13.2*,XEC.25.1*,XEC.14.1.1*,PT.1*,XFB*,PY.1.4.1*,XDY.3*,MC.46.1*,KP.3.3.2*,XEC.4.5.1*,XEC.4.6.1*,KP.3.7*	31	2025-05-04 to 2025-05-24 versus 2025-04-13 to 2025-05-03	0.108688	0.315811	+20.712	NB.1.8.1,PA.1,MC.10.1
25324	S	C25324A	C1254*	No associated lineages	37	2025-06-15 to 2025-07-05 versus 2025-05-25 to 2025-06-14	0.024419	0.033061	+0.864	Does not define any major lineages.
25693	ORF3a	C25693T	L101F	NW.1*	37	2025-06-15 to 2025-07-05 versus 2025-05-25 to 2025-06-14	0.015567	0.022746	+0.718	Does not define any major lineages.
22031	S	T22031-22031del, 22035-insertG	FR157-158SG	No associated lineages	26	2025-03-30 to 2025-04-19 versus 2025-03-09 to 2025-03-29	0.585318	0.520447	-6.487	Does not define any major lineages.
29081	N	G29081T	V270L	XFG.2*	34	2025-05-25 to 2025-06-14 versus 2025-05-04 to 2025-05-24	0.036386	0.059008	+2.262	Does not define any major lineages.
22132	S	G22132T	R190S	LP.8.1*,LF.7*,XFN*,XFP*,LB.1.4.1*,NC.1*,MA.1*,JN.1.59.1*,LP.7*,XEL.4*,NL.5.2*,NL.22.1*,NK.1*,LB.1.11*,LB.1.7.4*,LP.1.2*,XER*,LZ.4*,KP.4.2.6*,KP.4.2.4*,MC.19.1.1*,NL.1*,MC.33.1.1*	29	2025-04-20 to 2025-05-10 versus 2025-03-30 to 2025-04-19	0.39974	0.454144	+5.44	XFG,LP.8.1,XFC,LF.7.9,LF.7.7.2,LF.7.2.1,LF.7,LF.7.7.1
22895	S	G22895C, T22896C	V445P	LF.7.9*,LF.7.7.2*,PA.1*,LB.1.3.1*,LK.1*,XFP*,NS.1.1*,MV.1.1.1*,LP.1.2.1*,XFG.1*,KP.2.3.4*,NN.1*,LF.3.1*,NC.1.2*,JN.1.1.8*,MA.1.1.1*,LF.7.8*,LP.9*,MU.2.1.1*,LF.7.10.1*,LF.7.6.2*,KP.2.28.1*,JN.1.50*,LB.1.10*,LF.7.1.10*,MU.5*,QJ.1*	11	2024-12-15 to 2025-01-04 versus 2024-11-24 to 2024-12-14	0.027432	0.034472	+0.704	LB.1.3.1,LF.7.9,LF.7.7.2,PA.1
405	ORF1a	A405G	K47R	XDR*,XDK*,XDS*,XDD*	37	2025-06-15 to 2025-07-05 versus 2025-05-25 to 2025-06-14	0.170204	0.205281	+3.508	NB.1.8.1
15451	ORF1b	G15451A	G662S	XDV*	42	2025-07-20 to 2025-08-09 versus 2025-06-29 to 2025-07-19	0.098658	0.072062	-2.66	NB.1.8.1
2949	ORF1a	T2949G	I895S	No associated lineages	22	2025-03-02 to 2025-03-22 versus 2025-02-09 to 2025-03-01	0.020333	0.020583	+0.025	Does not define any major lineages.
28254	ORF8	A28254-28254del	121fs	No associated lineages	34	2025-05-25 to 2025-06-14 versus 2025-05-04 to 2025-05-24	0.020188	0.018547	-0.164	Does not define any major lineages.
22893	S	A22893G	K444R	LF.7*,JN.1.23*,JN.1.61*,XER*,NY.3.1.1*,NA.1.1*	34	2025-05-25 to 2025-06-14 versus 2025-05-04 to 2025-05-24	0.102109	0.168699	+6.659	XFG,LF.7.9,LF.7.7.2,LF.7.2.1,LF.7,LF.7.7.1
1895	ORF1a	G1895A	V544I	LF.7.9.1*	36	2025-06-08 to 2025-06-28 versus 2025-05-18 to 2025-06-07	0.024044	0.0328	+0.876	Does not define any major lineages.
18131	ORF1b	C18131T	T1555I	LB.1.3*	22	2025-03-02 to 2025-03-22 versus 2025-02-09 to 2025-03-01	0.03001	0.026355	-0.365	LB.1.3.1
22865	S	G22865T	A435S	NB.1.8.1*,MC.10.1*,XEC.32.1*,XFN*,KP.3.3.5*,MC.31*,XDV.1.9.1*,XEC.20.1*,XEC.18.2*,MU.6*,MC.21.1*,MC.28.1*,MC.30.1.1*,PG.1*,PY.1.1.1*,KP.2.14.2*,XEP*,LP.10.1.1*,MU.2.1.1*,XDY.1*,MC.13.2*,XEC.25.1*,XEC.14.1.1*,PT.1*,XFB*,PY.1.4.1*,XDY.3*,MC.46.1*,KP.3.3.2*,XEC.4.5.1*,XEC.4.6.1*,KP.3.7*	29	2025-04-20 to 2025-05-10 versus 2025-03-30 to 2025-04-19	0.131937	0.27465	+14.271	NB.1.8.1,PA.1,MC.10.1
20233	ORF1b	C20233T	P2256S	MC.32.1*,NW.1.2*	41	2025-07-13 to 2025-08-02 versus 2025-06-22 to 2025-07-12	0.026322	0.031358	+0.504	Does not define any major lineages.
28883	N	G28883C, G28884C	G204P	PP.1.1.1*,MC.24.1*,PQ.1.1*,KP.3.3*,XEP*	32	2025-05-11 to 2025-05-31 versus 2025-04-20 to 2025-05-10	0.108592	0.062046	-4.655	XEC,XEC.4,XEK
27810	ORF7b	T27810C	F19L	No associated lineages	16	2025-01-19 to 2025-02-08 versus 2024-12-29 to 2025-01-18	0.732521	0.76851	+3.599	JN.1
10301	ORF1a	C10301A	Q3346K	No associated lineages	22	2025-03-02 to 2025-03-22 versus 2025-02-09 to 2025-03-01	0.001795	0.021241	+1.945	Does not define any major lineages.
25925	ORF3a	C25925T	P178L	LP.8.1*,LP.11*,XFT*,LP.8.2*	17	2025-01-26 to 2025-02-15 versus 2025-01-05 to 2025-01-25	0.148089	0.243223	+9.513	LP.8.1,XFC
25324	S	C25324A	C1254*	No associated lineages	40	2025-07-06 to 2025-07-26 versus 2025-06-15 to 2025-07-05	0.033061	0.028355	-0.471	Does not define any major lineages.
7283	ORF1a	G7283T	V2340L	No associated lineages	38	2025-06-22 to 2025-07-12 versus 2025-06-01 to 2025-06-21	0.023529	0.025828	+0.23	Does not define any major lineages.
21627	S	C21627A	T22N	XFC*,XEC*,LF.7*,XEQ*,KP.3.3.9*,XFP*,MB.1.1*,NB.1*,KP.2.14*,KS.1.5*,JN.1.18.7*,MR.2*,XEN*,XDV.1.7.1*,MT.1.1*,PF.2*,KP.3.1.9*,PB.1*,MU.6*,JN.1.16.5*,PM.1*,KP.2.26*,LF.8.1.1*,KP.3.6*,MU.3*,KP.2.18*,KS.1.1*,MG.3*,NG.1*,LJ.1*,MJ.1.1*,XER*,PB.2*,KP.2.2.1*,NW.1.2*,MC.24.1*,LP.8.1.6*,PP.1*,XEL*	7	2024-11-17 to 2024-12-07 versus 2024-10-27 to 2024-11-16	0.392491	0.404035	+1.154	XFG,XFC,XEC,XEQ,NB.1.8.1,LF.7.9,XEC.4,LF.7.7.2,LF.7.2.1,XEK,LF.7,LF.7.7.1
22132	S	G22132T	R190S	LP.8.1*,LF.7*,XFN*,XFP*,LB.1.4.1*,NC.1*,MA.1*,JN.1.59.1*,LP.7*,XEL.4*,NL.5.2*,NL.22.1*,NK.1*,LB.1.11*,LB.1.7.4*,LP.1.2*,XER*,LZ.4*,KP.4.2.6*,KP.4.2.4*,MC.19.1.1*,NL.1*,MC.33.1.1*	14	2025-01-05 to 2025-01-25 versus 2024-12-15 to 2025-01-04	0.111195	0.173186	+6.199	XFG,LP.8.1,XFC,LF.7.9,LF.7.7.2,LF.7.2.1,LF.7,LF.7.7.1
24872	S	G24872T	V1104L	XEQ*,XDY.3*,XDY.9*,XDY.6*,JN.1.11*,XEF*,XDY.8*,XDY.1*,XDY*,XDY.2*,XDY.5*,XDY.4*,LB.1.1*,XFT*,XDY.11*,XDY.7*	35	2025-06-01 to 2025-06-21 versus 2025-05-11 to 2025-05-31	0.574137	0.347409	-22.673	LP.8.1,XFC,KP.3.1.1,XEC,XEQ,KP.3,XEC.4,PA.1,MC.1,XEK,MC.10.1
14964	ORF1b	A14964C	K499N	No associated lineages	22	2025-03-02 to 2025-03-22 versus 2025-02-09 to 2025-03-01	0.020932	0.019324	-0.161	Does not define any major lineages.
27810	ORF7b	T27810C	F19L	No associated lineages	24	2025-03-16 to 2025-04-05 versus 2025-02-23 to 2025-03-15	0.599426	0.5831	-1.633	JN.1
13121	ORF1a	A13121T	S4286C	KP.3.1.1*,XFA*,XFK*,XEW*	27	2025-04-06 to 2025-04-26 versus 2025-03-16 to 2025-04-05	0.113545	0.098937	-1.461	KP.3.1.1,PA.1,MC.1,MC.10.1
24872	S	G24872T	V1104L	XEQ*,XDY.3*,XDY.9*,XDY.6*,JN.1.11*,XEF*,XDY.8*,XDY.1*,XDY*,XDY.2*,XDY.5*,XDY.4*,LB.1.1*,XFT*,XDY.11*,XDY.7*	26	2025-03-30 to 2025-04-19 versus 2025-03-09 to 2025-03-29	0.694966	0.688438	-0.653	LP.8.1,XFC,KP.3.1.1,XEC,XEQ,KP.3,XEC.4,PA.1,MC.1,XEK,MC.10.1
14189	ORF1b	C14189T	A241V	NY.14*,NY.8*	24	2025-03-16 to 2025-04-05 versus 2025-02-23 to 2025-03-15	0.020873	0.034349	+1.348	Does not define any major lineages.
23039	S	C23039G	Q493E	LP.8.1*,XFG*,KP.3*,XEQ*,XFH*,JN.1.16.4*,XDY*,JN.1.16.5*,LP.8.2*,KP.3.4*,XDY.9*,XEF*,XDY.1*,XFT*,XDY.5*,XDY.4*,XDY.11*,LF.7.1.11*,XET*,XDY.3*,NB.1.8*,XDY.6*,XDY.8*,XDY.2*,XDY.7*	1	2024-10-06 to 2024-10-26 versus 2024-09-15 to 2024-10-05	0.195366	0.766156	+57.079	XFG,LP.8.1,XFC,KP.3.1.1,XEC,XEQ,NB.1.8.1,KP.3,XEC.4,PA.1,MC.1,XEK,MC.10.1
21652	S	TTC21652-21654del	NS30-31Ndel	No associated lineages	4	2024-10-27 to 2024-11-16 versus 2024-10-06 to 2024-10-26	0.60138	0.483532	-11.785	LP.8.1,LB.1.3.1,KP.3.1.1,PA.1,MC.1,MC.10.1
21627	S	C21627A	T22N	XFC*,XEC*,LF.7*,XEQ*,KP.3.3.9*,XFP*,MB.1.1*,NB.1*,KP.2.14*,KS.1.5*,JN.1.18.7*,MR.2*,XEN*,XDV.1.7.1*,MT.1.1*,PF.2*,KP.3.1.9*,PB.1*,MU.6*,JN.1.16.5*,PM.1*,KP.2.26*,LF.8.1.1*,KP.3.6*,MU.3*,KP.2.18*,KS.1.1*,MG.3*,NG.1*,LJ.1*,MJ.1.1*,XER*,PB.2*,KP.2.2.1*,NW.1.2*,MC.24.1*,LP.8.1.6*,PP.1*,XEL*	3	2024-10-20 to 2024-11-09 versus 2024-09-29 to 2024-10-19	0.168292	0.33699	+16.87	XFG,XFC,XEC,XEQ,NB.1.8.1,LF.7.9,XEC.4,LF.7.7.2,LF.7.2.1,XEK,LF.7,LF.7.7.1
22986	S	C22986T	A475V	LF.7.9*,LF.7.2.1*,XFP*,PF.2.2.1*,PV.3*,NY.6*,LP.10.1*,QJ.2*,LF.7.3.6*,PL.1*,LF.7.12*,XFC.2*,KP.2.3.1*,LP.8.2.1*,LP.8.1.9*,NY.3.1.1*,LF.7.1.2*,LF.7.1.7*,QH.1*,NY.7.1.1*,LF.7.3.1*,QC.2.1*	31	2025-05-04 to 2025-05-24 versus 2025-04-13 to 2025-05-03	0.040198	0.028368	-1.183	LF.7.9,LF.7.2.1
21653	S	T21653C	S31P	XFC*,LF.7*,XFN*,XFP*,MT.1*,KP.2.26*,KP.3.2.6*,MJ.1*,NF.1*,XER*,JN.1.40*	42	2025-07-20 to 2025-08-09 versus 2025-06-29 to 2025-07-19	0.461362	0.550486	+8.912	XFG,XFC,LF.7.9,LF.7.7.2,LF.7.2.1,LF.7,LF.7.7.1
18131	ORF1b	C18131T	T1555I	LB.1.3*	1	2024-10-06 to 2024-10-26 versus 2024-09-15 to 2024-10-05	0.022454	0.013811	-0.864	LB.1.3.1
7252	ORF1a	G7252T	L2329F	No associated lineages	38	2025-06-22 to 2025-07-12 versus 2025-06-01 to 2025-06-21	0.027169	0.03747	+1.03	Does not define any major lineages.
21627	S	C21627A	T22N	XFC*,XEC*,LF.7*,XEQ*,KP.3.3.9*,XFP*,MB.1.1*,NB.1*,KP.2.14*,KS.1.5*,JN.1.18.7*,MR.2*,XEN*,XDV.1.7.1*,MT.1.1*,PF.2*,KP.3.1.9*,PB.1*,MU.6*,JN.1.16.5*,PM.1*,KP.2.26*,LF.8.1.1*,KP.3.6*,MU.3*,KP.2.18*,KS.1.1*,MG.3*,NG.1*,LJ.1*,MJ.1.1*,XER*,PB.2*,KP.2.2.1*,NW.1.2*,MC.24.1*,LP.8.1.6*,PP.1*,XEL*	13	2024-12-29 to 2025-01-18 versus 2024-12-08 to 2024-12-28	0.523478	0.510863	-1.262	XFG,XFC,XEC,XEQ,NB.1.8.1,LF.7.9,XEC.4,LF.7.7.2,LF.7.2.1,XEK,LF.7,LF.7.7.1
11003	ORF1a	C11003T	H3580Y	PA.3*	17	2025-01-26 to 2025-02-15 versus 2025-01-05 to 2025-01-25	0.0276	0.005004	-2.26	Does not define any major lineages.
23600	S	T23600C	S680P	MM.1*,LF.7.3.6*,XEK.1.1*,LB.1.7.2*,PV.1*,XFG.3.4.1*	41	2025-07-13 to 2025-08-02 versus 2025-06-22 to 2025-07-12	0.015222	0.021376	+0.615	Does not define any major lineages.
25445	ORF3a	G25445T	G18V	XFG.2.1*	41	2025-07-13 to 2025-08-02 versus 2025-06-22 to 2025-07-12	0.006782	0.020057	+1.328	Does not define any major lineages.
22926	S	T22926C	L455S	No associated lineages	28	2025-04-13 to 2025-05-03 versus 2025-03-23 to 2025-04-12	0.656066	0.70115	+4.508	JN.1
22031	S	T22031-22031del, 22035-insertG	FR157-158SG	No associated lineages	13	2024-12-29 to 2025-01-18 versus 2024-12-08 to 2024-12-28	0.738204	0.932722	+19.452	Does not define any major lineages.
22031	S	T22031-22031del, 22035-insertG	FR157-158SG	No associated lineages	29	2025-04-20 to 2025-05-10 versus 2025-03-30 to 2025-04-19	0.520447	0.583163	+6.272	Does not define any major lineages.
22986	S	C22986T	A475V	LF.7.9*,LF.7.2.1*,XFP*,PF.2.2.1*,PV.3*,NY.6*,LP.10.1*,QJ.2*,LF.7.3.6*,PL.1*,LF.7.12*,XFC.2*,KP.2.3.1*,LP.8.2.1*,LP.8.1.9*,NY.3.1.1*,LF.7.1.2*,LF.7.1.7*,QH.1*,NY.7.1.1*,LF.7.3.1*,QC.2.1*	38	2025-06-22 to 2025-07-12 versus 2025-06-01 to 2025-06-21	0.039602	0.073562	+3.396	LF.7.9,LF.7.2.1
21653	S	T21653C	S31P	XFC*,LF.7*,XFN*,XFP*,MT.1*,KP.2.26*,KP.3.2.6*,MJ.1*,NF.1*,XER*,JN.1.40*	39	2025-06-29 to 2025-07-19 versus 2025-06-08 to 2025-06-28	0.390865	0.461362	+7.05	XFG,XFC,LF.7.9,LF.7.7.2,LF.7.2.1,LF.7,LF.7.7.1
27476	ORF7a	C27476T	T28I	LB.1.3.1*,JN.1.8*,JN.1.8.1*	9	2024-12-01 to 2024-12-21 versus 2024-11-10 to 2024-11-30	0.030882	0.041818	+1.094	LB.1.3.1
10323	ORF1a	A10323G	K3353R	LP.8.1.5*,LF.7.8*,JN.1.52*,NY.7.2*,MC.10.2*	31	2025-05-04 to 2025-05-24 versus 2025-04-13 to 2025-05-03	0.006183	0.021193	+1.501	Does not define any major lineages.
27754	ORF7a	G27754C	E121Q	XFG.14*	42	2025-07-20 to 2025-08-09 versus 2025-06-29 to 2025-07-19	0.005035	0.022432	+1.74	Does not define any major lineages.
18766	ORF1b	G18766T	D1767Y	No associated lineages	30	2025-04-27 to 2025-05-17 versus 2025-04-06 to 2025-04-26	0.000543	0.021062	+2.052	Does not define any major lineages.
7113	ORF1a	C7113T	T2283I	PY.5*,XDV*,JN.1.11.1*,KU.2*,XFG.19*	41	2025-07-13 to 2025-08-02 versus 2025-06-22 to 2025-07-12	0.485553	0.279573	-20.598	LP.8.1,XFC,KP.3.1.1,NB.1.8.1,KP.3,PA.1,MC.1,XEK,MC.10.1
11727	ORF1a	G11727A	R3821K	No associated lineages	29	2025-04-20 to 2025-05-10 versus 2025-03-30 to 2025-04-19	0.947656	0.915357	-3.23	JN.1
22132	S	G22132T	R190S	LP.8.1*,LF.7*,XFN*,XFP*,LB.1.4.1*,NC.1*,MA.1*,JN.1.59.1*,LP.7*,XEL.4*,NL.5.2*,NL.22.1*,NK.1*,LB.1.11*,LB.1.7.4*,LP.1.2*,XER*,LZ.4*,KP.4.2.6*,KP.4.2.4*,MC.19.1.1*,NL.1*,MC.33.1.1*	32	2025-05-11 to 2025-05-31 versus 2025-04-20 to 2025-05-10	0.454144	0.530749	+7.661	XFG,LP.8.1,XFC,LF.7.9,LF.7.7.2,LF.7.2.1,LF.7,LF.7.7.1
25324	S	C25324A	C1254*	No associated lineages	32	2025-05-11 to 2025-05-31 versus 2025-04-20 to 2025-05-10	0.018089	0.024432	+0.634	Does not define any major lineages.
27476	ORF7a	C27476T	T28I	LB.1.3.1*,JN.1.8*,JN.1.8.1*	22	2025-03-02 to 2025-03-22 versus 2025-02-09 to 2025-03-01	0.038509	0.042688	+0.418	LB.1.3.1
24872	S	G24872T	V1104L	XEQ*,XDY.3*,XDY.9*,XDY.6*,JN.1.11*,XEF*,XDY.8*,XDY.1*,XDY*,XDY.2*,XDY.5*,XDY.4*,LB.1.1*,XFT*,XDY.11*,XDY.7*	30	2025-04-27 to 2025-05-17 versus 2025-04-06 to 2025-04-26	0.68571	0.568373	-11.734	LP.8.1,XFC,KP.3.1.1,XEC,XEQ,KP.3,XEC.4,PA.1,MC.1,XEK,MC.10.1
2060	ORF1a	G2060A	A599T	XEC*,MC.24.1*	32	2025-05-11 to 2025-05-31 versus 2025-04-20 to 2025-05-10	0.070286	0.040106	-3.018	XEC,XEC.4
22112	S	G22112A	G184S	XDV.1.5*	31	2025-05-04 to 2025-05-24 versus 2025-04-13 to 2025-05-03	0.016032	0.06468	+4.865	NB.1.8.1
22928	S	T22928C	F456L	JN.1.7.9*,LR.1*,KU.2*,JN.1.39.1*,KR.5*,KR.1*,JN.1.67.1*,JN.1.48.1*,JN.1.62*,NS.3*,LN.1.1*,KR.3*,JN.1.29.1*,JN.1.1.8*,JN.1.4.9*,LF.6*,XDR.1.1*,KS.1*,LF.8*,JN.1.18.5*,LL.1*,XDK.1.2*,KR.4.1*,XDK.4.1*,LM.1*,MD.3.1*,LZ.1*,KW.1.1*,XDD.3*,LQ.1*,JN.1.1.6*,XDK.3*,JN.1.11.1*,JN.1.55.2*,JN.1.16*,XDK.6*,JN.1.55.1*,JN.1.48.3*,LR.3*,JN.1.50*,JN.1.51.1*,JN.1.15.1*,MD.1*,JN.1.7.8*,XDK.5*,LZ.2.2*,XDV.1*,JN.1.18.9*,JN.1.18.4*,LZ.2.1*,LE.1.3.1*,JN.1.65.1*	16	2025-01-19 to 2025-02-08 versus 2024-12-29 to 2025-01-18	0.964803	0.975578	+1.077	XFG,LP.8.1,LB.1.3.1,XFC,KP.3.1.1,XEC,XEQ,NB.1.8.1,LF.7.9,KP.3,XEC.4,LF.7.7.2,PA.1,MC.1,LF.7.2.1,XEK,LF.7,LF.7.7.1,MC.10.1
21627	S	C21627A	T22N	XFC*,XEC*,LF.7*,XEQ*,KP.3.3.9*,XFP*,MB.1.1*,NB.1*,KP.2.14*,KS.1.5*,JN.1.18.7*,MR.2*,XEN*,XDV.1.7.1*,MT.1.1*,PF.2*,KP.3.1.9*,PB.1*,MU.6*,JN.1.16.5*,PM.1*,KP.2.26*,LF.8.1.1*,KP.3.6*,MU.3*,KP.2.18*,KS.1.1*,MG.3*,NG.1*,LJ.1*,MJ.1.1*,XER*,PB.2*,KP.2.2.1*,NW.1.2*,MC.24.1*,LP.8.1.6*,PP.1*,XEL*	16	2025-01-19 to 2025-02-08 versus 2024-12-29 to 2025-01-18	0.510863	0.544323	+3.346	XFG,XFC,XEC,XEQ,NB.1.8.1,LF.7.9,XEC.4,LF.7.7.2,LF.7.2.1,XEK,LF.7,LF.7.7.1
7262	ORF1a	C7262A	L2333I	No associated lineages	31	2025-05-04 to 2025-05-24 versus 2025-04-13 to 2025-05-03	0.066344	0.074519	+0.818	Does not define any major lineages.
22895	S	G22895C, T22896C	V445P	LF.7.9*,LF.7.7.2*,PA.1*,LB.1.3.1*,LK.1*,XFP*,NS.1.1*,MV.1.1.1*,LP.1.2.1*,XFG.1*,KP.2.3.4*,NN.1*,LF.3.1*,NC.1.2*,JN.1.1.8*,MA.1.1.1*,LF.7.8*,LP.9*,MU.2.1.1*,LF.7.10.1*,LF.7.6.2*,KP.2.28.1*,JN.1.50*,LB.1.10*,LF.7.1.10*,MU.5*,QJ.1*	16	2025-01-19 to 2025-02-08 versus 2024-12-29 to 2025-01-18	0.047979	0.040828	-0.715	LB.1.3.1,LF.7.9,LF.7.7.2,PA.1
24872	S	G24872T	V1104L	XEQ*,XDY.3*,XDY.9*,XDY.6*,JN.1.11*,XEF*,XDY.8*,XDY.1*,XDY*,XDY.2*,XDY.5*,XDY.4*,LB.1.1*,XFT*,XDY.11*,XDY.7*	28	2025-04-13 to 2025-05-03 versus 2025-03-23 to 2025-04-12	0.702793	0.688188	-1.46	LP.8.1,XFC,KP.3.1.1,XEC,XEQ,KP.3,XEC.4,PA.1,MC.1,XEK,MC.10.1
6501	ORF1a	C6501A	P2079Q	XDV*	39	2025-06-29 to 2025-07-19 versus 2025-06-08 to 2025-06-28	0.168199	0.187965	+1.977	NB.1.8.1
25925	ORF3a	C25925T	P178L	LP.8.1*,LP.11*,XFT*,LP.8.2*	21	2025-02-23 to 2025-03-15 versus 2025-02-02 to 2025-02-22	0.257185	0.336779	+7.959	LP.8.1,XFC
3096	ORF1a	C3096T	S944L	NB.1.3.1*,PF.2*	38	2025-06-22 to 2025-07-12 versus 2025-06-01 to 2025-06-21	0.025379	0.011791	-1.359	Does not define any major lineages.
7869	ORF1a	C7869T	S2535L	LF.7*	33	2025-05-18 to 2025-06-07 versus 2025-04-27 to 2025-05-17	0.05362	0.140974	+8.735	XFG,LF.7.9,LF.7.7.2,LF.7.2.1,LF.7,LF.7.7.1
10323	ORF1a	A10323G	K3353R	LP.8.1.5*,LF.7.8*,JN.1.52*,NY.7.2*,MC.10.2*	23	2025-03-09 to 2025-03-29 versus 2025-02-16 to 2025-03-08	0.019393	0.029994	+1.06	Does not define any major lineages.
25844	ORF3a	C25844T	T151I	XFJ*,XFM*	40	2025-07-06 to 2025-07-26 versus 2025-06-15 to 2025-07-05	0.055777	0.015132	-4.065	Does not define any major lineages.
25455	ORF3a	G25455T	K21N	PG.1*,PC.4*	31	2025-05-04 to 2025-05-24 versus 2025-04-13 to 2025-05-03	0.001169	0.024412	+2.324	Does not define any major lineages.
6255	ORF1a	C6255T	A1997V	LP.8.1*,LP.11*,XFV*,LP.8.2*	28	2025-04-13 to 2025-05-03 versus 2025-03-23 to 2025-04-12	0.499911	0.606775	+10.686	LP.8.1,XFC
22895	S	G22895C, T22896G	V445R	LP.8.1*,XFG*,NZ.1*,LP.8.2*,MK.3*,LF.7.12.1*,MC.32.1*,XEC.27*,XFT*,MC.33.1*,MC.19.1*	31	2025-05-04 to 2025-05-24 versus 2025-04-13 to 2025-05-03	0.354237	0.20428	-14.996	XFG,LP.8.1,XFC
22112	S	G22112A	G184S	XDV.1.5*	40	2025-07-06 to 2025-07-26 versus 2025-06-15 to 2025-07-05	0.192336	0.164277	-2.806	NB.1.8.1
29409	N	C29409T	T379I	XFG*,LF.7.9*,LB.1.3.1*,NT.1*,MC.10.1.3*,XDS*,XEC.2.3*,NS.3*,XEC.35.1*	23	2025-03-09 to 2025-03-29 versus 2025-02-16 to 2025-03-08	0.034642	0.020541	-1.41	XFG,LB.1.3.1,LF.7.9
7869	ORF1a	C7869T	S2535L	LF.7*	8	2024-11-24 to 2024-12-14 versus 2024-11-03 to 2024-11-23	0.013156	0.032747	+1.959	XFG,LF.7.9,LF.7.7.2,LF.7.2.1,LF.7,LF.7.7.1
23598	S	A23598G, T23599G	N679R	XFC*,XEC.32.1*,NY.7*,PG.4.1*,LP.8.1.1*,JN.1.68.1*,PF.2.4*,MC.10.2.1*,XDK.2*,PU.1*,XFT*,NR.1*,NW.1.5*,XEC.22*,KP.2.3.14*,MD.1*,PY.1.1*,PR.2*,LQ.1.1.1*	30	2025-04-27 to 2025-05-17 versus 2025-04-06 to 2025-04-26	0.304137	0.425496	+12.136	XFC
13121	ORF1a	A13121T	S4286C	KP.3.1.1*,XFA*,XFK*,XEW*	34	2025-05-25 to 2025-06-14 versus 2025-05-04 to 2025-05-24	0.039981	0.012819	-2.716	KP.3.1.1,PA.1,MC.1,MC.10.1
27810	ORF7b	T27810C	F19L	No associated lineages	30	2025-04-27 to 2025-05-17 versus 2025-04-06 to 2025-04-26	0.588205	0.55477	-3.343	JN.1
25699	ORF3a	G25699A	A103T	NY.15*	32	2025-05-11 to 2025-05-31 versus 2025-04-20 to 2025-05-10	0.009007	0.023667	+1.466	Does not define any major lineages.
23277	S	C23277T	T572I	XFG*,XEC.4*,MC.1*,XDK*,MU.1*,MC.13.4*,XFA*,LF.7.1.8*,MV.1.6*,KP.2.15.1*,JN.1.32*,NY.16.1*,XDV.1.3*,XDY.1.1*,NT.2.1*,PW.1*,MC.6.1*,JN.1.62*,XEC.35*,MH.1*,KP.2.27*,JN.1.16.3*,LF.7.3.6*,NY.19*,JN.1.47.2*,MC.30.1.1*,KP.2.3.8*,KP.2.14.1*,XEC.21*,MC.26.1*,NB.1.3.1*,LZ.3*,LP.4*,LB.1.2.2*,XDY.5.1*,JN.1.9.1*,JN.1.1.1*,KP.2.9*,KP.2.2.2*,XDD.3*,XEC.37*,XEC.2.2.1*,LF.7.6.5*,LD.1*,JN.1.7*,LF.7.7*,MC.9.2*,KP.1.2*,XFB*,LF.7.10.1*,KP.2.3.6*,XEC.25.1.1*,NL.5.1*,KV.2*,MG.1*,XEF.3*,NL.13*,JN.1.65*,MZ.5*,KW.1*,MC.11.3.1*,JN.1.4.3*,MC.8.1*,KP.5*	3	2024-10-20 to 2024-11-09 versus 2024-09-29 to 2024-10-19	0.031037	0.064326	+3.329	XFG,XEC.4,MC.1,LF.7.7.1
15007	ORF1b	G15007A	D514N (1)	No associated lineages	18	2025-02-02 to 2025-02-22 versus 2025-01-12 to 2025-02-01	0.019309	0.127703	+10.839	Does not define any major lineages.
7113	ORF1a	C7113T	T2283I	PY.5*,XDV*,JN.1.11.1*,KU.2*,XFG.19*	5	2024-11-03 to 2024-11-23 versus 2024-10-13 to 2024-11-02	0.533768	0.485392	-4.838	LP.8.1,XFC,KP.3.1.1,NB.1.8.1,KP.3,PA.1,MC.1,XEK,MC.10.1
25352	S	G25352T	V1264L	XEC.38*,XET*,JN.1.1.4*,JN.1.23.1*,XEC.11.1*,XFG.14*,NB.1.2*,XEL.1*,XEC.37*,XEK.2.1*,MV.1.3*,XEC.34*,XFJ.3*,PH.1*	42	2025-07-20 to 2025-08-09 versus 2025-06-29 to 2025-07-19	0.020823	0.022483	+0.166	Does not define any major lineages.
2060	ORF1a	G2060A	A599T	XEC*,MC.24.1*	21	2025-02-23 to 2025-03-15 versus 2025-02-02 to 2025-02-22	0.225179	0.177199	-4.798	XEC,XEC.4
22928	S	T22928C	F456L	JN.1.7.9*,LR.1*,KU.2*,JN.1.39.1*,KR.5*,KR.1*,JN.1.67.1*,JN.1.48.1*,JN.1.62*,NS.3*,LN.1.1*,KR.3*,JN.1.29.1*,JN.1.1.8*,JN.1.4.9*,LF.6*,XDR.1.1*,KS.1*,LF.8*,JN.1.18.5*,LL.1*,XDK.1.2*,KR.4.1*,XDK.4.1*,LM.1*,MD.3.1*,LZ.1*,KW.1.1*,XDD.3*,LQ.1*,JN.1.1.6*,XDK.3*,JN.1.11.1*,JN.1.55.2*,JN.1.16*,XDK.6*,JN.1.55.1*,JN.1.48.3*,LR.3*,JN.1.50*,JN.1.51.1*,JN.1.15.1*,MD.1*,JN.1.7.8*,XDK.5*,LZ.2.2*,XDV.1*,JN.1.18.9*,JN.1.18.4*,LZ.2.1*,LE.1.3.1*,JN.1.65.1*	19	2025-02-09 to 2025-03-01 versus 2025-01-19 to 2025-02-08	0.975578	0.980667	+0.509	XFG,LP.8.1,LB.1.3.1,XFC,KP.3.1.1,XEC,XEQ,NB.1.8.1,LF.7.9,KP.3,XEC.4,LF.7.7.2,PA.1,MC.1,LF.7.2.1,XEK,LF.7,LF.7.7.1,MC.10.1
18131	ORF1b	C18131T	T1555I	LB.1.3*	26	2025-03-30 to 2025-04-19 versus 2025-03-09 to 2025-03-29	0.018726	0.020934	+0.221	LB.1.3.1
24872	S	G24872T	V1104L	XEQ*,XDY.3*,XDY.9*,XDY.6*,JN.1.11*,XEF*,XDY.8*,XDY.1*,XDY*,XDY.2*,XDY.5*,XDY.4*,LB.1.1*,XFT*,XDY.11*,XDY.7*	7	2024-11-17 to 2024-12-07 versus 2024-10-27 to 2024-11-16	0.787841	0.864341	+7.65	LP.8.1,XFC,KP.3.1.1,XEC,XEQ,KP.3,XEC.4,PA.1,MC.1,XEK,MC.10.1
686	ORF1a	AAGTCATTT686-694del	KSF141-143del	MJ.1.1*,MJ.2.1*,ND.3*,XDV.1.7.5*	25	2025-03-23 to 2025-04-12 versus 2025-03-02 to 2025-03-22	0.006503	0.03084	+2.434	Does not define any major lineages.
22865	S	G22865T	A435S	NB.1.8.1*,MC.10.1*,XEC.32.1*,XFN*,KP.3.3.5*,MC.31*,XDV.1.9.1*,XEC.20.1*,XEC.18.2*,MU.6*,MC.21.1*,MC.28.1*,MC.30.1.1*,PG.1*,PY.1.1.1*,KP.2.14.2*,XEP*,LP.10.1.1*,MU.2.1.1*,XDY.1*,MC.13.2*,XEC.25.1*,XEC.14.1.1*,PT.1*,XFB*,PY.1.4.1*,XDY.3*,MC.46.1*,KP.3.3.2*,XEC.4.5.1*,XEC.4.6.1*,KP.3.7*	18	2025-02-02 to 2025-02-22 versus 2025-01-12 to 2025-02-01	0.04201	0.075429	+3.342	NB.1.8.1,PA.1,MC.10.1
22000	S	C22000A	H146Q	KP.2.3*,XES*,XEE*	6	2024-11-10 to 2024-11-30 versus 2024-10-20 to 2024-11-09	0.037254	0.016067	-2.119	Does not define any major lineages.
13121	ORF1a	A13121T	S4286C	KP.3.1.1*,XFA*,XFK*,XEW*	16	2025-01-19 to 2025-02-08 versus 2024-12-29 to 2025-01-18	0.259446	0.216608	-4.284	KP.3.1.1,PA.1,MC.1,MC.10.1
6255	ORF1a	C6255T	A1997V	LP.8.1*,LP.11*,XFV*,LP.8.2*	40	2025-07-06 to 2025-07-26 versus 2025-06-15 to 2025-07-05	0.355558	0.217706	-13.785	LP.8.1,XFC
24813	S	A24813G	D1084G	XFG.3.1*,XFQ*	37	2025-06-15 to 2025-07-05 versus 2025-05-25 to 2025-06-14	0.00135	0.027559	+2.621	Does not define any major lineages.
22599	S	G22599C	R346T	XFN*,JN.1.24.1*,MC.13.2.4*,LE.1*,MC.31*,XED*,JN.1.59.1*,MF.1*,KR.5*,MC.32.1*,JN.1.48.1*,MC.28.1.1*,XDD.1.1.1*,MC.33.1*,NB.1.2.1*,MZ.3*,PJ.1*,JN.1.11.2*,JN.1.8.2*,KZ.1.1*,LN.1.1*,XDR.1*,LU.1*,XEP.1.1*,JN.1.7.3*,MU.3*,JN.1.16.1*,JN.1.29.1*,LF.6*,JN.1.44.1*,LG.1*,KS.1*,XEH*,LF.8*,JN.1.25.1*,MC.17.1*,JN.1.18*,MQ.1*,JN.1.30.1*,NU.1*,LU.2*,JN.1.6.1*,MC.19*,KP.2*,PK.1*,JN.1.50.1*,JN.1.4.4*,JN.1.49.1*,MC.13.3.1*,MK.3*,JN.1.26*,MC.13.2.1*,PG.3*,JN.1.39.2*,JN.1.58.2*,JN.1.42.2*,KQ.1*,JN.1.1.3*,XEM*,JN.1.1.5*,KP.4.1*,MC.10.1.6*,JN.1.48.2*,JN.1.48.3*,JN.1.9.2*,XEC.27*,JN.1.18.8*,XES.1*,MC.33.2*,NB.1.6.1*,XDK.1*,MC.13.2.2*,XEK.7*	4	2024-10-27 to 2024-11-16 versus 2024-10-06 to 2024-10-26	0.139248	0.130952	-0.83	XFG,LP.8.1,LB.1.3.1,XFC,XEQ,LF.7.9,LF.7.7.2,LF.7.2.1,LF.7,LF.7.7.1
10323	ORF1a	A10323G	K3353R	LP.8.1.5*,LF.7.8*,JN.1.52*,NY.7.2*,MC.10.2*	35	2025-06-01 to 2025-06-21 versus 2025-05-11 to 2025-05-31	0.009329	0.02015	+1.082	Does not define any major lineages.
24872	S	G24872T	V1104L	XEQ*,XDY.3*,XDY.9*,XDY.6*,JN.1.11*,XEF*,XDY.8*,XDY.1*,XDY*,XDY.2*,XDY.5*,XDY.4*,LB.1.1*,XFT*,XDY.11*,XDY.7*	9	2024-12-01 to 2024-12-21 versus 2024-11-10 to 2024-11-30	0.823846	0.845512	+2.167	LP.8.1,XFC,KP.3.1.1,XEC,XEQ,KP.3,XEC.4,PA.1,MC.1,XEK,MC.10.1
28883	N	G28883C, G28884C	G204P	PP.1.1.1*,MC.24.1*,PQ.1.1*,KP.3.3*,XEP*	19	2025-02-09 to 2025-03-01 versus 2025-01-19 to 2025-02-08	0.445461	0.283238	-16.222	XEC,XEC.4,XEK
16342	ORF1b	T16342C	S959P	XDV*	26	2025-03-30 to 2025-04-19 versus 2025-03-09 to 2025-03-29	0.002742	0.033769	+3.103	NB.1.8.1
22599	S	G22599C	R346T	XFN*,JN.1.24.1*,MC.13.2.4*,LE.1*,MC.31*,XED*,JN.1.59.1*,MF.1*,KR.5*,MC.32.1*,JN.1.48.1*,MC.28.1.1*,XDD.1.1.1*,MC.33.1*,NB.1.2.1*,MZ.3*,PJ.1*,JN.1.11.2*,JN.1.8.2*,KZ.1.1*,LN.1.1*,XDR.1*,LU.1*,XEP.1.1*,JN.1.7.3*,MU.3*,JN.1.16.1*,JN.1.29.1*,LF.6*,JN.1.44.1*,LG.1*,KS.1*,XEH*,LF.8*,JN.1.25.1*,MC.17.1*,JN.1.18*,MQ.1*,JN.1.30.1*,NU.1*,LU.2*,JN.1.6.1*,MC.19*,KP.2*,PK.1*,JN.1.50.1*,JN.1.4.4*,JN.1.49.1*,MC.13.3.1*,MK.3*,JN.1.26*,MC.13.2.1*,PG.3*,JN.1.39.2*,JN.1.58.2*,JN.1.42.2*,KQ.1*,JN.1.1.3*,XEM*,JN.1.1.5*,KP.4.1*,MC.10.1.6*,JN.1.48.2*,JN.1.48.3*,JN.1.9.2*,XEC.27*,JN.1.18.8*,XES.1*,MC.33.2*,NB.1.6.1*,XDK.1*,MC.13.2.2*,XEK.7*	6	2024-11-10 to 2024-11-30 versus 2024-10-20 to 2024-11-09	0.131135	0.133432	+0.23	XFG,LP.8.1,LB.1.3.1,XFC,XEQ,LF.7.9,LF.7.7.2,LF.7.2.1,LF.7,LF.7.7.1
7113	ORF1a	C7113T	T2283I	PY.5*,XDV*,JN.1.11.1*,KU.2*,XFG.19*	21	2025-02-23 to 2025-03-15 versus 2025-02-02 to 2025-02-22	0.345316	0.371212	+2.59	LP.8.1,XFC,KP.3.1.1,NB.1.8.1,KP.3,PA.1,MC.1,XEK,MC.10.1
21653	S	T21653C	S31P	XFC*,LF.7*,XFN*,XFP*,MT.1*,KP.2.26*,KP.3.2.6*,MJ.1*,NF.1*,XER*,JN.1.40*	31	2025-05-04 to 2025-05-24 versus 2025-04-13 to 2025-05-03	0.05261	0.113155	+6.055	XFG,XFC,LF.7.9,LF.7.7.2,LF.7.2.1,LF.7,LF.7.7.1
22120	S	C22120A	F186L	LP.8.1*,LP.8.2*,XFT*	11	2024-12-15 to 2025-01-04 versus 2024-11-24 to 2024-12-14	0.028235	0.05387	+2.564	LP.8.1
27476	ORF7a	C27476T	T28I	LB.1.3.1*,JN.1.8*,JN.1.8.1*	5	2024-11-03 to 2024-11-23 versus 2024-10-13 to 2024-11-02	0.007894	0.030803	+2.291	LB.1.3.1
7262	ORF1a	C7262A	L2333I	No associated lineages	22	2025-03-02 to 2025-03-22 versus 2025-02-09 to 2025-03-01	0.022386	0.028678	+0.629	Does not define any major lineages.
21652	S	TTC21652-21654del	NS30-31Ndel	No associated lineages	3	2024-10-20 to 2024-11-09 versus 2024-09-29 to 2024-10-19	0.573785	0.543156	-3.063	LP.8.1,LB.1.3.1,KP.3.1.1,PA.1,MC.1,MC.10.1
23039	S	C23039G	Q493E	LP.8.1*,XFG*,KP.3*,XEQ*,XFH*,JN.1.16.4*,XDY*,JN.1.16.5*,LP.8.2*,KP.3.4*,XDY.9*,XEF*,XDY.1*,XFT*,XDY.5*,XDY.4*,XDY.11*,LF.7.1.11*,XET*,XDY.3*,NB.1.8*,XDY.6*,XDY.8*,XDY.2*,XDY.7*	35	2025-06-01 to 2025-06-21 versus 2025-05-11 to 2025-05-31	0.767096	0.844551	+7.746	XFG,LP.8.1,XFC,KP.3.1.1,XEC,XEQ,NB.1.8.1,KP.3,XEC.4,PA.1,MC.1,XEK,MC.10.1
22893	S	A22893G	K444R	LF.7*,JN.1.23*,JN.1.61*,XER*,NY.3.1.1*,NA.1.1*	37	2025-06-15 to 2025-07-05 versus 2025-05-25 to 2025-06-14	0.168699	0.294217	+12.552	XFG,LF.7.9,LF.7.7.2,LF.7.2.1,LF.7,LF.7.7.1
21738	S	T21738C	F59S	XEC*,NB.1*,JN.1.18.7*,MR.2*,KR.1.4*,JN.1.18.6*,MZ.3*,XDR.1*,JN.1.42.1*,MU.3*,KP.1.1.5*,KS.1*,JN.1.13.1*,JN.1.18.2*,KP.3.1.8*,KP.3.3.8*,KP.2.10*,XEM*,JN.1.18.9*	14	2025-01-05 to 2025-01-25 versus 2024-12-15 to 2025-01-04	0.482522	0.492405	+0.988	XEC,XEQ,NB.1.8.1,XEC.4,XEK
21652	S	TTC21652-21654del	NS30-31Ndel	No associated lineages	19	2025-02-09 to 2025-03-01 versus 2025-01-19 to 2025-02-08	0.42531	0.43616	+1.085	LP.8.1,LB.1.3.1,KP.3.1.1,PA.1,MC.1,MC.10.1
21137	ORF1b	A21137G	K2557R	JN.1.58*,MV.2*,KP.3.2.9*,JN.1.7.7*,NW.1.4*,MC.23*,MV.1.1*,XFG.2*,NL.12*	36	2025-06-08 to 2025-06-28 versus 2025-05-18 to 2025-06-07	0.048135	0.090449	+4.231	Does not define any major lineages.
25793	ORF3a	G25793A	R134H	XDV.1.5.1*	40	2025-07-06 to 2025-07-26 versus 2025-06-15 to 2025-07-05	0.069331	0.056947	-1.238	NB.1.8.1
22107	S	A22107G	K182R	XFC*,LF.7*,XFN*,XFP*,XER*,KP.2.2.2*,LB.1.3.3*,MC.15*,XEC.1*	16	2025-01-19 to 2025-02-08 versus 2024-12-29 to 2025-01-18	0.043201	0.029535	-1.367	XFG,XFC,LF.7.9,LF.7.7.2,LF.7.2.1,LF.7,LF.7.7.1
21627	S	C21627A	T22N	XFC*,XEC*,LF.7*,XEQ*,KP.3.3.9*,XFP*,MB.1.1*,NB.1*,KP.2.14*,KS.1.5*,JN.1.18.7*,MR.2*,XEN*,XDV.1.7.1*,MT.1.1*,PF.2*,KP.3.1.9*,PB.1*,MU.6*,JN.1.16.5*,PM.1*,KP.2.26*,LF.8.1.1*,KP.3.6*,MU.3*,KP.2.18*,KS.1.1*,MG.3*,NG.1*,LJ.1*,MJ.1.1*,XER*,PB.2*,KP.2.2.1*,NW.1.2*,MC.24.1*,LP.8.1.6*,PP.1*,XEL*	36	2025-06-08 to 2025-06-28 versus 2025-05-18 to 2025-06-07	0.496169	0.590378	+9.421	XFG,XFC,XEC,XEQ,NB.1.8.1,LF.7.9,XEC.4,LF.7.7.2,LF.7.2.1,XEK,LF.7,LF.7.7.1
22895	S	G22895C, T22896G	V445R	LP.8.1*,XFG*,NZ.1*,LP.8.2*,MK.3*,LF.7.12.1*,MC.32.1*,XEC.27*,XFT*,MC.33.1*,MC.19.1*	5	2024-11-03 to 2024-11-23 versus 2024-10-13 to 2024-11-02	0.004712	0.021748	+1.704	XFG,LP.8.1,XFC
25844	ORF3a	C25844T	T151I	XFJ*,XFM*	36	2025-06-08 to 2025-06-28 versus 2025-05-18 to 2025-06-07	0.039376	0.032866	-0.651	Does not define any major lineages.
25925	ORF3a	C25925T	P178L	LP.8.1*,LP.11*,XFT*,LP.8.2*	29	2025-04-20 to 2025-05-10 versus 2025-03-30 to 2025-04-19	0.445709	0.548328	+10.262	LP.8.1,XFC
6501	ORF1a	C6501A	P2079Q	XDV*	40	2025-07-06 to 2025-07-26 versus 2025-06-15 to 2025-07-05	0.168514	0.177652	+0.914	NB.1.8.1
13121	ORF1a	A13121T	S4286C	KP.3.1.1*,XFA*,XFK*,XEW*	1	2024-10-06 to 2024-10-26 versus 2024-09-15 to 2024-10-05	0.242672	0.546792	+30.412	KP.3.1.1,PA.1,MC.1,MC.10.1
22995	S	C22995T	T478I	LF.7.10*,NL.9*,XDV.1.5*,QD.1*,ND.3*,LN.1.1*	31	2025-05-04 to 2025-05-24 versus 2025-04-13 to 2025-05-03	0.016336	0.028181	+1.185	NB.1.8.1
22895	S	G22895C, T22896G	V445R	LP.8.1*,XFG*,NZ.1*,LP.8.2*,MK.3*,LF.7.12.1*,MC.32.1*,XEC.27*,XFT*,MC.33.1*,MC.19.1*	35	2025-06-01 to 2025-06-21 versus 2025-05-11 to 2025-05-31	0.394269	0.334899	-5.937	XFG,LP.8.1,XFC
22893	S	A22893G	K444R	LF.7*,JN.1.23*,JN.1.61*,XER*,NY.3.1.1*,NA.1.1*	11	2024-12-15 to 2025-01-04 versus 2024-11-24 to 2024-12-14	0.061171	0.028621	-3.255	XFG,LF.7.9,LF.7.7.2,LF.7.2.1,LF.7,LF.7.7.1
3896	ORF1a	G3896A	V1211I	No associated lineages	22	2025-03-02 to 2025-03-22 versus 2025-02-09 to 2025-03-01	0.026631	0.000732	-2.59	Does not define any major lineages.
24819	S	A24819G	K1086R	KP.1.1*,XFT*,KP.1*	28	2025-04-13 to 2025-05-03 versus 2025-03-23 to 2025-04-12	0.562006	0.63341	+7.14	LP.8.1,XFC
22895	S	G22895C, T22896G	V445R	LP.8.1*,XFG*,NZ.1*,LP.8.2*,MK.3*,LF.7.12.1*,MC.32.1*,XEC.27*,XFT*,MC.33.1*,MC.19.1*	25	2025-03-23 to 2025-04-12 versus 2025-03-02 to 2025-03-22	0.223038	0.226089	+0.305	XFG,LP.8.1,XFC
22895	S	G22895C, T22896C	V445P	LF.7.9*,LF.7.7.2*,PA.1*,LB.1.3.1*,LK.1*,XFP*,NS.1.1*,MV.1.1.1*,LP.1.2.1*,XFG.1*,KP.2.3.4*,NN.1*,LF.3.1*,NC.1.2*,JN.1.1.8*,MA.1.1.1*,LF.7.8*,LP.9*,MU.2.1.1*,LF.7.10.1*,LF.7.6.2*,KP.2.28.1*,JN.1.50*,LB.1.10*,LF.7.1.10*,MU.5*,QJ.1*	15	2025-01-12 to 2025-02-01 versus 2024-12-22 to 2025-01-11	0.044822	0.041478	-0.334	LB.1.3.1,LF.7.9,LF.7.7.2,PA.1
6255	ORF1a	C6255T	A1997V	LP.8.1*,LP.11*,XFV*,LP.8.2*	14	2025-01-05 to 2025-01-25 versus 2024-12-15 to 2025-01-04	0.071961	0.149439	+7.748	LP.8.1,XFC
22926	S	T22926C	L455S	No associated lineages	26	2025-03-30 to 2025-04-19 versus 2025-03-09 to 2025-03-29	0.609739	0.619039	+0.93	JN.1
15009	ORF1b	T15009A	D514E	No associated lineages	21	2025-02-23 to 2025-03-15 versus 2025-02-02 to 2025-02-22	0.012768	0.028473	+1.57	Does not define any major lineages.
22928	S	T22928C	F456L	JN.1.7.9*,LR.1*,KU.2*,JN.1.39.1*,KR.5*,KR.1*,JN.1.67.1*,JN.1.48.1*,JN.1.62*,NS.3*,LN.1.1*,KR.3*,JN.1.29.1*,JN.1.1.8*,JN.1.4.9*,LF.6*,XDR.1.1*,KS.1*,LF.8*,JN.1.18.5*,LL.1*,XDK.1.2*,KR.4.1*,XDK.4.1*,LM.1*,MD.3.1*,LZ.1*,KW.1.1*,XDD.3*,LQ.1*,JN.1.1.6*,XDK.3*,JN.1.11.1*,JN.1.55.2*,JN.1.16*,XDK.6*,JN.1.55.1*,JN.1.48.3*,LR.3*,JN.1.50*,JN.1.51.1*,JN.1.15.1*,MD.1*,JN.1.7.8*,XDK.5*,LZ.2.2*,XDV.1*,JN.1.18.9*,JN.1.18.4*,LZ.2.1*,LE.1.3.1*,JN.1.65.1*	9	2024-12-01 to 2024-12-21 versus 2024-11-10 to 2024-11-30	0.968429	0.963593	-0.484	XFG,LP.8.1,LB.1.3.1,XFC,KP.3.1.1,XEC,XEQ,NB.1.8.1,LF.7.9,KP.3,XEC.4,LF.7.7.2,PA.1,MC.1,LF.7.2.1,XEK,LF.7,LF.7.7.1,MC.10.1
25969	ORF3a	T25969C	W193R	PQ.2*	34	2025-05-25 to 2025-06-14 versus 2025-05-04 to 2025-05-24	0.005729	0.021922	+1.619	Does not define any major lineages.
7869	ORF1a	C7869T	S2535L	LF.7*	24	2025-03-16 to 2025-04-05 versus 2025-02-23 to 2025-03-15	0.025104	0.060391	+3.529	XFG,LF.7.9,LF.7.7.2,LF.7.2.1,LF.7,LF.7.7.1
22111	S	G22111T	Q183H	XFB*,LB.1*,JN.1.9*,XFR*,LY.2*,JN.1.32.1*	20	2025-02-16 to 2025-03-08 versus 2025-01-26 to 2025-02-15	0.020334	0.015382	-0.495	LB.1.3.1
25699	ORF3a	G25699A	A103T	NY.15*	36	2025-06-08 to 2025-06-28 versus 2025-05-18 to 2025-06-07	0.023916	0.017879	-0.604	Does not define any major lineages.
22112	S	G22112A	G184S	XDV.1.5*	38	2025-06-22 to 2025-07-12 versus 2025-06-01 to 2025-06-21	0.150666	0.156696	+0.603	NB.1.8.1
11727	ORF1a	G11727A	R3821K	No associated lineages	23	2025-03-09 to 2025-03-29 versus 2025-02-16 to 2025-03-08	0.920673	0.985506	+6.483	JN.1
22895	S	G22895C, T22896G	V445R	LP.8.1*,XFG*,NZ.1*,LP.8.2*,MK.3*,LF.7.12.1*,MC.32.1*,XEC.27*,XFT*,MC.33.1*,MC.19.1*	34	2025-05-25 to 2025-06-14 versus 2025-05-04 to 2025-05-24	0.20428	0.338553	+13.427	XFG,LP.8.1,XFC
593	ORF1a	C593T	H110Y	XEK*,LP.8.1.15*,XEU*,MC.36.1*,XEC.4.5.1*	15	2025-01-12 to 2025-02-01 versus 2024-12-22 to 2025-01-11	0.02506	0.008793	-1.627	XEK
21627	S	C21627A	T22N	XFC*,XEC*,LF.7*,XEQ*,KP.3.3.9*,XFP*,MB.1.1*,NB.1*,KP.2.14*,KS.1.5*,JN.1.18.7*,MR.2*,XEN*,XDV.1.7.1*,MT.1.1*,PF.2*,KP.3.1.9*,PB.1*,MU.6*,JN.1.16.5*,PM.1*,KP.2.26*,LF.8.1.1*,KP.3.6*,MU.3*,KP.2.18*,KS.1.1*,MG.3*,NG.1*,LJ.1*,MJ.1.1*,XER*,PB.2*,KP.2.2.1*,NW.1.2*,MC.24.1*,LP.8.1.6*,PP.1*,XEL*	18	2025-02-02 to 2025-02-22 versus 2025-01-12 to 2025-02-01	0.479441	0.554751	+7.531	XFG,XFC,XEC,XEQ,NB.1.8.1,LF.7.9,XEC.4,LF.7.7.2,LF.7.2.1,XEK,LF.7,LF.7.7.1
28883	N	G28883C, G28884C	G204P	PP.1.1.1*,MC.24.1*,PQ.1.1*,KP.3.3*,XEP*	25	2025-03-23 to 2025-04-12 versus 2025-03-02 to 2025-03-22	0.266897	0.158829	-10.807	XEC,XEC.4,XEK
1170	ORF1a	C1170T	S302F	XDV*	33	2025-05-18 to 2025-06-07 versus 2025-04-27 to 2025-05-17	0.046394	0.134449	+8.806	NB.1.8.1
22599	S	G22599C	R346T	XFN*,JN.1.24.1*,MC.13.2.4*,LE.1*,MC.31*,XED*,JN.1.59.1*,MF.1*,KR.5*,MC.32.1*,JN.1.48.1*,MC.28.1.1*,XDD.1.1.1*,MC.33.1*,NB.1.2.1*,MZ.3*,PJ.1*,JN.1.11.2*,JN.1.8.2*,KZ.1.1*,LN.1.1*,XDR.1*,LU.1*,XEP.1.1*,JN.1.7.3*,MU.3*,JN.1.16.1*,JN.1.29.1*,LF.6*,JN.1.44.1*,LG.1*,KS.1*,XEH*,LF.8*,JN.1.25.1*,MC.17.1*,JN.1.18*,MQ.1*,JN.1.30.1*,NU.1*,LU.2*,JN.1.6.1*,MC.19*,KP.2*,PK.1*,JN.1.50.1*,JN.1.4.4*,JN.1.49.1*,MC.13.3.1*,MK.3*,JN.1.26*,MC.13.2.1*,PG.3*,JN.1.39.2*,JN.1.58.2*,JN.1.42.2*,KQ.1*,JN.1.1.3*,XEM*,JN.1.1.5*,KP.4.1*,MC.10.1.6*,JN.1.48.2*,JN.1.48.3*,JN.1.9.2*,XEC.27*,JN.1.18.8*,XES.1*,MC.33.2*,NB.1.6.1*,XDK.1*,MC.13.2.2*,XEK.7*	16	2025-01-19 to 2025-02-08 versus 2024-12-29 to 2025-01-18	0.151922	0.198133	+4.621	XFG,LP.8.1,LB.1.3.1,XFC,XEQ,LF.7.9,LF.7.7.2,LF.7.2.1,LF.7,LF.7.7.1
28883	N	G28883C, G28884C	G204P	PP.1.1.1*,MC.24.1*,PQ.1.1*,KP.3.3*,XEP*	15	2025-01-12 to 2025-02-01 versus 2024-12-22 to 2025-01-11	0.48845	0.440044	-4.841	XEC,XEC.4,XEK
29409	N	C29409T	T379I	XFG*,LF.7.9*,LB.1.3.1*,NT.1*,MC.10.1.3*,XDS*,XEC.2.3*,NS.3*,XEC.35.1*	29	2025-04-20 to 2025-05-10 versus 2025-03-30 to 2025-04-19	0.042861	0.053589	+1.073	XFG,LB.1.3.1,LF.7.9
15451	ORF1b	G15451A	G662S	XDV*	41	2025-07-13 to 2025-08-02 versus 2025-06-22 to 2025-07-12	0.096899	0.077301	-1.96	NB.1.8.1
3896	ORF1a	G3896A	V1211I	No associated lineages	18	2025-02-02 to 2025-02-22 versus 2025-01-12 to 2025-02-01	0.015285	0.036149	+2.086	Does not define any major lineages.
22895	S	G22895C, T22896C	V445P	LF.7.9*,LF.7.7.2*,PA.1*,LB.1.3.1*,LK.1*,XFP*,NS.1.1*,MV.1.1.1*,LP.1.2.1*,XFG.1*,KP.2.3.4*,NN.1*,LF.3.1*,NC.1.2*,JN.1.1.8*,MA.1.1.1*,LF.7.8*,LP.9*,MU.2.1.1*,LF.7.10.1*,LF.7.6.2*,KP.2.28.1*,JN.1.50*,LB.1.10*,LF.7.1.10*,MU.5*,QJ.1*	17	2025-01-26 to 2025-02-15 versus 2025-01-05 to 2025-01-25	0.042603	0.036015	-0.659	LB.1.3.1,LF.7.9,LF.7.7.2,PA.1
27476	ORF7a	C27476T	T28I	LB.1.3.1*,JN.1.8*,JN.1.8.1*	32	2025-05-11 to 2025-05-31 versus 2025-04-20 to 2025-05-10	0.022293	0.026937	+0.464	LB.1.3.1
15009	ORF1b	T15009A	D514E	No associated lineages	23	2025-03-09 to 2025-03-29 versus 2025-02-16 to 2025-03-08	0.023696	0.040181	+1.649	Does not define any major lineages.
11727	ORF1a	G11727A	R3821K	No associated lineages	37	2025-06-15 to 2025-07-05 versus 2025-05-25 to 2025-06-14	0.83911	0.814918	-2.419	JN.1
21652	S	TTC21652-21654del	NS30-31Ndel	No associated lineages	9	2024-12-01 to 2024-12-21 versus 2024-11-10 to 2024-11-30	0.435516	0.426776	-0.874	LP.8.1,LB.1.3.1,KP.3.1.1,PA.1,MC.1,MC.10.1
22893	S	A22893G	K444R	LF.7*,JN.1.23*,JN.1.61*,XER*,NY.3.1.1*,NA.1.1*	7	2024-11-17 to 2024-12-07 versus 2024-10-27 to 2024-11-16	0.01998	0.043762	+2.378	XFG,LF.7.9,LF.7.7.2,LF.7.2.1,LF.7,LF.7.7.1
6312	ORF1a	C6312T	T2016I	XEC.4*,LU.1*,PQ.10*	30	2025-04-27 to 2025-05-17 versus 2025-04-06 to 2025-04-26	0.020061	0.010219	-0.984	XEC.4
22120	S	C22120A	F186L	LP.8.1*,LP.8.2*,XFT*	42	2025-07-20 to 2025-08-09 versus 2025-06-29 to 2025-07-19	0.178003	0.092314	-8.569	LP.8.1
21653	S	T21653C	S31P	XFC*,LF.7*,XFN*,XFP*,MT.1*,KP.2.26*,KP.3.2.6*,MJ.1*,NF.1*,XER*,JN.1.40*	35	2025-06-01 to 2025-06-21 versus 2025-05-11 to 2025-05-31	0.16928	0.335924	+16.664	XFG,XFC,LF.7.9,LF.7.7.2,LF.7.2.1,LF.7,LF.7.7.1
13121	ORF1a	A13121T	S4286C	KP.3.1.1*,XFA*,XFK*,XEW*	12	2024-12-22 to 2025-01-11 versus 2024-12-01 to 2024-12-21	0.319308	0.271127	-4.818	KP.3.1.1,PA.1,MC.1,MC.10.1
22994	S	A22994G, C22995A	T478E	LZ.2.1.1*,NY.17.1*,LF.7.8*,LP.8.1.15*,NY.7.2*,XFC.1.4*,ND.2*,NY.1.2*,PF.1*,NY.10*,NY.3.2*,XFC.1.1.1*,KP.2.13*	41	2025-07-13 to 2025-08-02 versus 2025-06-22 to 2025-07-12	0.010169	0.023506	+1.334	Does not define any major lineages.
25693	ORF3a	C25693T	L101F	NW.1*	40	2025-07-06 to 2025-07-26 versus 2025-06-15 to 2025-07-05	0.022746	0.029019	+0.627	Does not define any major lineages.
14964	ORF1b	A14964C	K499N	No associated lineages	18	2025-02-02 to 2025-02-22 versus 2025-01-12 to 2025-02-01	0.02155	0.01723	-0.432	Does not define any major lineages.
6312	ORF1a	C6312T	T2016I	XEC.4*,LU.1*,PQ.10*	18	2025-02-02 to 2025-02-22 versus 2025-01-12 to 2025-02-01	0.018408	0.022486	+0.408	XEC.4
29409	N	C29409T	T379I	XFG*,LF.7.9*,LB.1.3.1*,NT.1*,MC.10.1.3*,XDS*,XEC.2.3*,NS.3*,XEC.35.1*	24	2025-03-16 to 2025-04-05 versus 2025-02-23 to 2025-03-15	0.037243	0.022465	-1.478	XFG,LB.1.3.1,LF.7.9
7113	ORF1a	C7113T	T2283I	PY.5*,XDV*,JN.1.11.1*,KU.2*,XFG.19*	38	2025-06-22 to 2025-07-12 versus 2025-06-01 to 2025-06-21	0.46068	0.485553	+2.487	LP.8.1,XFC,KP.3.1.1,NB.1.8.1,KP.3,PA.1,MC.1,XEK,MC.10.1
22120	S	C22120A	F186L	LP.8.1*,LP.8.2*,XFT*	19	2025-02-09 to 2025-03-01 versus 2025-01-19 to 2025-02-08	0.091569	0.124903	+3.333	LP.8.1
29409	N	C29409T	T379I	XFG*,LF.7.9*,LB.1.3.1*,NT.1*,MC.10.1.3*,XDS*,XEC.2.3*,NS.3*,XEC.35.1*	33	2025-05-18 to 2025-06-07 versus 2025-04-27 to 2025-05-17	0.081378	0.169797	+8.842	XFG,LB.1.3.1,LF.7.9
6533	ORF1a	G6533T	V2090F	XEC.11.1*	25	2025-03-23 to 2025-04-12 versus 2025-03-02 to 2025-03-22	0.031324	0.00575	-2.557	Does not define any major lineages.
22930	S	T22930A	F456L (1)	JN.1.7.9*,LR.1*,KU.2*,JN.1.39.1*,KR.5*,KR.1*,JN.1.67.1*,JN.1.48.1*,JN.1.62*,NS.3*,LN.1.1*,KR.3*,JN.1.29.1*,JN.1.1.8*,JN.1.4.9*,LF.6*,XDR.1.1*,KS.1*,LF.8*,JN.1.18.5*,LL.1*,XDK.1.2*,KR.4.1*,XDK.4.1*,LM.1*,MD.3.1*,LZ.1*,KW.1.1*,XDD.3*,LQ.1*,JN.1.1.6*,XDK.3*,JN.1.11.1*,JN.1.55.2*,JN.1.16*,XDK.6*,JN.1.55.1*,JN.1.48.3*,LR.3*,JN.1.50*,JN.1.51.1*,JN.1.15.1*,MD.1*,JN.1.7.8*,XDK.5*,LZ.2.2*,XDV.1*,JN.1.18.9*,JN.1.18.4*,LZ.2.1*,LE.1.3.1*,JN.1.65.1*	37	2025-06-15 to 2025-07-05 versus 2025-05-25 to 2025-06-14	0.208214	0.16676	-4.145	Does not define any major lineages.
3686	ORF1a	C3686T	H1141Y	XDV.1.5.1*	38	2025-06-22 to 2025-07-12 versus 2025-06-01 to 2025-06-21	0.145711	0.188867	+4.316	NB.1.8.1
23598	S	A23598G, T23599G	N679R	XFC*,XEC.32.1*,NY.7*,PG.4.1*,LP.8.1.1*,JN.1.68.1*,PF.2.4*,MC.10.2.1*,XDK.2*,PU.1*,XFT*,NR.1*,NW.1.5*,XEC.22*,KP.2.3.14*,MD.1*,PY.1.1*,PR.2*,LQ.1.1.1*	33	2025-05-18 to 2025-06-07 versus 2025-04-27 to 2025-05-17	0.425496	0.368388	-5.711	XFC
2060	ORF1a	G2060A	A599T	XEC*,MC.24.1*	16	2025-01-19 to 2025-02-08 versus 2024-12-29 to 2025-01-18	0.32545	0.288721	-3.673	XEC,XEC.4
22599	S	G22599C	R346T	XFN*,JN.1.24.1*,MC.13.2.4*,LE.1*,MC.31*,XED*,JN.1.59.1*,MF.1*,KR.5*,MC.32.1*,JN.1.48.1*,MC.28.1.1*,XDD.1.1.1*,MC.33.1*,NB.1.2.1*,MZ.3*,PJ.1*,JN.1.11.2*,JN.1.8.2*,KZ.1.1*,LN.1.1*,XDR.1*,LU.1*,XEP.1.1*,JN.1.7.3*,MU.3*,JN.1.16.1*,JN.1.29.1*,LF.6*,JN.1.44.1*,LG.1*,KS.1*,XEH*,LF.8*,JN.1.25.1*,MC.17.1*,JN.1.18*,MQ.1*,JN.1.30.1*,NU.1*,LU.2*,JN.1.6.1*,MC.19*,KP.2*,PK.1*,JN.1.50.1*,JN.1.4.4*,JN.1.49.1*,MC.13.3.1*,MK.3*,JN.1.26*,MC.13.2.1*,PG.3*,JN.1.39.2*,JN.1.58.2*,JN.1.42.2*,KQ.1*,JN.1.1.3*,XEM*,JN.1.1.5*,KP.4.1*,MC.10.1.6*,JN.1.48.2*,JN.1.48.3*,JN.1.9.2*,XEC.27*,JN.1.18.8*,XES.1*,MC.33.2*,NB.1.6.1*,XDK.1*,MC.13.2.2*,XEK.7*	25	2025-03-23 to 2025-04-12 versus 2025-03-02 to 2025-03-22	0.365736	0.436551	+7.082	XFG,LP.8.1,LB.1.3.1,XFC,XEQ,LF.7.9,LF.7.7.2,LF.7.2.1,LF.7,LF.7.7.1
12854	ORF1a	C12854T	P4197S	NB.1*	25	2025-03-23 to 2025-04-12 versus 2025-03-02 to 2025-03-22	0.002581	0.0201	+1.752	NB.1.8.1
27810	ORF7b	T27810C	F19L	No associated lineages	27	2025-04-06 to 2025-04-26 versus 2025-03-16 to 2025-04-05	0.5831	0.588205	+0.511	JN.1
21738	S	T21738C	F59S	XEC*,NB.1*,JN.1.18.7*,MR.2*,KR.1.4*,JN.1.18.6*,MZ.3*,XDR.1*,JN.1.42.1*,MU.3*,KP.1.1.5*,KS.1*,JN.1.13.1*,JN.1.18.2*,KP.3.1.8*,KP.3.3.8*,KP.2.10*,XEM*,JN.1.18.9*	22	2025-03-02 to 2025-03-22 versus 2025-02-09 to 2025-03-01	0.436453	0.29886	-13.759	XEC,XEQ,NB.1.8.1,XEC.4,XEK
21652	S	TTC21652-21654del	NS30-31Ndel	No associated lineages	29	2025-04-20 to 2025-05-10 versus 2025-03-30 to 2025-04-19	0.546196	0.480598	-6.56	LP.8.1,LB.1.3.1,KP.3.1.1,PA.1,MC.1,MC.10.1
4683	ORF1a	C4683T	A1473V	XDV.1.5*,LB.1.4*,XFC.1.3*	38	2025-06-22 to 2025-07-12 versus 2025-06-01 to 2025-06-21	0.178988	0.200366	+2.138	NB.1.8.1
25523	ORF3a	G25523A	G44E	LF.7.9.1*	40	2025-07-06 to 2025-07-26 versus 2025-06-15 to 2025-07-05	0.021362	0.008927	-1.244	Does not define any major lineages.
29625	ORF10	C29625T	S23F	No associated lineages	41	2025-07-13 to 2025-08-02 versus 2025-06-22 to 2025-07-12	0.029458	0.018341	-1.112	Does not define any major lineages.
22000	S	C22000A	H146Q	KP.2.3*,XES*,XEE*	7	2024-11-17 to 2024-12-07 versus 2024-10-27 to 2024-11-16	0.037944	0.01236	-2.558	Does not define any major lineages.
21652	S	TTC21652-21654del	NS30-31Ndel	No associated lineages	12	2024-12-22 to 2025-01-11 versus 2024-12-01 to 2024-12-21	0.426776	0.43232	+0.554	LP.8.1,LB.1.3.1,KP.3.1.1,PA.1,MC.1,MC.10.1
22000	S	C22000A	H146Q	KP.2.3*,XES*,XEE*	8	2024-11-24 to 2024-12-14 versus 2024-11-03 to 2024-11-23	0.02033	0.009306	-1.102	Does not define any major lineages.
22928	S	T22928C	F456L	JN.1.7.9*,LR.1*,KU.2*,JN.1.39.1*,KR.5*,KR.1*,JN.1.67.1*,JN.1.48.1*,JN.1.62*,NS.3*,LN.1.1*,KR.3*,JN.1.29.1*,JN.1.1.8*,JN.1.4.9*,LF.6*,XDR.1.1*,KS.1*,LF.8*,JN.1.18.5*,LL.1*,XDK.1.2*,KR.4.1*,XDK.4.1*,LM.1*,MD.3.1*,LZ.1*,KW.1.1*,XDD.3*,LQ.1*,JN.1.1.6*,XDK.3*,JN.1.11.1*,JN.1.55.2*,JN.1.16*,XDK.6*,JN.1.55.1*,JN.1.48.3*,LR.3*,JN.1.50*,JN.1.51.1*,JN.1.15.1*,MD.1*,JN.1.7.8*,XDK.5*,LZ.2.2*,XDV.1*,JN.1.18.9*,JN.1.18.4*,LZ.2.1*,LE.1.3.1*,JN.1.65.1*	12	2024-12-22 to 2025-01-11 versus 2024-12-01 to 2024-12-21	0.963593	0.953138	-1.045	XFG,LP.8.1,LB.1.3.1,XFC,KP.3.1.1,XEC,XEQ,NB.1.8.1,LF.7.9,KP.3,XEC.4,LF.7.7.2,PA.1,MC.1,LF.7.2.1,XEK,LF.7,LF.7.7.1,MC.10.1
29409	N	C29409T	T379I	XFG*,LF.7.9*,LB.1.3.1*,NT.1*,MC.10.1.3*,XDS*,XEC.2.3*,NS.3*,XEC.35.1*	37	2025-06-15 to 2025-07-05 versus 2025-05-25 to 2025-06-14	0.173387	0.304022	+13.064	XFG,LB.1.3.1,LF.7.9
5826	ORF1a	C5826T	T1854I	PC.3.1*,LU.2.1.1*	40	2025-07-06 to 2025-07-26 versus 2025-06-15 to 2025-07-05	0.021145	0.007903	-1.324	Does not define any major lineages.
22995	S	C22995T	T478I	LF.7.10*,NL.9*,XDV.1.5*,QD.1*,ND.3*,LN.1.1*	28	2025-04-13 to 2025-05-03 versus 2025-03-23 to 2025-04-12	0.054624	0.016336	-3.829	NB.1.8.1
21653	S	T21653C	S31P	XFC*,LF.7*,XFN*,XFP*,MT.1*,KP.2.26*,KP.3.2.6*,MJ.1*,NF.1*,XER*,JN.1.40*	17	2025-01-26 to 2025-02-15 versus 2025-01-05 to 2025-01-25	0.03675	0.024377	-1.237	XFG,XFC,LF.7.9,LF.7.7.2,LF.7.2.1,LF.7,LF.7.7.1
15451	ORF1b	G15451A	G662S	XDV*	34	2025-05-25 to 2025-06-14 versus 2025-05-04 to 2025-05-24	0.049215	0.086363	+3.715	NB.1.8.1
22865	S	G22865T	A435S	NB.1.8.1*,MC.10.1*,XEC.32.1*,XFN*,KP.3.3.5*,MC.31*,XDV.1.9.1*,XEC.20.1*,XEC.18.2*,MU.6*,MC.21.1*,MC.28.1*,MC.30.1.1*,PG.1*,PY.1.1.1*,KP.2.14.2*,XEP*,LP.10.1.1*,MU.2.1.1*,XDY.1*,MC.13.2*,XEC.25.1*,XEC.14.1.1*,PT.1*,XFB*,PY.1.4.1*,XDY.3*,MC.46.1*,KP.3.3.2*,XEC.4.5.1*,XEC.4.6.1*,KP.3.7*	39	2025-06-29 to 2025-07-19 versus 2025-06-08 to 2025-06-28	0.226074	0.162441	-6.363	NB.1.8.1,PA.1,MC.10.1
6720	ORF1a	C6720T	T2152I	NY.7.1*,JN.1.65*	30	2025-04-27 to 2025-05-17 versus 2025-04-06 to 2025-04-26	0.011195	0.022289	+1.109	Does not define any major lineages.
3686	ORF1a	C3686T	H1141Y	XDV.1.5.1*	36	2025-06-08 to 2025-06-28 versus 2025-05-18 to 2025-06-07	0.121895	0.167056	+4.516	NB.1.8.1
7869	ORF1a	C7869T	S2535L	LF.7*	37	2025-06-15 to 2025-07-05 versus 2025-05-25 to 2025-06-14	0.154569	0.341698	+18.713	XFG,LF.7.9,LF.7.7.2,LF.7.2.1,LF.7,LF.7.7.1
28254	ORF8	A28254-28254del	121fs	No associated lineages	35	2025-06-01 to 2025-06-21 versus 2025-05-11 to 2025-05-31	0.022188	0.022138	-0.005	Does not define any major lineages.
21652	S	TTC21652-21654del	NS30-31Ndel	No associated lineages	38	2025-06-22 to 2025-07-12 versus 2025-06-01 to 2025-06-21	0.361546	0.332927	-2.862	LP.8.1,LB.1.3.1,KP.3.1.1,PA.1,MC.1,MC.10.1
23039	S	C23039G	Q493E	LP.8.1*,XFG*,KP.3*,XEQ*,XFH*,JN.1.16.4*,XDY*,JN.1.16.5*,LP.8.2*,KP.3.4*,XDY.9*,XEF*,XDY.1*,XFT*,XDY.5*,XDY.4*,XDY.11*,LF.7.1.11*,XET*,XDY.3*,NB.1.8*,XDY.6*,XDY.8*,XDY.2*,XDY.7*	4	2024-10-27 to 2024-11-16 versus 2024-10-06 to 2024-10-26	0.766156	0.774832	+0.868	XFG,LP.8.1,XFC,KP.3.1.1,XEC,XEQ,NB.1.8.1,KP.3,XEC.4,PA.1,MC.1,XEK,MC.10.1
7328	ORF1a	G7328T	A2355S	No associated lineages	37	2025-06-15 to 2025-07-05 versus 2025-05-25 to 2025-06-14	0.01647	0.022526	+0.606	Does not define any major lineages.
21653	S	T21653C	S31P	XFC*,LF.7*,XFN*,XFP*,MT.1*,KP.2.26*,KP.3.2.6*,MJ.1*,NF.1*,XER*,JN.1.40*	15	2025-01-12 to 2025-02-01 versus 2024-12-22 to 2025-01-11	0.036132	0.03321	-0.292	XFG,XFC,LF.7.9,LF.7.7.2,LF.7.2.1,LF.7,LF.7.7.1
21627	S	C21627A	T22N	XFC*,XEC*,LF.7*,XEQ*,KP.3.3.9*,XFP*,MB.1.1*,NB.1*,KP.2.14*,KS.1.5*,JN.1.18.7*,MR.2*,XEN*,XDV.1.7.1*,MT.1.1*,PF.2*,KP.3.1.9*,PB.1*,MU.6*,JN.1.16.5*,PM.1*,KP.2.26*,LF.8.1.1*,KP.3.6*,MU.3*,KP.2.18*,KS.1.1*,MG.3*,NG.1*,LJ.1*,MJ.1.1*,XER*,PB.2*,KP.2.2.1*,NW.1.2*,MC.24.1*,LP.8.1.6*,PP.1*,XEL*	23	2025-03-09 to 2025-03-29 versus 2025-02-16 to 2025-03-08	0.470349	0.447674	-2.268	XFG,XFC,XEC,XEQ,NB.1.8.1,LF.7.9,XEC.4,LF.7.7.2,LF.7.2.1,XEK,LF.7,LF.7.7.1
12924	ORF1a	C12924T	P4220L	XDV*	39	2025-06-29 to 2025-07-19 versus 2025-06-08 to 2025-06-28	0.265932	0.215202	-5.073	NB.1.8.1
6255	ORF1a	C6255T	A1997V	LP.8.1*,LP.11*,XFV*,LP.8.2*	16	2025-01-19 to 2025-02-08 versus 2024-12-29 to 2025-01-18	0.125679	0.201476	+7.58	LP.8.1,XFC
22865	S	G22865T	A435S	NB.1.8.1*,MC.10.1*,XEC.32.1*,XFN*,KP.3.3.5*,MC.31*,XDV.1.9.1*,XEC.20.1*,XEC.18.2*,MU.6*,MC.21.1*,MC.28.1*,MC.30.1.1*,PG.1*,PY.1.1.1*,KP.2.14.2*,XEP*,LP.10.1.1*,MU.2.1.1*,XDY.1*,MC.13.2*,XEC.25.1*,XEC.14.1.1*,PT.1*,XFB*,PY.1.4.1*,XDY.3*,MC.46.1*,KP.3.3.2*,XEC.4.5.1*,XEC.4.6.1*,KP.3.7*	25	2025-03-23 to 2025-04-12 versus 2025-03-02 to 2025-03-22	0.097547	0.117197	+1.965	NB.1.8.1,PA.1,MC.10.1
7113	ORF1a	C7113T	T2283I	PY.5*,XDV*,JN.1.11.1*,KU.2*,XFG.19*	35	2025-06-01 to 2025-06-21 versus 2025-05-11 to 2025-05-31	0.491756	0.46068	-3.108	LP.8.1,XFC,KP.3.1.1,NB.1.8.1,KP.3,PA.1,MC.1,XEK,MC.10.1
7869	ORF1a	C7869T	S2535L	LF.7*	41	2025-07-13 to 2025-08-02 versus 2025-06-22 to 2025-07-12	0.410842	0.517101	+10.626	XFG,LF.7.9,LF.7.7.2,LF.7.2.1,LF.7,LF.7.7.1
4683	ORF1a	C4683T	A1473V	XDV.1.5*,LB.1.4*,XFC.1.3*	25	2025-03-23 to 2025-04-12 versus 2025-03-02 to 2025-03-22	0.003497	0.028618	+2.512	NB.1.8.1
23148	S	A23148C	K529T	XFG.14*,LF.7.1.5*	41	2025-07-13 to 2025-08-02 versus 2025-06-22 to 2025-07-12	0.007295	0.023439	+1.614	Does not define any major lineages.
7869	ORF1a	C7869T	S2535L	LF.7*	30	2025-04-27 to 2025-05-17 versus 2025-04-06 to 2025-04-26	0.032111	0.05362	+2.151	XFG,LF.7.9,LF.7.7.2,LF.7.2.1,LF.7,LF.7.7.1
2060	ORF1a	G2060A	A599T	XEC*,MC.24.1*	12	2024-12-22 to 2025-01-11 versus 2024-12-01 to 2024-12-21	0.231296	0.351734	+12.044	XEC,XEC.4
8390	ORF1a	A8390G	I2709V	NB.1*	35	2025-06-01 to 2025-06-21 versus 2025-05-11 to 2025-05-31	0.119084	0.125716	+0.663	NB.1.8.1
18131	ORF1b	C18131T	T1555I	LB.1.3*	5	2024-11-03 to 2024-11-23 versus 2024-10-13 to 2024-11-02	0.016566	0.016475	-0.009	LB.1.3.1
10296	ORF1a	C10296T	S3344F	NY.15*	22	2025-03-02 to 2025-03-22 versus 2025-02-09 to 2025-03-01	0.022851	0.009826	-1.303	Does not define any major lineages.
22031	S	T22031-22031del, 22035-insertG	FR157-158SG	No associated lineages	37	2025-06-15 to 2025-07-05 versus 2025-05-25 to 2025-06-14	0.753345	0.863062	+10.972	Does not define any major lineages.
24819	S	A24819G	K1086R	KP.1.1*,XFT*,KP.1*	42	2025-07-20 to 2025-08-09 versus 2025-06-29 to 2025-07-19	0.229096	0.161964	-6.713	LP.8.1,XFC
22111	S	G22111T	Q183H	XFB*,LB.1*,JN.1.9*,XFR*,LY.2*,JN.1.32.1*	3	2024-10-20 to 2024-11-09 versus 2024-09-29 to 2024-10-19	0.035212	0.027354	-0.786	LB.1.3.1
22107	S	A22107G	K182R	XFC*,LF.7*,XFN*,XFP*,XER*,KP.2.2.2*,LB.1.3.3*,MC.15*,XEC.1*	11	2024-12-15 to 2025-01-04 versus 2024-11-24 to 2024-12-14	0.039033	0.030544	-0.849	XFG,XFC,LF.7.9,LF.7.7.2,LF.7.2.1,LF.7,LF.7.7.1
23598	S	A23598G, T23599G	N679R	XFC*,XEC.32.1*,NY.7*,PG.4.1*,LP.8.1.1*,JN.1.68.1*,PF.2.4*,MC.10.2.1*,XDK.2*,PU.1*,XFT*,NR.1*,NW.1.5*,XEC.22*,KP.2.3.14*,MD.1*,PY.1.1*,PR.2*,LQ.1.1.1*	34	2025-05-25 to 2025-06-14 versus 2025-05-04 to 2025-05-24	0.419451	0.339162	-8.029	XFC
22928	S	T22928C	F456L	JN.1.7.9*,LR.1*,KU.2*,JN.1.39.1*,KR.5*,KR.1*,JN.1.67.1*,JN.1.48.1*,JN.1.62*,NS.3*,LN.1.1*,KR.3*,JN.1.29.1*,JN.1.1.8*,JN.1.4.9*,LF.6*,XDR.1.1*,KS.1*,LF.8*,JN.1.18.5*,LL.1*,XDK.1.2*,KR.4.1*,XDK.4.1*,LM.1*,MD.3.1*,LZ.1*,KW.1.1*,XDD.3*,LQ.1*,JN.1.1.6*,XDK.3*,JN.1.11.1*,JN.1.55.2*,JN.1.16*,XDK.6*,JN.1.55.1*,JN.1.48.3*,LR.3*,JN.1.50*,JN.1.51.1*,JN.1.15.1*,MD.1*,JN.1.7.8*,XDK.5*,LZ.2.2*,XDV.1*,JN.1.18.9*,JN.1.18.4*,LZ.2.1*,LE.1.3.1*,JN.1.65.1*	10	2024-12-08 to 2024-12-28 versus 2024-11-17 to 2024-12-07	0.963389	0.963034	-0.036	XFG,LP.8.1,LB.1.3.1,XFC,KP.3.1.1,XEC,XEQ,NB.1.8.1,LF.7.9,KP.3,XEC.4,LF.7.7.2,PA.1,MC.1,LF.7.2.1,XEK,LF.7,LF.7.7.1,MC.10.1
28883	N	G28883C, G28884C	G204P	PP.1.1.1*,MC.24.1*,PQ.1.1*,KP.3.3*,XEP*	27	2025-04-06 to 2025-04-26 versus 2025-03-16 to 2025-04-05	0.21079	0.122024	-8.877	XEC,XEC.4,XEK
22893	S	A22893G	K444R	LF.7*,JN.1.23*,JN.1.61*,XER*,NY.3.1.1*,NA.1.1*	28	2025-04-13 to 2025-05-03 versus 2025-03-23 to 2025-04-12	0.047678	0.078663	+3.099	XFG,LF.7.9,LF.7.7.2,LF.7.2.1,LF.7,LF.7.7.1
22926	S	T22926C	L455S	No associated lineages	5	2024-11-03 to 2024-11-23 versus 2024-10-13 to 2024-11-02	0.769312	0.804112	+3.48	JN.1
25593	ORF3a	G25593T	K67N	KP.2.3*	2	2024-10-13 to 2024-11-02 versus 2024-09-22 to 2024-10-12	0.029044	0.017685	-1.136	Does not define any major lineages.
6255	ORF1a	C6255T	A1997V	LP.8.1*,LP.11*,XFV*,LP.8.2*	20	2025-02-16 to 2025-03-08 versus 2025-01-26 to 2025-02-15	0.243196	0.307528	+6.433	LP.8.1,XFC
23600	S	T23600C	S680P	MM.1*,LF.7.3.6*,XEK.1.1*,LB.1.7.2*,PV.1*,XFG.3.4.1*	40	2025-07-06 to 2025-07-26 versus 2025-06-15 to 2025-07-05	0.01228	0.020994	+0.871	Does not define any major lineages.
28883	N	G28883C, G28884C	G204P	PP.1.1.1*,MC.24.1*,PQ.1.1*,KP.3.3*,XEP*	20	2025-02-16 to 2025-03-08 versus 2025-01-26 to 2025-02-15	0.402617	0.273527	-12.909	XEC,XEC.4,XEK
21652	S	TTC21652-21654del	NS30-31Ndel	No associated lineages	1	2024-10-06 to 2024-10-26 versus 2024-09-15 to 2024-10-05	0.512255	0.60138	+8.913	LP.8.1,LB.1.3.1,KP.3.1.1,PA.1,MC.1,MC.10.1
22107	S	A22107G	K182R	XFC*,LF.7*,XFN*,XFP*,XER*,KP.2.2.2*,LB.1.3.3*,MC.15*,XEC.1*	20	2025-02-16 to 2025-03-08 versus 2025-01-26 to 2025-02-15	0.024647	0.049808	+2.516	XFG,XFC,LF.7.9,LF.7.7.2,LF.7.2.1,LF.7,LF.7.7.1
25793	ORF3a	G25793A	R134H	XDV.1.5.1*	42	2025-07-20 to 2025-08-09 versus 2025-06-29 to 2025-07-19	0.058013	0.046856	-1.116	NB.1.8.1
25352	S	G25352T	V1264L	XEC.38*,XET*,JN.1.1.4*,JN.1.23.1*,XEC.11.1*,XFG.14*,NB.1.2*,XEL.1*,XEC.37*,XEK.2.1*,MV.1.3*,XEC.34*,XFJ.3*,PH.1*	39	2025-06-29 to 2025-07-19 versus 2025-06-08 to 2025-06-28	0.018831	0.020823	+0.199	Does not define any major lineages.
16342	ORF1b	T16342C	S959P	XDV*	38	2025-06-22 to 2025-07-12 versus 2025-06-01 to 2025-06-21	0.203923	0.196849	-0.707	NB.1.8.1
22995	S	C22995T	T478I	LF.7.10*,NL.9*,XDV.1.5*,QD.1*,ND.3*,LN.1.1*	25	2025-03-23 to 2025-04-12 versus 2025-03-02 to 2025-03-22	0.002087	0.054624	+5.254	NB.1.8.1
25693	ORF3a	C25693T	L101F	NW.1*	35	2025-06-01 to 2025-06-21 versus 2025-05-11 to 2025-05-31	0.030812	0.016841	-1.397	Does not define any major lineages.
22930	S	T22930A	F456L (1)	JN.1.7.9*,LR.1*,KU.2*,JN.1.39.1*,KR.5*,KR.1*,JN.1.67.1*,JN.1.48.1*,JN.1.62*,NS.3*,LN.1.1*,KR.3*,JN.1.29.1*,JN.1.1.8*,JN.1.4.9*,LF.6*,XDR.1.1*,KS.1*,LF.8*,JN.1.18.5*,LL.1*,XDK.1.2*,KR.4.1*,XDK.4.1*,LM.1*,MD.3.1*,LZ.1*,KW.1.1*,XDD.3*,LQ.1*,JN.1.1.6*,XDK.3*,JN.1.11.1*,JN.1.55.2*,JN.1.16*,XDK.6*,JN.1.55.1*,JN.1.48.3*,LR.3*,JN.1.50*,JN.1.51.1*,JN.1.15.1*,MD.1*,JN.1.7.8*,XDK.5*,LZ.2.2*,XDV.1*,JN.1.18.9*,JN.1.18.4*,LZ.2.1*,LE.1.3.1*,JN.1.65.1*	34	2025-05-25 to 2025-06-14 versus 2025-05-04 to 2025-05-24	0.027511	0.208214	+18.07	Does not define any major lineages.
10301	ORF1a	C10301A	Q3346K	No associated lineages	26	2025-03-30 to 2025-04-19 versus 2025-03-09 to 2025-03-29	0.022661	0.001277	-2.138	Does not define any major lineages.
23039	S	C23039G	Q493E	LP.8.1*,XFG*,KP.3*,XEQ*,XFH*,JN.1.16.4*,XDY*,JN.1.16.5*,LP.8.2*,KP.3.4*,XDY.9*,XEF*,XDY.1*,XFT*,XDY.5*,XDY.4*,XDY.11*,LF.7.1.11*,XET*,XDY.3*,NB.1.8*,XDY.6*,XDY.8*,XDY.2*,XDY.7*	34	2025-05-25 to 2025-06-14 versus 2025-05-04 to 2025-05-24	0.759023	0.767972	+0.895	XFG,LP.8.1,XFC,KP.3.1.1,XEC,XEQ,NB.1.8.1,KP.3,XEC.4,PA.1,MC.1,XEK,MC.10.1
22926	S	T22926C	L455S	No associated lineages	38	2025-06-22 to 2025-07-12 versus 2025-06-01 to 2025-06-21	0.75227	0.78875	+3.648	JN.1
23277	S	C23277T	T572I	XFG*,XEC.4*,MC.1*,XDK*,MU.1*,MC.13.4*,XFA*,LF.7.1.8*,MV.1.6*,KP.2.15.1*,JN.1.32*,NY.16.1*,XDV.1.3*,XDY.1.1*,NT.2.1*,PW.1*,MC.6.1*,JN.1.62*,XEC.35*,MH.1*,KP.2.27*,JN.1.16.3*,LF.7.3.6*,NY.19*,JN.1.47.2*,MC.30.1.1*,KP.2.3.8*,KP.2.14.1*,XEC.21*,MC.26.1*,NB.1.3.1*,LZ.3*,LP.4*,LB.1.2.2*,XDY.5.1*,JN.1.9.1*,JN.1.1.1*,KP.2.9*,KP.2.2.2*,XDD.3*,XEC.37*,XEC.2.2.1*,LF.7.6.5*,LD.1*,JN.1.7*,LF.7.7*,MC.9.2*,KP.1.2*,XFB*,LF.7.10.1*,KP.2.3.6*,XEC.25.1.1*,NL.5.1*,KV.2*,MG.1*,XEF.3*,NL.13*,JN.1.65*,MZ.5*,KW.1*,MC.11.3.1*,JN.1.4.3*,MC.8.1*,KP.5*	41	2025-07-13 to 2025-08-02 versus 2025-06-22 to 2025-07-12	0.323446	0.396012	+7.257	XFG,XEC.4,MC.1,LF.7.7.1
22928	S	T22928C	F456L	JN.1.7.9*,LR.1*,KU.2*,JN.1.39.1*,KR.5*,KR.1*,JN.1.67.1*,JN.1.48.1*,JN.1.62*,NS.3*,LN.1.1*,KR.3*,JN.1.29.1*,JN.1.1.8*,JN.1.4.9*,LF.6*,XDR.1.1*,KS.1*,LF.8*,JN.1.18.5*,LL.1*,XDK.1.2*,KR.4.1*,XDK.4.1*,LM.1*,MD.3.1*,LZ.1*,KW.1.1*,XDD.3*,LQ.1*,JN.1.1.6*,XDK.3*,JN.1.11.1*,JN.1.55.2*,JN.1.16*,XDK.6*,JN.1.55.1*,JN.1.48.3*,LR.3*,JN.1.50*,JN.1.51.1*,JN.1.15.1*,MD.1*,JN.1.7.8*,XDK.5*,LZ.2.2*,XDV.1*,JN.1.18.9*,JN.1.18.4*,LZ.2.1*,LE.1.3.1*,JN.1.65.1*	33	2025-05-18 to 2025-06-07 versus 2025-04-27 to 2025-05-17	0.565951	0.7784	+21.245	XFG,LP.8.1,LB.1.3.1,XFC,KP.3.1.1,XEC,XEQ,NB.1.8.1,LF.7.9,KP.3,XEC.4,LF.7.7.2,PA.1,MC.1,LF.7.2.1,XEK,LF.7,LF.7.7.1,MC.10.1
15451	ORF1b	G15451A	G662S	XDV*	29	2025-04-20 to 2025-05-10 versus 2025-03-30 to 2025-04-19	0.017476	0.030093	+1.262	NB.1.8.1
6255	ORF1a	C6255T	A1997V	LP.8.1*,LP.11*,XFV*,LP.8.2*	30	2025-04-27 to 2025-05-17 versus 2025-04-06 to 2025-04-26	0.530073	0.582408	+5.234	LP.8.1,XFC
4683	ORF1a	C4683T	A1473V	XDV.1.5*,LB.1.4*,XFC.1.3*	31	2025-05-04 to 2025-05-24 versus 2025-04-13 to 2025-05-03	0.040723	0.093155	+5.243	NB.1.8.1
12854	ORF1a	C12854T	P4197S	NB.1*	30	2025-04-27 to 2025-05-17 versus 2025-04-06 to 2025-04-26	0.037941	0.114668	+7.673	NB.1.8.1
2060	ORF1a	G2060A	A599T	XEC*,MC.24.1*	27	2025-04-06 to 2025-04-26 versus 2025-03-16 to 2025-04-05	0.11658	0.07272	-4.386	XEC,XEC.4
7113	ORF1a	C7113T	T2283I	PY.5*,XDV*,JN.1.11.1*,KU.2*,XFG.19*	22	2025-03-02 to 2025-03-22 versus 2025-02-09 to 2025-03-01	0.348893	0.377728	+2.883	LP.8.1,XFC,KP.3.1.1,NB.1.8.1,KP.3,PA.1,MC.1,XEK,MC.10.1
8390	ORF1a	A8390G	I2709V	NB.1*	34	2025-05-25 to 2025-06-14 versus 2025-05-04 to 2025-05-24	0.093565	0.118955	+2.539	NB.1.8.1
15009	ORF1b	T15009A	D514E	No associated lineages	41	2025-07-13 to 2025-08-02 versus 2025-06-22 to 2025-07-12	0.03296	0.034243	+0.128	Does not define any major lineages.
23277	S	C23277T	T572I	XFG*,XEC.4*,MC.1*,XDK*,MU.1*,MC.13.4*,XFA*,LF.7.1.8*,MV.1.6*,KP.2.15.1*,JN.1.32*,NY.16.1*,XDV.1.3*,XDY.1.1*,NT.2.1*,PW.1*,MC.6.1*,JN.1.62*,XEC.35*,MH.1*,KP.2.27*,JN.1.16.3*,LF.7.3.6*,NY.19*,JN.1.47.2*,MC.30.1.1*,KP.2.3.8*,KP.2.14.1*,XEC.21*,MC.26.1*,NB.1.3.1*,LZ.3*,LP.4*,LB.1.2.2*,XDY.5.1*,JN.1.9.1*,JN.1.1.1*,KP.2.9*,KP.2.2.2*,XDD.3*,XEC.37*,XEC.2.2.1*,LF.7.6.5*,LD.1*,JN.1.7*,LF.7.7*,MC.9.2*,KP.1.2*,XFB*,LF.7.10.1*,KP.2.3.6*,XEC.25.1.1*,NL.5.1*,KV.2*,MG.1*,XEF.3*,NL.13*,JN.1.65*,MZ.5*,KW.1*,MC.11.3.1*,JN.1.4.3*,MC.8.1*,KP.5*	14	2025-01-05 to 2025-01-25 versus 2024-12-15 to 2025-01-04	0.082501	0.085953	+0.345	XFG,XEC.4,MC.1,LF.7.7.1
22895	S	G22895C, T22896G	V445R	LP.8.1*,XFG*,NZ.1*,LP.8.2*,MK.3*,LF.7.12.1*,MC.32.1*,XEC.27*,XFT*,MC.33.1*,MC.19.1*	36	2025-06-08 to 2025-06-28 versus 2025-05-18 to 2025-06-07	0.34182	0.366177	+2.436	XFG,LP.8.1,XFC
22994	S	A22994G, C22995A	T478E	LZ.2.1.1*,NY.17.1*,LF.7.8*,LP.8.1.15*,NY.7.2*,XFC.1.4*,ND.2*,NY.1.2*,PF.1*,NY.10*,NY.3.2*,XFC.1.1.1*,KP.2.13*	32	2025-05-11 to 2025-05-31 versus 2025-04-20 to 2025-05-10	0.022058	0.004668	-1.739	Does not define any major lineages.
7252	ORF1a	G7252T	L2329F	No associated lineages	37	2025-06-15 to 2025-07-05 versus 2025-05-25 to 2025-06-14	0.028696	0.031384	+0.269	Does not define any major lineages.
1170	ORF1a	C1170T	S302F	XDV*	36	2025-06-08 to 2025-06-28 versus 2025-05-18 to 2025-06-07	0.134449	0.149668	+1.522	NB.1.8.1
7267	ORF1a	C7267A	F2334L	No associated lineages	42	2025-07-20 to 2025-08-09 versus 2025-06-29 to 2025-07-19	0.033227	0.018685	-1.454	Does not define any major lineages.
22120	S	C22120A	F186L	LP.8.1*,LP.8.2*,XFT*	10	2024-12-08 to 2024-12-28 versus 2024-11-17 to 2024-12-07	0.021555	0.044345	+2.279	LP.8.1
6701	ORF1a	C6701T	L2146F	XEQ*,KS.1.1.2*,XEL*,MC.38*	14	2025-01-05 to 2025-01-25 versus 2024-12-15 to 2025-01-04	0.021065	0.00978	-1.129	XEQ
29409	N	C29409T	T379I	XFG*,LF.7.9*,LB.1.3.1*,NT.1*,MC.10.1.3*,XDS*,XEC.2.3*,NS.3*,XEC.35.1*	7	2024-11-17 to 2024-12-07 versus 2024-10-27 to 2024-11-16	0.01613	0.026237	+1.011	XFG,LB.1.3.1,LF.7.9
15009	ORF1b	T15009A	D514E	No associated lineages	33	2025-05-18 to 2025-06-07 versus 2025-04-27 to 2025-05-17	0.032728	0.034148	+0.142	Does not define any major lineages.
24819	S	A24819G	K1086R	KP.1.1*,XFT*,KP.1*	7	2024-11-17 to 2024-12-07 versus 2024-10-27 to 2024-11-16	0.019134	0.037698	+1.856	LP.8.1,XFC
11727	ORF1a	G11727A	R3821K	No associated lineages	12	2024-12-22 to 2025-01-11 versus 2024-12-01 to 2024-12-21	0.908327	0.992693	+8.437	JN.1
29081	N	G29081T	V270L	XFG.2*	35	2025-06-01 to 2025-06-21 versus 2025-05-11 to 2025-05-31	0.046512	0.069823	+2.331	Does not define any major lineages.
7262	ORF1a	C7262A	L2333I	No associated lineages	23	2025-03-09 to 2025-03-29 versus 2025-02-16 to 2025-03-08	0.026495	0.039794	+1.33	Does not define any major lineages.
11727	ORF1a	G11727A	R3821K	No associated lineages	30	2025-04-27 to 2025-05-17 versus 2025-04-06 to 2025-04-26	0.925261	0.910374	-1.489	JN.1
24872	S	G24872T	V1104L	XEQ*,XDY.3*,XDY.9*,XDY.6*,JN.1.11*,XEF*,XDY.8*,XDY.1*,XDY*,XDY.2*,XDY.5*,XDY.4*,LB.1.1*,XFT*,XDY.11*,XDY.7*	41	2025-07-13 to 2025-08-02 versus 2025-06-22 to 2025-07-12	0.336723	0.157493	-17.923	LP.8.1,XFC,KP.3.1.1,XEC,XEQ,KP.3,XEC.4,PA.1,MC.1,XEK,MC.10.1
23277	S	C23277T	T572I	XFG*,XEC.4*,MC.1*,XDK*,MU.1*,MC.13.4*,XFA*,LF.7.1.8*,MV.1.6*,KP.2.15.1*,JN.1.32*,NY.16.1*,XDV.1.3*,XDY.1.1*,NT.2.1*,PW.1*,MC.6.1*,JN.1.62*,XEC.35*,MH.1*,KP.2.27*,JN.1.16.3*,LF.7.3.6*,NY.19*,JN.1.47.2*,MC.30.1.1*,KP.2.3.8*,KP.2.14.1*,XEC.21*,MC.26.1*,NB.1.3.1*,LZ.3*,LP.4*,LB.1.2.2*,XDY.5.1*,JN.1.9.1*,JN.1.1.1*,KP.2.9*,KP.2.2.2*,XDD.3*,XEC.37*,XEC.2.2.1*,LF.7.6.5*,LD.1*,JN.1.7*,LF.7.7*,MC.9.2*,KP.1.2*,XFB*,LF.7.10.1*,KP.2.3.6*,XEC.25.1.1*,NL.5.1*,KV.2*,MG.1*,XEF.3*,NL.13*,JN.1.65*,MZ.5*,KW.1*,MC.11.3.1*,JN.1.4.3*,MC.8.1*,KP.5*	20	2025-02-16 to 2025-03-08 versus 2025-01-26 to 2025-02-15	0.07323	0.068235	-0.499	XFG,XEC.4,MC.1,LF.7.7.1
25925	ORF3a	C25925T	P178L	LP.8.1*,LP.11*,XFT*,LP.8.2*	10	2024-12-08 to 2024-12-28 versus 2024-11-17 to 2024-12-07	0.027063	0.065731	+3.867	LP.8.1,XFC
24872	S	G24872T	V1104L	XEQ*,XDY.3*,XDY.9*,XDY.6*,JN.1.11*,XEF*,XDY.8*,XDY.1*,XDY*,XDY.2*,XDY.5*,XDY.4*,LB.1.1*,XFT*,XDY.11*,XDY.7*	24	2025-03-16 to 2025-04-05 versus 2025-02-23 to 2025-03-15	0.784953	0.715146	-6.981	LP.8.1,XFC,KP.3.1.1,XEC,XEQ,KP.3,XEC.4,PA.1,MC.1,XEK,MC.10.1
25925	ORF3a	C25925T	P178L	LP.8.1*,LP.11*,XFT*,LP.8.2*	20	2025-02-16 to 2025-03-08 versus 2025-01-26 to 2025-02-15	0.243223	0.293973	+5.075	LP.8.1,XFC
10323	ORF1a	A10323G	K3353R	LP.8.1.5*,LF.7.8*,JN.1.52*,NY.7.2*,MC.10.2*	8	2024-11-24 to 2024-12-14 versus 2024-11-03 to 2024-11-23	0.010024	0.058151	+4.813	Does not define any major lineages.
24819	S	A24819G	K1086R	KP.1.1*,XFT*,KP.1*	26	2025-03-30 to 2025-04-19 versus 2025-03-09 to 2025-03-29	0.420178	0.605944	+18.577	LP.8.1,XFC
22107	S	A22107G	K182R	XFC*,LF.7*,XFN*,XFP*,XER*,KP.2.2.2*,LB.1.3.3*,MC.15*,XEC.1*	23	2025-03-09 to 2025-03-29 versus 2025-02-16 to 2025-03-08	0.049808	0.064375	+1.457	XFG,XFC,LF.7.9,LF.7.7.2,LF.7.2.1,LF.7,LF.7.7.1
21653	S	T21653C	S31P	XFC*,LF.7*,XFN*,XFP*,MT.1*,KP.2.26*,KP.3.2.6*,MJ.1*,NF.1*,XER*,JN.1.40*	34	2025-05-25 to 2025-06-14 versus 2025-05-04 to 2025-05-24	0.113155	0.283207	+17.005	XFG,XFC,LF.7.9,LF.7.7.2,LF.7.2.1,LF.7,LF.7.7.1
23021	S	A23021G	N487D	XFG*,NY.11*,NY.11.1*,LP.8.1.2*	35	2025-06-01 to 2025-06-21 versus 2025-05-11 to 2025-05-31	0.120502	0.186533	+6.603	XFG
23933	S	A23933G	T791A	XFJ*,XFP*,XFM*	38	2025-06-22 to 2025-07-12 versus 2025-06-01 to 2025-06-21	0.027624	0.020609	-0.702	Does not define any major lineages.
7267	ORF1a	C7267A	F2334L	No associated lineages	32	2025-05-11 to 2025-05-31 versus 2025-04-20 to 2025-05-10	0.033126	0.029246	-0.388	Does not define any major lineages.
22986	S	C22986T	A475V	LF.7.9*,LF.7.2.1*,XFP*,PF.2.2.1*,PV.3*,NY.6*,LP.10.1*,QJ.2*,LF.7.3.6*,PL.1*,LF.7.12*,XFC.2*,KP.2.3.1*,LP.8.2.1*,LP.8.1.9*,NY.3.1.1*,LF.7.1.2*,LF.7.1.7*,QH.1*,NY.7.1.1*,LF.7.3.1*,QC.2.1*	41	2025-07-13 to 2025-08-02 versus 2025-06-22 to 2025-07-12	0.073562	0.029058	-4.45	LF.7.9,LF.7.2.1
28883	N	G28883C, G28884C	G204P	PP.1.1.1*,MC.24.1*,PQ.1.1*,KP.3.3*,XEP*	6	2024-11-10 to 2024-11-30 versus 2024-10-20 to 2024-11-09	0.234777	0.285193	+5.042	XEC,XEC.4,XEK
12924	ORF1a	C12924T	P4220L	XDV*	42	2025-07-20 to 2025-08-09 versus 2025-06-29 to 2025-07-19	0.215202	0.188794	-2.641	NB.1.8.1
23039	S	C23039G	Q493E	LP.8.1*,XFG*,KP.3*,XEQ*,XFH*,JN.1.16.4*,XDY*,JN.1.16.5*,LP.8.2*,KP.3.4*,XDY.9*,XEF*,XDY.1*,XFT*,XDY.5*,XDY.4*,XDY.11*,LF.7.1.11*,XET*,XDY.3*,NB.1.8*,XDY.6*,XDY.8*,XDY.2*,XDY.7*	36	2025-06-08 to 2025-06-28 versus 2025-05-18 to 2025-06-07	0.757421	0.8939	+13.648	XFG,LP.8.1,XFC,KP.3.1.1,XEC,XEQ,NB.1.8.1,KP.3,XEC.4,PA.1,MC.1,XEK,MC.10.1
22995	S	C22995T	T478I	LF.7.10*,NL.9*,XDV.1.5*,QD.1*,ND.3*,LN.1.1*	39	2025-06-29 to 2025-07-19 versus 2025-06-08 to 2025-06-28	0.171637	0.124367	-4.727	NB.1.8.1
22599	S	G22599C	R346T	XFN*,JN.1.24.1*,MC.13.2.4*,LE.1*,MC.31*,XED*,JN.1.59.1*,MF.1*,KR.5*,MC.32.1*,JN.1.48.1*,MC.28.1.1*,XDD.1.1.1*,MC.33.1*,NB.1.2.1*,MZ.3*,PJ.1*,JN.1.11.2*,JN.1.8.2*,KZ.1.1*,LN.1.1*,XDR.1*,LU.1*,XEP.1.1*,JN.1.7.3*,MU.3*,JN.1.16.1*,JN.1.29.1*,LF.6*,JN.1.44.1*,LG.1*,KS.1*,XEH*,LF.8*,JN.1.25.1*,MC.17.1*,JN.1.18*,MQ.1*,JN.1.30.1*,NU.1*,LU.2*,JN.1.6.1*,MC.19*,KP.2*,PK.1*,JN.1.50.1*,JN.1.4.4*,JN.1.49.1*,MC.13.3.1*,MK.3*,JN.1.26*,MC.13.2.1*,PG.3*,JN.1.39.2*,JN.1.58.2*,JN.1.42.2*,KQ.1*,JN.1.1.3*,XEM*,JN.1.1.5*,KP.4.1*,MC.10.1.6*,JN.1.48.2*,JN.1.48.3*,JN.1.9.2*,XEC.27*,JN.1.18.8*,XES.1*,MC.33.2*,NB.1.6.1*,XDK.1*,MC.13.2.2*,XEK.7*	36	2025-06-08 to 2025-06-28 versus 2025-05-18 to 2025-06-07	0.59182	0.558016	-3.38	XFG,LP.8.1,LB.1.3.1,XFC,XEQ,LF.7.9,LF.7.7.2,LF.7.2.1,LF.7,LF.7.7.1
22120	S	C22120A	F186L	LP.8.1*,LP.8.2*,XFT*	23	2025-03-09 to 2025-03-29 versus 2025-02-16 to 2025-03-08	0.136602	0.190785	+5.418	LP.8.1
17012	ORF1b	C17012A	S1182*	No associated lineages	18	2025-02-02 to 2025-02-22 versus 2025-01-12 to 2025-02-01	0.006149	0.054194	+4.805	Does not define any major lineages.
22986	S	C22986T	A475V	LF.7.9*,LF.7.2.1*,XFP*,PF.2.2.1*,PV.3*,NY.6*,LP.10.1*,QJ.2*,LF.7.3.6*,PL.1*,LF.7.12*,XFC.2*,KP.2.3.1*,LP.8.2.1*,LP.8.1.9*,NY.3.1.1*,LF.7.1.2*,LF.7.1.7*,QH.1*,NY.7.1.1*,LF.7.3.1*,QC.2.1*	42	2025-07-20 to 2025-08-09 versus 2025-06-29 to 2025-07-19	0.059101	0.021161	-3.794	LF.7.9,LF.7.2.1
21738	S	T21738C	F59S	XEC*,NB.1*,JN.1.18.7*,MR.2*,KR.1.4*,JN.1.18.6*,MZ.3*,XDR.1*,JN.1.42.1*,MU.3*,KP.1.1.5*,KS.1*,JN.1.13.1*,JN.1.18.2*,KP.3.1.8*,KP.3.3.8*,KP.2.10*,XEM*,JN.1.18.9*	24	2025-03-16 to 2025-04-05 versus 2025-02-23 to 2025-03-15	0.362545	0.215149	-14.74	XEC,XEQ,NB.1.8.1,XEC.4,XEK
22107	S	A22107G	K182R	XFC*,LF.7*,XFN*,XFP*,XER*,KP.2.2.2*,LB.1.3.3*,MC.15*,XEC.1*	32	2025-05-11 to 2025-05-31 versus 2025-04-20 to 2025-05-10	0.096043	0.123077	+2.703	XFG,XFC,LF.7.9,LF.7.7.2,LF.7.2.1,LF.7,LF.7.7.1
22107	S	A22107G	K182R	XFC*,LF.7*,XFN*,XFP*,XER*,KP.2.2.2*,LB.1.3.3*,MC.15*,XEC.1*	31	2025-05-04 to 2025-05-24 versus 2025-04-13 to 2025-05-03	0.077436	0.115438	+3.8	XFG,XFC,LF.7.9,LF.7.7.2,LF.7.2.1,LF.7,LF.7.7.1
25925	ORF3a	C25925T	P178L	LP.8.1*,LP.11*,XFT*,LP.8.2*	18	2025-02-02 to 2025-02-22 versus 2025-01-12 to 2025-02-01	0.176319	0.257185	+8.087	LP.8.1,XFC
25324	S	C25324A	C1254*	No associated lineages	41	2025-07-13 to 2025-08-02 versus 2025-06-22 to 2025-07-12	0.035877	0.026027	-0.985	Does not define any major lineages.
17329	ORF1b	G17329T	E1288*	No associated lineages	19	2025-02-09 to 2025-03-01 versus 2025-01-19 to 2025-02-08	0.022553	0.00374	-1.881	Does not define any major lineages.
24872	S	G24872T	V1104L	XEQ*,XDY.3*,XDY.9*,XDY.6*,JN.1.11*,XEF*,XDY.8*,XDY.1*,XDY*,XDY.2*,XDY.5*,XDY.4*,LB.1.1*,XFT*,XDY.11*,XDY.7*	8	2024-11-24 to 2024-12-14 versus 2024-11-03 to 2024-11-23	0.837478	0.829694	-0.778	LP.8.1,XFC,KP.3.1.1,XEC,XEQ,KP.3,XEC.4,PA.1,MC.1,XEK,MC.10.1
29081	N	G29081T	V270L	XFG.2*	32	2025-05-11 to 2025-05-31 versus 2025-04-20 to 2025-05-10	0.018125	0.046512	+2.839	Does not define any major lineages.
4364	ORF1a	A4364C	I1367L	XEP*,XEC.2*,KP.3.3.4*	21	2025-02-23 to 2025-03-15 versus 2025-02-02 to 2025-02-22	0.062935	0.043043	-1.989	Does not define any major lineages.
22031	S	T22031-22031del, 22035-insertG	FR157-158SG	No associated lineages	10	2024-12-08 to 2024-12-28 versus 2024-11-17 to 2024-12-07	0.60364	0.738204	+13.456	Does not define any major lineages.
2060	ORF1a	G2060A	A599T	XEC*,MC.24.1*	39	2025-06-29 to 2025-07-19 versus 2025-06-08 to 2025-06-28	0.026657	0.011887	-1.477	XEC,XEC.4
7328	ORF1a	G7328T	A2355S	No associated lineages	38	2025-06-22 to 2025-07-12 versus 2025-06-01 to 2025-06-21	0.017187	0.024786	+0.76	Does not define any major lineages.
593	ORF1a	C593T	H110Y	XEK*,LP.8.1.15*,XEU*,MC.36.1*,XEC.4.5.1*	11	2024-12-15 to 2025-01-04 versus 2024-11-24 to 2024-12-14	0.022145	0.024516	+0.237	XEK
22107	S	A22107G	K182R	XFC*,LF.7*,XFN*,XFP*,XER*,KP.2.2.2*,LB.1.3.3*,MC.15*,XEC.1*	18	2025-02-02 to 2025-02-22 versus 2025-01-12 to 2025-02-01	0.035719	0.01997	-1.575	XFG,XFC,LF.7.9,LF.7.7.2,LF.7.2.1,LF.7,LF.7.7.1
17668	ORF1b	G17668T	G1401C	No associated lineages	28	2025-04-13 to 2025-05-03 versus 2025-03-23 to 2025-04-12	0.027617	0.001628	-2.599	Does not define any major lineages.
22031	S	T22031-22031del, 22035-insertG	FR157-158SG	No associated lineages	22	2025-03-02 to 2025-03-22 versus 2025-02-09 to 2025-03-01	0.762192	0.569519	-19.267	Does not define any major lineages.
22107	S	A22107G	K182R	XFC*,LF.7*,XFN*,XFP*,XER*,KP.2.2.2*,LB.1.3.3*,MC.15*,XEC.1*	17	2025-01-26 to 2025-02-15 versus 2025-01-05 to 2025-01-25	0.040078	0.024647	-1.543	XFG,XFC,LF.7.9,LF.7.7.2,LF.7.2.1,LF.7,LF.7.7.1
7869	ORF1a	C7869T	S2535L	LF.7*	10	2024-12-08 to 2024-12-28 versus 2024-11-17 to 2024-12-07	0.017962	0.021425	+0.346	XFG,LF.7.9,LF.7.7.2,LF.7.2.1,LF.7,LF.7.7.1
593	ORF1a	C593T	H110Y	XEK*,LP.8.1.15*,XEU*,MC.36.1*,XEC.4.5.1*	5	2024-11-03 to 2024-11-23 versus 2024-10-13 to 2024-11-02	0.007661	0.0205	+1.284	XEK
22132	S	G22132T	R190S	LP.8.1*,LF.7*,XFN*,XFP*,LB.1.4.1*,NC.1*,MA.1*,JN.1.59.1*,LP.7*,XEL.4*,NL.5.2*,NL.22.1*,NK.1*,LB.1.11*,LB.1.7.4*,LP.1.2*,XER*,LZ.4*,KP.4.2.6*,KP.4.2.4*,MC.19.1.1*,NL.1*,MC.33.1.1*	25	2025-03-23 to 2025-04-12 versus 2025-03-02 to 2025-03-22	0.317919	0.392795	+7.488	XFG,LP.8.1,XFC,LF.7.9,LF.7.7.2,LF.7.2.1,LF.7,LF.7.7.1
7113	ORF1a	C7113T	T2283I	PY.5*,XDV*,JN.1.11.1*,KU.2*,XFG.19*	4	2024-10-27 to 2024-11-16 versus 2024-10-06 to 2024-10-26	0.505747	0.484868	-2.088	LP.8.1,XFC,KP.3.1.1,NB.1.8.1,KP.3,PA.1,MC.1,XEK,MC.10.1
22031	S	T22031-22031del, 22035-insertG	FR157-158SG	No associated lineages	24	2025-03-16 to 2025-04-05 versus 2025-02-23 to 2025-03-15	0.687	0.573128	-11.387	Does not define any major lineages.
6255	ORF1a	C6255T	A1997V	LP.8.1*,LP.11*,XFV*,LP.8.2*	17	2025-01-26 to 2025-02-15 versus 2025-01-05 to 2025-01-25	0.149439	0.243196	+9.376	LP.8.1,XFC
10323	ORF1a	A10323G	K3353R	LP.8.1.5*,LF.7.8*,JN.1.52*,NY.7.2*,MC.10.2*	16	2025-01-19 to 2025-02-08 versus 2024-12-29 to 2025-01-18	0.00898	0.023337	+1.436	Does not define any major lineages.
22107	S	A22107G	K182R	XFC*,LF.7*,XFN*,XFP*,XER*,KP.2.2.2*,LB.1.3.3*,MC.15*,XEC.1*	27	2025-04-06 to 2025-04-26 versus 2025-03-16 to 2025-04-05	0.067318	0.05211	-1.521	XFG,XFC,LF.7.9,LF.7.7.2,LF.7.2.1,LF.7,LF.7.7.1
28883	N	G28883C, G28884C	G204P	PP.1.1.1*,MC.24.1*,PQ.1.1*,KP.3.3*,XEP*	24	2025-03-16 to 2025-04-05 versus 2025-02-23 to 2025-03-15	0.24211	0.21079	-3.132	XEC,XEC.4,XEK
3096	ORF1a	C3096T	S944L	NB.1.3.1*,PF.2*	26	2025-03-30 to 2025-04-19 versus 2025-03-09 to 2025-03-29	0.018185	0.024702	+0.652	Does not define any major lineages.
29081	N	G29081T	V270L	XFG.2*	33	2025-05-18 to 2025-06-07 versus 2025-04-27 to 2025-05-17	0.028819	0.052103	+2.328	Does not define any major lineages.
10323	ORF1a	A10323G	K3353R	LP.8.1.5*,LF.7.8*,JN.1.52*,NY.7.2*,MC.10.2*	38	2025-06-22 to 2025-07-12 versus 2025-06-01 to 2025-06-21	0.02015	0.021196	+0.105	Does not define any major lineages.
11727	ORF1a	G11727A	R3821K	No associated lineages	21	2025-02-23 to 2025-03-15 versus 2025-02-02 to 2025-02-22	0.916851	0.973553	+5.67	JN.1
22031	S	T22031-22031del, 22035-insertG	FR157-158SG	No associated lineages	3	2024-10-20 to 2024-11-09 versus 2024-09-29 to 2024-10-19	0.44588	0.493717	+4.784	Does not define any major lineages.
25925	ORF3a	C25925T	P178L	LP.8.1*,LP.11*,XFT*,LP.8.2*	34	2025-05-25 to 2025-06-14 versus 2025-05-04 to 2025-05-24	0.542384	0.481737	-6.065	LP.8.1,XFC
27476	ORF7a	C27476T	T28I	LB.1.3.1*,JN.1.8*,JN.1.8.1*	13	2024-12-29 to 2025-01-18 versus 2024-12-08 to 2024-12-28	0.037934	0.038194	+0.026	LB.1.3.1
24819	S	A24819G	K1086R	KP.1.1*,XFT*,KP.1*	29	2025-04-20 to 2025-05-10 versus 2025-03-30 to 2025-04-19	0.605944	0.582374	-2.357	LP.8.1,XFC
22986	S	C22986T	A475V	LF.7.9*,LF.7.2.1*,XFP*,PF.2.2.1*,PV.3*,NY.6*,LP.10.1*,QJ.2*,LF.7.3.6*,PL.1*,LF.7.12*,XFC.2*,KP.2.3.1*,LP.8.2.1*,LP.8.1.9*,NY.3.1.1*,LF.7.1.2*,LF.7.1.7*,QH.1*,NY.7.1.1*,LF.7.3.1*,QC.2.1*	27	2025-04-06 to 2025-04-26 versus 2025-03-16 to 2025-04-05	0.075009	0.027875	-4.713	LF.7.9,LF.7.2.1
16342	ORF1b	T16342C	S959P	XDV*	41	2025-07-13 to 2025-08-02 versus 2025-06-22 to 2025-07-12	0.196849	0.171349	-2.55	NB.1.8.1
25969	ORF3a	T25969C	W193R	PQ.2*	38	2025-06-22 to 2025-07-12 versus 2025-06-01 to 2025-06-21	0.026601	0.019661	-0.694	Does not define any major lineages.
22893	S	A22893G	K444R	LF.7*,JN.1.23*,JN.1.61*,XER*,NY.3.1.1*,NA.1.1*	29	2025-04-20 to 2025-05-10 versus 2025-03-30 to 2025-04-19	0.051483	0.062765	+1.128	XFG,LF.7.9,LF.7.7.2,LF.7.2.1,LF.7,LF.7.7.1
13121	ORF1a	A13121T	S4286C	KP.3.1.1*,XFA*,XFK*,XEW*	23	2025-03-09 to 2025-03-29 versus 2025-02-16 to 2025-03-08	0.156052	0.113643	-4.241	KP.3.1.1,PA.1,MC.1,MC.10.1
11003	ORF1a	C11003T	H3580Y	PA.3*	15	2025-01-12 to 2025-02-01 versus 2024-12-22 to 2025-01-11	0.027107	0.010992	-1.611	Does not define any major lineages.
28883	N	G28883C, G28884C	G204P	PP.1.1.1*,MC.24.1*,PQ.1.1*,KP.3.3*,XEP*	38	2025-06-22 to 2025-07-12 versus 2025-06-01 to 2025-06-21	0.033986	0.036744	+0.276	XEC,XEC.4,XEK
27810	ORF7b	T27810C	F19L	No associated lineages	38	2025-06-22 to 2025-07-12 versus 2025-06-01 to 2025-06-21	0.560357	0.691953	+13.16	JN.1
25693	ORF3a	C25693T	L101F	NW.1*	32	2025-05-11 to 2025-05-31 versus 2025-04-20 to 2025-05-10	0.017135	0.030812	+1.368	Does not define any major lineages.
22132	S	G22132T	R190S	LP.8.1*,LF.7*,XFN*,XFP*,LB.1.4.1*,NC.1*,MA.1*,JN.1.59.1*,LP.7*,XEL.4*,NL.5.2*,NL.22.1*,NK.1*,LB.1.11*,LB.1.7.4*,LP.1.2*,XER*,LZ.4*,KP.4.2.6*,KP.4.2.4*,MC.19.1.1*,NL.1*,MC.33.1.1*	41	2025-07-13 to 2025-08-02 versus 2025-06-22 to 2025-07-12	0.604344	0.496101	-10.824	XFG,LP.8.1,XFC,LF.7.9,LF.7.7.2,LF.7.2.1,LF.7,LF.7.7.1
11727	ORF1a	G11727A	R3821K	No associated lineages	2	2024-10-13 to 2024-11-02 versus 2024-09-22 to 2024-10-12	0.873037	0.887914	+1.488	JN.1
29625	ORF10	C29625T	S23F	No associated lineages	30	2025-04-27 to 2025-05-17 versus 2025-04-06 to 2025-04-26	0.011551	0.035074	+2.352	Does not define any major lineages.
23277	S	C23277T	T572I	XFG*,XEC.4*,MC.1*,XDK*,MU.1*,MC.13.4*,XFA*,LF.7.1.8*,MV.1.6*,KP.2.15.1*,JN.1.32*,NY.16.1*,XDV.1.3*,XDY.1.1*,NT.2.1*,PW.1*,MC.6.1*,JN.1.62*,XEC.35*,MH.1*,KP.2.27*,JN.1.16.3*,LF.7.3.6*,NY.19*,JN.1.47.2*,MC.30.1.1*,KP.2.3.8*,KP.2.14.1*,XEC.21*,MC.26.1*,NB.1.3.1*,LZ.3*,LP.4*,LB.1.2.2*,XDY.5.1*,JN.1.9.1*,JN.1.1.1*,KP.2.9*,KP.2.2.2*,XDD.3*,XEC.37*,XEC.2.2.1*,LF.7.6.5*,LD.1*,JN.1.7*,LF.7.7*,MC.9.2*,KP.1.2*,XFB*,LF.7.10.1*,KP.2.3.6*,XEC.25.1.1*,NL.5.1*,KV.2*,MG.1*,XEF.3*,NL.13*,JN.1.65*,MZ.5*,KW.1*,MC.11.3.1*,JN.1.4.3*,MC.8.1*,KP.5*	10	2024-12-08 to 2024-12-28 versus 2024-11-17 to 2024-12-07	0.071903	0.074617	+0.271	XFG,XEC.4,MC.1,LF.7.7.1
22132	S	G22132T	R190S	LP.8.1*,LF.7*,XFN*,XFP*,LB.1.4.1*,NC.1*,MA.1*,JN.1.59.1*,LP.7*,XEL.4*,NL.5.2*,NL.22.1*,NK.1*,LB.1.11*,LB.1.7.4*,LP.1.2*,XER*,LZ.4*,KP.4.2.6*,KP.4.2.4*,MC.19.1.1*,NL.1*,MC.33.1.1*	20	2025-02-16 to 2025-03-08 versus 2025-01-26 to 2025-02-15	0.179306	0.279427	+10.012	XFG,LP.8.1,XFC,LF.7.9,LF.7.7.2,LF.7.2.1,LF.7,LF.7.7.1
25793	ORF3a	G25793A	R134H	XDV.1.5.1*	31	2025-05-04 to 2025-05-24 versus 2025-04-13 to 2025-05-03	0.009967	0.024737	+1.477	NB.1.8.1
22928	S	T22928C	F456L	JN.1.7.9*,LR.1*,KU.2*,JN.1.39.1*,KR.5*,KR.1*,JN.1.67.1*,JN.1.48.1*,JN.1.62*,NS.3*,LN.1.1*,KR.3*,JN.1.29.1*,JN.1.1.8*,JN.1.4.9*,LF.6*,XDR.1.1*,KS.1*,LF.8*,JN.1.18.5*,LL.1*,XDK.1.2*,KR.4.1*,XDK.4.1*,LM.1*,MD.3.1*,LZ.1*,KW.1.1*,XDD.3*,LQ.1*,JN.1.1.6*,XDK.3*,JN.1.11.1*,JN.1.55.2*,JN.1.16*,XDK.6*,JN.1.55.1*,JN.1.48.3*,LR.3*,JN.1.50*,JN.1.51.1*,JN.1.15.1*,MD.1*,JN.1.7.8*,XDK.5*,LZ.2.2*,XDV.1*,JN.1.18.9*,JN.1.18.4*,LZ.2.1*,LE.1.3.1*,JN.1.65.1*	29	2025-04-20 to 2025-05-10 versus 2025-03-30 to 2025-04-19	0.845205	0.560275	-28.493	XFG,LP.8.1,LB.1.3.1,XFC,KP.3.1.1,XEC,XEQ,NB.1.8.1,LF.7.9,KP.3,XEC.4,LF.7.7.2,PA.1,MC.1,LF.7.2.1,XEK,LF.7,LF.7.7.1,MC.10.1
20233	ORF1b	C20233T	P2256S	MC.32.1*,NW.1.2*	42	2025-07-20 to 2025-08-09 versus 2025-06-29 to 2025-07-19	0.028942	0.029359	+0.042	Does not define any major lineages.
21627	S	C21627A	T22N	XFC*,XEC*,LF.7*,XEQ*,KP.3.3.9*,XFP*,MB.1.1*,NB.1*,KP.2.14*,KS.1.5*,JN.1.18.7*,MR.2*,XEN*,XDV.1.7.1*,MT.1.1*,PF.2*,KP.3.1.9*,PB.1*,MU.6*,JN.1.16.5*,PM.1*,KP.2.26*,LF.8.1.1*,KP.3.6*,MU.3*,KP.2.18*,KS.1.1*,MG.3*,NG.1*,LJ.1*,MJ.1.1*,XER*,PB.2*,KP.2.2.1*,NW.1.2*,MC.24.1*,LP.8.1.6*,PP.1*,XEL*	4	2024-10-27 to 2024-11-16 versus 2024-10-06 to 2024-10-26	0.225239	0.392491	+16.725	XFG,XFC,XEC,XEQ,NB.1.8.1,LF.7.9,XEC.4,LF.7.7.2,LF.7.2.1,XEK,LF.7,LF.7.7.1
22928	S	T22928C	F456L	JN.1.7.9*,LR.1*,KU.2*,JN.1.39.1*,KR.5*,KR.1*,JN.1.67.1*,JN.1.48.1*,JN.1.62*,NS.3*,LN.1.1*,KR.3*,JN.1.29.1*,JN.1.1.8*,JN.1.4.9*,LF.6*,XDR.1.1*,KS.1*,LF.8*,JN.1.18.5*,LL.1*,XDK.1.2*,KR.4.1*,XDK.4.1*,LM.1*,MD.3.1*,LZ.1*,KW.1.1*,XDD.3*,LQ.1*,JN.1.1.6*,XDK.3*,JN.1.11.1*,JN.1.55.2*,JN.1.16*,XDK.6*,JN.1.55.1*,JN.1.48.3*,LR.3*,JN.1.50*,JN.1.51.1*,JN.1.15.1*,MD.1*,JN.1.7.8*,XDK.5*,LZ.2.2*,XDV.1*,JN.1.18.9*,JN.1.18.4*,LZ.2.1*,LE.1.3.1*,JN.1.65.1*	31	2025-05-04 to 2025-05-24 versus 2025-04-13 to 2025-05-03	0.92174	0.509081	-41.266	XFG,LP.8.1,LB.1.3.1,XFC,KP.3.1.1,XEC,XEQ,NB.1.8.1,LF.7.9,KP.3,XEC.4,LF.7.7.2,PA.1,MC.1,LF.7.2.1,XEK,LF.7,LF.7.7.1,MC.10.1
22111	S	G22111T	Q183H	XFB*,LB.1*,JN.1.9*,XFR*,LY.2*,JN.1.32.1*	7	2024-11-17 to 2024-12-07 versus 2024-10-27 to 2024-11-16	0.025885	0.014495	-1.139	LB.1.3.1
3939	ORF1a	G3939T	R1225I	XFT*,LF.7.7*	34	2025-05-25 to 2025-06-14 versus 2025-05-04 to 2025-05-24	0.014779	0.021748	+0.697	LF.7.7.2,LF.7.7.1
22865	S	G22865T	A435S	NB.1.8.1*,MC.10.1*,XEC.32.1*,XFN*,KP.3.3.5*,MC.31*,XDV.1.9.1*,XEC.20.1*,XEC.18.2*,MU.6*,MC.21.1*,MC.28.1*,MC.30.1.1*,PG.1*,PY.1.1.1*,KP.2.14.2*,XEP*,LP.10.1.1*,MU.2.1.1*,XDY.1*,MC.13.2*,XEC.25.1*,XEC.14.1.1*,PT.1*,XFB*,PY.1.4.1*,XDY.3*,MC.46.1*,KP.3.3.2*,XEC.4.5.1*,XEC.4.6.1*,KP.3.7*	21	2025-02-23 to 2025-03-15 versus 2025-02-02 to 2025-02-22	0.075429	0.090529	+1.51	NB.1.8.1,PA.1,MC.10.1
22928	S	T22928C	F456L	JN.1.7.9*,LR.1*,KU.2*,JN.1.39.1*,KR.5*,KR.1*,JN.1.67.1*,JN.1.48.1*,JN.1.62*,NS.3*,LN.1.1*,KR.3*,JN.1.29.1*,JN.1.1.8*,JN.1.4.9*,LF.6*,XDR.1.1*,KS.1*,LF.8*,JN.1.18.5*,LL.1*,XDK.1.2*,KR.4.1*,XDK.4.1*,LM.1*,MD.3.1*,LZ.1*,KW.1.1*,XDD.3*,LQ.1*,JN.1.1.6*,XDK.3*,JN.1.11.1*,JN.1.55.2*,JN.1.16*,XDK.6*,JN.1.55.1*,JN.1.48.3*,LR.3*,JN.1.50*,JN.1.51.1*,JN.1.15.1*,MD.1*,JN.1.7.8*,XDK.5*,LZ.2.2*,XDV.1*,JN.1.18.9*,JN.1.18.4*,LZ.2.1*,LE.1.3.1*,JN.1.65.1*	6	2024-11-10 to 2024-11-30 versus 2024-10-20 to 2024-11-09	0.886815	0.968429	+8.161	XFG,LP.8.1,LB.1.3.1,XFC,KP.3.1.1,XEC,XEQ,NB.1.8.1,LF.7.9,KP.3,XEC.4,LF.7.7.2,PA.1,MC.1,LF.7.2.1,XEK,LF.7,LF.7.7.1,MC.10.1
7869	ORF1a	C7869T	S2535L	LF.7*	12	2024-12-22 to 2025-01-11 versus 2024-12-01 to 2024-12-21	0.02474	0.0265	+0.176	XFG,LF.7.9,LF.7.7.2,LF.7.2.1,LF.7,LF.7.7.1
16457	ORF1b	C16457T	S997L	XFG.4.1*	41	2025-07-13 to 2025-08-02 versus 2025-06-22 to 2025-07-12	0.026903	0.028419	+0.152	Does not define any major lineages.
22132	S	G22132T	R190S	LP.8.1*,LF.7*,XFN*,XFP*,LB.1.4.1*,NC.1*,MA.1*,JN.1.59.1*,LP.7*,XEL.4*,NL.5.2*,NL.22.1*,NK.1*,LB.1.11*,LB.1.7.4*,LP.1.2*,XER*,LZ.4*,KP.4.2.6*,KP.4.2.4*,MC.19.1.1*,NL.1*,MC.33.1.1*	3	2024-10-20 to 2024-11-09 versus 2024-09-29 to 2024-10-19	0.024782	0.029906	+0.512	XFG,LP.8.1,XFC,LF.7.9,LF.7.7.2,LF.7.2.1,LF.7,LF.7.7.1
21654	S	C21654T	S31F	KP.3.3.9*,KP.3.4.1*,LF.8.1*,KP.2.14*,LC.1*,JN.1.1.7*,MD.3.1.4*,KP.3.1.3*,KP.4.2.1*,XEN*,MK.1*,MZ.1*,JN.1.20*,MB.1*,KP.2.7*,JN.1.58.3*,KP.1.1.6*	19	2025-02-09 to 2025-03-01 versus 2025-01-19 to 2025-02-08	0.020368	0.015049	-0.532	Does not define any major lineages.
25793	ORF3a	G25793A	R134H	XDV.1.5.1*	39	2025-06-29 to 2025-07-19 versus 2025-06-08 to 2025-06-28	0.071083	0.058013	-1.307	NB.1.8.1
24819	S	A24819G	K1086R	KP.1.1*,XFT*,KP.1*	21	2025-02-23 to 2025-03-15 versus 2025-02-02 to 2025-02-22	0.270724	0.36125	+9.053	LP.8.1,XFC
29409	N	C29409T	T379I	XFG*,LF.7.9*,LB.1.3.1*,NT.1*,MC.10.1.3*,XDS*,XEC.2.3*,NS.3*,XEC.35.1*	32	2025-05-11 to 2025-05-31 versus 2025-04-20 to 2025-05-10	0.053589	0.139208	+8.562	XFG,LB.1.3.1,LF.7.9
22895	S	G22895C, T22896C	V445P	LF.7.9*,LF.7.7.2*,PA.1*,LB.1.3.1*,LK.1*,XFP*,NS.1.1*,MV.1.1.1*,LP.1.2.1*,XFG.1*,KP.2.3.4*,NN.1*,LF.3.1*,NC.1.2*,JN.1.1.8*,MA.1.1.1*,LF.7.8*,LP.9*,MU.2.1.1*,LF.7.10.1*,LF.7.6.2*,KP.2.28.1*,JN.1.50*,LB.1.10*,LF.7.1.10*,MU.5*,QJ.1*	41	2025-07-13 to 2025-08-02 versus 2025-06-22 to 2025-07-12	0.033706	0.014409	-1.93	LB.1.3.1,LF.7.9,LF.7.7.2,PA.1
22111	S	G22111T	Q183H	XFB*,LB.1*,JN.1.9*,XFR*,LY.2*,JN.1.32.1*	1	2024-10-06 to 2024-10-26 versus 2024-09-15 to 2024-10-05	0.036253	0.03377	-0.248	LB.1.3.1
29625	ORF10	C29625T	S23F	No associated lineages	32	2025-05-11 to 2025-05-31 versus 2025-04-20 to 2025-05-10	0.033897	0.020668	-1.323	Does not define any major lineages.
29409	N	C29409T	T379I	XFG*,LF.7.9*,LB.1.3.1*,NT.1*,MC.10.1.3*,XDS*,XEC.2.3*,NS.3*,XEC.35.1*	30	2025-04-27 to 2025-05-17 versus 2025-04-06 to 2025-04-26	0.03658	0.081378	+4.48	XFG,LB.1.3.1,LF.7.9
14290	ORF1b	G14290T	D275Y	NB.1*	35	2025-06-01 to 2025-06-21 versus 2025-05-11 to 2025-05-31	0.129862	0.196467	+6.661	NB.1.8.1
29409	N	C29409T	T379I	XFG*,LF.7.9*,LB.1.3.1*,NT.1*,MC.10.1.3*,XDS*,XEC.2.3*,NS.3*,XEC.35.1*	41	2025-07-13 to 2025-08-02 versus 2025-06-22 to 2025-07-12	0.333321	0.456803	+12.348	XFG,LB.1.3.1,LF.7.9
29409	N	C29409T	T379I	XFG*,LF.7.9*,LB.1.3.1*,NT.1*,MC.10.1.3*,XDS*,XEC.2.3*,NS.3*,XEC.35.1*	42	2025-07-20 to 2025-08-09 versus 2025-06-29 to 2025-07-19	0.429855	0.465743	+3.589	XFG,LB.1.3.1,LF.7.9
2949	ORF1a	T2949G	I895S	No associated lineages	42	2025-07-20 to 2025-08-09 versus 2025-06-29 to 2025-07-19	0.011612	0.020118	+0.851	Does not define any major lineages.
22895	S	G22895C, T22896G	V445R	LP.8.1*,XFG*,NZ.1*,LP.8.2*,MK.3*,LF.7.12.1*,MC.32.1*,XEC.27*,XFT*,MC.33.1*,MC.19.1*	41	2025-07-13 to 2025-08-02 versus 2025-06-22 to 2025-07-12	0.363994	0.296516	-6.748	XFG,LP.8.1,XFC
24819	S	A24819G	K1086R	KP.1.1*,XFT*,KP.1*	16	2025-01-19 to 2025-02-08 versus 2024-12-29 to 2025-01-18	0.120708	0.145267	+2.456	LP.8.1,XFC
25595	ORF3a	G25595T	R68I	XFB*,MC.24*,MC.24.2*	5	2024-11-03 to 2024-11-23 versus 2024-10-13 to 2024-11-02	0.020963	0.024713	+0.375	Does not define any major lineages.
15451	ORF1b	G15451A	G662S	XDV*	38	2025-06-22 to 2025-07-12 versus 2025-06-01 to 2025-06-21	0.097578	0.096899	-0.068	NB.1.8.1
18298	ORF1b	A18298G	I1611V	NW.1.7*	42	2025-07-20 to 2025-08-09 versus 2025-06-29 to 2025-07-19	0.021013	0.00938	-1.163	Does not define any major lineages.
14290	ORF1b	G14290T	D275Y	NB.1*	30	2025-04-27 to 2025-05-17 versus 2025-04-06 to 2025-04-26	0.039014	0.075897	+3.688	NB.1.8.1
28883	N	G28883C, G28884C	G204P	PP.1.1.1*,MC.24.1*,PQ.1.1*,KP.3.3*,XEP*	40	2025-07-06 to 2025-07-26 versus 2025-06-15 to 2025-07-05	0.032858	0.014072	-1.879	XEC,XEC.4,XEK
16342	ORF1b	T16342C	S959P	XDV*	29	2025-04-20 to 2025-05-10 versus 2025-03-30 to 2025-04-19	0.033769	0.054965	+2.12	NB.1.8.1
29625	ORF10	C29625T	S23F	No associated lineages	36	2025-06-08 to 2025-06-28 versus 2025-05-18 to 2025-06-07	0.029319	0.030754	+0.143	Does not define any major lineages.
593	ORF1a	C593T	H110Y	XEK*,LP.8.1.15*,XEU*,MC.36.1*,XEC.4.5.1*	6	2024-11-10 to 2024-11-30 versus 2024-10-20 to 2024-11-09	0.01384	0.021055	+0.722	XEK
13121	ORF1a	A13121T	S4286C	KP.3.1.1*,XFA*,XFK*,XEW*	6	2024-11-10 to 2024-11-30 versus 2024-10-20 to 2024-11-09	0.514675	0.427261	-8.741	KP.3.1.1,PA.1,MC.1,MC.10.1
11083	ORF1a	G11083T	L3606F	LK.1*,KP.3.4.1*,MM.2*,KP.2.20*,NY.1.2*,XFJ.3*	40	2025-07-06 to 2025-07-26 versus 2025-06-15 to 2025-07-05	0.021381	0.013748	-0.763	Does not define any major lineages.
23277	S	C23277T	T572I	XFG*,XEC.4*,MC.1*,XDK*,MU.1*,MC.13.4*,XFA*,LF.7.1.8*,MV.1.6*,KP.2.15.1*,JN.1.32*,NY.16.1*,XDV.1.3*,XDY.1.1*,NT.2.1*,PW.1*,MC.6.1*,JN.1.62*,XEC.35*,MH.1*,KP.2.27*,JN.1.16.3*,LF.7.3.6*,NY.19*,JN.1.47.2*,MC.30.1.1*,KP.2.3.8*,KP.2.14.1*,XEC.21*,MC.26.1*,NB.1.3.1*,LZ.3*,LP.4*,LB.1.2.2*,XDY.5.1*,JN.1.9.1*,JN.1.1.1*,KP.2.9*,KP.2.2.2*,XDD.3*,XEC.37*,XEC.2.2.1*,LF.7.6.5*,LD.1*,JN.1.7*,LF.7.7*,MC.9.2*,KP.1.2*,XFB*,LF.7.10.1*,KP.2.3.6*,XEC.25.1.1*,NL.5.1*,KV.2*,MG.1*,XEF.3*,NL.13*,JN.1.65*,MZ.5*,KW.1*,MC.11.3.1*,JN.1.4.3*,MC.8.1*,KP.5*	12	2024-12-22 to 2025-01-11 versus 2024-12-01 to 2024-12-21	0.063035	0.074127	+1.109	XFG,XEC.4,MC.1,LF.7.7.1
22132	S	G22132T	R190S	LP.8.1*,LF.7*,XFN*,XFP*,LB.1.4.1*,NC.1*,MA.1*,JN.1.59.1*,LP.7*,XEL.4*,NL.5.2*,NL.22.1*,NK.1*,LB.1.11*,LB.1.7.4*,LP.1.2*,XER*,LZ.4*,KP.4.2.6*,KP.4.2.4*,MC.19.1.1*,NL.1*,MC.33.1.1*	9	2024-12-01 to 2024-12-21 versus 2024-11-10 to 2024-11-30	0.069704	0.087759	+1.806	XFG,LP.8.1,XFC,LF.7.9,LF.7.7.2,LF.7.2.1,LF.7,LF.7.7.1
2060	ORF1a	G2060A	A599T	XEC*,MC.24.1*	29	2025-04-20 to 2025-05-10 versus 2025-03-30 to 2025-04-19	0.087323	0.070286	-1.704	XEC,XEC.4
3686	ORF1a	C3686T	H1141Y	XDV.1.5.1*	37	2025-06-15 to 2025-07-05 versus 2025-05-25 to 2025-06-14	0.147306	0.157155	+0.985	NB.1.8.1
22112	S	G22112A	G184S	XDV.1.5*	41	2025-07-13 to 2025-08-02 versus 2025-06-22 to 2025-07-12	0.156696	0.149543	-0.715	NB.1.8.1
21627	S	C21627A	T22N	XFC*,XEC*,LF.7*,XEQ*,KP.3.3.9*,XFP*,MB.1.1*,NB.1*,KP.2.14*,KS.1.5*,JN.1.18.7*,MR.2*,XEN*,XDV.1.7.1*,MT.1.1*,PF.2*,KP.3.1.9*,PB.1*,MU.6*,JN.1.16.5*,PM.1*,KP.2.26*,LF.8.1.1*,KP.3.6*,MU.3*,KP.2.18*,KS.1.1*,MG.3*,NG.1*,LJ.1*,MJ.1.1*,XER*,PB.2*,KP.2.2.1*,NW.1.2*,MC.24.1*,LP.8.1.6*,PP.1*,XEL*	10	2024-12-08 to 2024-12-28 versus 2024-11-17 to 2024-12-07	0.404035	0.523478	+11.944	XFG,XFC,XEC,XEQ,NB.1.8.1,LF.7.9,XEC.4,LF.7.7.2,LF.7.2.1,XEK,LF.7,LF.7.7.1
22031	S	T22031-22031del, 22035-insertG	FR157-158SG	No associated lineages	39	2025-06-29 to 2025-07-19 versus 2025-06-08 to 2025-06-28	0.725815	0.88264	+15.683	Does not define any major lineages.
11727	ORF1a	G11727A	R3821K	No associated lineages	36	2025-06-08 to 2025-06-28 versus 2025-05-18 to 2025-06-07	0.865127	0.80931	-5.582	JN.1
6255	ORF1a	C6255T	A1997V	LP.8.1*,LP.11*,XFV*,LP.8.2*	42	2025-07-20 to 2025-08-09 versus 2025-06-29 to 2025-07-19	0.275535	0.154647	-12.089	LP.8.1,XFC
23039	S	C23039G	Q493E	LP.8.1*,XFG*,KP.3*,XEQ*,XFH*,JN.1.16.4*,XDY*,JN.1.16.5*,LP.8.2*,KP.3.4*,XDY.9*,XEF*,XDY.1*,XFT*,XDY.5*,XDY.4*,XDY.11*,LF.7.1.11*,XET*,XDY.3*,NB.1.8*,XDY.6*,XDY.8*,XDY.2*,XDY.7*	3	2024-10-20 to 2024-11-09 versus 2024-09-29 to 2024-10-19	0.60094	0.754258	+15.332	XFG,LP.8.1,XFC,KP.3.1.1,XEC,XEQ,NB.1.8.1,KP.3,XEC.4,PA.1,MC.1,XEK,MC.10.1
4364	ORF1a	A4364C	I1367L	XEP*,XEC.2*,KP.3.3.4*	18	2025-02-02 to 2025-02-22 versus 2025-01-12 to 2025-02-01	0.065351	0.062935	-0.242	Does not define any major lineages.
23277	S	C23277T	T572I	XFG*,XEC.4*,MC.1*,XDK*,MU.1*,MC.13.4*,XFA*,LF.7.1.8*,MV.1.6*,KP.2.15.1*,JN.1.32*,NY.16.1*,XDV.1.3*,XDY.1.1*,NT.2.1*,PW.1*,MC.6.1*,JN.1.62*,XEC.35*,MH.1*,KP.2.27*,JN.1.16.3*,LF.7.3.6*,NY.19*,JN.1.47.2*,MC.30.1.1*,KP.2.3.8*,KP.2.14.1*,XEC.21*,MC.26.1*,NB.1.3.1*,LZ.3*,LP.4*,LB.1.2.2*,XDY.5.1*,JN.1.9.1*,JN.1.1.1*,KP.2.9*,KP.2.2.2*,XDD.3*,XEC.37*,XEC.2.2.1*,LF.7.6.5*,LD.1*,JN.1.7*,LF.7.7*,MC.9.2*,KP.1.2*,XFB*,LF.7.10.1*,KP.2.3.6*,XEC.25.1.1*,NL.5.1*,KV.2*,MG.1*,XEF.3*,NL.13*,JN.1.65*,MZ.5*,KW.1*,MC.11.3.1*,JN.1.4.3*,MC.8.1*,KP.5*	38	2025-06-22 to 2025-07-12 versus 2025-06-01 to 2025-06-21	0.168989	0.323446	+15.446	XFG,XEC.4,MC.1,LF.7.7.1
6255	ORF1a	C6255T	A1997V	LP.8.1*,LP.11*,XFV*,LP.8.2*	31	2025-05-04 to 2025-05-24 versus 2025-04-13 to 2025-05-03	0.606775	0.553269	-5.351	LP.8.1,XFC
7869	ORF1a	C7869T	S2535L	LF.7*	22	2025-03-02 to 2025-03-22 versus 2025-02-09 to 2025-03-01	0.028574	0.052544	+2.397	XFG,LF.7.9,LF.7.7.2,LF.7.2.1,LF.7,LF.7.7.1
7279	ORF1a	C7279A	F2338L	No associated lineages	42	2025-07-20 to 2025-08-09 versus 2025-06-29 to 2025-07-19	0.031113	0.019074	-1.204	Does not define any major lineages.
21738	S	T21738C	F59S	XEC*,NB.1*,JN.1.18.7*,MR.2*,KR.1.4*,JN.1.18.6*,MZ.3*,XDR.1*,JN.1.42.1*,MU.3*,KP.1.1.5*,KS.1*,JN.1.13.1*,JN.1.18.2*,KP.3.1.8*,KP.3.3.8*,KP.2.10*,XEM*,JN.1.18.9*	30	2025-04-27 to 2025-05-17 versus 2025-04-06 to 2025-04-26	0.238013	0.1643	-7.371	XEC,XEQ,NB.1.8.1,XEC.4,XEK
15830	ORF1b	C15830T	A788V	NY.7.1*	35	2025-06-01 to 2025-06-21 versus 2025-05-11 to 2025-05-31	0.010916	0.027681	+1.677	Does not define any major lineages.
23933	S	A23933G	T791A	XFJ*,XFP*,XFM*	39	2025-06-29 to 2025-07-19 versus 2025-06-08 to 2025-06-28	0.029181	0.016832	-1.235	Does not define any major lineages.
14189	ORF1b	C14189T	A241V	NY.14*,NY.8*	25	2025-03-23 to 2025-04-12 versus 2025-03-02 to 2025-03-22	0.025459	0.039264	+1.381	Does not define any major lineages.
22930	S	T22930A	F456L (1)	JN.1.7.9*,LR.1*,KU.2*,JN.1.39.1*,KR.5*,KR.1*,JN.1.67.1*,JN.1.48.1*,JN.1.62*,NS.3*,LN.1.1*,KR.3*,JN.1.29.1*,JN.1.1.8*,JN.1.4.9*,LF.6*,XDR.1.1*,KS.1*,LF.8*,JN.1.18.5*,LL.1*,XDK.1.2*,KR.4.1*,XDK.4.1*,LM.1*,MD.3.1*,LZ.1*,KW.1.1*,XDD.3*,LQ.1*,JN.1.1.6*,XDK.3*,JN.1.11.1*,JN.1.55.2*,JN.1.16*,XDK.6*,JN.1.55.1*,JN.1.48.3*,LR.3*,JN.1.50*,JN.1.51.1*,JN.1.15.1*,MD.1*,JN.1.7.8*,XDK.5*,LZ.2.2*,XDV.1*,JN.1.18.9*,JN.1.18.4*,LZ.2.1*,LE.1.3.1*,JN.1.65.1*	30	2025-04-27 to 2025-05-17 versus 2025-04-06 to 2025-04-26	0.064015	0.022802	-4.121	Does not define any major lineages.
6501	ORF1a	C6501A	P2079Q	XDV*	36	2025-06-08 to 2025-06-28 versus 2025-05-18 to 2025-06-07	0.168676	0.168199	-0.048	NB.1.8.1
28144	ORF8	T28144C	L84S	XFP*	39	2025-06-29 to 2025-07-19 versus 2025-06-08 to 2025-06-28	0.008629	0.028425	+1.98	Does not define any major lineages.
21627	S	C21627A	T22N	XFC*,XEC*,LF.7*,XEQ*,KP.3.3.9*,XFP*,MB.1.1*,NB.1*,KP.2.14*,KS.1.5*,JN.1.18.7*,MR.2*,XEN*,XDV.1.7.1*,MT.1.1*,PF.2*,KP.3.1.9*,PB.1*,MU.6*,JN.1.16.5*,PM.1*,KP.2.26*,LF.8.1.1*,KP.3.6*,MU.3*,KP.2.18*,KS.1.1*,MG.3*,NG.1*,LJ.1*,MJ.1.1*,XER*,PB.2*,KP.2.2.1*,NW.1.2*,MC.24.1*,LP.8.1.6*,PP.1*,XEL*	5	2024-11-03 to 2024-11-23 versus 2024-10-13 to 2024-11-02	0.281241	0.454331	+17.309	XFG,XFC,XEC,XEQ,NB.1.8.1,LF.7.9,XEC.4,LF.7.7.2,LF.7.2.1,XEK,LF.7,LF.7.7.1
4364	ORF1a	A4364C	I1367L	XEP*,XEC.2*,KP.3.3.4*	28	2025-04-13 to 2025-05-03 versus 2025-03-23 to 2025-04-12	0.030359	0.03454	+0.418	Does not define any major lineages.
25693	ORF3a	C25693T	L101F	NW.1*	26	2025-03-30 to 2025-04-19 versus 2025-03-09 to 2025-03-29	0.035786	0.021601	-1.418	Does not define any major lineages.
23598	S	A23598G, T23599G	N679R	XFC*,XEC.32.1*,NY.7*,PG.4.1*,LP.8.1.1*,JN.1.68.1*,PF.2.4*,MC.10.2.1*,XDK.2*,PU.1*,XFT*,NR.1*,NW.1.5*,XEC.22*,KP.2.3.14*,MD.1*,PY.1.1*,PR.2*,LQ.1.1.1*	29	2025-04-20 to 2025-05-10 versus 2025-03-30 to 2025-04-19	0.226951	0.353354	+12.64	XFC
23039	S	C23039G	Q493E	LP.8.1*,XFG*,KP.3*,XEQ*,XFH*,JN.1.16.4*,XDY*,JN.1.16.5*,LP.8.2*,KP.3.4*,XDY.9*,XEF*,XDY.1*,XFT*,XDY.5*,XDY.4*,XDY.11*,LF.7.1.11*,XET*,XDY.3*,NB.1.8*,XDY.6*,XDY.8*,XDY.2*,XDY.7*	42	2025-07-20 to 2025-08-09 versus 2025-06-29 to 2025-07-19	0.803305	0.743497	-5.981	XFG,LP.8.1,XFC,KP.3.1.1,XEC,XEQ,NB.1.8.1,KP.3,XEC.4,PA.1,MC.1,XEK,MC.10.1
22865	S	G22865T	A435S	NB.1.8.1*,MC.10.1*,XEC.32.1*,XFN*,KP.3.3.5*,MC.31*,XDV.1.9.1*,XEC.20.1*,XEC.18.2*,MU.6*,MC.21.1*,MC.28.1*,MC.30.1.1*,PG.1*,PY.1.1.1*,KP.2.14.2*,XEP*,LP.10.1.1*,MU.2.1.1*,XDY.1*,MC.13.2*,XEC.25.1*,XEC.14.1.1*,PT.1*,XFB*,PY.1.4.1*,XDY.3*,MC.46.1*,KP.3.3.2*,XEC.4.5.1*,XEC.4.6.1*,KP.3.7*	30	2025-04-27 to 2025-05-17 versus 2025-04-06 to 2025-04-26	0.139851	0.279781	+13.993	NB.1.8.1,PA.1,MC.10.1
21627	S	C21627A	T22N	XFC*,XEC*,LF.7*,XEQ*,KP.3.3.9*,XFP*,MB.1.1*,NB.1*,KP.2.14*,KS.1.5*,JN.1.18.7*,MR.2*,XEN*,XDV.1.7.1*,MT.1.1*,PF.2*,KP.3.1.9*,PB.1*,MU.6*,JN.1.16.5*,PM.1*,KP.2.26*,LF.8.1.1*,KP.3.6*,MU.3*,KP.2.18*,KS.1.1*,MG.3*,NG.1*,LJ.1*,MJ.1.1*,XER*,PB.2*,KP.2.2.1*,NW.1.2*,MC.24.1*,LP.8.1.6*,PP.1*,XEL*	11	2024-12-15 to 2025-01-04 versus 2024-11-24 to 2024-12-14	0.461897	0.51012	+4.822	XFG,XFC,XEC,XEQ,NB.1.8.1,LF.7.9,XEC.4,LF.7.7.2,LF.7.2.1,XEK,LF.7,LF.7.7.1
6701	ORF1a	C6701T	L2146F	XEQ*,KS.1.1.2*,XEL*,MC.38*	11	2024-12-15 to 2025-01-04 versus 2024-11-24 to 2024-12-14	0.013822	0.021065	+0.724	XEQ
21627	S	C21627A	T22N	XFC*,XEC*,LF.7*,XEQ*,KP.3.3.9*,XFP*,MB.1.1*,NB.1*,KP.2.14*,KS.1.5*,JN.1.18.7*,MR.2*,XEN*,XDV.1.7.1*,MT.1.1*,PF.2*,KP.3.1.9*,PB.1*,MU.6*,JN.1.16.5*,PM.1*,KP.2.26*,LF.8.1.1*,KP.3.6*,MU.3*,KP.2.18*,KS.1.1*,MG.3*,NG.1*,LJ.1*,MJ.1.1*,XER*,PB.2*,KP.2.2.1*,NW.1.2*,MC.24.1*,LP.8.1.6*,PP.1*,XEL*	8	2024-11-24 to 2024-12-14 versus 2024-11-03 to 2024-11-23	0.454331	0.461897	+0.757	XFG,XFC,XEC,XEQ,NB.1.8.1,LF.7.9,XEC.4,LF.7.7.2,LF.7.2.1,XEK,LF.7,LF.7.7.1
28883	N	G28883C, G28884C	G204P	PP.1.1.1*,MC.24.1*,PQ.1.1*,KP.3.3*,XEP*	17	2025-01-26 to 2025-02-15 versus 2025-01-05 to 2025-01-25	0.459957	0.402617	-5.734	XEC,XEC.4,XEK
24819	S	A24819G	K1086R	KP.1.1*,XFT*,KP.1*	3	2024-10-20 to 2024-11-09 versus 2024-09-29 to 2024-10-19	0.014668	0.021203	+0.654	LP.8.1,XFC
22120	S	C22120A	F186L	LP.8.1*,LP.8.2*,XFT*	36	2025-06-08 to 2025-06-28 versus 2025-05-18 to 2025-06-07	0.250111	0.166248	-8.386	LP.8.1
22120	S	C22120A	F186L	LP.8.1*,LP.8.2*,XFT*	15	2025-01-12 to 2025-02-01 versus 2024-12-22 to 2025-01-11	0.06654	0.090249	+2.371	LP.8.1
15026	ORF1b	C15026T	A520V	No associated lineages	26	2025-03-30 to 2025-04-19 versus 2025-03-09 to 2025-03-29	0.010211	0.06466	+5.445	Does not define any major lineages.
22995	S	C22995T	T478I	LF.7.10*,NL.9*,XDV.1.5*,QD.1*,ND.3*,LN.1.1*	42	2025-07-20 to 2025-08-09 versus 2025-06-29 to 2025-07-19	0.124367	0.092922	-3.145	NB.1.8.1
10323	ORF1a	A10323G	K3353R	LP.8.1.5*,LF.7.8*,JN.1.52*,NY.7.2*,MC.10.2*	11	2024-12-15 to 2025-01-04 versus 2024-11-24 to 2024-12-14	0.058151	0.017335	-4.082	Does not define any major lineages.
6501	ORF1a	C6501A	P2079Q	XDV*	34	2025-05-25 to 2025-06-14 versus 2025-05-04 to 2025-05-24	0.110567	0.172584	+6.202	NB.1.8.1
2060	ORF1a	G2060A	A599T	XEC*,MC.24.1*	26	2025-03-30 to 2025-04-19 versus 2025-03-09 to 2025-03-29	0.121082	0.087323	-3.376	XEC,XEC.4
9866	ORF1a	C9866T	L3201F	XDR*	41	2025-07-13 to 2025-08-02 versus 2025-06-22 to 2025-07-12	0.168601	0.168754	+0.015	NB.1.8.1
7279	ORF1a	C7279A	F2338L	No associated lineages	31	2025-05-04 to 2025-05-24 versus 2025-04-13 to 2025-05-03	0.027785	0.022747	-0.504	Does not define any major lineages.
686	ORF1a	AAGTCATTT686-694del	KSF141-143del	MJ.1.1*,MJ.2.1*,ND.3*,XDV.1.7.5*	32	2025-05-11 to 2025-05-31 versus 2025-04-20 to 2025-05-10	0.023019	0.01753	-0.549	Does not define any major lineages.
23021	S	A23021G	N487D	XFG*,NY.11*,NY.11.1*,LP.8.1.2*	36	2025-06-08 to 2025-06-28 versus 2025-05-18 to 2025-06-07	0.147232	0.203138	+5.591	XFG
6255	ORF1a	C6255T	A1997V	LP.8.1*,LP.11*,XFV*,LP.8.2*	24	2025-03-16 to 2025-04-05 versus 2025-02-23 to 2025-03-15	0.361729	0.502836	+14.111	LP.8.1,XFC
21653	S	T21653C	S31P	XFC*,LF.7*,XFN*,XFP*,MT.1*,KP.2.26*,KP.3.2.6*,MJ.1*,NF.1*,XER*,JN.1.40*	33	2025-05-18 to 2025-06-07 versus 2025-04-27 to 2025-05-17	0.081328	0.232482	+15.115	XFG,XFC,LF.7.9,LF.7.7.2,LF.7.2.1,LF.7,LF.7.7.1
7113	ORF1a	C7113T	T2283I	PY.5*,XDV*,JN.1.11.1*,KU.2*,XFG.19*	25	2025-03-23 to 2025-04-12 versus 2025-03-02 to 2025-03-22	0.377728	0.511207	+13.348	LP.8.1,XFC,KP.3.1.1,NB.1.8.1,KP.3,PA.1,MC.1,XEK,MC.10.1
7283	ORF1a	G7283T	V2340L	No associated lineages	40	2025-07-06 to 2025-07-26 versus 2025-06-15 to 2025-07-05	0.024728	0.021648	-0.308	Does not define any major lineages.
27810	ORF7b	T27810C	F19L	No associated lineages	3	2024-10-20 to 2024-11-09 versus 2024-09-29 to 2024-10-19	0.620326	0.637094	+1.677	JN.1
25925	ORF3a	C25925T	P178L	LP.8.1*,LP.11*,XFT*,LP.8.2*	36	2025-06-08 to 2025-06-28 versus 2025-05-18 to 2025-06-07	0.520713	0.341686	-17.903	LP.8.1,XFC
16342	ORF1b	T16342C	S959P	XDV*	37	2025-06-15 to 2025-07-05 versus 2025-05-25 to 2025-06-14	0.180663	0.209412	+2.875	NB.1.8.1
593	ORF1a	C593T	H110Y	XEK*,LP.8.1.15*,XEU*,MC.36.1*,XEC.4.5.1*	12	2024-12-22 to 2025-01-11 versus 2024-12-01 to 2024-12-21	0.024331	0.02506	+0.073	XEK
7267	ORF1a	C7267A	F2334L	No associated lineages	30	2025-04-27 to 2025-05-17 versus 2025-04-06 to 2025-04-26	0.024396	0.032711	+0.831	Does not define any major lineages.
4364	ORF1a	A4364C	I1367L	XEP*,XEC.2*,KP.3.3.4*	11	2024-12-15 to 2025-01-04 versus 2024-11-24 to 2024-12-14	0.024795	0.061182	+3.639	Does not define any major lineages.
7283	ORF1a	G7283T	V2340L	No associated lineages	39	2025-06-29 to 2025-07-19 versus 2025-06-08 to 2025-06-28	0.0239	0.026676	+0.278	Does not define any major lineages.
22419	S	C22419T	T286I	XFG.19*	41	2025-07-13 to 2025-08-02 versus 2025-06-22 to 2025-07-12	0.000744	0.036737	+3.599	Does not define any major lineages.
12854	ORF1a	C12854T	P4197S	NB.1*	40	2025-07-06 to 2025-07-26 versus 2025-06-15 to 2025-07-05	0.250846	0.218342	-3.25	NB.1.8.1
22895	S	G22895C, T22896G	V445R	LP.8.1*,XFG*,NZ.1*,LP.8.2*,MK.3*,LF.7.12.1*,MC.32.1*,XEC.27*,XFT*,MC.33.1*,MC.19.1*	15	2025-01-12 to 2025-02-01 versus 2024-12-22 to 2025-01-11	0.080987	0.130088	+4.91	XFG,LP.8.1,XFC
21652	S	TTC21652-21654del	NS30-31Ndel	No associated lineages	13	2024-12-29 to 2025-01-18 versus 2024-12-08 to 2024-12-28	0.413696	0.460253	+4.656	LP.8.1,LB.1.3.1,KP.3.1.1,PA.1,MC.1,MC.10.1
28883	N	G28883C, G28884C	G204P	PP.1.1.1*,MC.24.1*,PQ.1.1*,KP.3.3*,XEP*	29	2025-04-20 to 2025-05-10 versus 2025-03-30 to 2025-04-19	0.142438	0.108592	-3.385	XEC,XEC.4,XEK
22111	S	G22111T	Q183H	XFB*,LB.1*,JN.1.9*,XFR*,LY.2*,JN.1.32.1*	10	2024-12-08 to 2024-12-28 versus 2024-11-17 to 2024-12-07	0.014495	0.024555	+1.006	LB.1.3.1
24819	S	A24819G	K1086R	KP.1.1*,XFT*,KP.1*	20	2025-02-16 to 2025-03-08 versus 2025-01-26 to 2025-02-15	0.200013	0.36922	+16.921	LP.8.1,XFC
2060	ORF1a	G2060A	A599T	XEC*,MC.24.1*	20	2025-02-16 to 2025-03-08 versus 2025-01-26 to 2025-02-15	0.224111	0.219831	-0.428	XEC,XEC.4
27810	ORF7b	T27810C	F19L	No associated lineages	1	2024-10-06 to 2024-10-26 versus 2024-09-15 to 2024-10-05	0.631364	0.628768	-0.26	JN.1
22599	S	G22599C	R346T	XFN*,JN.1.24.1*,MC.13.2.4*,LE.1*,MC.31*,XED*,JN.1.59.1*,MF.1*,KR.5*,MC.32.1*,JN.1.48.1*,MC.28.1.1*,XDD.1.1.1*,MC.33.1*,NB.1.2.1*,MZ.3*,PJ.1*,JN.1.11.2*,JN.1.8.2*,KZ.1.1*,LN.1.1*,XDR.1*,LU.1*,XEP.1.1*,JN.1.7.3*,MU.3*,JN.1.16.1*,JN.1.29.1*,LF.6*,JN.1.44.1*,LG.1*,KS.1*,XEH*,LF.8*,JN.1.25.1*,MC.17.1*,JN.1.18*,MQ.1*,JN.1.30.1*,NU.1*,LU.2*,JN.1.6.1*,MC.19*,KP.2*,PK.1*,JN.1.50.1*,JN.1.4.4*,JN.1.49.1*,MC.13.3.1*,MK.3*,JN.1.26*,MC.13.2.1*,PG.3*,JN.1.39.2*,JN.1.58.2*,JN.1.42.2*,KQ.1*,JN.1.1.3*,XEM*,JN.1.1.5*,KP.4.1*,MC.10.1.6*,JN.1.48.2*,JN.1.48.3*,JN.1.9.2*,XEC.27*,JN.1.18.8*,XES.1*,MC.33.2*,NB.1.6.1*,XDK.1*,MC.13.2.2*,XEK.7*	38	2025-06-22 to 2025-07-12 versus 2025-06-01 to 2025-06-21	0.54563	0.640832	+9.52	XFG,LP.8.1,LB.1.3.1,XFC,XEQ,LF.7.9,LF.7.7.2,LF.7.2.1,LF.7,LF.7.7.1
22865	S	G22865T	A435S	NB.1.8.1*,MC.10.1*,XEC.32.1*,XFN*,KP.3.3.5*,MC.31*,XDV.1.9.1*,XEC.20.1*,XEC.18.2*,MU.6*,MC.21.1*,MC.28.1*,MC.30.1.1*,PG.1*,PY.1.1.1*,KP.2.14.2*,XEP*,LP.10.1.1*,MU.2.1.1*,XDY.1*,MC.13.2*,XEC.25.1*,XEC.14.1.1*,PT.1*,XFB*,PY.1.4.1*,XDY.3*,MC.46.1*,KP.3.3.2*,XEC.4.5.1*,XEC.4.6.1*,KP.3.7*	40	2025-07-06 to 2025-07-26 versus 2025-06-15 to 2025-07-05	0.181843	0.164449	-1.739	NB.1.8.1,PA.1,MC.10.1
13121	ORF1a	A13121T	S4286C	KP.3.1.1*,XFA*,XFK*,XEW*	22	2025-03-02 to 2025-03-22 versus 2025-02-09 to 2025-03-01	0.172197	0.123217	-4.898	KP.3.1.1,PA.1,MC.1,MC.10.1
6255	ORF1a	C6255T	A1997V	LP.8.1*,LP.11*,XFV*,LP.8.2*	32	2025-05-11 to 2025-05-31 versus 2025-04-20 to 2025-05-10	0.588703	0.527694	-6.101	LP.8.1,XFC
22986	S	C22986T	A475V	LF.7.9*,LF.7.2.1*,XFP*,PF.2.2.1*,PV.3*,NY.6*,LP.10.1*,QJ.2*,LF.7.3.6*,PL.1*,LF.7.12*,XFC.2*,KP.2.3.1*,LP.8.2.1*,LP.8.1.9*,NY.3.1.1*,LF.7.1.2*,LF.7.1.7*,QH.1*,NY.7.1.1*,LF.7.3.1*,QC.2.1*	35	2025-06-01 to 2025-06-21 versus 2025-05-11 to 2025-05-31	0.070518	0.039602	-3.092	LF.7.9,LF.7.2.1
4364	ORF1a	A4364C	I1367L	XEP*,XEC.2*,KP.3.3.4*	8	2024-11-24 to 2024-12-14 versus 2024-11-03 to 2024-11-23	0.01426	0.024795	+1.054	Does not define any major lineages.
22132	S	G22132T	R190S	LP.8.1*,LF.7*,XFN*,XFP*,LB.1.4.1*,NC.1*,MA.1*,JN.1.59.1*,LP.7*,XEL.4*,NL.5.2*,NL.22.1*,NK.1*,LB.1.11*,LB.1.7.4*,LP.1.2*,XER*,LZ.4*,KP.4.2.6*,KP.4.2.4*,MC.19.1.1*,NL.1*,MC.33.1.1*	38	2025-06-22 to 2025-07-12 versus 2025-06-01 to 2025-06-21	0.459075	0.604344	+14.527	XFG,LP.8.1,XFC,LF.7.9,LF.7.7.2,LF.7.2.1,LF.7,LF.7.7.1
21653	S	T21653C	S31P	XFC*,LF.7*,XFN*,XFP*,MT.1*,KP.2.26*,KP.3.2.6*,MJ.1*,NF.1*,XER*,JN.1.40*	25	2025-03-23 to 2025-04-12 versus 2025-03-02 to 2025-03-22	0.029073	0.060275	+3.12	XFG,XFC,LF.7.9,LF.7.7.2,LF.7.2.1,LF.7,LF.7.7.1
23598	S	A23598G, T23599G	N679R	XFC*,XEC.32.1*,NY.7*,PG.4.1*,LP.8.1.1*,JN.1.68.1*,PF.2.4*,MC.10.2.1*,XDK.2*,PU.1*,XFT*,NR.1*,NW.1.5*,XEC.22*,KP.2.3.14*,MD.1*,PY.1.1*,PR.2*,LQ.1.1.1*	31	2025-05-04 to 2025-05-24 versus 2025-04-13 to 2025-05-03	0.418104	0.419451	+0.135	XFC
22986	S	C22986T	A475V	LF.7.9*,LF.7.2.1*,XFP*,PF.2.2.1*,PV.3*,NY.6*,LP.10.1*,QJ.2*,LF.7.3.6*,PL.1*,LF.7.12*,XFC.2*,KP.2.3.1*,LP.8.2.1*,LP.8.1.9*,NY.3.1.1*,LF.7.1.2*,LF.7.1.7*,QH.1*,NY.7.1.1*,LF.7.3.1*,QC.2.1*	25	2025-03-23 to 2025-04-12 versus 2025-03-02 to 2025-03-22	0.044372	0.024686	-1.969	LF.7.9,LF.7.2.1
6255	ORF1a	C6255T	A1997V	LP.8.1*,LP.11*,XFV*,LP.8.2*	34	2025-05-25 to 2025-06-14 versus 2025-05-04 to 2025-05-24	0.553269	0.484981	-6.829	LP.8.1,XFC
21652	S	TTC21652-21654del	NS30-31Ndel	No associated lineages	34	2025-05-25 to 2025-06-14 versus 2025-05-04 to 2025-05-24	0.436888	0.448002	+1.111	LP.8.1,LB.1.3.1,KP.3.1.1,PA.1,MC.1,MC.10.1
22599	S	G22599C	R346T	XFN*,JN.1.24.1*,MC.13.2.4*,LE.1*,MC.31*,XED*,JN.1.59.1*,MF.1*,KR.5*,MC.32.1*,JN.1.48.1*,MC.28.1.1*,XDD.1.1.1*,MC.33.1*,NB.1.2.1*,MZ.3*,PJ.1*,JN.1.11.2*,JN.1.8.2*,KZ.1.1*,LN.1.1*,XDR.1*,LU.1*,XEP.1.1*,JN.1.7.3*,MU.3*,JN.1.16.1*,JN.1.29.1*,LF.6*,JN.1.44.1*,LG.1*,KS.1*,XEH*,LF.8*,JN.1.25.1*,MC.17.1*,JN.1.18*,MQ.1*,JN.1.30.1*,NU.1*,LU.2*,JN.1.6.1*,MC.19*,KP.2*,PK.1*,JN.1.50.1*,JN.1.4.4*,JN.1.49.1*,MC.13.3.1*,MK.3*,JN.1.26*,MC.13.2.1*,PG.3*,JN.1.39.2*,JN.1.58.2*,JN.1.42.2*,KQ.1*,JN.1.1.3*,XEM*,JN.1.1.5*,KP.4.1*,MC.10.1.6*,JN.1.48.2*,JN.1.48.3*,JN.1.9.2*,XEC.27*,JN.1.18.8*,XES.1*,MC.33.2*,NB.1.6.1*,XDK.1*,MC.13.2.2*,XEK.7*	39	2025-06-29 to 2025-07-19 versus 2025-06-08 to 2025-06-28	0.558016	0.635283	+7.727	XFG,LP.8.1,LB.1.3.1,XFC,XEQ,LF.7.9,LF.7.7.2,LF.7.2.1,LF.7,LF.7.7.1
21653	S	T21653C	S31P	XFC*,LF.7*,XFN*,XFP*,MT.1*,KP.2.26*,KP.3.2.6*,MJ.1*,NF.1*,XER*,JN.1.40*	7	2024-11-17 to 2024-12-07 versus 2024-10-27 to 2024-11-16	0.053401	0.052187	-0.121	XFG,XFC,LF.7.9,LF.7.7.2,LF.7.2.1,LF.7,LF.7.7.1
1170	ORF1a	C1170T	S302F	XDV*	38	2025-06-22 to 2025-07-12 versus 2025-06-01 to 2025-06-21	0.126595	0.13035	+0.375	NB.1.8.1
25523	ORF3a	G25523A	G44E	LF.7.9.1*	37	2025-06-15 to 2025-07-05 versus 2025-05-25 to 2025-06-14	0.025956	0.021362	-0.459	Does not define any major lineages.
22884	S	T22884G	L441R	LF.7.9*,LF.7.6.2*,XFP*,MV.1.5*	36	2025-06-08 to 2025-06-28 versus 2025-05-18 to 2025-06-07	0.027847	0.018373	-0.947	LF.7.9
16342	ORF1b	T16342C	S959P	XDV*	30	2025-04-27 to 2025-05-17 versus 2025-04-06 to 2025-04-26	0.037494	0.076439	+3.894	NB.1.8.1
686	ORF1a	AAGTCATTT686-694del	KSF141-143del	MJ.1.1*,MJ.2.1*,ND.3*,XDV.1.7.5*	30	2025-04-27 to 2025-05-17 versus 2025-04-06 to 2025-04-26	0.029491	0.023989	-0.55	Does not define any major lineages.
21738	S	T21738C	F59S	XEC*,NB.1*,JN.1.18.7*,MR.2*,KR.1.4*,JN.1.18.6*,MZ.3*,XDR.1*,JN.1.42.1*,MU.3*,KP.1.1.5*,KS.1*,JN.1.13.1*,JN.1.18.2*,KP.3.1.8*,KP.3.3.8*,KP.2.10*,XEM*,JN.1.18.9*	20	2025-02-16 to 2025-03-08 versus 2025-01-26 to 2025-02-15	0.409579	0.417193	+0.761	XEC,XEQ,NB.1.8.1,XEC.4,XEK
25693	ORF3a	C25693T	L101F	NW.1*	27	2025-04-06 to 2025-04-26 versus 2025-03-16 to 2025-04-05	0.00877	0.023281	+1.451	Does not define any major lineages.
12854	ORF1a	C12854T	P4197S	NB.1*	41	2025-07-13 to 2025-08-02 versus 2025-06-22 to 2025-07-12	0.239333	0.196106	-4.323	NB.1.8.1
22112	S	G22112A	G184S	XDV.1.5*	37	2025-06-15 to 2025-07-05 versus 2025-05-25 to 2025-06-14	0.11986	0.192336	+7.248	NB.1.8.1
23039	S	C23039G	Q493E	LP.8.1*,XFG*,KP.3*,XEQ*,XFH*,JN.1.16.4*,XDY*,JN.1.16.5*,LP.8.2*,KP.3.4*,XDY.9*,XEF*,XDY.1*,XFT*,XDY.5*,XDY.4*,XDY.11*,LF.7.1.11*,XET*,XDY.3*,NB.1.8*,XDY.6*,XDY.8*,XDY.2*,XDY.7*	24	2025-03-16 to 2025-04-05 versus 2025-02-23 to 2025-03-15	0.744654	0.766291	+2.164	XFG,LP.8.1,XFC,KP.3.1.1,XEC,XEQ,NB.1.8.1,KP.3,XEC.4,PA.1,MC.1,XEK,MC.10.1
27476	ORF7a	C27476T	T28I	LB.1.3.1*,JN.1.8*,JN.1.8.1*	10	2024-12-08 to 2024-12-28 versus 2024-11-17 to 2024-12-07	0.038311	0.037934	-0.038	LB.1.3.1
5784	ORF1a	C5784T	T1840I	MC.32*,MC.10.1.8*,XFJ.3*	21	2025-02-23 to 2025-03-15 versus 2025-02-02 to 2025-02-22	0.00318	0.044706	+4.153	Does not define any major lineages.
9866	ORF1a	C9866T	L3201F	XDR*	31	2025-05-04 to 2025-05-24 versus 2025-04-13 to 2025-05-03	0.018159	0.08726	+6.91	NB.1.8.1
25793	ORF3a	G25793A	R134H	XDV.1.5.1*	30	2025-04-27 to 2025-05-17 versus 2025-04-06 to 2025-04-26	0.003617	0.020872	+1.726	NB.1.8.1
27476	ORF7a	C27476T	T28I	LB.1.3.1*,JN.1.8*,JN.1.8.1*	18	2025-02-02 to 2025-02-22 versus 2025-01-12 to 2025-02-01	0.04242	0.038389	-0.403	LB.1.3.1
16342	ORF1b	T16342C	S959P	XDV*	36	2025-06-08 to 2025-06-28 versus 2025-05-18 to 2025-06-07	0.164614	0.204209	+3.959	NB.1.8.1
6255	ORF1a	C6255T	A1997V	LP.8.1*,LP.11*,XFV*,LP.8.2*	35	2025-06-01 to 2025-06-21 versus 2025-05-11 to 2025-05-31	0.527694	0.462243	-6.545	LP.8.1,XFC
7262	ORF1a	C7262A	L2333I	No associated lineages	29	2025-04-20 to 2025-05-10 versus 2025-03-30 to 2025-04-19	0.030203	0.06882	+3.862	Does not define any major lineages.
405	ORF1a	A405G	K47R	XDR*,XDK*,XDS*,XDD*	29	2025-04-20 to 2025-05-10 versus 2025-03-30 to 2025-04-19	0.011534	0.063419	+5.189	NB.1.8.1
23021	S	A23021G	N487D	XFG*,NY.11*,NY.11.1*,LP.8.1.2*	30	2025-04-27 to 2025-05-17 versus 2025-04-06 to 2025-04-26	0.015375	0.030773	+1.54	XFG
23039	S	C23039G	Q493E	LP.8.1*,XFG*,KP.3*,XEQ*,XFH*,JN.1.16.4*,XDY*,JN.1.16.5*,LP.8.2*,KP.3.4*,XDY.9*,XEF*,XDY.1*,XFT*,XDY.5*,XDY.4*,XDY.11*,LF.7.1.11*,XET*,XDY.3*,NB.1.8*,XDY.6*,XDY.8*,XDY.2*,XDY.7*	14	2025-01-05 to 2025-01-25 versus 2024-12-15 to 2025-01-04	0.866852	0.788145	-7.871	XFG,LP.8.1,XFC,KP.3.1.1,XEC,XEQ,NB.1.8.1,KP.3,XEC.4,PA.1,MC.1,XEK,MC.10.1
1895	ORF1a	G1895A	V544I	LF.7.9.1*	31	2025-05-04 to 2025-05-24 versus 2025-04-13 to 2025-05-03	0.007521	0.056982	+4.946	Does not define any major lineages.
25523	ORF3a	G25523A	G44E	LF.7.9.1*	34	2025-05-25 to 2025-06-14 versus 2025-05-04 to 2025-05-24	0.019647	0.025956	+0.631	Does not define any major lineages.
22132	S	G22132T	R190S	LP.8.1*,LF.7*,XFN*,XFP*,LB.1.4.1*,NC.1*,MA.1*,JN.1.59.1*,LP.7*,XEL.4*,NL.5.2*,NL.22.1*,NK.1*,LB.1.11*,LB.1.7.4*,LP.1.2*,XER*,LZ.4*,KP.4.2.6*,KP.4.2.4*,MC.19.1.1*,NL.1*,MC.33.1.1*	12	2024-12-22 to 2025-01-11 versus 2024-12-01 to 2024-12-21	0.087759	0.133303	+4.554	XFG,LP.8.1,XFC,LF.7.9,LF.7.7.2,LF.7.2.1,LF.7,LF.7.7.1
22893	S	A22893G	K444R	LF.7*,JN.1.23*,JN.1.61*,XER*,NY.3.1.1*,NA.1.1*	14	2025-01-05 to 2025-01-25 versus 2024-12-15 to 2025-01-04	0.028621	0.035433	+0.681	XFG,LF.7.9,LF.7.7.2,LF.7.2.1,LF.7,LF.7.7.1
23598	S	A23598G, T23599G	N679R	XFC*,XEC.32.1*,NY.7*,PG.4.1*,LP.8.1.1*,JN.1.68.1*,PF.2.4*,MC.10.2.1*,XDK.2*,PU.1*,XFT*,NR.1*,NW.1.5*,XEC.22*,KP.2.3.14*,MD.1*,PY.1.1*,PR.2*,LQ.1.1.1*	32	2025-05-11 to 2025-05-31 versus 2025-04-20 to 2025-05-10	0.353354	0.446578	+9.322	XFC
11727	ORF1a	G11727A	R3821K	No associated lineages	4	2024-10-27 to 2024-11-16 versus 2024-10-06 to 2024-10-26	0.90297	0.855309	-4.766	JN.1
21627	S	C21627A	T22N	XFC*,XEC*,LF.7*,XEQ*,KP.3.3.9*,XFP*,MB.1.1*,NB.1*,KP.2.14*,KS.1.5*,JN.1.18.7*,MR.2*,XEN*,XDV.1.7.1*,MT.1.1*,PF.2*,KP.3.1.9*,PB.1*,MU.6*,JN.1.16.5*,PM.1*,KP.2.26*,LF.8.1.1*,KP.3.6*,MU.3*,KP.2.18*,KS.1.1*,MG.3*,NG.1*,LJ.1*,MJ.1.1*,XER*,PB.2*,KP.2.2.1*,NW.1.2*,MC.24.1*,LP.8.1.6*,PP.1*,XEL*	26	2025-03-30 to 2025-04-19 versus 2025-03-09 to 2025-03-29	0.447674	0.232937	-21.474	XFG,XFC,XEC,XEQ,NB.1.8.1,LF.7.9,XEC.4,LF.7.7.2,LF.7.2.1,XEK,LF.7,LF.7.7.1
7113	ORF1a	C7113T	T2283I	PY.5*,XDV*,JN.1.11.1*,KU.2*,XFG.19*	10	2024-12-08 to 2024-12-28 versus 2024-11-17 to 2024-12-07	0.503311	0.427384	-7.593	LP.8.1,XFC,KP.3.1.1,NB.1.8.1,KP.3,PA.1,MC.1,XEK,MC.10.1
22120	S	C22120A	F186L	LP.8.1*,LP.8.2*,XFT*	31	2025-05-04 to 2025-05-24 versus 2025-04-13 to 2025-05-03	0.268993	0.23832	-3.067	LP.8.1
22120	S	C22120A	F186L	LP.8.1*,LP.8.2*,XFT*	12	2024-12-22 to 2025-01-11 versus 2024-12-01 to 2024-12-21	0.034022	0.06654	+3.252	LP.8.1
22111	S	G22111T	Q183H	XFB*,LB.1*,JN.1.9*,XFR*,LY.2*,JN.1.32.1*	16	2025-01-19 to 2025-02-08 versus 2024-12-29 to 2025-01-18	0.013474	0.022023	+0.855	LB.1.3.1
21738	S	T21738C	F59S	XEC*,NB.1*,JN.1.18.7*,MR.2*,KR.1.4*,JN.1.18.6*,MZ.3*,XDR.1*,JN.1.42.1*,MU.3*,KP.1.1.5*,KS.1*,JN.1.13.1*,JN.1.18.2*,KP.3.1.8*,KP.3.3.8*,KP.2.10*,XEM*,JN.1.18.9*	39	2025-06-29 to 2025-07-19 versus 2025-06-08 to 2025-06-28	0.204993	0.243452	+3.846	XEC,XEQ,NB.1.8.1,XEC.4,XEK
24872	S	G24872T	V1104L	XEQ*,XDY.3*,XDY.9*,XDY.6*,JN.1.11*,XEF*,XDY.8*,XDY.1*,XDY*,XDY.2*,XDY.5*,XDY.4*,LB.1.1*,XFT*,XDY.11*,XDY.7*	19	2025-02-09 to 2025-03-01 versus 2025-01-19 to 2025-02-08	0.84336	0.851981	+0.862	LP.8.1,XFC,KP.3.1.1,XEC,XEQ,KP.3,XEC.4,PA.1,MC.1,XEK,MC.10.1
15007	ORF1b	G15007A, T15009C	D514N	No associated lineages	19	2025-02-09 to 2025-03-01 versus 2025-01-19 to 2025-02-08	0.033458	0.005824	-2.763	Does not define any major lineages.
21652	S	TTC21652-21654del	NS30-31Ndel	No associated lineages	40	2025-07-06 to 2025-07-26 versus 2025-06-15 to 2025-07-05	0.322689	0.230676	-9.201	LP.8.1,LB.1.3.1,KP.3.1.1,PA.1,MC.1,MC.10.1
21137	ORF1b	A21137G	K2557R	JN.1.58*,MV.2*,KP.3.2.9*,JN.1.7.7*,NW.1.4*,MC.23*,MV.1.1*,XFG.2*,NL.12*	38	2025-06-22 to 2025-07-12 versus 2025-06-01 to 2025-06-21	0.060196	0.123749	+6.355	Does not define any major lineages.
22107	S	A22107G	K182R	XFC*,LF.7*,XFN*,XFP*,XER*,KP.2.2.2*,LB.1.3.3*,MC.15*,XEC.1*	41	2025-07-13 to 2025-08-02 versus 2025-06-22 to 2025-07-12	0.286628	0.282433	-0.42	XFG,XFC,LF.7.9,LF.7.7.2,LF.7.2.1,LF.7,LF.7.7.1
12854	ORF1a	C12854T	P4197S	NB.1*	27	2025-04-06 to 2025-04-26 versus 2025-03-16 to 2025-04-05	0.011375	0.037941	+2.657	NB.1.8.1
16342	ORF1b	T16342C	S959P	XDV*	33	2025-05-18 to 2025-06-07 versus 2025-04-27 to 2025-05-17	0.076439	0.164614	+8.818	NB.1.8.1
22132	S	G22132T	R190S	LP.8.1*,LF.7*,XFN*,XFP*,LB.1.4.1*,NC.1*,MA.1*,JN.1.59.1*,LP.7*,XEL.4*,NL.5.2*,NL.22.1*,NK.1*,LB.1.11*,LB.1.7.4*,LP.1.2*,XER*,LZ.4*,KP.4.2.6*,KP.4.2.4*,MC.19.1.1*,NL.1*,MC.33.1.1*	8	2024-11-24 to 2024-12-14 versus 2024-11-03 to 2024-11-23	0.056293	0.084976	+2.868	XFG,LP.8.1,XFC,LF.7.9,LF.7.7.2,LF.7.2.1,LF.7,LF.7.7.1
15007	ORF1b	G15007A	D514N (1)	No associated lineages	19	2025-02-09 to 2025-03-01 versus 2025-01-19 to 2025-02-08	0.163041	0.035475	-12.757	Does not define any major lineages.
936	ORF1a	C936T	T224I	MB.1.1.1*,LF.7.6.3*	1	2024-10-06 to 2024-10-26 versus 2024-09-15 to 2024-10-05	0.006443	0.020498	+1.405	Does not define any major lineages.
22926	S	T22926C	L455S	No associated lineages	29	2025-04-20 to 2025-05-10 versus 2025-03-30 to 2025-04-19	0.619039	0.478339	-14.07	JN.1
7869	ORF1a	C7869T	S2535L	LF.7*	14	2025-01-05 to 2025-01-25 versus 2024-12-15 to 2025-01-04	0.011265	0.037924	+2.666	XFG,LF.7.9,LF.7.7.2,LF.7.2.1,LF.7,LF.7.7.1
22995	S	C22995T	T478I	LF.7.10*,NL.9*,XDV.1.5*,QD.1*,ND.3*,LN.1.1*	34	2025-05-25 to 2025-06-14 versus 2025-05-04 to 2025-05-24	0.028181	0.189839	+16.166	NB.1.8.1
21738	S	T21738C	F59S	XEC*,NB.1*,JN.1.18.7*,MR.2*,KR.1.4*,JN.1.18.6*,MZ.3*,XDR.1*,JN.1.42.1*,MU.3*,KP.1.1.5*,KS.1*,JN.1.13.1*,JN.1.18.2*,KP.3.1.8*,KP.3.3.8*,KP.2.10*,XEM*,JN.1.18.9*	29	2025-04-20 to 2025-05-10 versus 2025-03-30 to 2025-04-19	0.232396	0.168989	-6.341	XEC,XEQ,NB.1.8.1,XEC.4,XEK
686	ORF1a	AAGTCATTT686-694del	KSF141-143del	MJ.1.1*,MJ.2.1*,ND.3*,XDV.1.7.5*	42	2025-07-20 to 2025-08-09 versus 2025-06-29 to 2025-07-19	0.023135	0.005216	-1.792	Does not define any major lineages.
21652	S	TTC21652-21654del	NS30-31Ndel	No associated lineages	30	2025-04-27 to 2025-05-17 versus 2025-04-06 to 2025-04-26	0.513834	0.486284	-2.755	LP.8.1,LB.1.3.1,KP.3.1.1,PA.1,MC.1,MC.10.1
25925	ORF3a	C25925T	P178L	LP.8.1*,LP.11*,XFT*,LP.8.2*	11	2024-12-15 to 2025-01-04 versus 2024-11-24 to 2024-12-14	0.042665	0.076227	+3.356	LP.8.1,XFC
16342	ORF1b	T16342C	S959P	XDV*	40	2025-07-06 to 2025-07-26 versus 2025-06-15 to 2025-07-05	0.209412	0.169986	-3.943	NB.1.8.1
23277	S	C23277T	T572I	XFG*,XEC.4*,MC.1*,XDK*,MU.1*,MC.13.4*,XFA*,LF.7.1.8*,MV.1.6*,KP.2.15.1*,JN.1.32*,NY.16.1*,XDV.1.3*,XDY.1.1*,NT.2.1*,PW.1*,MC.6.1*,JN.1.62*,XEC.35*,MH.1*,KP.2.27*,JN.1.16.3*,LF.7.3.6*,NY.19*,JN.1.47.2*,MC.30.1.1*,KP.2.3.8*,KP.2.14.1*,XEC.21*,MC.26.1*,NB.1.3.1*,LZ.3*,LP.4*,LB.1.2.2*,XDY.5.1*,JN.1.9.1*,JN.1.1.1*,KP.2.9*,KP.2.2.2*,XDD.3*,XEC.37*,XEC.2.2.1*,LF.7.6.5*,LD.1*,JN.1.7*,LF.7.7*,MC.9.2*,KP.1.2*,XFB*,LF.7.10.1*,KP.2.3.6*,XEC.25.1.1*,NL.5.1*,KV.2*,MG.1*,XEF.3*,NL.13*,JN.1.65*,MZ.5*,KW.1*,MC.11.3.1*,JN.1.4.3*,MC.8.1*,KP.5*	22	2025-03-02 to 2025-03-22 versus 2025-02-09 to 2025-03-01	0.074233	0.046878	-2.735	XFG,XEC.4,MC.1,LF.7.7.1
7113	ORF1a	C7113T	T2283I	PY.5*,XDV*,JN.1.11.1*,KU.2*,XFG.19*	31	2025-05-04 to 2025-05-24 versus 2025-04-13 to 2025-05-03	0.505068	0.470416	-3.465	LP.8.1,XFC,KP.3.1.1,NB.1.8.1,KP.3,PA.1,MC.1,XEK,MC.10.1
22107	S	A22107G	K182R	XFC*,LF.7*,XFN*,XFP*,XER*,KP.2.2.2*,LB.1.3.3*,MC.15*,XEC.1*	15	2025-01-12 to 2025-02-01 versus 2024-12-22 to 2025-01-11	0.030936	0.035719	+0.478	XFG,XFC,LF.7.9,LF.7.7.2,LF.7.2.1,LF.7,LF.7.7.1
22893	S	A22893G	K444R	LF.7*,JN.1.23*,JN.1.61*,XER*,NY.3.1.1*,NA.1.1*	24	2025-03-16 to 2025-04-05 versus 2025-02-23 to 2025-03-15	0.032206	0.091995	+5.979	XFG,LF.7.9,LF.7.7.2,LF.7.2.1,LF.7,LF.7.7.1
21653	S	T21653C	S31P	XFC*,LF.7*,XFN*,XFP*,MT.1*,KP.2.26*,KP.3.2.6*,MJ.1*,NF.1*,XER*,JN.1.40*	29	2025-04-20 to 2025-05-10 versus 2025-03-30 to 2025-04-19	0.05461	0.055317	+0.071	XFG,XFC,LF.7.9,LF.7.7.2,LF.7.2.1,LF.7,LF.7.7.1
10323	ORF1a	A10323G	K3353R	LP.8.1.5*,LF.7.8*,JN.1.52*,NY.7.2*,MC.10.2*	27	2025-04-06 to 2025-04-26 versus 2025-03-16 to 2025-04-05	0.034576	0.010775	-2.38	Does not define any major lineages.
2060	ORF1a	G2060A	A599T	XEC*,MC.24.1*	3	2024-10-20 to 2024-11-09 versus 2024-09-29 to 2024-10-19	0.078845	0.118016	+3.917	XEC,XEC.4
22895	S	G22895C, T22896G	V445R	LP.8.1*,XFG*,NZ.1*,LP.8.2*,MK.3*,LF.7.12.1*,MC.32.1*,XEC.27*,XFT*,MC.33.1*,MC.19.1*	17	2025-01-26 to 2025-02-15 versus 2025-01-05 to 2025-01-25	0.110952	0.123423	+1.247	XFG,LP.8.1,XFC
23856	S	G23856T	R765L	MC.41*,NY.3*,XEK.1.2.1*,XEC.2.5*	35	2025-06-01 to 2025-06-21 versus 2025-05-11 to 2025-05-31	0.026379	0.024567	-0.181	Does not define any major lineages.
24813	S	A24813G	D1084G	XFG.3.1*,XFQ*	41	2025-07-13 to 2025-08-02 versus 2025-06-22 to 2025-07-12	0.02784	0.009717	-1.812	Does not define any major lineages.
7262	ORF1a	C7262A	L2333I	No associated lineages	25	2025-03-23 to 2025-04-12 versus 2025-03-02 to 2025-03-22	0.028678	0.03227	+0.359	Does not define any major lineages.
6629	ORF1a	C6629T	L2122F	XFG.3.1*	42	2025-07-20 to 2025-08-09 versus 2025-06-29 to 2025-07-19	0.00835	0.037396	+2.905	Does not define any major lineages.
22599	S	G22599C	R346T	XFN*,JN.1.24.1*,MC.13.2.4*,LE.1*,MC.31*,XED*,JN.1.59.1*,MF.1*,KR.5*,MC.32.1*,JN.1.48.1*,MC.28.1.1*,XDD.1.1.1*,MC.33.1*,NB.1.2.1*,MZ.3*,PJ.1*,JN.1.11.2*,JN.1.8.2*,KZ.1.1*,LN.1.1*,XDR.1*,LU.1*,XEP.1.1*,JN.1.7.3*,MU.3*,JN.1.16.1*,JN.1.29.1*,LF.6*,JN.1.44.1*,LG.1*,KS.1*,XEH*,LF.8*,JN.1.25.1*,MC.17.1*,JN.1.18*,MQ.1*,JN.1.30.1*,NU.1*,LU.2*,JN.1.6.1*,MC.19*,KP.2*,PK.1*,JN.1.50.1*,JN.1.4.4*,JN.1.49.1*,MC.13.3.1*,MK.3*,JN.1.26*,MC.13.2.1*,PG.3*,JN.1.39.2*,JN.1.58.2*,JN.1.42.2*,KQ.1*,JN.1.1.3*,XEM*,JN.1.1.5*,KP.4.1*,MC.10.1.6*,JN.1.48.2*,JN.1.48.3*,JN.1.9.2*,XEC.27*,JN.1.18.8*,XES.1*,MC.33.2*,NB.1.6.1*,XDK.1*,MC.13.2.2*,XEK.7*	7	2024-11-17 to 2024-12-07 versus 2024-10-27 to 2024-11-16	0.130952	0.115435	-1.552	XFG,LP.8.1,LB.1.3.1,XFC,XEQ,LF.7.9,LF.7.7.2,LF.7.2.1,LF.7,LF.7.7.1
9866	ORF1a	C9866T	L3201F	XDR*	36	2025-06-08 to 2025-06-28 versus 2025-05-18 to 2025-06-07	0.188517	0.204542	+1.603	NB.1.8.1
1170	ORF1a	C1170T	S302F	XDV*	42	2025-07-20 to 2025-08-09 versus 2025-06-29 to 2025-07-19	0.148789	0.122836	-2.595	NB.1.8.1
24819	S	A24819G	K1086R	KP.1.1*,XFT*,KP.1*	23	2025-03-09 to 2025-03-29 versus 2025-02-16 to 2025-03-08	0.36922	0.420178	+5.096	LP.8.1,XFC
4364	ORF1a	A4364C	I1367L	XEP*,XEC.2*,KP.3.3.4*	22	2025-03-02 to 2025-03-22 versus 2025-02-09 to 2025-03-01	0.060502	0.035577	-2.493	Does not define any major lineages.
22895	S	G22895C, T22896C	V445P	LF.7.9*,LF.7.7.2*,PA.1*,LB.1.3.1*,LK.1*,XFP*,NS.1.1*,MV.1.1.1*,LP.1.2.1*,XFG.1*,KP.2.3.4*,NN.1*,LF.3.1*,NC.1.2*,JN.1.1.8*,MA.1.1.1*,LF.7.8*,LP.9*,MU.2.1.1*,LF.7.10.1*,LF.7.6.2*,KP.2.28.1*,JN.1.50*,LB.1.10*,LF.7.1.10*,MU.5*,QJ.1*	37	2025-06-15 to 2025-07-05 versus 2025-05-25 to 2025-06-14	0.020911	0.032782	+1.187	LB.1.3.1,LF.7.9,LF.7.7.2,PA.1
29409	N	C29409T	T379I	XFG*,LF.7.9*,LB.1.3.1*,NT.1*,MC.10.1.3*,XDS*,XEC.2.3*,NS.3*,XEC.35.1*	40	2025-07-06 to 2025-07-26 versus 2025-06-15 to 2025-07-05	0.304022	0.448737	+14.471	XFG,LB.1.3.1,LF.7.9
593	ORF1a	C593T	H110Y	XEK*,LP.8.1.15*,XEU*,MC.36.1*,XEC.4.5.1*	16	2025-01-19 to 2025-02-08 versus 2024-12-29 to 2025-01-18	0.020028	0.013472	-0.656	XEK
22108	S	A22108T	K182N	MB.1.1*,XEC.27.2*,LU.2.1.1*,KP.1.1.1*,XEC.11*	23	2025-03-09 to 2025-03-29 versus 2025-02-16 to 2025-03-08	0.029354	0.022203	-0.715	Does not define any major lineages.
10296	ORF1a	C10296T	S3344F	NY.15*	40	2025-07-06 to 2025-07-26 versus 2025-06-15 to 2025-07-05	0.021292	0.011795	-0.95	Does not define any major lineages.
21137	ORF1b	A21137G	K2557R	JN.1.58*,MV.2*,KP.3.2.9*,JN.1.7.7*,NW.1.4*,MC.23*,MV.1.1*,XFG.2*,NL.12*	32	2025-05-11 to 2025-05-31 versus 2025-04-20 to 2025-05-10	0.012948	0.045762	+3.281	Does not define any major lineages.
22926	S	T22926C	L455S	No associated lineages	25	2025-03-23 to 2025-04-12 versus 2025-03-02 to 2025-03-22	0.600597	0.656066	+5.547	JN.1
21653	S	T21653C	S31P	XFC*,LF.7*,XFN*,XFP*,MT.1*,KP.2.26*,KP.3.2.6*,MJ.1*,NF.1*,XER*,JN.1.40*	20	2025-02-16 to 2025-03-08 versus 2025-01-26 to 2025-02-15	0.024377	0.049079	+2.47	XFG,XFC,LF.7.9,LF.7.7.2,LF.7.2.1,LF.7,LF.7.7.1
7869	ORF1a	C7869T	S2535L	LF.7*	36	2025-06-08 to 2025-06-28 versus 2025-05-18 to 2025-06-07	0.140974	0.235306	+9.433	XFG,LF.7.9,LF.7.7.2,LF.7.2.1,LF.7,LF.7.7.1
22926	S	T22926C	L455S	No associated lineages	40	2025-07-06 to 2025-07-26 versus 2025-06-15 to 2025-07-05	0.732544	0.68596	-4.658	JN.1
22895	S	G22895C, T22896C	V445P	LF.7.9*,LF.7.7.2*,PA.1*,LB.1.3.1*,LK.1*,XFP*,NS.1.1*,MV.1.1.1*,LP.1.2.1*,XFG.1*,KP.2.3.4*,NN.1*,LF.3.1*,NC.1.2*,JN.1.1.8*,MA.1.1.1*,LF.7.8*,LP.9*,MU.2.1.1*,LF.7.10.1*,LF.7.6.2*,KP.2.28.1*,JN.1.50*,LB.1.10*,LF.7.1.10*,MU.5*,QJ.1*	31	2025-05-04 to 2025-05-24 versus 2025-04-13 to 2025-05-03	0.059494	0.033377	-2.612	LB.1.3.1,LF.7.9,LF.7.7.2,PA.1
23598	S	A23598G, T23599G	N679R	XFC*,XEC.32.1*,NY.7*,PG.4.1*,LP.8.1.1*,JN.1.68.1*,PF.2.4*,MC.10.2.1*,XDK.2*,PU.1*,XFT*,NR.1*,NW.1.5*,XEC.22*,KP.2.3.14*,MD.1*,PY.1.1*,PR.2*,LQ.1.1.1*	36	2025-06-08 to 2025-06-28 versus 2025-05-18 to 2025-06-07	0.368388	0.305465	-6.292	XFC
22132	S	G22132T	R190S	LP.8.1*,LF.7*,XFN*,XFP*,LB.1.4.1*,NC.1*,MA.1*,JN.1.59.1*,LP.7*,XEL.4*,NL.5.2*,NL.22.1*,NK.1*,LB.1.11*,LB.1.7.4*,LP.1.2*,XER*,LZ.4*,KP.4.2.6*,KP.4.2.4*,MC.19.1.1*,NL.1*,MC.33.1.1*	6	2024-11-10 to 2024-11-30 versus 2024-10-20 to 2024-11-09	0.029906	0.069704	+3.98	XFG,LP.8.1,XFC,LF.7.9,LF.7.7.2,LF.7.2.1,LF.7,LF.7.7.1
22031	S	T22031-22031del, 22035-insertG	FR157-158SG	No associated lineages	11	2024-12-15 to 2025-01-04 versus 2024-11-24 to 2024-12-14	0.58096	0.840606	+25.965	Does not define any major lineages.
22986	S	C22986T	A475V	LF.7.9*,LF.7.2.1*,XFP*,PF.2.2.1*,PV.3*,NY.6*,LP.10.1*,QJ.2*,LF.7.3.6*,PL.1*,LF.7.12*,XFC.2*,KP.2.3.1*,LP.8.2.1*,LP.8.1.9*,NY.3.1.1*,LF.7.1.2*,LF.7.1.7*,QH.1*,NY.7.1.1*,LF.7.3.1*,QC.2.1*	32	2025-05-11 to 2025-05-31 versus 2025-04-20 to 2025-05-10	0.030374	0.070518	+4.014	LF.7.9,LF.7.2.1
24819	S	A24819G	K1086R	KP.1.1*,XFT*,KP.1*	13	2024-12-29 to 2025-01-18 versus 2024-12-08 to 2024-12-28	0.062246	0.120708	+5.846	LP.8.1,XFC
22031	S	T22031-22031del, 22035-insertG	FR157-158SG	No associated lineages	4	2024-10-27 to 2024-11-16 versus 2024-10-06 to 2024-10-26	0.434614	0.535266	+10.065	Does not define any major lineages.
10323	ORF1a	A10323G	K3353R	LP.8.1.5*,LF.7.8*,JN.1.52*,NY.7.2*,MC.10.2*	22	2025-03-02 to 2025-03-22 versus 2025-02-09 to 2025-03-01	0.015108	0.032962	+1.785	Does not define any major lineages.
21652	S	TTC21652-21654del	NS30-31Ndel	No associated lineages	41	2025-07-13 to 2025-08-02 versus 2025-06-22 to 2025-07-12	0.332927	0.214548	-11.838	LP.8.1,LB.1.3.1,KP.3.1.1,PA.1,MC.1,MC.10.1
28727	N	G28727T	A152S	PA.1*	26	2025-03-30 to 2025-04-19 versus 2025-03-09 to 2025-03-29	0.018803	0.02005	+0.125	PA.1
29409	N	C29409T	T379I	XFG*,LF.7.9*,LB.1.3.1*,NT.1*,MC.10.1.3*,XDS*,XEC.2.3*,NS.3*,XEC.35.1*	36	2025-06-08 to 2025-06-28 versus 2025-05-18 to 2025-06-07	0.169797	0.236285	+6.649	XFG,LB.1.3.1,LF.7.9
2060	ORF1a	G2060A	A599T	XEC*,MC.24.1*	5	2024-11-03 to 2024-11-23 versus 2024-10-13 to 2024-11-02	0.109499	0.176683	+6.718	XEC,XEC.4
593	ORF1a	C593T	H110Y	XEK*,LP.8.1.15*,XEU*,MC.36.1*,XEC.4.5.1*	10	2024-12-08 to 2024-12-28 versus 2024-11-17 to 2024-12-07	0.024796	0.01875	-0.605	XEK
405	ORF1a	A405G	K47R	XDR*,XDK*,XDS*,XDD*	35	2025-06-01 to 2025-06-21 versus 2025-05-11 to 2025-05-31	0.117807	0.200985	+8.318	NB.1.8.1
23856	S	G23856T	R765L	MC.41*,NY.3*,XEK.1.2.1*,XEC.2.5*	37	2025-06-15 to 2025-07-05 versus 2025-05-25 to 2025-06-14	0.023935	0.013688	-1.025	Does not define any major lineages.
15026	ORF1b	C15026T	A520V	No associated lineages	32	2025-05-11 to 2025-05-31 versus 2025-04-20 to 2025-05-10	0.022975	0.017793	-0.518	Does not define any major lineages.
1895	ORF1a	G1895A	V544I	LF.7.9.1*	30	2025-04-27 to 2025-05-17 versus 2025-04-06 to 2025-04-26	0.012268	0.042664	+3.04	Does not define any major lineages.
29081	N	G29081T	V270L	XFG.2*	42	2025-07-20 to 2025-08-09 versus 2025-06-29 to 2025-07-19	0.133388	0.137497	+0.411	Does not define any major lineages.
22132	S	G22132T	R190S	LP.8.1*,LF.7*,XFN*,XFP*,LB.1.4.1*,NC.1*,MA.1*,JN.1.59.1*,LP.7*,XEL.4*,NL.5.2*,NL.22.1*,NK.1*,LB.1.11*,LB.1.7.4*,LP.1.2*,XER*,LZ.4*,KP.4.2.6*,KP.4.2.4*,MC.19.1.1*,NL.1*,MC.33.1.1*	16	2025-01-19 to 2025-02-08 versus 2024-12-29 to 2025-01-18	0.165574	0.17462	+0.905	XFG,LP.8.1,XFC,LF.7.9,LF.7.7.2,LF.7.2.1,LF.7,LF.7.7.1
22895	S	G22895C, T22896C	V445P	LF.7.9*,LF.7.7.2*,PA.1*,LB.1.3.1*,LK.1*,XFP*,NS.1.1*,MV.1.1.1*,LP.1.2.1*,XFG.1*,KP.2.3.4*,NN.1*,LF.3.1*,NC.1.2*,JN.1.1.8*,MA.1.1.1*,LF.7.8*,LP.9*,MU.2.1.1*,LF.7.10.1*,LF.7.6.2*,KP.2.28.1*,JN.1.50*,LB.1.10*,LF.7.1.10*,MU.5*,QJ.1*	24	2025-03-16 to 2025-04-05 versus 2025-02-23 to 2025-03-15	0.051877	0.04068	-1.12	LB.1.3.1,LF.7.9,LF.7.7.2,PA.1
22031	S	T22031-22031del, 22035-insertG	FR157-158SG	No associated lineages	15	2025-01-12 to 2025-02-01 versus 2024-12-22 to 2025-01-11	0.933872	0.745259	-18.861	Does not define any major lineages.
22107	S	A22107G	K182R	XFC*,LF.7*,XFN*,XFP*,XER*,KP.2.2.2*,LB.1.3.3*,MC.15*,XEC.1*	33	2025-05-18 to 2025-06-07 versus 2025-04-27 to 2025-05-17	0.113439	0.157065	+4.363	XFG,XFC,LF.7.9,LF.7.7.2,LF.7.2.1,LF.7,LF.7.7.1
15026	ORF1b	C15026T	A520V	No associated lineages	27	2025-04-06 to 2025-04-26 versus 2025-03-16 to 2025-04-05	0.012639	0.071746	+5.911	Does not define any major lineages.
22895	S	G22895C, T22896G	V445R	LP.8.1*,XFG*,NZ.1*,LP.8.2*,MK.3*,LF.7.12.1*,MC.32.1*,XEC.27*,XFT*,MC.33.1*,MC.19.1*	8	2024-11-24 to 2024-12-14 versus 2024-11-03 to 2024-11-23	0.021748	0.028675	+0.693	XFG,LP.8.1,XFC
24872	S	G24872T	V1104L	XEQ*,XDY.3*,XDY.9*,XDY.6*,JN.1.11*,XEF*,XDY.8*,XDY.1*,XDY*,XDY.2*,XDY.5*,XDY.4*,LB.1.1*,XFT*,XDY.11*,XDY.7*	37	2025-06-15 to 2025-07-05 versus 2025-05-25 to 2025-06-14	0.404017	0.383007	-2.101	LP.8.1,XFC,KP.3.1.1,XEC,XEQ,KP.3,XEC.4,PA.1,MC.1,XEK,MC.10.1
21738	S	T21738C	F59S	XEC*,NB.1*,JN.1.18.7*,MR.2*,KR.1.4*,JN.1.18.6*,MZ.3*,XDR.1*,JN.1.42.1*,MU.3*,KP.1.1.5*,KS.1*,JN.1.13.1*,JN.1.18.2*,KP.3.1.8*,KP.3.3.8*,KP.2.10*,XEM*,JN.1.18.9*	19	2025-02-09 to 2025-03-01 versus 2025-01-19 to 2025-02-08	0.448315	0.436453	-1.186	XEC,XEQ,NB.1.8.1,XEC.4,XEK
21137	ORF1b	A21137G	K2557R	JN.1.58*,MV.2*,KP.3.2.9*,JN.1.7.7*,NW.1.4*,MC.23*,MV.1.1*,XFG.2*,NL.12*	35	2025-06-01 to 2025-06-21 versus 2025-05-11 to 2025-05-31	0.045762	0.060196	+1.443	Does not define any major lineages.
22599	S	G22599C	R346T	XFN*,JN.1.24.1*,MC.13.2.4*,LE.1*,MC.31*,XED*,JN.1.59.1*,MF.1*,KR.5*,MC.32.1*,JN.1.48.1*,MC.28.1.1*,XDD.1.1.1*,MC.33.1*,NB.1.2.1*,MZ.3*,PJ.1*,JN.1.11.2*,JN.1.8.2*,KZ.1.1*,LN.1.1*,XDR.1*,LU.1*,XEP.1.1*,JN.1.7.3*,MU.3*,JN.1.16.1*,JN.1.29.1*,LF.6*,JN.1.44.1*,LG.1*,KS.1*,XEH*,LF.8*,JN.1.25.1*,MC.17.1*,JN.1.18*,MQ.1*,JN.1.30.1*,NU.1*,LU.2*,JN.1.6.1*,MC.19*,KP.2*,PK.1*,JN.1.50.1*,JN.1.4.4*,JN.1.49.1*,MC.13.3.1*,MK.3*,JN.1.26*,MC.13.2.1*,PG.3*,JN.1.39.2*,JN.1.58.2*,JN.1.42.2*,KQ.1*,JN.1.1.3*,XEM*,JN.1.1.5*,KP.4.1*,MC.10.1.6*,JN.1.48.2*,JN.1.48.3*,JN.1.9.2*,XEC.27*,JN.1.18.8*,XES.1*,MC.33.2*,NB.1.6.1*,XDK.1*,MC.13.2.2*,XEK.7*	32	2025-05-11 to 2025-05-31 versus 2025-04-20 to 2025-05-10	0.378965	0.591427	+21.246	XFG,LP.8.1,LB.1.3.1,XFC,XEQ,LF.7.9,LF.7.7.2,LF.7.2.1,LF.7,LF.7.7.1
3686	ORF1a	C3686T	H1141Y	XDV.1.5.1*	31	2025-05-04 to 2025-05-24 versus 2025-04-13 to 2025-05-03	0.038154	0.070703	+3.255	NB.1.8.1
27810	ORF7b	T27810C	F19L	No associated lineages	41	2025-07-13 to 2025-08-02 versus 2025-06-22 to 2025-07-12	0.691953	0.582548	-10.941	JN.1
22132	S	G22132T	R190S	LP.8.1*,LF.7*,XFN*,XFP*,LB.1.4.1*,NC.1*,MA.1*,JN.1.59.1*,LP.7*,XEL.4*,NL.5.2*,NL.22.1*,NK.1*,LB.1.11*,LB.1.7.4*,LP.1.2*,XER*,LZ.4*,KP.4.2.6*,KP.4.2.4*,MC.19.1.1*,NL.1*,MC.33.1.1*	5	2024-11-03 to 2024-11-23 versus 2024-10-13 to 2024-11-02	0.028496	0.056293	+2.78	XFG,LP.8.1,XFC,LF.7.9,LF.7.7.2,LF.7.2.1,LF.7,LF.7.7.1
7279	ORF1a	C7279A	F2338L	No associated lineages	32	2025-05-11 to 2025-05-31 versus 2025-04-20 to 2025-05-10	0.025963	0.020937	-0.503	Does not define any major lineages.
11727	ORF1a	G11727A	R3821K	No associated lineages	42	2025-07-20 to 2025-08-09 versus 2025-06-29 to 2025-07-19	0.812342	0.799432	-1.291	JN.1
14964	ORF1b	A14964C	K499N	No associated lineages	32	2025-05-11 to 2025-05-31 versus 2025-04-20 to 2025-05-10	0.018249	0.022376	+0.413	Does not define any major lineages.
22107	S	A22107G	K182R	XFC*,LF.7*,XFN*,XFP*,XER*,KP.2.2.2*,LB.1.3.3*,MC.15*,XEC.1*	38	2025-06-22 to 2025-07-12 versus 2025-06-01 to 2025-06-21	0.188249	0.286628	+9.838	XFG,XFC,LF.7.9,LF.7.7.2,LF.7.2.1,LF.7,LF.7.7.1
9431	ORF1a	G9431A	V3056I	No associated lineages	16	2025-01-19 to 2025-02-08 versus 2024-12-29 to 2025-01-18	0.020492	0.006873	-1.362	Does not define any major lineages.
3686	ORF1a	C3686T	H1141Y	XDV.1.5.1*	33	2025-05-18 to 2025-06-07 versus 2025-04-27 to 2025-05-17	0.046776	0.121895	+7.512	NB.1.8.1
3096	ORF1a	C3096T	S944L	NB.1.3.1*,PF.2*	36	2025-06-08 to 2025-06-28 versus 2025-05-18 to 2025-06-07	0.023365	0.019992	-0.337	Does not define any major lineages.
21652	S	TTC21652-21654del	NS30-31Ndel	No associated lineages	24	2025-03-16 to 2025-04-05 versus 2025-02-23 to 2025-03-15	0.513108	0.489447	-2.366	LP.8.1,LB.1.3.1,KP.3.1.1,PA.1,MC.1,MC.10.1
21653	S	T21653C	S31P	XFC*,LF.7*,XFN*,XFP*,MT.1*,KP.2.26*,KP.3.2.6*,MJ.1*,NF.1*,XER*,JN.1.40*	38	2025-06-22 to 2025-07-12 versus 2025-06-01 to 2025-06-21	0.335924	0.438487	+10.256	XFG,XFC,LF.7.9,LF.7.7.2,LF.7.2.1,LF.7,LF.7.7.1
24872	S	G24872T	V1104L	XEQ*,XDY.3*,XDY.9*,XDY.6*,JN.1.11*,XEF*,XDY.8*,XDY.1*,XDY*,XDY.2*,XDY.5*,XDY.4*,LB.1.1*,XFT*,XDY.11*,XDY.7*	2	2024-10-13 to 2024-11-02 versus 2024-09-22 to 2024-10-12	0.604739	0.822421	+21.768	LP.8.1,XFC,KP.3.1.1,XEC,XEQ,KP.3,XEC.4,PA.1,MC.1,XEK,MC.10.1
22107	S	A22107G	K182R	XFC*,LF.7*,XFN*,XFP*,XER*,KP.2.2.2*,LB.1.3.3*,MC.15*,XEC.1*	22	2025-03-02 to 2025-03-22 versus 2025-02-09 to 2025-03-01	0.04086	0.06026	+1.94	XFG,XFC,LF.7.9,LF.7.7.2,LF.7.2.1,LF.7,LF.7.7.1
22120	S	C22120A	F186L	LP.8.1*,LP.8.2*,XFT*	29	2025-04-20 to 2025-05-10 versus 2025-03-30 to 2025-04-19	0.243342	0.234326	-0.902	LP.8.1
22132	S	G22132T	R190S	LP.8.1*,LF.7*,XFN*,XFP*,LB.1.4.1*,NC.1*,MA.1*,JN.1.59.1*,LP.7*,XEL.4*,NL.5.2*,NL.22.1*,NK.1*,LB.1.11*,LB.1.7.4*,LP.1.2*,XER*,LZ.4*,KP.4.2.6*,KP.4.2.4*,MC.19.1.1*,NL.1*,MC.33.1.1*	33	2025-05-18 to 2025-06-07 versus 2025-04-27 to 2025-05-17	0.461523	0.531387	+6.986	XFG,LP.8.1,XFC,LF.7.9,LF.7.7.2,LF.7.2.1,LF.7,LF.7.7.1
22893	S	A22893G	K444R	LF.7*,JN.1.23*,JN.1.61*,XER*,NY.3.1.1*,NA.1.1*	41	2025-07-13 to 2025-08-02 versus 2025-06-22 to 2025-07-12	0.338186	0.283065	-5.512	XFG,LF.7.9,LF.7.7.2,LF.7.2.1,LF.7,LF.7.7.1
17329	ORF1b	G17329T	E1288*	No associated lineages	20	2025-02-16 to 2025-03-08 versus 2025-01-26 to 2025-02-15	0.025581	0.000862	-2.472	Does not define any major lineages.
22995	S	C22995T	T478I	LF.7.10*,NL.9*,XDV.1.5*,QD.1*,ND.3*,LN.1.1*	29	2025-04-20 to 2025-05-10 versus 2025-03-30 to 2025-04-19	0.048653	0.022851	-2.58	NB.1.8.1
21738	S	T21738C	F59S	XEC*,NB.1*,JN.1.18.7*,MR.2*,KR.1.4*,JN.1.18.6*,MZ.3*,XDR.1*,JN.1.42.1*,MU.3*,KP.1.1.5*,KS.1*,JN.1.13.1*,JN.1.18.2*,KP.3.1.8*,KP.3.3.8*,KP.2.10*,XEM*,JN.1.18.9*	16	2025-01-19 to 2025-02-08 versus 2024-12-29 to 2025-01-18	0.479019	0.448315	-3.07	XEC,XEQ,NB.1.8.1,XEC.4,XEK
12924	ORF1a	C12924T	P4220L	XDV*	34	2025-05-25 to 2025-06-14 versus 2025-05-04 to 2025-05-24	0.120197	0.203696	+8.35	NB.1.8.1
6312	ORF1a	C6312T	T2016I	XEC.4*,LU.1*,PQ.10*	23	2025-03-09 to 2025-03-29 versus 2025-02-16 to 2025-03-08	0.022088	0.008895	-1.319	XEC.4
29081	N	G29081T	V270L	XFG.2*	36	2025-06-08 to 2025-06-28 versus 2025-05-18 to 2025-06-07	0.052103	0.090053	+3.795	Does not define any major lineages.
24819	S	A24819G	K1086R	KP.1.1*,XFT*,KP.1*	9	2024-12-01 to 2024-12-21 versus 2024-11-10 to 2024-11-30	0.032665	0.044059	+1.139	LP.8.1,XFC
3948	ORF1a	A3948G	D1228G	MC.10.1.7*	28	2025-04-13 to 2025-05-03 versus 2025-03-23 to 2025-04-12	0.001893	0.026138	+2.425	Does not define any major lineages.
7328	ORF1a	G7328T	A2355S	No associated lineages	39	2025-06-29 to 2025-07-19 versus 2025-06-08 to 2025-06-28	0.022092	0.019709	-0.238	Does not define any major lineages.
7283	ORF1a	G7283T	V2340L	No associated lineages	36	2025-06-08 to 2025-06-28 versus 2025-05-18 to 2025-06-07	0.019858	0.0239	+0.404	Does not define any major lineages.
22928	S	T22928C	F456L	JN.1.7.9*,LR.1*,KU.2*,JN.1.39.1*,KR.5*,KR.1*,JN.1.67.1*,JN.1.48.1*,JN.1.62*,NS.3*,LN.1.1*,KR.3*,JN.1.29.1*,JN.1.1.8*,JN.1.4.9*,LF.6*,XDR.1.1*,KS.1*,LF.8*,JN.1.18.5*,LL.1*,XDK.1.2*,KR.4.1*,XDK.4.1*,LM.1*,MD.3.1*,LZ.1*,KW.1.1*,XDD.3*,LQ.1*,JN.1.1.6*,XDK.3*,JN.1.11.1*,JN.1.55.2*,JN.1.16*,XDK.6*,JN.1.55.1*,JN.1.48.3*,LR.3*,JN.1.50*,JN.1.51.1*,JN.1.15.1*,MD.1*,JN.1.7.8*,XDK.5*,LZ.2.2*,XDV.1*,JN.1.18.9*,JN.1.18.4*,LZ.2.1*,LE.1.3.1*,JN.1.65.1*	36	2025-06-08 to 2025-06-28 versus 2025-05-18 to 2025-06-07	0.7784	0.75563	-2.277	XFG,LP.8.1,LB.1.3.1,XFC,KP.3.1.1,XEC,XEQ,NB.1.8.1,LF.7.9,KP.3,XEC.4,LF.7.7.2,PA.1,MC.1,LF.7.2.1,XEK,LF.7,LF.7.7.1,MC.10.1
13121	ORF1a	A13121T	S4286C	KP.3.1.1*,XFA*,XFK*,XEW*	5	2024-11-03 to 2024-11-23 versus 2024-10-13 to 2024-11-02	0.536754	0.463361	-7.339	KP.3.1.1,PA.1,MC.1,MC.10.1
936	ORF1a	C936T	T224I	MB.1.1.1*,LF.7.6.3*	4	2024-10-27 to 2024-11-16 versus 2024-10-06 to 2024-10-26	0.020498	0.003664	-1.683	Does not define any major lineages.
2847	ORF1a	C2847T	T861I	No associated lineages	36	2025-06-08 to 2025-06-28 versus 2025-05-18 to 2025-06-07	0.001376	0.032264	+3.089	Does not define any major lineages.
23277	S	C23277T	T572I	XFG*,XEC.4*,MC.1*,XDK*,MU.1*,MC.13.4*,XFA*,LF.7.1.8*,MV.1.6*,KP.2.15.1*,JN.1.32*,NY.16.1*,XDV.1.3*,XDY.1.1*,NT.2.1*,PW.1*,MC.6.1*,JN.1.62*,XEC.35*,MH.1*,KP.2.27*,JN.1.16.3*,LF.7.3.6*,NY.19*,JN.1.47.2*,MC.30.1.1*,KP.2.3.8*,KP.2.14.1*,XEC.21*,MC.26.1*,NB.1.3.1*,LZ.3*,LP.4*,LB.1.2.2*,XDY.5.1*,JN.1.9.1*,JN.1.1.1*,KP.2.9*,KP.2.2.2*,XDD.3*,XEC.37*,XEC.2.2.1*,LF.7.6.5*,LD.1*,JN.1.7*,LF.7.7*,MC.9.2*,KP.1.2*,XFB*,LF.7.10.1*,KP.2.3.6*,XEC.25.1.1*,NL.5.1*,KV.2*,MG.1*,XEF.3*,NL.13*,JN.1.65*,MZ.5*,KW.1*,MC.11.3.1*,JN.1.4.3*,MC.8.1*,KP.5*	32	2025-05-11 to 2025-05-31 versus 2025-04-20 to 2025-05-10	0.045404	0.127079	+8.168	XFG,XEC.4,MC.1,LF.7.7.1
9431	ORF1a	G9431A	V3056I	No associated lineages	13	2024-12-29 to 2025-01-18 versus 2024-12-08 to 2024-12-28	0.009131	0.020492	+1.136	Does not define any major lineages.
2060	ORF1a	G2060A	A599T	XEC*,MC.24.1*	13	2024-12-29 to 2025-01-18 versus 2024-12-08 to 2024-12-28	0.276203	0.32545	+4.925	XEC,XEC.4
21738	S	T21738C	F59S	XEC*,NB.1*,JN.1.18.7*,MR.2*,KR.1.4*,JN.1.18.6*,MZ.3*,XDR.1*,JN.1.42.1*,MU.3*,KP.1.1.5*,KS.1*,JN.1.13.1*,JN.1.18.2*,KP.3.1.8*,KP.3.3.8*,KP.2.10*,XEM*,JN.1.18.9*	36	2025-06-08 to 2025-06-28 versus 2025-05-18 to 2025-06-07	0.222377	0.204993	-1.738	XEC,XEQ,NB.1.8.1,XEC.4,XEK
28883	N	G28883C, G28884C	G204P	PP.1.1.1*,MC.24.1*,PQ.1.1*,KP.3.3*,XEP*	2	2024-10-13 to 2024-11-02 versus 2024-09-22 to 2024-10-12	0.094014	0.218621	+12.461	XEC,XEC.4,XEK
23277	S	C23277T	T572I	XFG*,XEC.4*,MC.1*,XDK*,MU.1*,MC.13.4*,XFA*,LF.7.1.8*,MV.1.6*,KP.2.15.1*,JN.1.32*,NY.16.1*,XDV.1.3*,XDY.1.1*,NT.2.1*,PW.1*,MC.6.1*,JN.1.62*,XEC.35*,MH.1*,KP.2.27*,JN.1.16.3*,LF.7.3.6*,NY.19*,JN.1.47.2*,MC.30.1.1*,KP.2.3.8*,KP.2.14.1*,XEC.21*,MC.26.1*,NB.1.3.1*,LZ.3*,LP.4*,LB.1.2.2*,XDY.5.1*,JN.1.9.1*,JN.1.1.1*,KP.2.9*,KP.2.2.2*,XDD.3*,XEC.37*,XEC.2.2.1*,LF.7.6.5*,LD.1*,JN.1.7*,LF.7.7*,MC.9.2*,KP.1.2*,XFB*,LF.7.10.1*,KP.2.3.6*,XEC.25.1.1*,NL.5.1*,KV.2*,MG.1*,XEF.3*,NL.13*,JN.1.65*,MZ.5*,KW.1*,MC.11.3.1*,JN.1.4.3*,MC.8.1*,KP.5*	36	2025-06-08 to 2025-06-28 versus 2025-05-18 to 2025-06-07	0.146377	0.200619	+5.424	XFG,XEC.4,MC.1,LF.7.7.1
27476	ORF7a	C27476T	T28I	LB.1.3.1*,JN.1.8*,JN.1.8.1*	33	2025-05-18 to 2025-06-07 versus 2025-04-27 to 2025-05-17	0.02751	0.017928	-0.958	LB.1.3.1
22893	S	A22893G	K444R	LF.7*,JN.1.23*,JN.1.61*,XER*,NY.3.1.1*,NA.1.1*	39	2025-06-29 to 2025-07-19 versus 2025-06-08 to 2025-06-28	0.212657	0.378312	+16.565	XFG,LF.7.9,LF.7.7.2,LF.7.2.1,LF.7,LF.7.7.1
7262	ORF1a	C7262A	L2333I	No associated lineages	26	2025-03-30 to 2025-04-19 versus 2025-03-09 to 2025-03-29	0.039794	0.030203	-0.959	Does not define any major lineages.
7113	ORF1a	C7113T	T2283I	PY.5*,XDV*,JN.1.11.1*,KU.2*,XFG.19*	19	2025-02-09 to 2025-03-01 versus 2025-01-19 to 2025-02-08	0.371488	0.348893	-2.259	LP.8.1,XFC,KP.3.1.1,NB.1.8.1,KP.3,PA.1,MC.1,XEK,MC.10.1
22884	S	T22884G	L441R	LF.7.9*,LF.7.6.2*,XFP*,MV.1.5*	35	2025-06-01 to 2025-06-21 versus 2025-05-11 to 2025-05-31	0.024871	0.023714	-0.116	LF.7.9
23039	S	C23039G	Q493E	LP.8.1*,XFG*,KP.3*,XEQ*,XFH*,JN.1.16.4*,XDY*,JN.1.16.5*,LP.8.2*,KP.3.4*,XDY.9*,XEF*,XDY.1*,XFT*,XDY.5*,XDY.4*,XDY.11*,LF.7.1.11*,XET*,XDY.3*,NB.1.8*,XDY.6*,XDY.8*,XDY.2*,XDY.7*	22	2025-03-02 to 2025-03-22 versus 2025-02-09 to 2025-03-01	0.81967	0.754711	-6.496	XFG,LP.8.1,XFC,KP.3.1.1,XEC,XEQ,NB.1.8.1,KP.3,XEC.4,PA.1,MC.1,XEK,MC.10.1
8390	ORF1a	A8390G	I2709V	NB.1*	32	2025-05-11 to 2025-05-31 versus 2025-04-20 to 2025-05-10	0.061181	0.119084	+5.79	NB.1.8.1
7262	ORF1a	C7262A	L2333I	No associated lineages	39	2025-06-29 to 2025-07-19 versus 2025-06-08 to 2025-06-28	0.054321	0.062019	+0.77	Does not define any major lineages.
22895	S	G22895C, T22896G	V445R	LP.8.1*,XFG*,NZ.1*,LP.8.2*,MK.3*,LF.7.12.1*,MC.32.1*,XEC.27*,XFT*,MC.33.1*,MC.19.1*	38	2025-06-22 to 2025-07-12 versus 2025-06-01 to 2025-06-21	0.334899	0.363994	+2.909	XFG,LP.8.1,XFC
21652	S	TTC21652-21654del	NS30-31Ndel	No associated lineages	37	2025-06-15 to 2025-07-05 versus 2025-05-25 to 2025-06-14	0.448002	0.322689	-12.531	LP.8.1,LB.1.3.1,KP.3.1.1,PA.1,MC.1,MC.10.1
22895	S	G22895C, T22896G	V445R	LP.8.1*,XFG*,NZ.1*,LP.8.2*,MK.3*,LF.7.12.1*,MC.32.1*,XEC.27*,XFT*,MC.33.1*,MC.19.1*	22	2025-03-02 to 2025-03-22 versus 2025-02-09 to 2025-03-01	0.164376	0.223038	+5.866	XFG,LP.8.1,XFC
11727	ORF1a	G11727A	R3821K	No associated lineages	26	2025-03-30 to 2025-04-19 versus 2025-03-09 to 2025-03-29	0.985506	0.947656	-3.785	JN.1
686	ORF1a	AAGTCATTT686-694del	KSF141-143del	MJ.1.1*,MJ.2.1*,ND.3*,XDV.1.7.5*	40	2025-07-06 to 2025-07-26 versus 2025-06-15 to 2025-07-05	0.025374	0.009258	-1.612	Does not define any major lineages.
22107	S	A22107G	K182R	XFC*,LF.7*,XFN*,XFP*,XER*,KP.2.2.2*,LB.1.3.3*,MC.15*,XEC.1*	36	2025-06-08 to 2025-06-28 versus 2025-05-18 to 2025-06-07	0.157065	0.206306	+4.924	XFG,XFC,LF.7.9,LF.7.7.2,LF.7.2.1,LF.7,LF.7.7.1
7113	ORF1a	C7113T	T2283I	PY.5*,XDV*,JN.1.11.1*,KU.2*,XFG.19*	37	2025-06-15 to 2025-07-05 versus 2025-05-25 to 2025-06-14	0.449807	0.516379	+6.657	LP.8.1,XFC,KP.3.1.1,NB.1.8.1,KP.3,PA.1,MC.1,XEK,MC.10.1
23021	S	A23021G	N487D	XFG*,NY.11*,NY.11.1*,LP.8.1.2*	37	2025-06-15 to 2025-07-05 versus 2025-05-25 to 2025-06-14	0.136611	0.2842	+14.759	XFG
23021	S	A23021G	N487D	XFG*,NY.11*,NY.11.1*,LP.8.1.2*	32	2025-05-11 to 2025-05-31 versus 2025-04-20 to 2025-05-10	0.023605	0.120502	+9.69	XFG
27810	ORF7b	T27810C	F19L	No associated lineages	25	2025-03-23 to 2025-04-12 versus 2025-03-02 to 2025-03-22	0.598424	0.559454	-3.897	JN.1
23600	S	T23600C	S680P	MM.1*,LF.7.3.6*,XEK.1.1*,LB.1.7.2*,PV.1*,XFG.3.4.1*	42	2025-07-20 to 2025-08-09 versus 2025-06-29 to 2025-07-19	0.013012	0.022268	+0.926	Does not define any major lineages.
24872	S	G24872T	V1104L	XEQ*,XDY.3*,XDY.9*,XDY.6*,JN.1.11*,XEF*,XDY.8*,XDY.1*,XDY*,XDY.2*,XDY.5*,XDY.4*,LB.1.1*,XFT*,XDY.11*,XDY.7*	10	2024-12-08 to 2024-12-28 versus 2024-11-17 to 2024-12-07	0.864341	0.841046	-2.33	LP.8.1,XFC,KP.3.1.1,XEC,XEQ,KP.3,XEC.4,PA.1,MC.1,XEK,MC.10.1
27810	ORF7b	T27810C	F19L	No associated lineages	42	2025-07-20 to 2025-08-09 versus 2025-06-29 to 2025-07-19	0.666232	0.582225	-8.401	JN.1
22865	S	G22865T	A435S	NB.1.8.1*,MC.10.1*,XEC.32.1*,XFN*,KP.3.3.5*,MC.31*,XDV.1.9.1*,XEC.20.1*,XEC.18.2*,MU.6*,MC.21.1*,MC.28.1*,MC.30.1.1*,PG.1*,PY.1.1.1*,KP.2.14.2*,XEP*,LP.10.1.1*,MU.2.1.1*,XDY.1*,MC.13.2*,XEC.25.1*,XEC.14.1.1*,PT.1*,XFB*,PY.1.4.1*,XDY.3*,MC.46.1*,KP.3.3.2*,XEC.4.5.1*,XEC.4.6.1*,KP.3.7*	41	2025-07-13 to 2025-08-02 versus 2025-06-22 to 2025-07-12	0.171721	0.136091	-3.563	NB.1.8.1,PA.1,MC.10.1
7279	ORF1a	C7279A	F2338L	No associated lineages	33	2025-05-18 to 2025-06-07 versus 2025-04-27 to 2025-05-17	0.023962	0.021927	-0.204	Does not define any major lineages.
25969	ORF3a	T25969C	W193R	PQ.2*	40	2025-07-06 to 2025-07-26 versus 2025-06-15 to 2025-07-05	0.022313	0.017305	-0.501	Does not define any major lineages.
22926	S	T22926C	L455S	No associated lineages	36	2025-06-08 to 2025-06-28 versus 2025-05-18 to 2025-06-07	0.833821	0.743358	-9.046	JN.1
25925	ORF3a	C25925T	P178L	LP.8.1*,LP.11*,XFT*,LP.8.2*	9	2024-12-01 to 2024-12-21 versus 2024-11-10 to 2024-11-30	0.01517	0.060157	+4.499	LP.8.1,XFC
22895	S	G22895C, T22896G	V445R	LP.8.1*,XFG*,NZ.1*,LP.8.2*,MK.3*,LF.7.12.1*,MC.32.1*,XEC.27*,XFT*,MC.33.1*,MC.19.1*	40	2025-07-06 to 2025-07-26 versus 2025-06-15 to 2025-07-05	0.386911	0.292364	-9.455	XFG,LP.8.1,XFC
2060	ORF1a	G2060A	A599T	XEC*,MC.24.1*	23	2025-03-09 to 2025-03-29 versus 2025-02-16 to 2025-03-08	0.219831	0.121082	-9.875	XEC,XEC.4
6255	ORF1a	C6255T	A1997V	LP.8.1*,LP.11*,XFV*,LP.8.2*	22	2025-03-02 to 2025-03-22 versus 2025-02-09 to 2025-03-01	0.283391	0.400608	+11.722	LP.8.1,XFC
28883	N	G28883C, G28884C	G204P	PP.1.1.1*,MC.24.1*,PQ.1.1*,KP.3.3*,XEP*	21	2025-02-23 to 2025-03-15 versus 2025-02-02 to 2025-02-22	0.372931	0.24211	-13.082	XEC,XEC.4,XEK
25925	ORF3a	C25925T	P178L	LP.8.1*,LP.11*,XFT*,LP.8.2*	38	2025-06-22 to 2025-07-12 versus 2025-06-01 to 2025-06-21	0.401584	0.301361	-10.022	LP.8.1,XFC
1170	ORF1a	C1170T	S302F	XDV*	41	2025-07-13 to 2025-08-02 versus 2025-06-22 to 2025-07-12	0.13035	0.148804	+1.845	NB.1.8.1
28727	N	G28727T	A152S	PA.1*	18	2025-02-02 to 2025-02-22 versus 2025-01-12 to 2025-02-01	0.01017	0.020826	+1.066	PA.1
22986	S	C22986T	A475V	LF.7.9*,LF.7.2.1*,XFP*,PF.2.2.1*,PV.3*,NY.6*,LP.10.1*,QJ.2*,LF.7.3.6*,PL.1*,LF.7.12*,XFC.2*,KP.2.3.1*,LP.8.2.1*,LP.8.1.9*,NY.3.1.1*,LF.7.1.2*,LF.7.1.7*,QH.1*,NY.7.1.1*,LF.7.3.1*,QC.2.1*	30	2025-04-27 to 2025-05-17 versus 2025-04-06 to 2025-04-26	0.027875	0.024163	-0.371	LF.7.9,LF.7.2.1
23277	S	C23277T	T572I	XFG*,XEC.4*,MC.1*,XDK*,MU.1*,MC.13.4*,XFA*,LF.7.1.8*,MV.1.6*,KP.2.15.1*,JN.1.32*,NY.16.1*,XDV.1.3*,XDY.1.1*,NT.2.1*,PW.1*,MC.6.1*,JN.1.62*,XEC.35*,MH.1*,KP.2.27*,JN.1.16.3*,LF.7.3.6*,NY.19*,JN.1.47.2*,MC.30.1.1*,KP.2.3.8*,KP.2.14.1*,XEC.21*,MC.26.1*,NB.1.3.1*,LZ.3*,LP.4*,LB.1.2.2*,XDY.5.1*,JN.1.9.1*,JN.1.1.1*,KP.2.9*,KP.2.2.2*,XDD.3*,XEC.37*,XEC.2.2.1*,LF.7.6.5*,LD.1*,JN.1.7*,LF.7.7*,MC.9.2*,KP.1.2*,XFB*,LF.7.10.1*,KP.2.3.6*,XEC.25.1.1*,NL.5.1*,KV.2*,MG.1*,XEF.3*,NL.13*,JN.1.65*,MZ.5*,KW.1*,MC.11.3.1*,JN.1.4.3*,MC.8.1*,KP.5*	42	2025-07-20 to 2025-08-09 versus 2025-06-29 to 2025-07-19	0.361265	0.413708	+5.244	XFG,XEC.4,MC.1,LF.7.7.1
21627	S	C21627A	T22N	XFC*,XEC*,LF.7*,XEQ*,KP.3.3.9*,XFP*,MB.1.1*,NB.1*,KP.2.14*,KS.1.5*,JN.1.18.7*,MR.2*,XEN*,XDV.1.7.1*,MT.1.1*,PF.2*,KP.3.1.9*,PB.1*,MU.6*,JN.1.16.5*,PM.1*,KP.2.26*,LF.8.1.1*,KP.3.6*,MU.3*,KP.2.18*,KS.1.1*,MG.3*,NG.1*,LJ.1*,MJ.1.1*,XER*,PB.2*,KP.2.2.1*,NW.1.2*,MC.24.1*,LP.8.1.6*,PP.1*,XEL*	35	2025-06-01 to 2025-06-21 versus 2025-05-11 to 2025-05-31	0.397735	0.5953	+19.757	XFG,XFC,XEC,XEQ,NB.1.8.1,LF.7.9,XEC.4,LF.7.7.2,LF.7.2.1,XEK,LF.7,LF.7.7.1
9866	ORF1a	C9866T	L3201F	XDR*	34	2025-05-25 to 2025-06-14 versus 2025-05-04 to 2025-05-24	0.08726	0.199071	+11.181	NB.1.8.1
21627	S	C21627A	T22N	XFC*,XEC*,LF.7*,XEQ*,KP.3.3.9*,XFP*,MB.1.1*,NB.1*,KP.2.14*,KS.1.5*,JN.1.18.7*,MR.2*,XEN*,XDV.1.7.1*,MT.1.1*,PF.2*,KP.3.1.9*,PB.1*,MU.6*,JN.1.16.5*,PM.1*,KP.2.26*,LF.8.1.1*,KP.3.6*,MU.3*,KP.2.18*,KS.1.1*,MG.3*,NG.1*,LJ.1*,MJ.1.1*,XER*,PB.2*,KP.2.2.1*,NW.1.2*,MC.24.1*,LP.8.1.6*,PP.1*,XEL*	42	2025-07-20 to 2025-08-09 versus 2025-06-29 to 2025-07-19	0.707234	0.831817	+12.458	XFG,XFC,XEC,XEQ,NB.1.8.1,LF.7.9,XEC.4,LF.7.7.2,LF.7.2.1,XEK,LF.7,LF.7.7.1
21652	S	TTC21652-21654del	NS30-31Ndel	No associated lineages	11	2024-12-15 to 2025-01-04 versus 2024-11-24 to 2024-12-14	0.455894	0.420628	-3.527	LP.8.1,LB.1.3.1,KP.3.1.1,PA.1,MC.1,MC.10.1
22926	S	T22926C	L455S	No associated lineages	14	2025-01-05 to 2025-01-25 versus 2024-12-15 to 2025-01-04	0.895559	0.911126	+1.557	JN.1
22107	S	A22107G	K182R	XFC*,LF.7*,XFN*,XFP*,XER*,KP.2.2.2*,LB.1.3.3*,MC.15*,XEC.1*	13	2024-12-29 to 2025-01-18 versus 2024-12-08 to 2024-12-28	0.032976	0.043201	+1.023	XFG,XFC,LF.7.9,LF.7.7.2,LF.7.2.1,LF.7,LF.7.7.1
22986	S	C22986T	A475V	LF.7.9*,LF.7.2.1*,XFP*,PF.2.2.1*,PV.3*,NY.6*,LP.10.1*,QJ.2*,LF.7.3.6*,PL.1*,LF.7.12*,XFC.2*,KP.2.3.1*,LP.8.2.1*,LP.8.1.9*,NY.3.1.1*,LF.7.1.2*,LF.7.1.7*,QH.1*,NY.7.1.1*,LF.7.3.1*,QC.2.1*	23	2025-03-09 to 2025-03-29 versus 2025-02-16 to 2025-03-08	0.007972	0.057438	+4.947	LF.7.9,LF.7.2.1
22893	S	A22893G	K444R	LF.7*,JN.1.23*,JN.1.61*,XER*,NY.3.1.1*,NA.1.1*	38	2025-06-22 to 2025-07-12 versus 2025-06-01 to 2025-06-21	0.191627	0.338186	+14.656	XFG,LF.7.9,LF.7.7.2,LF.7.2.1,LF.7,LF.7.7.1
22031	S	T22031-22031del, 22035-insertG	FR157-158SG	No associated lineages	42	2025-07-20 to 2025-08-09 versus 2025-06-29 to 2025-07-19	0.88264	0.84418	-3.846	Does not define any major lineages.
22107	S	A22107G	K182R	XFC*,LF.7*,XFN*,XFP*,XER*,KP.2.2.2*,LB.1.3.3*,MC.15*,XEC.1*	34	2025-05-25 to 2025-06-14 versus 2025-05-04 to 2025-05-24	0.115438	0.176872	+6.143	XFG,XFC,LF.7.9,LF.7.7.2,LF.7.2.1,LF.7,LF.7.7.1
12854	ORF1a	C12854T	P4197S	NB.1*	36	2025-06-08 to 2025-06-28 versus 2025-05-18 to 2025-06-07	0.174545	0.275644	+10.11	NB.1.8.1
22132	S	G22132T	R190S	LP.8.1*,LF.7*,XFN*,XFP*,LB.1.4.1*,NC.1*,MA.1*,JN.1.59.1*,LP.7*,XEL.4*,NL.5.2*,NL.22.1*,NK.1*,LB.1.11*,LB.1.7.4*,LP.1.2*,XER*,LZ.4*,KP.4.2.6*,KP.4.2.4*,MC.19.1.1*,NL.1*,MC.33.1.1*	24	2025-03-16 to 2025-04-05 versus 2025-02-23 to 2025-03-15	0.311534	0.390939	+7.941	XFG,LP.8.1,XFC,LF.7.9,LF.7.7.2,LF.7.2.1,LF.7,LF.7.7.1
8390	ORF1a	A8390G	I2709V	NB.1*	40	2025-07-06 to 2025-07-26 versus 2025-06-15 to 2025-07-05	0.179314	0.128402	-5.091	NB.1.8.1
24872	S	G24872T	V1104L	XEQ*,XDY.3*,XDY.9*,XDY.6*,JN.1.11*,XEF*,XDY.8*,XDY.1*,XDY*,XDY.2*,XDY.5*,XDY.4*,LB.1.1*,XFT*,XDY.11*,XDY.7*	25	2025-03-23 to 2025-04-12 versus 2025-03-02 to 2025-03-22	0.695837	0.702793	+0.696	LP.8.1,XFC,KP.3.1.1,XEC,XEQ,KP.3,XEC.4,PA.1,MC.1,XEK,MC.10.1
23598	S	A23598G, T23599G	N679R	XFC*,XEC.32.1*,NY.7*,PG.4.1*,LP.8.1.1*,JN.1.68.1*,PF.2.4*,MC.10.2.1*,XDK.2*,PU.1*,XFT*,NR.1*,NW.1.5*,XEC.22*,KP.2.3.14*,MD.1*,PY.1.1*,PR.2*,LQ.1.1.1*	38	2025-06-22 to 2025-07-12 versus 2025-06-01 to 2025-06-21	0.304326	0.2616	-4.273	XFC
23277	S	C23277T	T572I	XFG*,XEC.4*,MC.1*,XDK*,MU.1*,MC.13.4*,XFA*,LF.7.1.8*,MV.1.6*,KP.2.15.1*,JN.1.32*,NY.16.1*,XDV.1.3*,XDY.1.1*,NT.2.1*,PW.1*,MC.6.1*,JN.1.62*,XEC.35*,MH.1*,KP.2.27*,JN.1.16.3*,LF.7.3.6*,NY.19*,JN.1.47.2*,MC.30.1.1*,KP.2.3.8*,KP.2.14.1*,XEC.21*,MC.26.1*,NB.1.3.1*,LZ.3*,LP.4*,LB.1.2.2*,XDY.5.1*,JN.1.9.1*,JN.1.1.1*,KP.2.9*,KP.2.2.2*,XDD.3*,XEC.37*,XEC.2.2.1*,LF.7.6.5*,LD.1*,JN.1.7*,LF.7.7*,MC.9.2*,KP.1.2*,XFB*,LF.7.10.1*,KP.2.3.6*,XEC.25.1.1*,NL.5.1*,KV.2*,MG.1*,XEF.3*,NL.13*,JN.1.65*,MZ.5*,KW.1*,MC.11.3.1*,JN.1.4.3*,MC.8.1*,KP.5*	34	2025-05-25 to 2025-06-14 versus 2025-05-04 to 2025-05-24	0.086714	0.157012	+7.03	XFG,XEC.4,MC.1,LF.7.7.1
22031	S	T22031-22031del, 22035-insertG	FR157-158SG	No associated lineages	9	2024-12-01 to 2024-12-21 versus 2024-11-10 to 2024-11-30	0.612474	0.668391	+5.592	Does not define any major lineages.
22928	S	T22928C	F456L	JN.1.7.9*,LR.1*,KU.2*,JN.1.39.1*,KR.5*,KR.1*,JN.1.67.1*,JN.1.48.1*,JN.1.62*,NS.3*,LN.1.1*,KR.3*,JN.1.29.1*,JN.1.1.8*,JN.1.4.9*,LF.6*,XDR.1.1*,KS.1*,LF.8*,JN.1.18.5*,LL.1*,XDK.1.2*,KR.4.1*,XDK.4.1*,LM.1*,MD.3.1*,LZ.1*,KW.1.1*,XDD.3*,LQ.1*,JN.1.1.6*,XDK.3*,JN.1.11.1*,JN.1.55.2*,JN.1.16*,XDK.6*,JN.1.55.1*,JN.1.48.3*,LR.3*,JN.1.50*,JN.1.51.1*,JN.1.15.1*,MD.1*,JN.1.7.8*,XDK.5*,LZ.2.2*,XDV.1*,JN.1.18.9*,JN.1.18.4*,LZ.2.1*,LE.1.3.1*,JN.1.65.1*	11	2024-12-15 to 2025-01-04 versus 2024-11-24 to 2024-12-14	0.964184	0.968317	+0.413	XFG,LP.8.1,LB.1.3.1,XFC,KP.3.1.1,XEC,XEQ,NB.1.8.1,LF.7.9,KP.3,XEC.4,LF.7.7.2,PA.1,MC.1,LF.7.2.1,XEK,LF.7,LF.7.7.1,MC.10.1
27810	ORF7b	T27810C	F19L	No associated lineages	28	2025-04-13 to 2025-05-03 versus 2025-03-23 to 2025-04-12	0.559454	0.609526	+5.007	JN.1
8390	ORF1a	A8390G	I2709V	NB.1*	41	2025-07-13 to 2025-08-02 versus 2025-06-22 to 2025-07-12	0.214506	0.113678	-10.083	NB.1.8.1
18131	ORF1b	C18131T	T1555I	LB.1.3*	16	2025-01-19 to 2025-02-08 versus 2024-12-29 to 2025-01-18	0.032572	0.040321	+0.775	LB.1.3.1
24819	S	A24819G	K1086R	KP.1.1*,XFT*,KP.1*	6	2024-11-10 to 2024-11-30 versus 2024-10-20 to 2024-11-09	0.021203	0.032665	+1.146	LP.8.1,XFC
6629	ORF1a	C6629T	L2122F	XFG.3.1*	40	2025-07-06 to 2025-07-26 versus 2025-06-15 to 2025-07-05	0.003061	0.025406	+2.235	Does not define any major lineages.
24819	S	A24819G	K1086R	KP.1.1*,XFT*,KP.1*	25	2025-03-23 to 2025-04-12 versus 2025-03-02 to 2025-03-22	0.406827	0.562006	+15.518	LP.8.1,XFC
21652	S	TTC21652-21654del	NS30-31Ndel	No associated lineages	25	2025-03-23 to 2025-04-12 versus 2025-03-02 to 2025-03-22	0.516327	0.535362	+1.904	LP.8.1,LB.1.3.1,KP.3.1.1,PA.1,MC.1,MC.10.1
7869	ORF1a	C7869T	S2535L	LF.7*	20	2025-02-16 to 2025-03-08 versus 2025-01-26 to 2025-02-15	0.040088	0.028741	-1.135	XFG,LF.7.9,LF.7.7.2,LF.7.2.1,LF.7,LF.7.7.1
7262	ORF1a	C7262A	L2333I	No associated lineages	32	2025-05-11 to 2025-05-31 versus 2025-04-20 to 2025-05-10	0.06882	0.067438	-0.138	Does not define any major lineages.
23039	S	C23039G	Q493E	LP.8.1*,XFG*,KP.3*,XEQ*,XFH*,JN.1.16.4*,XDY*,JN.1.16.5*,LP.8.2*,KP.3.4*,XDY.9*,XEF*,XDY.1*,XFT*,XDY.5*,XDY.4*,XDY.11*,LF.7.1.11*,XET*,XDY.3*,NB.1.8*,XDY.6*,XDY.8*,XDY.2*,XDY.7*	41	2025-07-13 to 2025-08-02 versus 2025-06-22 to 2025-07-12	0.844243	0.753232	-9.101	XFG,LP.8.1,XFC,KP.3.1.1,XEC,XEQ,NB.1.8.1,KP.3,XEC.4,PA.1,MC.1,XEK,MC.10.1
22895	S	G22895C, T22896G	V445R	LP.8.1*,XFG*,NZ.1*,LP.8.2*,MK.3*,LF.7.12.1*,MC.32.1*,XEC.27*,XFT*,MC.33.1*,MC.19.1*	9	2024-12-01 to 2024-12-21 versus 2024-11-10 to 2024-11-30	0.021653	0.045576	+2.392	XFG,LP.8.1,XFC
21652	S	TTC21652-21654del	NS30-31Ndel	No associated lineages	20	2025-02-16 to 2025-03-08 versus 2025-01-26 to 2025-02-15	0.414535	0.489282	+7.475	LP.8.1,LB.1.3.1,KP.3.1.1,PA.1,MC.1,MC.10.1
28883	N	G28883C, G28884C	G204P	PP.1.1.1*,MC.24.1*,PQ.1.1*,KP.3.3*,XEP*	26	2025-03-30 to 2025-04-19 versus 2025-03-09 to 2025-03-29	0.225566	0.142438	-8.313	XEC,XEC.4,XEK
24819	S	A24819G	K1086R	KP.1.1*,XFT*,KP.1*	1	2024-10-06 to 2024-10-26 versus 2024-09-15 to 2024-10-05	0.025011	0.017354	-0.766	LP.8.1,XFC
12854	ORF1a	C12854T	P4197S	NB.1*	35	2025-06-01 to 2025-06-21 versus 2025-05-11 to 2025-05-31	0.12519	0.250467	+12.528	NB.1.8.1
7113	ORF1a	C7113T	T2283I	PY.5*,XDV*,JN.1.11.1*,KU.2*,XFG.19*	29	2025-04-20 to 2025-05-10 versus 2025-03-30 to 2025-04-19	0.52107	0.468844	-5.223	LP.8.1,XFC,KP.3.1.1,NB.1.8.1,KP.3,PA.1,MC.1,XEK,MC.10.1
25523	ORF3a	G25523A	G44E	LF.7.9.1*	33	2025-05-18 to 2025-06-07 versus 2025-04-27 to 2025-05-17	0.017301	0.03096	+1.366	Does not define any major lineages.
23933	S	A23933G	T791A	XFJ*,XFP*,XFM*	40	2025-07-06 to 2025-07-26 versus 2025-06-15 to 2025-07-05	0.039533	0.016024	-2.351	Does not define any major lineages.
7869	ORF1a	C7869T	S2535L	LF.7*	26	2025-03-30 to 2025-04-19 versus 2025-03-09 to 2025-03-29	0.060313	0.031224	-2.909	XFG,LF.7.9,LF.7.7.2,LF.7.2.1,LF.7,LF.7.7.1
22895	S	G22895C, T22896G	V445R	LP.8.1*,XFG*,NZ.1*,LP.8.2*,MK.3*,LF.7.12.1*,MC.32.1*,XEC.27*,XFT*,MC.33.1*,MC.19.1*	16	2025-01-19 to 2025-02-08 versus 2024-12-29 to 2025-01-18	0.100382	0.11627	+1.589	XFG,LP.8.1,XFC
25925	ORF3a	C25925T	P178L	LP.8.1*,LP.11*,XFT*,LP.8.2*	23	2025-03-09 to 2025-03-29 versus 2025-02-16 to 2025-03-08	0.293973	0.4122	+11.823	LP.8.1,XFC
27810	ORF7b	T27810C	F19L	No associated lineages	34	2025-05-25 to 2025-06-14 versus 2025-05-04 to 2025-05-24	0.568247	0.578681	+1.043	JN.1
23856	S	G23856T	R765L	MC.41*,NY.3*,XEK.1.2.1*,XEC.2.5*	32	2025-05-11 to 2025-05-31 versus 2025-04-20 to 2025-05-10	0.010572	0.026379	+1.581	Does not define any major lineages.
14964	ORF1b	A14964C	K499N	No associated lineages	35	2025-06-01 to 2025-06-21 versus 2025-05-11 to 2025-05-31	0.022376	0.017291	-0.508	Does not define any major lineages.
23277	S	C23277T	T572I	XFG*,XEC.4*,MC.1*,XDK*,MU.1*,MC.13.4*,XFA*,LF.7.1.8*,MV.1.6*,KP.2.15.1*,JN.1.32*,NY.16.1*,XDV.1.3*,XDY.1.1*,NT.2.1*,PW.1*,MC.6.1*,JN.1.62*,XEC.35*,MH.1*,KP.2.27*,JN.1.16.3*,LF.7.3.6*,NY.19*,JN.1.47.2*,MC.30.1.1*,KP.2.3.8*,KP.2.14.1*,XEC.21*,MC.26.1*,NB.1.3.1*,LZ.3*,LP.4*,LB.1.2.2*,XDY.5.1*,JN.1.9.1*,JN.1.1.1*,KP.2.9*,KP.2.2.2*,XDD.3*,XEC.37*,XEC.2.2.1*,LF.7.6.5*,LD.1*,JN.1.7*,LF.7.7*,MC.9.2*,KP.1.2*,XFB*,LF.7.10.1*,KP.2.3.6*,XEC.25.1.1*,NL.5.1*,KV.2*,MG.1*,XEF.3*,NL.13*,JN.1.65*,MZ.5*,KW.1*,MC.11.3.1*,JN.1.4.3*,MC.8.1*,KP.5*	8	2024-11-24 to 2024-12-14 versus 2024-11-03 to 2024-11-23	0.068954	0.05959	-0.936	XFG,XEC.4,MC.1,LF.7.7.1
16943	ORF1b	G16943T	S1159I	XEQ*	25	2025-03-23 to 2025-04-12 versus 2025-03-02 to 2025-03-22	0.016257	0.043652	+2.74	XEQ
25492	ORF3a	A25492G	T34A	PA.1.4*	31	2025-05-04 to 2025-05-24 versus 2025-04-13 to 2025-05-03	0.00742	0.021882	+1.446	Does not define any major lineages.
28254	ORF8	A28254-28254del	121fs	No associated lineages	31	2025-05-04 to 2025-05-24 versus 2025-04-13 to 2025-05-03	0.010802	0.020188	+0.939	Does not define any major lineages.
5822	ORF1a	C5822T	L1853F	QD.1*	38	2025-06-22 to 2025-07-12 versus 2025-06-01 to 2025-06-21	0.05373	0.000338	-5.339	Does not define any major lineages.
29625	ORF10	C29625T	S23F	No associated lineages	38	2025-06-22 to 2025-07-12 versus 2025-06-01 to 2025-06-21	0.031193	0.029458	-0.173	Does not define any major lineages.
27810	ORF7b	T27810C	F19L	No associated lineages	7	2024-11-17 to 2024-12-07 versus 2024-10-27 to 2024-11-16	0.653547	0.705216	+5.167	JN.1
25844	ORF3a	C25844T	T151I	XFJ*,XFM*	32	2025-05-11 to 2025-05-31 versus 2025-04-20 to 2025-05-10	0.015553	0.03112	+1.557	Does not define any major lineages.
20233	ORF1b	C20233T	P2256S	MC.32.1*,NW.1.2*	39	2025-06-29 to 2025-07-19 versus 2025-06-08 to 2025-06-28	0.007619	0.028942	+2.132	Does not define any major lineages.
15009	ORF1b	T15009A	D514E	No associated lineages	34	2025-05-25 to 2025-06-14 versus 2025-05-04 to 2025-05-24	0.036639	0.034726	-0.191	Does not define any major lineages.
14290	ORF1b	G14290T	D275Y	NB.1*	32	2025-05-11 to 2025-05-31 versus 2025-04-20 to 2025-05-10	0.0701	0.129862	+5.976	NB.1.8.1
23039	S	C23039G	Q493E	LP.8.1*,XFG*,KP.3*,XEQ*,XFH*,JN.1.16.4*,XDY*,JN.1.16.5*,LP.8.2*,KP.3.4*,XDY.9*,XEF*,XDY.1*,XFT*,XDY.5*,XDY.4*,XDY.11*,LF.7.1.11*,XET*,XDY.3*,NB.1.8*,XDY.6*,XDY.8*,XDY.2*,XDY.7*	8	2024-11-24 to 2024-12-14 versus 2024-11-03 to 2024-11-23	0.78138	0.814054	+3.267	XFG,LP.8.1,XFC,KP.3.1.1,XEC,XEQ,NB.1.8.1,KP.3,XEC.4,PA.1,MC.1,XEK,MC.10.1
12854	ORF1a	C12854T	P4197S	NB.1*	26	2025-03-30 to 2025-04-19 versus 2025-03-09 to 2025-03-29	0.00471	0.02101	+1.63	NB.1.8.1
4364	ORF1a	A4364C	I1367L	XEP*,XEC.2*,KP.3.3.4*	19	2025-02-09 to 2025-03-01 versus 2025-01-19 to 2025-02-08	0.062086	0.060502	-0.158	Does not define any major lineages.
25844	ORF3a	C25844T	T151I	XFJ*,XFM*	38	2025-06-22 to 2025-07-12 versus 2025-06-01 to 2025-06-21	0.032771	0.050141	+1.737	Does not define any major lineages.
16457	ORF1b	C16457T	S997L	XFG.4.1*	35	2025-06-01 to 2025-06-21 versus 2025-05-11 to 2025-05-31	0.009929	0.02964	+1.971	Does not define any major lineages.
21627	S	C21627A	T22N	XFC*,XEC*,LF.7*,XEQ*,KP.3.3.9*,XFP*,MB.1.1*,NB.1*,KP.2.14*,KS.1.5*,JN.1.18.7*,MR.2*,XEN*,XDV.1.7.1*,MT.1.1*,PF.2*,KP.3.1.9*,PB.1*,MU.6*,JN.1.16.5*,PM.1*,KP.2.26*,LF.8.1.1*,KP.3.6*,MU.3*,KP.2.18*,KS.1.1*,MG.3*,NG.1*,LJ.1*,MJ.1.1*,XER*,PB.2*,KP.2.2.1*,NW.1.2*,MC.24.1*,LP.8.1.6*,PP.1*,XEL*	31	2025-05-04 to 2025-05-24 versus 2025-04-13 to 2025-05-03	0.291958	0.315435	+2.348	XFG,XFC,XEC,XEQ,NB.1.8.1,LF.7.9,XEC.4,LF.7.7.2,LF.7.2.1,XEK,LF.7,LF.7.7.1
22031	S	T22031-22031del, 22035-insertG	FR157-158SG	No associated lineages	32	2025-05-11 to 2025-05-31 versus 2025-04-20 to 2025-05-10	0.583163	0.74011	+15.695	Does not define any major lineages.
21653	S	T21653C	S31P	XFC*,LF.7*,XFN*,XFP*,MT.1*,KP.2.26*,KP.3.2.6*,MJ.1*,NF.1*,XER*,JN.1.40*	12	2024-12-22 to 2025-01-11 versus 2024-12-01 to 2024-12-21	0.049483	0.036132	-1.335	XFG,XFC,LF.7.9,LF.7.7.2,LF.7.2.1,LF.7,LF.7.7.1
22031	S	T22031-22031del, 22035-insertG	FR157-158SG	No associated lineages	17	2025-01-26 to 2025-02-15 versus 2025-01-05 to 2025-01-25	0.892375	0.791378	-10.1	Does not define any major lineages.
2060	ORF1a	G2060A	A599T	XEC*,MC.24.1*	9	2024-12-01 to 2024-12-21 versus 2024-11-10 to 2024-11-30	0.18785	0.231296	+4.345	XEC,XEC.4
7283	ORF1a	G7283T	V2340L	No associated lineages	41	2025-07-13 to 2025-08-02 versus 2025-06-22 to 2025-07-12	0.025828	0.01887	-0.696	Does not define any major lineages.
23277	S	C23277T	T572I	XFG*,XEC.4*,MC.1*,XDK*,MU.1*,MC.13.4*,XFA*,LF.7.1.8*,MV.1.6*,KP.2.15.1*,JN.1.32*,NY.16.1*,XDV.1.3*,XDY.1.1*,NT.2.1*,PW.1*,MC.6.1*,JN.1.62*,XEC.35*,MH.1*,KP.2.27*,JN.1.16.3*,LF.7.3.6*,NY.19*,JN.1.47.2*,MC.30.1.1*,KP.2.3.8*,KP.2.14.1*,XEC.21*,MC.26.1*,NB.1.3.1*,LZ.3*,LP.4*,LB.1.2.2*,XDY.5.1*,JN.1.9.1*,JN.1.1.1*,KP.2.9*,KP.2.2.2*,XDD.3*,XEC.37*,XEC.2.2.1*,LF.7.6.5*,LD.1*,JN.1.7*,LF.7.7*,MC.9.2*,KP.1.2*,XFB*,LF.7.10.1*,KP.2.3.6*,XEC.25.1.1*,NL.5.1*,KV.2*,MG.1*,XEF.3*,NL.13*,JN.1.65*,MZ.5*,KW.1*,MC.11.3.1*,JN.1.4.3*,MC.8.1*,KP.5*	7	2024-11-17 to 2024-12-07 versus 2024-10-27 to 2024-11-16	0.064354	0.071903	+0.755	XFG,XEC.4,MC.1,LF.7.7.1
24819	S	A24819G	K1086R	KP.1.1*,XFT*,KP.1*	5	2024-11-03 to 2024-11-23 versus 2024-10-13 to 2024-11-02	0.02119	0.024368	+0.318	LP.8.1,XFC
15026	ORF1b	C15026T	A520V	No associated lineages	29	2025-04-20 to 2025-05-10 versus 2025-03-30 to 2025-04-19	0.06466	0.022975	-4.169	Does not define any major lineages.
18131	ORF1b	C18131T	T1555I	LB.1.3*	4	2024-10-27 to 2024-11-16 versus 2024-10-06 to 2024-10-26	0.013811	0.020116	+0.63	LB.1.3.1
11727	ORF1a	G11727A	R3821K	No associated lineages	9	2024-12-01 to 2024-12-21 versus 2024-11-10 to 2024-11-30	0.900911	0.908327	+0.742	JN.1
22928	S	T22928C	F456L	JN.1.7.9*,LR.1*,KU.2*,JN.1.39.1*,KR.5*,KR.1*,JN.1.67.1*,JN.1.48.1*,JN.1.62*,NS.3*,LN.1.1*,KR.3*,JN.1.29.1*,JN.1.1.8*,JN.1.4.9*,LF.6*,XDR.1.1*,KS.1*,LF.8*,JN.1.18.5*,LL.1*,XDK.1.2*,KR.4.1*,XDK.4.1*,LM.1*,MD.3.1*,LZ.1*,KW.1.1*,XDD.3*,LQ.1*,JN.1.1.6*,XDK.3*,JN.1.11.1*,JN.1.55.2*,JN.1.16*,XDK.6*,JN.1.55.1*,JN.1.48.3*,LR.3*,JN.1.50*,JN.1.51.1*,JN.1.15.1*,MD.1*,JN.1.7.8*,XDK.5*,LZ.2.2*,XDV.1*,JN.1.18.9*,JN.1.18.4*,LZ.2.1*,LE.1.3.1*,JN.1.65.1*	41	2025-07-13 to 2025-08-02 versus 2025-06-22 to 2025-07-12	0.732421	0.659489	-7.293	XFG,LP.8.1,LB.1.3.1,XFC,KP.3.1.1,XEC,XEQ,NB.1.8.1,LF.7.9,KP.3,XEC.4,LF.7.7.2,PA.1,MC.1,LF.7.2.1,XEK,LF.7,LF.7.7.1,MC.10.1
13121	ORF1a	A13121T	S4286C	KP.3.1.1*,XFA*,XFK*,XEW*	15	2025-01-12 to 2025-02-01 versus 2024-12-22 to 2025-01-11	0.271127	0.231104	-4.002	KP.3.1.1,PA.1,MC.1,MC.10.1
3939	ORF1a	G3939T	R1225I	XFT*,LF.7.7*	30	2025-04-27 to 2025-05-17 versus 2025-04-06 to 2025-04-26	0.022995	0.01816	-0.484	LF.7.7.2,LF.7.7.1
22928	S	T22928C	F456L	JN.1.7.9*,LR.1*,KU.2*,JN.1.39.1*,KR.5*,KR.1*,JN.1.67.1*,JN.1.48.1*,JN.1.62*,NS.3*,LN.1.1*,KR.3*,JN.1.29.1*,JN.1.1.8*,JN.1.4.9*,LF.6*,XDR.1.1*,KS.1*,LF.8*,JN.1.18.5*,LL.1*,XDK.1.2*,KR.4.1*,XDK.4.1*,LM.1*,MD.3.1*,LZ.1*,KW.1.1*,XDD.3*,LQ.1*,JN.1.1.6*,XDK.3*,JN.1.11.1*,JN.1.55.2*,JN.1.16*,XDK.6*,JN.1.55.1*,JN.1.48.3*,LR.3*,JN.1.50*,JN.1.51.1*,JN.1.15.1*,MD.1*,JN.1.7.8*,XDK.5*,LZ.2.2*,XDV.1*,JN.1.18.9*,JN.1.18.4*,LZ.2.1*,LE.1.3.1*,JN.1.65.1*	40	2025-07-06 to 2025-07-26 versus 2025-06-15 to 2025-07-05	0.743609	0.639205	-10.44	XFG,LP.8.1,LB.1.3.1,XFC,KP.3.1.1,XEC,XEQ,NB.1.8.1,LF.7.9,KP.3,XEC.4,LF.7.7.2,PA.1,MC.1,LF.7.2.1,XEK,LF.7,LF.7.7.1,MC.10.1
22928	S	T22928C	F456L	JN.1.7.9*,LR.1*,KU.2*,JN.1.39.1*,KR.5*,KR.1*,JN.1.67.1*,JN.1.48.1*,JN.1.62*,NS.3*,LN.1.1*,KR.3*,JN.1.29.1*,JN.1.1.8*,JN.1.4.9*,LF.6*,XDR.1.1*,KS.1*,LF.8*,JN.1.18.5*,LL.1*,XDK.1.2*,KR.4.1*,XDK.4.1*,LM.1*,MD.3.1*,LZ.1*,KW.1.1*,XDD.3*,LQ.1*,JN.1.1.6*,XDK.3*,JN.1.11.1*,JN.1.55.2*,JN.1.16*,XDK.6*,JN.1.55.1*,JN.1.48.3*,LR.3*,JN.1.50*,JN.1.51.1*,JN.1.15.1*,MD.1*,JN.1.7.8*,XDK.5*,LZ.2.2*,XDV.1*,JN.1.18.9*,JN.1.18.4*,LZ.2.1*,LE.1.3.1*,JN.1.65.1*	42	2025-07-20 to 2025-08-09 versus 2025-06-29 to 2025-07-19	0.739998	0.635874	-10.412	XFG,LP.8.1,LB.1.3.1,XFC,KP.3.1.1,XEC,XEQ,NB.1.8.1,LF.7.9,KP.3,XEC.4,LF.7.7.2,PA.1,MC.1,LF.7.2.1,XEK,LF.7,LF.7.7.1,MC.10.1
24819	S	A24819G	K1086R	KP.1.1*,XFT*,KP.1*	34	2025-05-25 to 2025-06-14 versus 2025-05-04 to 2025-05-24	0.539351	0.428986	-11.037	LP.8.1,XFC
10296	ORF1a	C10296T	S3344F	NY.15*	18	2025-02-02 to 2025-02-22 versus 2025-01-12 to 2025-02-01	0.005167	0.027175	+2.201	Does not define any major lineages.
15026	ORF1b	C15026T	A520V	No associated lineages	31	2025-05-04 to 2025-05-24 versus 2025-04-13 to 2025-05-03	0.023408	0.020215	-0.319	Does not define any major lineages.
22895	S	G22895C, T22896C	V445P	LF.7.9*,LF.7.7.2*,PA.1*,LB.1.3.1*,LK.1*,XFP*,NS.1.1*,MV.1.1.1*,LP.1.2.1*,XFG.1*,KP.2.3.4*,NN.1*,LF.3.1*,NC.1.2*,JN.1.1.8*,MA.1.1.1*,LF.7.8*,LP.9*,MU.2.1.1*,LF.7.10.1*,LF.7.6.2*,KP.2.28.1*,JN.1.50*,LB.1.10*,LF.7.1.10*,MU.5*,QJ.1*	34	2025-05-25 to 2025-06-14 versus 2025-05-04 to 2025-05-24	0.033377	0.020911	-1.247	LB.1.3.1,LF.7.9,LF.7.7.2,PA.1
7113	ORF1a	C7113T	T2283I	PY.5*,XDV*,JN.1.11.1*,KU.2*,XFG.19*	2	2024-10-13 to 2024-11-02 versus 2024-09-22 to 2024-10-12	0.481459	0.533768	+5.231	LP.8.1,XFC,KP.3.1.1,NB.1.8.1,KP.3,PA.1,MC.1,XEK,MC.10.1
21654	S	C21654T	S31F	KP.3.3.9*,KP.3.4.1*,LF.8.1*,KP.2.14*,LC.1*,JN.1.1.7*,MD.3.1.4*,KP.3.1.3*,KP.4.2.1*,XEN*,MK.1*,MZ.1*,JN.1.20*,MB.1*,KP.2.7*,JN.1.58.3*,KP.1.1.6*	18	2025-02-02 to 2025-02-22 versus 2025-01-12 to 2025-02-01	0.0058	0.027775	+2.198	Does not define any major lineages.
27476	ORF7a	C27476T	T28I	LB.1.3.1*,JN.1.8*,JN.1.8.1*	28	2025-04-13 to 2025-05-03 versus 2025-03-23 to 2025-04-12	0.026279	0.021225	-0.505	LB.1.3.1
4364	ORF1a	A4364C	I1367L	XEP*,XEC.2*,KP.3.3.4*	7	2024-11-17 to 2024-12-07 versus 2024-10-27 to 2024-11-16	0.012386	0.028498	+1.611	Does not define any major lineages.
22895	S	G22895C, T22896G	V445R	LP.8.1*,XFG*,NZ.1*,LP.8.2*,MK.3*,LF.7.12.1*,MC.32.1*,XEC.27*,XFT*,MC.33.1*,MC.19.1*	27	2025-04-06 to 2025-04-26 versus 2025-03-16 to 2025-04-05	0.213438	0.262561	+4.912	XFG,LP.8.1,XFC
7869	ORF1a	C7869T	S2535L	LF.7*	34	2025-05-25 to 2025-06-14 versus 2025-05-04 to 2025-05-24	0.057542	0.154569	+9.703	XFG,LF.7.9,LF.7.7.2,LF.7.2.1,LF.7,LF.7.7.1
3939	ORF1a	G3939T	R1225I	XFT*,LF.7.7*	33	2025-05-18 to 2025-06-07 versus 2025-04-27 to 2025-05-17	0.01816	0.023505	+0.535	LF.7.7.2,LF.7.7.1
22926	S	T22926C	L455S	No associated lineages	42	2025-07-20 to 2025-08-09 versus 2025-06-29 to 2025-07-19	0.768037	0.679969	-8.807	JN.1
7086	ORF1a	C7086T	T2274I	MZ.1*,MC.46.1*,XEC.9*,MC.45*	8	2024-11-24 to 2024-12-14 versus 2024-11-03 to 2024-11-23	0.005105	0.020542	+1.544	Does not define any major lineages.
25925	ORF3a	C25925T	P178L	LP.8.1*,LP.11*,XFT*,LP.8.2*	13	2024-12-29 to 2025-01-18 versus 2024-12-08 to 2024-12-28	0.065731	0.127595	+6.186	LP.8.1,XFC
21627	S	C21627A	T22N	XFC*,XEC*,LF.7*,XEQ*,KP.3.3.9*,XFP*,MB.1.1*,NB.1*,KP.2.14*,KS.1.5*,JN.1.18.7*,MR.2*,XEN*,XDV.1.7.1*,MT.1.1*,PF.2*,KP.3.1.9*,PB.1*,MU.6*,JN.1.16.5*,PM.1*,KP.2.26*,LF.8.1.1*,KP.3.6*,MU.3*,KP.2.18*,KS.1.1*,MG.3*,NG.1*,LJ.1*,MJ.1.1*,XER*,PB.2*,KP.2.2.1*,NW.1.2*,MC.24.1*,LP.8.1.6*,PP.1*,XEL*	17	2025-01-26 to 2025-02-15 versus 2025-01-05 to 2025-01-25	0.533581	0.529841	-0.374	XFG,XFC,XEC,XEQ,NB.1.8.1,LF.7.9,XEC.4,LF.7.7.2,LF.7.2.1,XEK,LF.7,LF.7.7.1
16516	ORF1b	A16516-16516del	1017fs	No associated lineages	4	2024-10-27 to 2024-11-16 versus 2024-10-06 to 2024-10-26	0.021033	0.018369	-0.266	Does not define any major lineages.
22599	S	G22599C	R346T	XFN*,JN.1.24.1*,MC.13.2.4*,LE.1*,MC.31*,XED*,JN.1.59.1*,MF.1*,KR.5*,MC.32.1*,JN.1.48.1*,MC.28.1.1*,XDD.1.1.1*,MC.33.1*,NB.1.2.1*,MZ.3*,PJ.1*,JN.1.11.2*,JN.1.8.2*,KZ.1.1*,LN.1.1*,XDR.1*,LU.1*,XEP.1.1*,JN.1.7.3*,MU.3*,JN.1.16.1*,JN.1.29.1*,LF.6*,JN.1.44.1*,LG.1*,KS.1*,XEH*,LF.8*,JN.1.25.1*,MC.17.1*,JN.1.18*,MQ.1*,JN.1.30.1*,NU.1*,LU.2*,JN.1.6.1*,MC.19*,KP.2*,PK.1*,JN.1.50.1*,JN.1.4.4*,JN.1.49.1*,MC.13.3.1*,MK.3*,JN.1.26*,MC.13.2.1*,PG.3*,JN.1.39.2*,JN.1.58.2*,JN.1.42.2*,KQ.1*,JN.1.1.3*,XEM*,JN.1.1.5*,KP.4.1*,MC.10.1.6*,JN.1.48.2*,JN.1.48.3*,JN.1.9.2*,XEC.27*,JN.1.18.8*,XES.1*,MC.33.2*,NB.1.6.1*,XDK.1*,MC.13.2.2*,XEK.7*	26	2025-03-30 to 2025-04-19 versus 2025-03-09 to 2025-03-29	0.340214	0.495745	+15.553	XFG,LP.8.1,LB.1.3.1,XFC,XEQ,LF.7.9,LF.7.7.2,LF.7.2.1,LF.7,LF.7.7.1
27810	ORF7b	T27810C	F19L	No associated lineages	37	2025-06-15 to 2025-07-05 versus 2025-05-25 to 2025-06-14	0.578681	0.658424	+7.974	JN.1
11727	ORF1a	G11727A	R3821K	No associated lineages	17	2025-01-26 to 2025-02-15 versus 2025-01-05 to 2025-01-25	0.990783	0.978255	-1.253	JN.1
6501	ORF1a	C6501A	P2079Q	XDV*	29	2025-04-20 to 2025-05-10 versus 2025-03-30 to 2025-04-19	0.017077	0.050474	+3.34	NB.1.8.1
22893	S	A22893G	K444R	LF.7*,JN.1.23*,JN.1.61*,XER*,NY.3.1.1*,NA.1.1*	23	2025-03-09 to 2025-03-29 versus 2025-02-16 to 2025-03-08	0.025321	0.079266	+5.395	XFG,LF.7.9,LF.7.7.2,LF.7.2.1,LF.7,LF.7.7.1
10323	ORF1a	A10323G	K3353R	LP.8.1.5*,LF.7.8*,JN.1.52*,NY.7.2*,MC.10.2*	24	2025-03-16 to 2025-04-05 versus 2025-02-23 to 2025-03-15	0.019401	0.034576	+1.518	Does not define any major lineages.
25925	ORF3a	C25925T	P178L	LP.8.1*,LP.11*,XFT*,LP.8.2*	16	2025-01-19 to 2025-02-08 versus 2024-12-29 to 2025-01-18	0.127595	0.208485	+8.089	LP.8.1,XFC
16943	ORF1b	G16943T	S1159I	XEQ*	23	2025-03-09 to 2025-03-29 versus 2025-02-16 to 2025-03-08	0.010049	0.025783	+1.573	XEQ
11727	ORF1a	G11727A	R3821K	No associated lineages	32	2025-05-11 to 2025-05-31 versus 2025-04-20 to 2025-05-10	0.915357	0.895235	-2.012	JN.1
11727	ORF1a	G11727A	R3821K	No associated lineages	22	2025-03-02 to 2025-03-22 versus 2025-02-09 to 2025-03-01	0.919252	0.980299	+6.105	JN.1
22865	S	G22865T	A435S	NB.1.8.1*,MC.10.1*,XEC.32.1*,XFN*,KP.3.3.5*,MC.31*,XDV.1.9.1*,XEC.20.1*,XEC.18.2*,MU.6*,MC.21.1*,MC.28.1*,MC.30.1.1*,PG.1*,PY.1.1.1*,KP.2.14.2*,XEP*,LP.10.1.1*,MU.2.1.1*,XDY.1*,MC.13.2*,XEC.25.1*,XEC.14.1.1*,PT.1*,XFB*,PY.1.4.1*,XDY.3*,MC.46.1*,KP.3.3.2*,XEC.4.5.1*,XEC.4.6.1*,KP.3.7*	33	2025-05-18 to 2025-06-07 versus 2025-04-27 to 2025-05-17	0.279781	0.205571	-7.421	NB.1.8.1,PA.1,MC.10.1
6255	ORF1a	C6255T	A1997V	LP.8.1*,LP.11*,XFV*,LP.8.2*	38	2025-06-22 to 2025-07-12 versus 2025-06-01 to 2025-06-21	0.462243	0.317552	-14.469	LP.8.1,XFC
25593	ORF3a	G25593T	K67N	KP.2.3*	1	2024-10-06 to 2024-10-26 versus 2024-09-15 to 2024-10-05	0.036055	0.022001	-1.405	Does not define any major lineages.
22132	S	G22132T	R190S	LP.8.1*,LF.7*,XFN*,XFP*,LB.1.4.1*,NC.1*,MA.1*,JN.1.59.1*,LP.7*,XEL.4*,NL.5.2*,NL.22.1*,NK.1*,LB.1.11*,LB.1.7.4*,LP.1.2*,XER*,LZ.4*,KP.4.2.6*,KP.4.2.4*,MC.19.1.1*,NL.1*,MC.33.1.1*	39	2025-06-29 to 2025-07-19 versus 2025-06-08 to 2025-06-28	0.482825	0.577729	+9.49	XFG,LP.8.1,XFC,LF.7.9,LF.7.7.2,LF.7.2.1,LF.7,LF.7.7.1
10296	ORF1a	C10296T	S3344F	NY.15*	41	2025-07-13 to 2025-08-02 versus 2025-06-22 to 2025-07-12	0.026288	0.007453	-1.883	Does not define any major lineages.
22132	S	G22132T	R190S	LP.8.1*,LF.7*,XFN*,XFP*,LB.1.4.1*,NC.1*,MA.1*,JN.1.59.1*,LP.7*,XEL.4*,NL.5.2*,NL.22.1*,NK.1*,LB.1.11*,LB.1.7.4*,LP.1.2*,XER*,LZ.4*,KP.4.2.6*,KP.4.2.4*,MC.19.1.1*,NL.1*,MC.33.1.1*	1	2024-10-06 to 2024-10-26 versus 2024-09-15 to 2024-10-05	0.021879	0.02325	+0.137	XFG,LP.8.1,XFC,LF.7.9,LF.7.7.2,LF.7.2.1,LF.7,LF.7.7.1
22865	S	G22865T	A435S	NB.1.8.1*,MC.10.1*,XEC.32.1*,XFN*,KP.3.3.5*,MC.31*,XDV.1.9.1*,XEC.20.1*,XEC.18.2*,MU.6*,MC.21.1*,MC.28.1*,MC.30.1.1*,PG.1*,PY.1.1.1*,KP.2.14.2*,XEP*,LP.10.1.1*,MU.2.1.1*,XDY.1*,MC.13.2*,XEC.25.1*,XEC.14.1.1*,PT.1*,XFB*,PY.1.4.1*,XDY.3*,MC.46.1*,KP.3.3.2*,XEC.4.5.1*,XEC.4.6.1*,KP.3.7*	38	2025-06-22 to 2025-07-12 versus 2025-06-01 to 2025-06-21	0.25727	0.171721	-8.555	NB.1.8.1,PA.1,MC.10.1
6501	ORF1a	C6501A	P2079Q	XDV*	38	2025-06-22 to 2025-07-12 versus 2025-06-01 to 2025-06-21	0.186556	0.199846	+1.329	NB.1.8.1
3686	ORF1a	C3686T	H1141Y	XDV.1.5.1*	32	2025-05-11 to 2025-05-31 versus 2025-04-20 to 2025-05-10	0.042628	0.105454	+6.283	NB.1.8.1
21653	S	T21653C	S31P	XFC*,LF.7*,XFN*,XFP*,MT.1*,KP.2.26*,KP.3.2.6*,MJ.1*,NF.1*,XER*,JN.1.40*	36	2025-06-08 to 2025-06-28 versus 2025-05-18 to 2025-06-07	0.232482	0.390865	+15.838	XFG,XFC,LF.7.9,LF.7.7.2,LF.7.2.1,LF.7,LF.7.7.1
3096	ORF1a	C3096T	S944L	NB.1.3.1*,PF.2*	31	2025-05-04 to 2025-05-24 versus 2025-04-13 to 2025-05-03	0.027558	0.02044	-0.712	Does not define any major lineages.
11727	ORF1a	G11727A	R3821K	No associated lineages	14	2025-01-05 to 2025-01-25 versus 2024-12-15 to 2025-01-04	0.977509	0.990783	+1.327	JN.1
29409	N	C29409T	T379I	XFG*,LF.7.9*,LB.1.3.1*,NT.1*,MC.10.1.3*,XDS*,XEC.2.3*,NS.3*,XEC.35.1*	14	2025-01-05 to 2025-01-25 versus 2024-12-15 to 2025-01-04	0.032335	0.029013	-0.332	XFG,LB.1.3.1,LF.7.9
6543	ORF1a	C6543T	T2093I	XFG.5.1*,KP.2.3.10*,KP.3.3.7*,KP.2.11*,NL.10*,PF.2.3*	39	2025-06-29 to 2025-07-19 versus 2025-06-08 to 2025-06-28	0.014324	0.030498	+1.617	Does not define any major lineages.
22107	S	A22107G	K182R	XFC*,LF.7*,XFN*,XFP*,XER*,KP.2.2.2*,LB.1.3.3*,MC.15*,XEC.1*	12	2024-12-22 to 2025-01-11 versus 2024-12-01 to 2024-12-21	0.039485	0.030936	-0.855	XFG,XFC,LF.7.9,LF.7.7.2,LF.7.2.1,LF.7,LF.7.7.1
25523	ORF3a	G25523A	G44E	LF.7.9.1*	35	2025-06-01 to 2025-06-21 versus 2025-05-11 to 2025-05-31	0.018048	0.025368	+0.732	Does not define any major lineages.
21652	S	TTC21652-21654del	NS30-31Ndel	No associated lineages	8	2024-11-24 to 2024-12-14 versus 2024-11-03 to 2024-11-23	0.429724	0.455894	+2.617	LP.8.1,LB.1.3.1,KP.3.1.1,PA.1,MC.1,MC.10.1
21738	S	T21738C	F59S	XEC*,NB.1*,JN.1.18.7*,MR.2*,KR.1.4*,JN.1.18.6*,MZ.3*,XDR.1*,JN.1.42.1*,MU.3*,KP.1.1.5*,KS.1*,JN.1.13.1*,JN.1.18.2*,KP.3.1.8*,KP.3.3.8*,KP.2.10*,XEM*,JN.1.18.9*	12	2024-12-22 to 2025-01-11 versus 2024-12-01 to 2024-12-21	0.411976	0.482659	+7.068	XEC,XEQ,NB.1.8.1,XEC.4,XEK
12854	ORF1a	C12854T	P4197S	NB.1*	42	2025-07-20 to 2025-08-09 versus 2025-06-29 to 2025-07-19	0.220797	0.195028	-2.577	NB.1.8.1
23021	S	A23021G	N487D	XFG*,NY.11*,NY.11.1*,LP.8.1.2*	38	2025-06-22 to 2025-07-12 versus 2025-06-01 to 2025-06-21	0.186533	0.347829	+16.13	XFG
7869	ORF1a	C7869T	S2535L	LF.7*	25	2025-03-23 to 2025-04-12 versus 2025-03-02 to 2025-03-22	0.052544	0.034487	-1.806	XFG,LF.7.9,LF.7.7.2,LF.7.2.1,LF.7,LF.7.7.1
7113	ORF1a	C7113T	T2283I	PY.5*,XDV*,JN.1.11.1*,KU.2*,XFG.19*	26	2025-03-30 to 2025-04-19 versus 2025-03-09 to 2025-03-29	0.40498	0.52107	+11.609	LP.8.1,XFC,KP.3.1.1,NB.1.8.1,KP.3,PA.1,MC.1,XEK,MC.10.1
10323	ORF1a	A10323G	K3353R	LP.8.1.5*,LF.7.8*,JN.1.52*,NY.7.2*,MC.10.2*	26	2025-03-30 to 2025-04-19 versus 2025-03-09 to 2025-03-29	0.029994	0.018487	-1.151	Does not define any major lineages.
7869	ORF1a	C7869T	S2535L	LF.7*	31	2025-05-04 to 2025-05-24 versus 2025-04-13 to 2025-05-03	0.054823	0.057542	+0.272	XFG,LF.7.9,LF.7.7.2,LF.7.2.1,LF.7,LF.7.7.1
6255	ORF1a	C6255T	A1997V	LP.8.1*,LP.11*,XFV*,LP.8.2*	36	2025-06-08 to 2025-06-28 versus 2025-05-18 to 2025-06-07	0.490062	0.447535	-4.253	LP.8.1,XFC
21738	S	T21738C	F59S	XEC*,NB.1*,JN.1.18.7*,MR.2*,KR.1.4*,JN.1.18.6*,MZ.3*,XDR.1*,JN.1.42.1*,MU.3*,KP.1.1.5*,KS.1*,JN.1.13.1*,JN.1.18.2*,KP.3.1.8*,KP.3.3.8*,KP.2.10*,XEM*,JN.1.18.9*	3	2024-10-20 to 2024-11-09 versus 2024-09-29 to 2024-10-19	0.172794	0.304025	+13.123	XEC,XEQ,NB.1.8.1,XEC.4,XEK
13121	ORF1a	A13121T	S4286C	KP.3.1.1*,XFA*,XFK*,XEW*	35	2025-06-01 to 2025-06-21 versus 2025-05-11 to 2025-05-31	0.034426	0.008856	-2.557	KP.3.1.1,PA.1,MC.1,MC.10.1
3686	ORF1a	C3686T	H1141Y	XDV.1.5.1*	41	2025-07-13 to 2025-08-02 versus 2025-06-22 to 2025-07-12	0.188867	0.113797	-7.507	NB.1.8.1
27476	ORF7a	C27476T	T28I	LB.1.3.1*,JN.1.8*,JN.1.8.1*	14	2025-01-05 to 2025-01-25 versus 2024-12-15 to 2025-01-04	0.040704	0.039875	-0.083	LB.1.3.1
28883	N	G28883C, G28884C	G204P	PP.1.1.1*,MC.24.1*,PQ.1.1*,KP.3.3*,XEP*	3	2024-10-20 to 2024-11-09 versus 2024-09-29 to 2024-10-19	0.146388	0.234777	+8.839	XEC,XEC.4,XEK
22884	S	T22884G	L441R	LF.7.9*,LF.7.6.2*,XFP*,MV.1.5*	42	2025-07-20 to 2025-08-09 versus 2025-06-29 to 2025-07-19	0.046444	0.013981	-3.246	LF.7.9
686	ORF1a	AAGTCATTT686-694del	KSF141-143del	MJ.1.1*,MJ.2.1*,ND.3*,XDV.1.7.5*	29	2025-04-20 to 2025-05-10 versus 2025-03-30 to 2025-04-19	0.034137	0.023019	-1.112	Does not define any major lineages.
29081	N	G29081T	V270L	XFG.2*	40	2025-07-06 to 2025-07-26 versus 2025-06-15 to 2025-07-05	0.099234	0.142821	+4.359	Does not define any major lineages.
7113	ORF1a	C7113T	T2283I	PY.5*,XDV*,JN.1.11.1*,KU.2*,XFG.19*	42	2025-07-20 to 2025-08-09 versus 2025-06-29 to 2025-07-19	0.42577	0.270472	-15.53	LP.8.1,XFC,KP.3.1.1,NB.1.8.1,KP.3,PA.1,MC.1,XEK,MC.10.1
22120	S	C22120A	F186L	LP.8.1*,LP.8.2*,XFT*	14	2025-01-05 to 2025-01-25 versus 2024-12-15 to 2025-01-04	0.05387	0.086214	+3.234	LP.8.1
2847	ORF1a	C2847T	T861I	No associated lineages	35	2025-06-01 to 2025-06-21 versus 2025-05-11 to 2025-05-31	0.001211	0.026914	+2.57	Does not define any major lineages.
5822	ORF1a	C5822T	L1853F	QD.1*	37	2025-06-15 to 2025-07-05 versus 2025-05-25 to 2025-06-14	0.048153	0.000237	-4.792	Does not define any major lineages.
25844	ORF3a	C25844T	T151I	XFJ*,XFM*	39	2025-06-29 to 2025-07-19 versus 2025-06-08 to 2025-06-28	0.032866	0.056279	+2.341	Does not define any major lineages.
15757	ORF1b	C15757A	Q764K	No associated lineages	18	2025-02-02 to 2025-02-22 versus 2025-01-12 to 2025-02-01	0.00342	0.044741	+4.132	Does not define any major lineages.
21137	ORF1b	A21137G	K2557R	JN.1.58*,MV.2*,KP.3.2.9*,JN.1.7.7*,NW.1.4*,MC.23*,MV.1.1*,XFG.2*,NL.12*	40	2025-07-06 to 2025-07-26 versus 2025-06-15 to 2025-07-05	0.116095	0.132687	+1.659	Does not define any major lineages.
14290	ORF1b	G14290T	D275Y	NB.1*	42	2025-07-20 to 2025-08-09 versus 2025-06-29 to 2025-07-19	0.162766	0.168869	+0.61	NB.1.8.1
15451	ORF1b	G15451A	G662S	XDV*	30	2025-04-27 to 2025-05-17 versus 2025-04-06 to 2025-04-26	0.017573	0.035452	+1.788	NB.1.8.1
25844	ORF3a	C25844T	T151I	XFJ*,XFM*	31	2025-05-04 to 2025-05-24 versus 2025-04-13 to 2025-05-03	0.020747	0.027936	+0.719	Does not define any major lineages.
16342	ORF1b	T16342C	S959P	XDV*	39	2025-06-29 to 2025-07-19 versus 2025-06-08 to 2025-06-28	0.204209	0.203246	-0.096	NB.1.8.1
21653	S	T21653C	S31P	XFC*,LF.7*,XFN*,XFP*,MT.1*,KP.2.26*,KP.3.2.6*,MJ.1*,NF.1*,XER*,JN.1.40*	23	2025-03-09 to 2025-03-29 versus 2025-02-16 to 2025-03-08	0.049079	0.033006	-1.607	XFG,XFC,LF.7.9,LF.7.7.2,LF.7.2.1,LF.7,LF.7.7.1
24872	S	G24872T	V1104L	XEQ*,XDY.3*,XDY.9*,XDY.6*,JN.1.11*,XEF*,XDY.8*,XDY.1*,XDY*,XDY.2*,XDY.5*,XDY.4*,LB.1.1*,XFT*,XDY.11*,XDY.7*	38	2025-06-22 to 2025-07-12 versus 2025-06-01 to 2025-06-21	0.347409	0.336723	-1.069	LP.8.1,XFC,KP.3.1.1,XEC,XEQ,KP.3,XEC.4,PA.1,MC.1,XEK,MC.10.1
405	ORF1a	A405G	K47R	XDR*,XDK*,XDS*,XDD*	30	2025-04-27 to 2025-05-17 versus 2025-04-06 to 2025-04-26	0.022471	0.079894	+5.742	NB.1.8.1
22865	S	G22865T	A435S	NB.1.8.1*,MC.10.1*,XEC.32.1*,XFN*,KP.3.3.5*,MC.31*,XDV.1.9.1*,XEC.20.1*,XEC.18.2*,MU.6*,MC.21.1*,MC.28.1*,MC.30.1.1*,PG.1*,PY.1.1.1*,KP.2.14.2*,XEP*,LP.10.1.1*,MU.2.1.1*,XDY.1*,MC.13.2*,XEC.25.1*,XEC.14.1.1*,PT.1*,XFB*,PY.1.4.1*,XDY.3*,MC.46.1*,KP.3.3.2*,XEC.4.5.1*,XEC.4.6.1*,KP.3.7*	12	2024-12-22 to 2025-01-11 versus 2024-12-01 to 2024-12-21	0.002022	0.042156	+4.013	NB.1.8.1,PA.1,MC.10.1
28883	N	G28883C, G28884C	G204P	PP.1.1.1*,MC.24.1*,PQ.1.1*,KP.3.3*,XEP*	34	2025-05-25 to 2025-06-14 versus 2025-05-04 to 2025-05-24	0.085529	0.042611	-4.292	XEC,XEC.4,XEK
23039	S	C23039G	Q493E	LP.8.1*,XFG*,KP.3*,XEQ*,XFH*,JN.1.16.4*,XDY*,JN.1.16.5*,LP.8.2*,KP.3.4*,XDY.9*,XEF*,XDY.1*,XFT*,XDY.5*,XDY.4*,XDY.11*,LF.7.1.11*,XET*,XDY.3*,NB.1.8*,XDY.6*,XDY.8*,XDY.2*,XDY.7*	21	2025-02-23 to 2025-03-15 versus 2025-02-02 to 2025-02-22	0.788706	0.744654	-4.405	XFG,LP.8.1,XFC,KP.3.1.1,XEC,XEQ,NB.1.8.1,KP.3,XEC.4,PA.1,MC.1,XEK,MC.10.1
18131	ORF1b	C18131T	T1555I	LB.1.3*	17	2025-01-26 to 2025-02-15 versus 2025-01-05 to 2025-01-25	0.030779	0.04163	+1.085	LB.1.3.1
686	ORF1a	AAGTCATTT686-694del	KSF141-143del	MJ.1.1*,MJ.2.1*,ND.3*,XDV.1.7.5*	39	2025-06-29 to 2025-07-19 versus 2025-06-08 to 2025-06-28	0.018467	0.023135	+0.467	Does not define any major lineages.
16457	ORF1b	C16457T	S997L	XFG.4.1*	36	2025-06-08 to 2025-06-28 versus 2025-05-18 to 2025-06-07	0.017789	0.030416	+1.263	Does not define any major lineages.
11296	ORF1a	T11296G	F3677L	No associated lineages	9	2024-12-01 to 2024-12-21 versus 2024-11-10 to 2024-11-30	0.01521	0.02014	+0.493	Does not define any major lineages.
18131	ORF1b	C18131T	T1555I	LB.1.3*	24	2025-03-16 to 2025-04-05 versus 2025-02-23 to 2025-03-15	0.029036	0.015614	-1.342	LB.1.3.1
10323	ORF1a	A10323G	K3353R	LP.8.1.5*,LF.7.8*,JN.1.52*,NY.7.2*,MC.10.2*	36	2025-06-08 to 2025-06-28 versus 2025-05-18 to 2025-06-07	0.01154	0.036346	+2.481	Does not define any major lineages.
6701	ORF1a	C6701T	L2146F	XEQ*,KS.1.1.2*,XEL*,MC.38*	22	2025-03-02 to 2025-03-22 versus 2025-02-09 to 2025-03-01	0.00452	0.024446	+1.993	XEQ
6501	ORF1a	C6501A	P2079Q	XDV*	27	2025-04-06 to 2025-04-26 versus 2025-03-16 to 2025-04-05	0.011009	0.025779	+1.477	NB.1.8.1
22928	S	T22928C	F456L	JN.1.7.9*,LR.1*,KU.2*,JN.1.39.1*,KR.5*,KR.1*,JN.1.67.1*,JN.1.48.1*,JN.1.62*,NS.3*,LN.1.1*,KR.3*,JN.1.29.1*,JN.1.1.8*,JN.1.4.9*,LF.6*,XDR.1.1*,KS.1*,LF.8*,JN.1.18.5*,LL.1*,XDK.1.2*,KR.4.1*,XDK.4.1*,LM.1*,MD.3.1*,LZ.1*,KW.1.1*,XDD.3*,LQ.1*,JN.1.1.6*,XDK.3*,JN.1.11.1*,JN.1.55.2*,JN.1.16*,XDK.6*,JN.1.55.1*,JN.1.48.3*,LR.3*,JN.1.50*,JN.1.51.1*,JN.1.15.1*,MD.1*,JN.1.7.8*,XDK.5*,LZ.2.2*,XDV.1*,JN.1.18.9*,JN.1.18.4*,LZ.2.1*,LE.1.3.1*,JN.1.65.1*	4	2024-10-27 to 2024-11-16 versus 2024-10-06 to 2024-10-26	0.93434	0.908796	-2.554	XFG,LP.8.1,LB.1.3.1,XFC,KP.3.1.1,XEC,XEQ,NB.1.8.1,LF.7.9,KP.3,XEC.4,LF.7.7.2,PA.1,MC.1,LF.7.2.1,XEK,LF.7,LF.7.7.1,MC.10.1
6543	ORF1a	C6543T	T2093I	XFG.5.1*,KP.2.3.10*,KP.3.3.7*,KP.2.11*,NL.10*,PF.2.3*	42	2025-07-20 to 2025-08-09 versus 2025-06-29 to 2025-07-19	0.030498	0.033968	+0.347	Does not define any major lineages.
23277	S	C23277T	T572I	XFG*,XEC.4*,MC.1*,XDK*,MU.1*,MC.13.4*,XFA*,LF.7.1.8*,MV.1.6*,KP.2.15.1*,JN.1.32*,NY.16.1*,XDV.1.3*,XDY.1.1*,NT.2.1*,PW.1*,MC.6.1*,JN.1.62*,XEC.35*,MH.1*,KP.2.27*,JN.1.16.3*,LF.7.3.6*,NY.19*,JN.1.47.2*,MC.30.1.1*,KP.2.3.8*,KP.2.14.1*,XEC.21*,MC.26.1*,NB.1.3.1*,LZ.3*,LP.4*,LB.1.2.2*,XDY.5.1*,JN.1.9.1*,JN.1.1.1*,KP.2.9*,KP.2.2.2*,XDD.3*,XEC.37*,XEC.2.2.1*,LF.7.6.5*,LD.1*,JN.1.7*,LF.7.7*,MC.9.2*,KP.1.2*,XFB*,LF.7.10.1*,KP.2.3.6*,XEC.25.1.1*,NL.5.1*,KV.2*,MG.1*,XEF.3*,NL.13*,JN.1.65*,MZ.5*,KW.1*,MC.11.3.1*,JN.1.4.3*,MC.8.1*,KP.5*	16	2025-01-19 to 2025-02-08 versus 2024-12-29 to 2025-01-18	0.077637	0.084771	+0.713	XFG,XEC.4,MC.1,LF.7.7.1
15009	ORF1b	T15009A	D514E	No associated lineages	20	2025-02-16 to 2025-03-08 versus 2025-01-26 to 2025-02-15	0.009742	0.023696	+1.395	Does not define any major lineages.
22926	S	T22926C	L455S	No associated lineages	4	2024-10-27 to 2024-11-16 versus 2024-10-06 to 2024-10-26	0.73883	0.76196	+2.313	JN.1
21738	S	T21738C	F59S	XEC*,NB.1*,JN.1.18.7*,MR.2*,KR.1.4*,JN.1.18.6*,MZ.3*,XDR.1*,JN.1.42.1*,MU.3*,KP.1.1.5*,KS.1*,JN.1.13.1*,JN.1.18.2*,KP.3.1.8*,KP.3.3.8*,KP.2.10*,XEM*,JN.1.18.9*	6	2024-11-10 to 2024-11-30 versus 2024-10-20 to 2024-11-09	0.304025	0.346442	+4.242	XEC,XEQ,NB.1.8.1,XEC.4,XEK
22031	S	T22031-22031del, 22035-insertG	FR157-158SG	No associated lineages	27	2025-04-06 to 2025-04-26 versus 2025-03-16 to 2025-04-05	0.573128	0.555788	-1.734	Does not define any major lineages.
23277	S	C23277T	T572I	XFG*,XEC.4*,MC.1*,XDK*,MU.1*,MC.13.4*,XFA*,LF.7.1.8*,MV.1.6*,KP.2.15.1*,JN.1.32*,NY.16.1*,XDV.1.3*,XDY.1.1*,NT.2.1*,PW.1*,MC.6.1*,JN.1.62*,XEC.35*,MH.1*,KP.2.27*,JN.1.16.3*,LF.7.3.6*,NY.19*,JN.1.47.2*,MC.30.1.1*,KP.2.3.8*,KP.2.14.1*,XEC.21*,MC.26.1*,NB.1.3.1*,LZ.3*,LP.4*,LB.1.2.2*,XDY.5.1*,JN.1.9.1*,JN.1.1.1*,KP.2.9*,KP.2.2.2*,XDD.3*,XEC.37*,XEC.2.2.1*,LF.7.6.5*,LD.1*,JN.1.7*,LF.7.7*,MC.9.2*,KP.1.2*,XFB*,LF.7.10.1*,KP.2.3.6*,XEC.25.1.1*,NL.5.1*,KV.2*,MG.1*,XEF.3*,NL.13*,JN.1.65*,MZ.5*,KW.1*,MC.11.3.1*,JN.1.4.3*,MC.8.1*,KP.5*	37	2025-06-15 to 2025-07-05 versus 2025-05-25 to 2025-06-14	0.157012	0.273576	+11.656	XFG,XEC.4,MC.1,LF.7.7.1
22107	S	A22107G	K182R	XFC*,LF.7*,XFN*,XFP*,XER*,KP.2.2.2*,LB.1.3.3*,MC.15*,XEC.1*	8	2024-11-24 to 2024-12-14 versus 2024-11-03 to 2024-11-23	0.021929	0.039033	+1.71	XFG,XFC,LF.7.9,LF.7.7.2,LF.7.2.1,LF.7,LF.7.7.1
22120	S	C22120A	F186L	LP.8.1*,LP.8.2*,XFT*	21	2025-02-23 to 2025-03-15 versus 2025-02-02 to 2025-02-22	0.099733	0.169397	+6.966	LP.8.1
21738	S	T21738C	F59S	XEC*,NB.1*,JN.1.18.7*,MR.2*,KR.1.4*,JN.1.18.6*,MZ.3*,XDR.1*,JN.1.42.1*,MU.3*,KP.1.1.5*,KS.1*,JN.1.13.1*,JN.1.18.2*,KP.3.1.8*,KP.3.3.8*,KP.2.10*,XEM*,JN.1.18.9*	18	2025-02-02 to 2025-02-22 versus 2025-01-12 to 2025-02-01	0.468873	0.419084	-4.979	XEC,XEQ,NB.1.8.1,XEC.4,XEK
6533	ORF1a	G6533T	V2090F	XEC.11.1*	21	2025-02-23 to 2025-03-15 versus 2025-02-02 to 2025-02-22	0.016351	0.031539	+1.519	Does not define any major lineages.
28883	N	G28883C, G28884C	G204P	PP.1.1.1*,MC.24.1*,PQ.1.1*,KP.3.3*,XEP*	31	2025-05-04 to 2025-05-24 versus 2025-04-13 to 2025-05-03	0.101579	0.085529	-1.605	XEC,XEC.4,XEK
22930	S	T22930A	F456L (1)	JN.1.7.9*,LR.1*,KU.2*,JN.1.39.1*,KR.5*,KR.1*,JN.1.67.1*,JN.1.48.1*,JN.1.62*,NS.3*,LN.1.1*,KR.3*,JN.1.29.1*,JN.1.1.8*,JN.1.4.9*,LF.6*,XDR.1.1*,KS.1*,LF.8*,JN.1.18.5*,LL.1*,XDK.1.2*,KR.4.1*,XDK.4.1*,LM.1*,MD.3.1*,LZ.1*,KW.1.1*,XDD.3*,LQ.1*,JN.1.1.6*,XDK.3*,JN.1.11.1*,JN.1.55.2*,JN.1.16*,XDK.6*,JN.1.55.1*,JN.1.48.3*,LR.3*,JN.1.50*,JN.1.51.1*,JN.1.15.1*,MD.1*,JN.1.7.8*,XDK.5*,LZ.2.2*,XDV.1*,JN.1.18.9*,JN.1.18.4*,LZ.2.1*,LE.1.3.1*,JN.1.65.1*	33	2025-05-18 to 2025-06-07 versus 2025-04-27 to 2025-05-17	0.022802	0.177218	+15.442	Does not define any major lineages.
22107	S	A22107G	K182R	XFC*,LF.7*,XFN*,XFP*,XER*,KP.2.2.2*,LB.1.3.3*,MC.15*,XEC.1*	39	2025-06-29 to 2025-07-19 versus 2025-06-08 to 2025-06-28	0.206306	0.298207	+9.19	XFG,XFC,LF.7.9,LF.7.7.2,LF.7.2.1,LF.7,LF.7.7.1
1895	ORF1a	G1895A	V544I	LF.7.9.1*	32	2025-05-11 to 2025-05-31 versus 2025-04-20 to 2025-05-10	0.012934	0.054221	+4.129	Does not define any major lineages.
12854	ORF1a	C12854T	P4197S	NB.1*	38	2025-06-22 to 2025-07-12 versus 2025-06-01 to 2025-06-21	0.250467	0.239333	-1.113	NB.1.8.1
5180	ORF1a	G5180A	D1639N	NY.18.1*,NC.1.1*,XEC.31*	13	2024-12-29 to 2025-01-18 versus 2024-12-08 to 2024-12-28	0.020765	0.020588	-0.018	Does not define any major lineages.
4364	ORF1a	A4364C	I1367L	XEP*,XEC.2*,KP.3.3.4*	20	2025-02-16 to 2025-03-08 versus 2025-01-26 to 2025-02-15	0.065666	0.055328	-1.034	Does not define any major lineages.
22107	S	A22107G	K182R	XFC*,LF.7*,XFN*,XFP*,XER*,KP.2.2.2*,LB.1.3.3*,MC.15*,XEC.1*	9	2024-12-01 to 2024-12-21 versus 2024-11-10 to 2024-11-30	0.025645	0.039485	+1.384	XFG,XFC,LF.7.9,LF.7.7.2,LF.7.2.1,LF.7,LF.7.7.1
22107	S	A22107G	K182R	XFC*,LF.7*,XFN*,XFP*,XER*,KP.2.2.2*,LB.1.3.3*,MC.15*,XEC.1*	21	2025-02-23 to 2025-03-15 versus 2025-02-02 to 2025-02-22	0.01997	0.059512	+3.954	XFG,XFC,LF.7.9,LF.7.7.2,LF.7.2.1,LF.7,LF.7.7.1
6543	ORF1a	C6543T	T2093I	XFG.5.1*,KP.2.3.10*,KP.3.3.7*,KP.2.11*,NL.10*,PF.2.3*	25	2025-03-23 to 2025-04-12 versus 2025-03-02 to 2025-03-22	0.020364	0.003709	-1.666	Does not define any major lineages.
1190	ORF1a	C1190T	P309S	No associated lineages	35	2025-06-01 to 2025-06-21 versus 2025-05-11 to 2025-05-31	0.00239	0.024935	+2.254	Does not define any major lineages.
7252	ORF1a	G7252T	L2329F	No associated lineages	33	2025-05-18 to 2025-06-07 versus 2025-04-27 to 2025-05-17	0.034855	0.027471	-0.738	Does not define any major lineages.
21653	S	T21653C	S31P	XFC*,LF.7*,XFN*,XFP*,MT.1*,KP.2.26*,KP.3.2.6*,MJ.1*,NF.1*,XER*,JN.1.40*	37	2025-06-15 to 2025-07-05 versus 2025-05-25 to 2025-06-14	0.283207	0.413711	+13.05	XFG,XFC,LF.7.9,LF.7.7.2,LF.7.2.1,LF.7,LF.7.7.1
6255	ORF1a	C6255T	A1997V	LP.8.1*,LP.11*,XFV*,LP.8.2*	19	2025-02-09 to 2025-03-01 versus 2025-01-19 to 2025-02-08	0.201476	0.283391	+8.192	LP.8.1,XFC
22031	S	T22031-22031del, 22035-insertG	FR157-158SG	No associated lineages	40	2025-07-06 to 2025-07-26 versus 2025-06-15 to 2025-07-05	0.863062	0.829286	-3.378	Does not define any major lineages.
29409	N	C29409T	T379I	XFG*,LF.7.9*,LB.1.3.1*,NT.1*,MC.10.1.3*,XDS*,XEC.2.3*,NS.3*,XEC.35.1*	28	2025-04-13 to 2025-05-03 versus 2025-03-23 to 2025-04-12	0.032099	0.052036	+1.994	XFG,LB.1.3.1,LF.7.9
12924	ORF1a	C12924T	P4220L	XDV*	36	2025-06-08 to 2025-06-28 versus 2025-05-18 to 2025-06-07	0.166021	0.265932	+9.991	NB.1.8.1
23039	S	C23039G	Q493E	LP.8.1*,XFG*,KP.3*,XEQ*,XFH*,JN.1.16.4*,XDY*,JN.1.16.5*,LP.8.2*,KP.3.4*,XDY.9*,XEF*,XDY.1*,XFT*,XDY.5*,XDY.4*,XDY.11*,LF.7.1.11*,XET*,XDY.3*,NB.1.8*,XDY.6*,XDY.8*,XDY.2*,XDY.7*	7	2024-11-17 to 2024-12-07 versus 2024-10-27 to 2024-11-16	0.774832	0.804721	+2.989	XFG,LP.8.1,XFC,KP.3.1.1,XEC,XEQ,NB.1.8.1,KP.3,XEC.4,PA.1,MC.1,XEK,MC.10.1
13121	ORF1a	A13121T	S4286C	KP.3.1.1*,XFA*,XFK*,XEW*	24	2025-03-16 to 2025-04-05 versus 2025-02-23 to 2025-03-15	0.112436	0.113545	+0.111	KP.3.1.1,PA.1,MC.1,MC.10.1
21137	ORF1b	A21137G	K2557R	JN.1.58*,MV.2*,KP.3.2.9*,JN.1.7.7*,NW.1.4*,MC.23*,MV.1.1*,XFG.2*,NL.12*	34	2025-05-25 to 2025-06-14 versus 2025-05-04 to 2025-05-24	0.033748	0.05181	+1.806	Does not define any major lineages.
29081	N	G29081T	V270L	XFG.2*	37	2025-06-15 to 2025-07-05 versus 2025-05-25 to 2025-06-14	0.059008	0.099234	+4.023	Does not define any major lineages.
22031	S	T22031-22031del, 22035-insertG	FR157-158SG	No associated lineages	34	2025-05-25 to 2025-06-14 versus 2025-05-04 to 2025-05-24	0.565634	0.753345	+18.771	Does not define any major lineages.
22120	S	C22120A	F186L	LP.8.1*,LP.8.2*,XFT*	24	2025-03-16 to 2025-04-05 versus 2025-02-23 to 2025-03-15	0.169397	0.198452	+2.906	LP.8.1
24819	S	A24819G	K1086R	KP.1.1*,XFT*,KP.1*	11	2024-12-15 to 2025-01-04 versus 2024-11-24 to 2024-12-14	0.04192	0.074617	+3.27	LP.8.1,XFC
3096	ORF1a	C3096T	S944L	NB.1.3.1*,PF.2*	27	2025-04-06 to 2025-04-26 versus 2025-03-16 to 2025-04-05	0.025938	0.029991	+0.405	Does not define any major lineages.
23277	S	C23277T	T572I	XFG*,XEC.4*,MC.1*,XDK*,MU.1*,MC.13.4*,XFA*,LF.7.1.8*,MV.1.6*,KP.2.15.1*,JN.1.32*,NY.16.1*,XDV.1.3*,XDY.1.1*,NT.2.1*,PW.1*,MC.6.1*,JN.1.62*,XEC.35*,MH.1*,KP.2.27*,JN.1.16.3*,LF.7.3.6*,NY.19*,JN.1.47.2*,MC.30.1.1*,KP.2.3.8*,KP.2.14.1*,XEC.21*,MC.26.1*,NB.1.3.1*,LZ.3*,LP.4*,LB.1.2.2*,XDY.5.1*,JN.1.9.1*,JN.1.1.1*,KP.2.9*,KP.2.2.2*,XDD.3*,XEC.37*,XEC.2.2.1*,LF.7.6.5*,LD.1*,JN.1.7*,LF.7.7*,MC.9.2*,KP.1.2*,XFB*,LF.7.10.1*,KP.2.3.6*,XEC.25.1.1*,NL.5.1*,KV.2*,MG.1*,XEF.3*,NL.13*,JN.1.65*,MZ.5*,KW.1*,MC.11.3.1*,JN.1.4.3*,MC.8.1*,KP.5*	25	2025-03-23 to 2025-04-12 versus 2025-03-02 to 2025-03-22	0.046878	0.055109	+0.823	XFG,XEC.4,MC.1,LF.7.7.1
22112	S	G22112A	G184S	XDV.1.5*	33	2025-05-18 to 2025-06-07 versus 2025-04-27 to 2025-05-17	0.040137	0.120858	+8.072	NB.1.8.1
22893	S	A22893G	K444R	LF.7*,JN.1.23*,JN.1.61*,XER*,NY.3.1.1*,NA.1.1*	18	2025-02-02 to 2025-02-22 versus 2025-01-12 to 2025-02-01	0.041847	0.028776	-1.307	XFG,LF.7.9,LF.7.7.2,LF.7.2.1,LF.7,LF.7.7.1
22893	S	A22893G	K444R	LF.7*,JN.1.23*,JN.1.61*,XER*,NY.3.1.1*,NA.1.1*	8	2024-11-24 to 2024-12-14 versus 2024-11-03 to 2024-11-23	0.016766	0.061171	+4.441	XFG,LF.7.9,LF.7.7.2,LF.7.2.1,LF.7,LF.7.7.1
22895	S	G22895C, T22896C	V445P	LF.7.9*,LF.7.7.2*,PA.1*,LB.1.3.1*,LK.1*,XFP*,NS.1.1*,MV.1.1.1*,LP.1.2.1*,XFG.1*,KP.2.3.4*,NN.1*,LF.3.1*,NC.1.2*,JN.1.1.8*,MA.1.1.1*,LF.7.8*,LP.9*,MU.2.1.1*,LF.7.10.1*,LF.7.6.2*,KP.2.28.1*,JN.1.50*,LB.1.10*,LF.7.1.10*,MU.5*,QJ.1*	22	2025-03-02 to 2025-03-22 versus 2025-02-09 to 2025-03-01	0.050467	0.03019	-2.028	LB.1.3.1,LF.7.9,LF.7.7.2,PA.1
21627	S	C21627A	T22N	XFC*,XEC*,LF.7*,XEQ*,KP.3.3.9*,XFP*,MB.1.1*,NB.1*,KP.2.14*,KS.1.5*,JN.1.18.7*,MR.2*,XEN*,XDV.1.7.1*,MT.1.1*,PF.2*,KP.3.1.9*,PB.1*,MU.6*,JN.1.16.5*,PM.1*,KP.2.26*,LF.8.1.1*,KP.3.6*,MU.3*,KP.2.18*,KS.1.1*,MG.3*,NG.1*,LJ.1*,MJ.1.1*,XER*,PB.2*,KP.2.2.1*,NW.1.2*,MC.24.1*,LP.8.1.6*,PP.1*,XEL*	32	2025-05-11 to 2025-05-31 versus 2025-04-20 to 2025-05-10	0.278972	0.397735	+11.876	XFG,XFC,XEC,XEQ,NB.1.8.1,LF.7.9,XEC.4,LF.7.7.2,LF.7.2.1,XEK,LF.7,LF.7.7.1
7252	ORF1a	G7252T	L2329F	No associated lineages	36	2025-06-08 to 2025-06-28 versus 2025-05-18 to 2025-06-07	0.027471	0.028662	+0.119	Does not define any major lineages.
4683	ORF1a	C4683T	A1473V	XDV.1.5*,LB.1.4*,XFC.1.3*	42	2025-07-20 to 2025-08-09 versus 2025-06-29 to 2025-07-19	0.188045	0.139315	-4.873	NB.1.8.1
15026	ORF1b	C15026T	A520V	No associated lineages	28	2025-04-13 to 2025-05-03 versus 2025-03-23 to 2025-04-12	0.064124	0.023408	-4.072	Does not define any major lineages.
12924	ORF1a	C12924T	P4220L	XDV*	30	2025-04-27 to 2025-05-17 versus 2025-04-06 to 2025-04-26	0.034035	0.104831	+7.08	NB.1.8.1
3939	ORF1a	G3939T	R1225I	XFT*,LF.7.7*	26	2025-03-30 to 2025-04-19 versus 2025-03-09 to 2025-03-29	0.011367	0.024509	+1.314	LF.7.7.2,LF.7.7.1
18131	ORF1b	C18131T	T1555I	LB.1.3*	28	2025-04-13 to 2025-05-03 versus 2025-03-23 to 2025-04-12	0.020366	0.015529	-0.484	LB.1.3.1
13121	ORF1a	A13121T	S4286C	KP.3.1.1*,XFA*,XFK*,XEW*	21	2025-02-23 to 2025-03-15 versus 2025-02-02 to 2025-02-22	0.2064	0.112436	-9.396	KP.3.1.1,PA.1,MC.1,MC.10.1
21738	S	T21738C	F59S	XEC*,NB.1*,JN.1.18.7*,MR.2*,KR.1.4*,JN.1.18.6*,MZ.3*,XDR.1*,JN.1.42.1*,MU.3*,KP.1.1.5*,KS.1*,JN.1.13.1*,JN.1.18.2*,KP.3.1.8*,KP.3.3.8*,KP.2.10*,XEM*,JN.1.18.9*	23	2025-03-09 to 2025-03-29 versus 2025-02-16 to 2025-03-08	0.417193	0.257274	-15.992	XEC,XEQ,NB.1.8.1,XEC.4,XEK
23039	S	C23039G	Q493E	LP.8.1*,XFG*,KP.3*,XEQ*,XFH*,JN.1.16.4*,XDY*,JN.1.16.5*,LP.8.2*,KP.3.4*,XDY.9*,XEF*,XDY.1*,XFT*,XDY.5*,XDY.4*,XDY.11*,LF.7.1.11*,XET*,XDY.3*,NB.1.8*,XDY.6*,XDY.8*,XDY.2*,XDY.7*	20	2025-02-16 to 2025-03-08 versus 2025-01-26 to 2025-02-15	0.78681	0.736599	-5.021	XFG,LP.8.1,XFC,KP.3.1.1,XEC,XEQ,NB.1.8.1,KP.3,XEC.4,PA.1,MC.1,XEK,MC.10.1
11727	ORF1a	G11727A	R3821K	No associated lineages	16	2025-01-19 to 2025-02-08 versus 2024-12-29 to 2025-01-18	0.991757	0.980945	-1.081	JN.1
22930	S	T22930A	F456L (1)	JN.1.7.9*,LR.1*,KU.2*,JN.1.39.1*,KR.5*,KR.1*,JN.1.67.1*,JN.1.48.1*,JN.1.62*,NS.3*,LN.1.1*,KR.3*,JN.1.29.1*,JN.1.1.8*,JN.1.4.9*,LF.6*,XDR.1.1*,KS.1*,LF.8*,JN.1.18.5*,LL.1*,XDK.1.2*,KR.4.1*,XDK.4.1*,LM.1*,MD.3.1*,LZ.1*,KW.1.1*,XDD.3*,LQ.1*,JN.1.1.6*,XDK.3*,JN.1.11.1*,JN.1.55.2*,JN.1.16*,XDK.6*,JN.1.55.1*,JN.1.48.3*,LR.3*,JN.1.50*,JN.1.51.1*,JN.1.15.1*,MD.1*,JN.1.7.8*,XDK.5*,LZ.2.2*,XDV.1*,JN.1.18.9*,JN.1.18.4*,LZ.2.1*,LE.1.3.1*,JN.1.65.1*	28	2025-04-13 to 2025-05-03 versus 2025-03-23 to 2025-04-12	0.054201	0.026897	-2.73	Does not define any major lineages.
25324	S	C25324A	C1254*	No associated lineages	39	2025-06-29 to 2025-07-19 versus 2025-06-08 to 2025-06-28	0.027655	0.03358	+0.593	Does not define any major lineages.
593	ORF1a	C593T	H110Y	XEK*,LP.8.1.15*,XEU*,MC.36.1*,XEC.4.5.1*	13	2024-12-29 to 2025-01-18 versus 2024-12-08 to 2024-12-28	0.01875	0.020028	+0.128	XEK
14290	ORF1b	G14290T	D275Y	NB.1*	26	2025-03-30 to 2025-04-19 versus 2025-03-09 to 2025-03-29	0.005272	0.033343	+2.807	NB.1.8.1
22599	S	G22599C	R346T	XFN*,JN.1.24.1*,MC.13.2.4*,LE.1*,MC.31*,XED*,JN.1.59.1*,MF.1*,KR.5*,MC.32.1*,JN.1.48.1*,MC.28.1.1*,XDD.1.1.1*,MC.33.1*,NB.1.2.1*,MZ.3*,PJ.1*,JN.1.11.2*,JN.1.8.2*,KZ.1.1*,LN.1.1*,XDR.1*,LU.1*,XEP.1.1*,JN.1.7.3*,MU.3*,JN.1.16.1*,JN.1.29.1*,LF.6*,JN.1.44.1*,LG.1*,KS.1*,XEH*,LF.8*,JN.1.25.1*,MC.17.1*,JN.1.18*,MQ.1*,JN.1.30.1*,NU.1*,LU.2*,JN.1.6.1*,MC.19*,KP.2*,PK.1*,JN.1.50.1*,JN.1.4.4*,JN.1.49.1*,MC.13.3.1*,MK.3*,JN.1.26*,MC.13.2.1*,PG.3*,JN.1.39.2*,JN.1.58.2*,JN.1.42.2*,KQ.1*,JN.1.1.3*,XEM*,JN.1.1.5*,KP.4.1*,MC.10.1.6*,JN.1.48.2*,JN.1.48.3*,JN.1.9.2*,XEC.27*,JN.1.18.8*,XES.1*,MC.33.2*,NB.1.6.1*,XDK.1*,MC.13.2.2*,XEK.7*	13	2024-12-29 to 2025-01-18 versus 2024-12-08 to 2024-12-28	0.139806	0.151922	+1.212	XFG,LP.8.1,LB.1.3.1,XFC,XEQ,LF.7.9,LF.7.7.2,LF.7.2.1,LF.7,LF.7.7.1
24872	S	G24872T	V1104L	XEQ*,XDY.3*,XDY.9*,XDY.6*,JN.1.11*,XEF*,XDY.8*,XDY.1*,XDY*,XDY.2*,XDY.5*,XDY.4*,LB.1.1*,XFT*,XDY.11*,XDY.7*	6	2024-11-10 to 2024-11-30 versus 2024-10-20 to 2024-11-09	0.805318	0.823846	+1.853	LP.8.1,XFC,KP.3.1.1,XEC,XEQ,KP.3,XEC.4,PA.1,MC.1,XEK,MC.10.1
6255	ORF1a	C6255T	A1997V	LP.8.1*,LP.11*,XFV*,LP.8.2*	11	2024-12-15 to 2025-01-04 versus 2024-11-24 to 2024-12-14	0.043971	0.071961	+2.799	LP.8.1,XFC
23039	S	C23039G	Q493E	LP.8.1*,XFG*,KP.3*,XEQ*,XFH*,JN.1.16.4*,XDY*,JN.1.16.5*,LP.8.2*,KP.3.4*,XDY.9*,XEF*,XDY.1*,XFT*,XDY.5*,XDY.4*,XDY.11*,LF.7.1.11*,XET*,XDY.3*,NB.1.8*,XDY.6*,XDY.8*,XDY.2*,XDY.7*	6	2024-11-10 to 2024-11-30 versus 2024-10-20 to 2024-11-09	0.754258	0.800238	+4.598	XFG,LP.8.1,XFC,KP.3.1.1,XEC,XEQ,NB.1.8.1,KP.3,XEC.4,PA.1,MC.1,XEK,MC.10.1
7113	ORF1a	C7113T	T2283I	PY.5*,XDV*,JN.1.11.1*,KU.2*,XFG.19*	34	2025-05-25 to 2025-06-14 versus 2025-05-04 to 2025-05-24	0.470416	0.449807	-2.061	LP.8.1,XFC,KP.3.1.1,NB.1.8.1,KP.3,PA.1,MC.1,XEK,MC.10.1
22895	S	G22895C, T22896G	V445R	LP.8.1*,XFG*,NZ.1*,LP.8.2*,MK.3*,LF.7.12.1*,MC.32.1*,XEC.27*,XFT*,MC.33.1*,MC.19.1*	37	2025-06-15 to 2025-07-05 versus 2025-05-25 to 2025-06-14	0.338553	0.386911	+4.836	XFG,LP.8.1,XFC
25693	ORF3a	C25693T	L101F	NW.1*	31	2025-05-04 to 2025-05-24 versus 2025-04-13 to 2025-05-03	0.024157	0.034206	+1.005	Does not define any major lineages.
14290	ORF1b	G14290T	D275Y	NB.1*	28	2025-04-13 to 2025-05-03 versus 2025-03-23 to 2025-04-12	0.025281	0.046124	+2.084	NB.1.8.1
28883	N	G28883C, G28884C	G204P	PP.1.1.1*,MC.24.1*,PQ.1.1*,KP.3.3*,XEP*	36	2025-06-08 to 2025-06-28 versus 2025-05-18 to 2025-06-07	0.057658	0.027906	-2.975	XEC,XEC.4,XEK
7113	ORF1a	C7113T	T2283I	PY.5*,XDV*,JN.1.11.1*,KU.2*,XFG.19*	36	2025-06-08 to 2025-06-28 versus 2025-05-18 to 2025-06-07	0.509567	0.446529	-6.304	LP.8.1,XFC,KP.3.1.1,NB.1.8.1,KP.3,PA.1,MC.1,XEK,MC.10.1
593	ORF1a	C593T	H110Y	XEK*,LP.8.1.15*,XEU*,MC.36.1*,XEC.4.5.1*	9	2024-12-01 to 2024-12-21 versus 2024-11-10 to 2024-11-30	0.021055	0.024331	+0.328	XEK
23933	S	A23933G	T791A	XFJ*,XFP*,XFM*	37	2025-06-15 to 2025-07-05 versus 2025-05-25 to 2025-06-14	0.014118	0.039533	+2.542	Does not define any major lineages.
22000	S	C22000A	H146Q	KP.2.3*,XES*,XEE*	3	2024-10-20 to 2024-11-09 versus 2024-09-29 to 2024-10-19	0.035011	0.037254	+0.224	Does not define any major lineages.
24872	S	G24872T	V1104L	XEQ*,XDY.3*,XDY.9*,XDY.6*,JN.1.11*,XEF*,XDY.8*,XDY.1*,XDY*,XDY.2*,XDY.5*,XDY.4*,LB.1.1*,XFT*,XDY.11*,XDY.7*	15	2025-01-12 to 2025-02-01 versus 2024-12-22 to 2025-01-11	0.884936	0.835685	-4.925	LP.8.1,XFC,KP.3.1.1,XEC,XEQ,KP.3,XEC.4,PA.1,MC.1,XEK,MC.10.1
22986	S	C22986T	A475V	LF.7.9*,LF.7.2.1*,XFP*,PF.2.2.1*,PV.3*,NY.6*,LP.10.1*,QJ.2*,LF.7.3.6*,PL.1*,LF.7.12*,XFC.2*,KP.2.3.1*,LP.8.2.1*,LP.8.1.9*,NY.3.1.1*,LF.7.1.2*,LF.7.1.7*,QH.1*,NY.7.1.1*,LF.7.3.1*,QC.2.1*	34	2025-05-25 to 2025-06-14 versus 2025-05-04 to 2025-05-24	0.028368	0.041313	+1.295	LF.7.9,LF.7.2.1
25593	ORF3a	G25593T	K67N	KP.2.3*	3	2024-10-20 to 2024-11-09 versus 2024-09-29 to 2024-10-19	0.020468	0.015266	-0.52	Does not define any major lineages.
15009	ORF1b	T15009A	D514E	No associated lineages	40	2025-07-06 to 2025-07-26 versus 2025-06-15 to 2025-07-05	0.03241	0.033821	+0.141	Does not define any major lineages.
23598	S	A23598G, T23599G	N679R	XFC*,XEC.32.1*,NY.7*,PG.4.1*,LP.8.1.1*,JN.1.68.1*,PF.2.4*,MC.10.2.1*,XDK.2*,PU.1*,XFT*,NR.1*,NW.1.5*,XEC.22*,KP.2.3.14*,MD.1*,PY.1.1*,PR.2*,LQ.1.1.1*	39	2025-06-29 to 2025-07-19 versus 2025-06-08 to 2025-06-28	0.305465	0.190296	-11.517	XFC
6501	ORF1a	C6501A	P2079Q	XDV*	28	2025-04-13 to 2025-05-03 versus 2025-03-23 to 2025-04-12	0.016821	0.034978	+1.816	NB.1.8.1
22893	S	A22893G	K444R	LF.7*,JN.1.23*,JN.1.61*,XER*,NY.3.1.1*,NA.1.1*	10	2024-12-08 to 2024-12-28 versus 2024-11-17 to 2024-12-07	0.043762	0.039953	-0.381	XFG,LF.7.9,LF.7.7.2,LF.7.2.1,LF.7,LF.7.7.1
27810	ORF7b	T27810C	F19L	No associated lineages	17	2025-01-26 to 2025-02-15 versus 2025-01-05 to 2025-01-25	0.733189	0.723528	-0.966	JN.1
22928	S	T22928C	F456L	JN.1.7.9*,LR.1*,KU.2*,JN.1.39.1*,KR.5*,KR.1*,JN.1.67.1*,JN.1.48.1*,JN.1.62*,NS.3*,LN.1.1*,KR.3*,JN.1.29.1*,JN.1.1.8*,JN.1.4.9*,LF.6*,XDR.1.1*,KS.1*,LF.8*,JN.1.18.5*,LL.1*,XDK.1.2*,KR.4.1*,XDK.4.1*,LM.1*,MD.3.1*,LZ.1*,KW.1.1*,XDD.3*,LQ.1*,JN.1.1.6*,XDK.3*,JN.1.11.1*,JN.1.55.2*,JN.1.16*,XDK.6*,JN.1.55.1*,JN.1.48.3*,LR.3*,JN.1.50*,JN.1.51.1*,JN.1.15.1*,MD.1*,JN.1.7.8*,XDK.5*,LZ.2.2*,XDV.1*,JN.1.18.9*,JN.1.18.4*,LZ.2.1*,LE.1.3.1*,JN.1.65.1*	21	2025-02-23 to 2025-03-15 versus 2025-02-02 to 2025-02-22	0.976603	0.984249	+0.765	XFG,LP.8.1,LB.1.3.1,XFC,KP.3.1.1,XEC,XEQ,NB.1.8.1,LF.7.9,KP.3,XEC.4,LF.7.7.2,PA.1,MC.1,LF.7.2.1,XEK,LF.7,LF.7.7.1,MC.10.1
4683	ORF1a	C4683T	A1473V	XDV.1.5*,LB.1.4*,XFC.1.3*	41	2025-07-13 to 2025-08-02 versus 2025-06-22 to 2025-07-12	0.200366	0.149171	-5.119	NB.1.8.1
23277	S	C23277T	T572I	XFG*,XEC.4*,MC.1*,XDK*,MU.1*,MC.13.4*,XFA*,LF.7.1.8*,MV.1.6*,KP.2.15.1*,JN.1.32*,NY.16.1*,XDV.1.3*,XDY.1.1*,NT.2.1*,PW.1*,MC.6.1*,JN.1.62*,XEC.35*,MH.1*,KP.2.27*,JN.1.16.3*,LF.7.3.6*,NY.19*,JN.1.47.2*,MC.30.1.1*,KP.2.3.8*,KP.2.14.1*,XEC.21*,MC.26.1*,NB.1.3.1*,LZ.3*,LP.4*,LB.1.2.2*,XDY.5.1*,JN.1.9.1*,JN.1.1.1*,KP.2.9*,KP.2.2.2*,XDD.3*,XEC.37*,XEC.2.2.1*,LF.7.6.5*,LD.1*,JN.1.7*,LF.7.7*,MC.9.2*,KP.1.2*,XFB*,LF.7.10.1*,KP.2.3.6*,XEC.25.1.1*,NL.5.1*,KV.2*,MG.1*,XEF.3*,NL.13*,JN.1.65*,MZ.5*,KW.1*,MC.11.3.1*,JN.1.4.3*,MC.8.1*,KP.5*	1	2024-10-06 to 2024-10-26 versus 2024-09-15 to 2024-10-05	0.027185	0.039393	+1.221	XFG,XEC.4,MC.1,LF.7.7.1
25844	ORF3a	C25844T	T151I	XFJ*,XFM*	35	2025-06-01 to 2025-06-21 versus 2025-05-11 to 2025-05-31	0.03112	0.032771	+0.165	Does not define any major lineages.
16943	ORF1b	G16943T	S1159I	XEQ*	28	2025-04-13 to 2025-05-03 versus 2025-03-23 to 2025-04-12	0.043652	0.011001	-3.265	XEQ
25083	S	C25083T	A1174V	NW.1*,KP.2.3.12*,MC.1.2*,XEC.28*	33	2025-05-18 to 2025-06-07 versus 2025-04-27 to 2025-05-17	0.005373	0.025397	+2.002	Does not define any major lineages.
7869	ORF1a	C7869T	S2535L	LF.7*	9	2024-12-01 to 2024-12-21 versus 2024-11-10 to 2024-11-30	0.013228	0.02474	+1.151	XFG,LF.7.9,LF.7.7.2,LF.7.2.1,LF.7,LF.7.7.1
23021	S	A23021G	N487D	XFG*,NY.11*,NY.11.1*,LP.8.1.2*	40	2025-07-06 to 2025-07-26 versus 2025-06-15 to 2025-07-05	0.2842	0.558323	+27.412	XFG
28254	ORF8	A28254-28254del	121fs	No associated lineages	38	2025-06-22 to 2025-07-12 versus 2025-06-01 to 2025-06-21	0.022138	0.008442	-1.37	Does not define any major lineages.
11003	ORF1a	C11003T	H3580Y	PA.3*	12	2024-12-22 to 2025-01-11 versus 2024-12-01 to 2024-12-21	0.003969	0.027107	+2.314	Does not define any major lineages.
7262	ORF1a	C7262A	L2333I	No associated lineages	40	2025-07-06 to 2025-07-26 versus 2025-06-15 to 2025-07-05	0.056912	0.046737	-1.017	Does not define any major lineages.
22893	S	A22893G	K444R	LF.7*,JN.1.23*,JN.1.61*,XER*,NY.3.1.1*,NA.1.1*	21	2025-02-23 to 2025-03-15 versus 2025-02-02 to 2025-02-22	0.028776	0.032206	+0.343	XFG,LF.7.9,LF.7.7.2,LF.7.2.1,LF.7,LF.7.7.1
11727	ORF1a	G11727A	R3821K	No associated lineages	1	2024-10-06 to 2024-10-26 versus 2024-09-15 to 2024-10-05	0.863562	0.90297	+3.941	JN.1
25593	ORF3a	G25593T	K67N	KP.2.3*	4	2024-10-27 to 2024-11-16 versus 2024-10-06 to 2024-10-26	0.022001	0.012422	-0.958	Does not define any major lineages.
27810	ORF7b	T27810C	F19L	No associated lineages	6	2024-11-10 to 2024-11-30 versus 2024-10-20 to 2024-11-09	0.637094	0.706036	+6.894	JN.1
7113	ORF1a	C7113T	T2283I	PY.5*,XDV*,JN.1.11.1*,KU.2*,XFG.19*	12	2024-12-22 to 2025-01-11 versus 2024-12-01 to 2024-12-21	0.450561	0.411074	-3.949	LP.8.1,XFC,KP.3.1.1,NB.1.8.1,KP.3,PA.1,MC.1,XEK,MC.10.1
22111	S	G22111T	Q183H	XFB*,LB.1*,JN.1.9*,XFR*,LY.2*,JN.1.32.1*	12	2024-12-22 to 2025-01-11 versus 2024-12-01 to 2024-12-21	0.02081	0.018707	-0.21	LB.1.3.1
21823	S	T21823A	N87K	No associated lineages	34	2025-05-25 to 2025-06-14 versus 2025-05-04 to 2025-05-24	0.12534	0.008034	-11.731	Does not define any major lineages.
22986	S	C22986T	A475V	LF.7.9*,LF.7.2.1*,XFP*,PF.2.2.1*,PV.3*,NY.6*,LP.10.1*,QJ.2*,LF.7.3.6*,PL.1*,LF.7.12*,XFC.2*,KP.2.3.1*,LP.8.2.1*,LP.8.1.9*,NY.3.1.1*,LF.7.1.2*,LF.7.1.7*,QH.1*,NY.7.1.1*,LF.7.3.1*,QC.2.1*	39	2025-06-29 to 2025-07-19 versus 2025-06-08 to 2025-06-28	0.05913	0.059101	-0.003	LF.7.9,LF.7.2.1
18131	ORF1b	C18131T	T1555I	LB.1.3*	7	2024-11-17 to 2024-12-07 versus 2024-10-27 to 2024-11-16	0.020116	0.01912	-0.1	LB.1.3.1
22599	S	G22599C	R346T	XFN*,JN.1.24.1*,MC.13.2.4*,LE.1*,MC.31*,XED*,JN.1.59.1*,MF.1*,KR.5*,MC.32.1*,JN.1.48.1*,MC.28.1.1*,XDD.1.1.1*,MC.33.1*,NB.1.2.1*,MZ.3*,PJ.1*,JN.1.11.2*,JN.1.8.2*,KZ.1.1*,LN.1.1*,XDR.1*,LU.1*,XEP.1.1*,JN.1.7.3*,MU.3*,JN.1.16.1*,JN.1.29.1*,LF.6*,JN.1.44.1*,LG.1*,KS.1*,XEH*,LF.8*,JN.1.25.1*,MC.17.1*,JN.1.18*,MQ.1*,JN.1.30.1*,NU.1*,LU.2*,JN.1.6.1*,MC.19*,KP.2*,PK.1*,JN.1.50.1*,JN.1.4.4*,JN.1.49.1*,MC.13.3.1*,MK.3*,JN.1.26*,MC.13.2.1*,PG.3*,JN.1.39.2*,JN.1.58.2*,JN.1.42.2*,KQ.1*,JN.1.1.3*,XEM*,JN.1.1.5*,KP.4.1*,MC.10.1.6*,JN.1.48.2*,JN.1.48.3*,JN.1.9.2*,XEC.27*,JN.1.18.8*,XES.1*,MC.33.2*,NB.1.6.1*,XDK.1*,MC.13.2.2*,XEK.7*	22	2025-03-02 to 2025-03-22 versus 2025-02-09 to 2025-03-01	0.256245	0.365736	+10.949	XFG,LP.8.1,LB.1.3.1,XFC,XEQ,LF.7.9,LF.7.7.2,LF.7.2.1,LF.7,LF.7.7.1
24872	S	G24872T	V1104L	XEQ*,XDY.3*,XDY.9*,XDY.6*,JN.1.11*,XEF*,XDY.8*,XDY.1*,XDY*,XDY.2*,XDY.5*,XDY.4*,LB.1.1*,XFT*,XDY.11*,XDY.7*	14	2025-01-05 to 2025-01-25 versus 2024-12-15 to 2025-01-04	0.859151	0.856251	-0.29	LP.8.1,XFC,KP.3.1.1,XEC,XEQ,KP.3,XEC.4,PA.1,MC.1,XEK,MC.10.1
6501	ORF1a	C6501A	P2079Q	XDV*	31	2025-05-04 to 2025-05-24 versus 2025-04-13 to 2025-05-03	0.034978	0.110567	+7.559	NB.1.8.1
25925	ORF3a	C25925T	P178L	LP.8.1*,LP.11*,XFT*,LP.8.2*	27	2025-04-06 to 2025-04-26 versus 2025-03-16 to 2025-04-05	0.419049	0.493729	+7.468	LP.8.1,XFC
22893	S	A22893G	K444R	LF.7*,JN.1.23*,JN.1.61*,XER*,NY.3.1.1*,NA.1.1*	42	2025-07-20 to 2025-08-09 versus 2025-06-29 to 2025-07-19	0.378312	0.263743	-11.457	XFG,LF.7.9,LF.7.7.2,LF.7.2.1,LF.7,LF.7.7.1
29409	N	C29409T	T379I	XFG*,LF.7.9*,LB.1.3.1*,NT.1*,MC.10.1.3*,XDS*,XEC.2.3*,NS.3*,XEC.35.1*	16	2025-01-19 to 2025-02-08 versus 2024-12-29 to 2025-01-18	0.029827	0.029112	-0.072	XFG,LB.1.3.1,LF.7.9
7869	ORF1a	C7869T	S2535L	LF.7*	35	2025-06-01 to 2025-06-21 versus 2025-05-11 to 2025-05-31	0.098952	0.177468	+7.852	XFG,LF.7.9,LF.7.7.2,LF.7.2.1,LF.7,LF.7.7.1
18131	ORF1b	C18131T	T1555I	LB.1.3*	21	2025-02-23 to 2025-03-15 versus 2025-02-02 to 2025-02-22	0.034452	0.029036	-0.542	LB.1.3.1
24872	S	G24872T	V1104L	XEQ*,XDY.3*,XDY.9*,XDY.6*,JN.1.11*,XEF*,XDY.8*,XDY.1*,XDY*,XDY.2*,XDY.5*,XDY.4*,LB.1.1*,XFT*,XDY.11*,XDY.7*	18	2025-02-02 to 2025-02-22 versus 2025-01-12 to 2025-02-01	0.835685	0.831031	-0.465	LP.8.1,XFC,KP.3.1.1,XEC,XEQ,KP.3,XEC.4,PA.1,MC.1,XEK,MC.10.1
15451	ORF1b	G15451A	G662S	XDV*	40	2025-07-06 to 2025-07-26 versus 2025-06-15 to 2025-07-05	0.107599	0.086661	-2.094	NB.1.8.1
4364	ORF1a	A4364C	I1367L	XEP*,XEC.2*,KP.3.3.4*	27	2025-04-06 to 2025-04-26 versus 2025-03-16 to 2025-04-05	0.034174	0.036202	+0.203	Does not define any major lineages.
21738	S	T21738C	F59S	XEC*,NB.1*,JN.1.18.7*,MR.2*,KR.1.4*,JN.1.18.6*,MZ.3*,XDR.1*,JN.1.42.1*,MU.3*,KP.1.1.5*,KS.1*,JN.1.13.1*,JN.1.18.2*,KP.3.1.8*,KP.3.3.8*,KP.2.10*,XEM*,JN.1.18.9*	28	2025-04-13 to 2025-05-03 versus 2025-03-23 to 2025-04-12	0.202837	0.189131	-1.371	XEC,XEQ,NB.1.8.1,XEC.4,XEK
7113	ORF1a	C7113T	T2283I	PY.5*,XDV*,JN.1.11.1*,KU.2*,XFG.19*	23	2025-03-09 to 2025-03-29 versus 2025-02-16 to 2025-03-08	0.359927	0.40498	+4.505	LP.8.1,XFC,KP.3.1.1,NB.1.8.1,KP.3,PA.1,MC.1,XEK,MC.10.1
6533	ORF1a	G6533T	V2090F	XEC.11.1*	22	2025-03-02 to 2025-03-22 versus 2025-02-09 to 2025-03-01	0.021377	0.031324	+0.995	Does not define any major lineages.
4364	ORF1a	A4364C	I1367L	XEP*,XEC.2*,KP.3.3.4*	9	2024-12-01 to 2024-12-21 versus 2024-11-10 to 2024-11-30	0.018715	0.03868	+1.997	Does not define any major lineages.
21137	ORF1b	A21137G	K2557R	JN.1.58*,MV.2*,KP.3.2.9*,JN.1.7.7*,NW.1.4*,MC.23*,MV.1.1*,XFG.2*,NL.12*	39	2025-06-29 to 2025-07-19 versus 2025-06-08 to 2025-06-28	0.090449	0.127879	+3.743	Does not define any major lineages.
10323	ORF1a	A10323G	K3353R	LP.8.1.5*,LF.7.8*,JN.1.52*,NY.7.2*,MC.10.2*	40	2025-07-06 to 2025-07-26 versus 2025-06-15 to 2025-07-05	0.033888	0.006528	-2.736	Does not define any major lineages.
28727	N	G28727T	A152S	PA.1*	24	2025-03-16 to 2025-04-05 versus 2025-02-23 to 2025-03-15	0.01188	0.017668	+0.579	PA.1
22926	S	T22926C	L455S	No associated lineages	30	2025-04-27 to 2025-05-17 versus 2025-04-06 to 2025-04-26	0.627668	0.481691	-14.598	JN.1
24257	S	G24257T	A899S	PA.1.4*,NF.1.1*	30	2025-04-27 to 2025-05-17 versus 2025-04-06 to 2025-04-26	0.022467	0.012462	-1.001	Does not define any major lineages.
24819	S	A24819G	K1086R	KP.1.1*,XFT*,KP.1*	19	2025-02-09 to 2025-03-01 versus 2025-01-19 to 2025-02-08	0.145267	0.32138	+17.611	LP.8.1,XFC
7113	ORF1a	C7113T	T2283I	PY.5*,XDV*,JN.1.11.1*,KU.2*,XFG.19*	11	2024-12-15 to 2025-01-04 versus 2024-11-24 to 2024-12-14	0.461951	0.45392	-0.803	LP.8.1,XFC,KP.3.1.1,NB.1.8.1,KP.3,PA.1,MC.1,XEK,MC.10.1
22926	S	T22926C	L455S	No associated lineages	8	2024-11-24 to 2024-12-14 versus 2024-11-03 to 2024-11-23	0.804112	0.758646	-4.547	JN.1
4683	ORF1a	C4683T	A1473V	XDV.1.5*,LB.1.4*,XFC.1.3*	37	2025-06-15 to 2025-07-05 versus 2025-05-25 to 2025-06-14	0.157493	0.205172	+4.768	NB.1.8.1
10301	ORF1a	C10301A	Q3346K	No associated lineages	25	2025-03-23 to 2025-04-12 versus 2025-03-02 to 2025-03-22	0.021241	0.001206	-2.004	Does not define any major lineages.
4809	ORF1a	C4809T	S1515F	XFC.1*	29	2025-04-20 to 2025-05-10 versus 2025-03-30 to 2025-04-19	0.011888	0.024291	+1.24	Does not define any major lineages.
15026	ORF1b	C15026T	A520V	No associated lineages	33	2025-05-18 to 2025-06-07 versus 2025-04-27 to 2025-05-17	0.02258	0.018945	-0.363	Does not define any major lineages.
18131	ORF1b	C18131T	T1555I	LB.1.3*	8	2024-11-24 to 2024-12-14 versus 2024-11-03 to 2024-11-23	0.016475	0.024261	+0.779	LB.1.3.1
7869	ORF1a	C7869T	S2535L	LF.7*	11	2024-12-15 to 2025-01-04 versus 2024-11-24 to 2024-12-14	0.032747	0.011265	-2.148	XFG,LF.7.9,LF.7.7.2,LF.7.2.1,LF.7,LF.7.7.1
25925	ORF3a	C25925T	P178L	LP.8.1*,LP.11*,XFT*,LP.8.2*	8	2024-11-24 to 2024-12-14 versus 2024-11-03 to 2024-11-23	0.011706	0.042665	+3.096	LP.8.1,XFC
22926	S	T22926C	L455S	No associated lineages	18	2025-02-02 to 2025-02-22 versus 2025-01-12 to 2025-02-01	0.88281	0.712013	-17.08	JN.1
10301	ORF1a	C10301A	Q3346K	No associated lineages	23	2025-03-09 to 2025-03-29 versus 2025-02-16 to 2025-03-08	0.001759	0.022661	+2.09	Does not define any major lineages.
15451	ORF1b	G15451A	G662S	XDV*	33	2025-05-18 to 2025-06-07 versus 2025-04-27 to 2025-05-17	0.035452	0.088313	+5.286	NB.1.8.1
8390	ORF1a	A8390G	I2709V	NB.1*	33	2025-05-18 to 2025-06-07 versus 2025-04-27 to 2025-05-17	0.077143	0.127874	+5.073	NB.1.8.1
24819	S	A24819G	K1086R	KP.1.1*,XFT*,KP.1*	15	2025-01-12 to 2025-02-01 versus 2024-12-22 to 2025-01-11	0.113991	0.129061	+1.507	LP.8.1,XFC
7267	ORF1a	C7267A	F2334L	No associated lineages	41	2025-07-13 to 2025-08-02 versus 2025-06-22 to 2025-07-12	0.032421	0.020757	-1.166	Does not define any major lineages.
21738	S	T21738C	F59S	XEC*,NB.1*,JN.1.18.7*,MR.2*,KR.1.4*,JN.1.18.6*,MZ.3*,XDR.1*,JN.1.42.1*,MU.3*,KP.1.1.5*,KS.1*,JN.1.13.1*,JN.1.18.2*,KP.3.1.8*,KP.3.3.8*,KP.2.10*,XEM*,JN.1.18.9*	17	2025-01-26 to 2025-02-15 versus 2025-01-05 to 2025-01-25	0.492405	0.409579	-8.283	XEC,XEQ,NB.1.8.1,XEC.4,XEK
3939	ORF1a	G3939T	R1225I	XFT*,LF.7.7*	36	2025-06-08 to 2025-06-28 versus 2025-05-18 to 2025-06-07	0.023505	0.008093	-1.541	LF.7.7.2,LF.7.7.1
23021	S	A23021G	N487D	XFG*,NY.11*,NY.11.1*,LP.8.1.2*	28	2025-04-13 to 2025-05-03 versus 2025-03-23 to 2025-04-12	0.008876	0.024831	+1.595	XFG
29625	ORF10	C29625T	S23F	No associated lineages	29	2025-04-20 to 2025-05-10 versus 2025-03-30 to 2025-04-19	0.014099	0.033897	+1.98	Does not define any major lineages.
22926	S	T22926C	L455S	No associated lineages	6	2024-11-10 to 2024-11-30 versus 2024-10-20 to 2024-11-09	0.711206	0.778207	+6.7	JN.1
23039	S	C23039G	Q493E	LP.8.1*,XFG*,KP.3*,XEQ*,XFH*,JN.1.16.4*,XDY*,JN.1.16.5*,LP.8.2*,KP.3.4*,XDY.9*,XEF*,XDY.1*,XFT*,XDY.5*,XDY.4*,XDY.11*,LF.7.1.11*,XET*,XDY.3*,NB.1.8*,XDY.6*,XDY.8*,XDY.2*,XDY.7*	12	2024-12-22 to 2025-01-11 versus 2024-12-01 to 2024-12-21	0.811711	0.802187	-0.952	XFG,LP.8.1,XFC,KP.3.1.1,XEC,XEQ,NB.1.8.1,KP.3,XEC.4,PA.1,MC.1,XEK,MC.10.1
2060	ORF1a	G2060A	A599T	XEC*,MC.24.1*	37	2025-06-15 to 2025-07-05 versus 2025-05-25 to 2025-06-14	0.025452	0.026866	+0.141	XEC,XEC.4
24872	S	G24872T	V1104L	XEQ*,XDY.3*,XDY.9*,XDY.6*,JN.1.11*,XEF*,XDY.8*,XDY.1*,XDY*,XDY.2*,XDY.5*,XDY.4*,LB.1.1*,XFT*,XDY.11*,XDY.7*	42	2025-07-20 to 2025-08-09 versus 2025-06-29 to 2025-07-19	0.238336	0.152055	-8.628	LP.8.1,XFC,KP.3.1.1,XEC,XEQ,KP.3,XEC.4,PA.1,MC.1,XEK,MC.10.1
25925	ORF3a	C25925T	P178L	LP.8.1*,LP.11*,XFT*,LP.8.2*	25	2025-03-23 to 2025-04-12 versus 2025-03-02 to 2025-03-22	0.378275	0.453496	+7.522	LP.8.1,XFC
25925	ORF3a	C25925T	P178L	LP.8.1*,LP.11*,XFT*,LP.8.2*	39	2025-06-29 to 2025-07-19 versus 2025-06-08 to 2025-06-28	0.341686	0.287521	-5.416	LP.8.1,XFC
13121	ORF1a	A13121T	S4286C	KP.3.1.1*,XFA*,XFK*,XEW*	7	2024-11-17 to 2024-12-07 versus 2024-10-27 to 2024-11-16	0.499397	0.360646	-13.875	KP.3.1.1,PA.1,MC.1,MC.10.1
15009	ORF1b	T15009A	D514E	No associated lineages	31	2025-05-04 to 2025-05-24 versus 2025-04-13 to 2025-05-03	0.029798	0.036639	+0.684	Does not define any major lineages.
28254	ORF8	A28254-28254del	121fs	No associated lineages	37	2025-06-15 to 2025-07-05 versus 2025-05-25 to 2025-06-14	0.018547	0.020792	+0.225	Does not define any major lineages.
22865	S	G22865T	A435S	NB.1.8.1*,MC.10.1*,XEC.32.1*,XFN*,KP.3.3.5*,MC.31*,XDV.1.9.1*,XEC.20.1*,XEC.18.2*,MU.6*,MC.21.1*,MC.28.1*,MC.30.1.1*,PG.1*,PY.1.1.1*,KP.2.14.2*,XEP*,LP.10.1.1*,MU.2.1.1*,XDY.1*,MC.13.2*,XEC.25.1*,XEC.14.1.1*,PT.1*,XFB*,PY.1.4.1*,XDY.3*,MC.46.1*,KP.3.3.2*,XEC.4.5.1*,XEC.4.6.1*,KP.3.7*	19	2025-02-09 to 2025-03-01 versus 2025-01-19 to 2025-02-08	0.062629	0.105331	+4.27	NB.1.8.1,PA.1,MC.10.1
18131	ORF1b	C18131T	T1555I	LB.1.3*	29	2025-04-20 to 2025-05-10 versus 2025-03-30 to 2025-04-19	0.020934	0.017379	-0.356	LB.1.3.1
6720	ORF1a	C6720T	T2152I	NY.7.1*,JN.1.65*	32	2025-05-11 to 2025-05-31 versus 2025-04-20 to 2025-05-10	0.020754	0.010067	-1.069	Does not define any major lineages.
12854	ORF1a	C12854T	P4197S	NB.1*	34	2025-05-25 to 2025-06-14 versus 2025-05-04 to 2025-05-24	0.136824	0.208017	+7.119	NB.1.8.1
21627	S	C21627A	T22N	XFC*,XEC*,LF.7*,XEQ*,KP.3.3.9*,XFP*,MB.1.1*,NB.1*,KP.2.14*,KS.1.5*,JN.1.18.7*,MR.2*,XEN*,XDV.1.7.1*,MT.1.1*,PF.2*,KP.3.1.9*,PB.1*,MU.6*,JN.1.16.5*,PM.1*,KP.2.26*,LF.8.1.1*,KP.3.6*,MU.3*,KP.2.18*,KS.1.1*,MG.3*,NG.1*,LJ.1*,MJ.1.1*,XER*,PB.2*,KP.2.2.1*,NW.1.2*,MC.24.1*,LP.8.1.6*,PP.1*,XEL*	24	2025-03-16 to 2025-04-05 versus 2025-02-23 to 2025-03-15	0.42738	0.404881	-2.25	XFG,XFC,XEC,XEQ,NB.1.8.1,LF.7.9,XEC.4,LF.7.7.2,LF.7.2.1,XEK,LF.7,LF.7.7.1
10323	ORF1a	A10323G	K3353R	LP.8.1.5*,LF.7.8*,JN.1.52*,NY.7.2*,MC.10.2*	13	2024-12-29 to 2025-01-18 versus 2024-12-08 to 2024-12-28	0.050402	0.00898	-4.142	Does not define any major lineages.
2060	ORF1a	G2060A	A599T	XEC*,MC.24.1*	31	2025-05-04 to 2025-05-24 versus 2025-04-13 to 2025-05-03	0.0587	0.062399	+0.37	XEC,XEC.4
22994	S	A22994G, C22995A	T478E	LZ.2.1.1*,NY.17.1*,LF.7.8*,LP.8.1.15*,NY.7.2*,XFC.1.4*,ND.2*,NY.1.2*,PF.1*,NY.10*,NY.3.2*,XFC.1.1.1*,KP.2.13*	28	2025-04-13 to 2025-05-03 versus 2025-03-23 to 2025-04-12	0.001673	0.033113	+3.144	Does not define any major lineages.
24819	S	A24819G	K1086R	KP.1.1*,XFT*,KP.1*	27	2025-04-06 to 2025-04-26 versus 2025-03-16 to 2025-04-05	0.520926	0.600716	+7.979	LP.8.1,XFC
28144	ORF8	T28144C	L84S	XFP*	42	2025-07-20 to 2025-08-09 versus 2025-06-29 to 2025-07-19	0.028425	0.000364	-2.806	Does not define any major lineages.
6255	ORF1a	C6255T	A1997V	LP.8.1*,LP.11*,XFV*,LP.8.2*	26	2025-03-30 to 2025-04-19 versus 2025-03-09 to 2025-03-29	0.442041	0.507298	+6.526	LP.8.1,XFC
22031	S	T22031-22031del, 22035-insertG	FR157-158SG	No associated lineages	31	2025-05-04 to 2025-05-24 versus 2025-04-13 to 2025-05-03	0.762952	0.565634	-19.732	Does not define any major lineages.
18508	ORF1b	C18508T	L1681F	NY.18*,LF.7.9.4*	34	2025-05-25 to 2025-06-14 versus 2025-05-04 to 2025-05-24	0.036956	0.004652	-3.23	Does not define any major lineages.
13121	ORF1a	A13121T	S4286C	KP.3.1.1*,XFA*,XFK*,XEW*	33	2025-05-18 to 2025-06-07 versus 2025-04-27 to 2025-05-17	0.042046	0.0184	-2.365	KP.3.1.1,PA.1,MC.1,MC.10.1
21738	S	T21738C	F59S	XEC*,NB.1*,JN.1.18.7*,MR.2*,KR.1.4*,JN.1.18.6*,MZ.3*,XDR.1*,JN.1.42.1*,MU.3*,KP.1.1.5*,KS.1*,JN.1.13.1*,JN.1.18.2*,KP.3.1.8*,KP.3.3.8*,KP.2.10*,XEM*,JN.1.18.9*	2	2024-10-13 to 2024-11-02 versus 2024-09-22 to 2024-10-12	0.09444	0.230786	+13.635	XEC,XEQ,NB.1.8.1,XEC.4,XEK
22884	S	T22884G	L441R	LF.7.9*,LF.7.6.2*,XFP*,MV.1.5*	37	2025-06-15 to 2025-07-05 versus 2025-05-25 to 2025-06-14	0.025429	0.032457	+0.703	LF.7.9
5784	ORF1a	C5784T	T1840I	MC.32*,MC.10.1.8*,XFJ.3*	22	2025-03-02 to 2025-03-22 versus 2025-02-09 to 2025-03-01	0.023771	0.024144	+0.037	Does not define any major lineages.
6720	ORF1a	C6720T	T2152I	NY.7.1*,JN.1.65*	33	2025-05-18 to 2025-06-07 versus 2025-04-27 to 2025-05-17	0.022289	0.022717	+0.043	Does not define any major lineages.
22884	S	T22884G	L441R	LF.7.9*,LF.7.6.2*,XFP*,MV.1.5*	32	2025-05-11 to 2025-05-31 versus 2025-04-20 to 2025-05-10	0.013997	0.024871	+1.087	LF.7.9
21653	S	T21653C	S31P	XFC*,LF.7*,XFN*,XFP*,MT.1*,KP.2.26*,KP.3.2.6*,MJ.1*,NF.1*,XER*,JN.1.40*	18	2025-02-02 to 2025-02-22 versus 2025-01-12 to 2025-02-01	0.03321	0.02815	-0.506	XFG,XFC,LF.7.9,LF.7.7.2,LF.7.2.1,LF.7,LF.7.7.1
28254	ORF8	A28254-28254del	121fs	No associated lineages	32	2025-05-11 to 2025-05-31 versus 2025-04-20 to 2025-05-10	0.01198	0.022188	+1.021	Does not define any major lineages.
25693	ORF3a	C25693T	L101F	NW.1*	24	2025-03-16 to 2025-04-05 versus 2025-02-23 to 2025-03-15	0.030282	0.00877	-2.151	Does not define any major lineages.
5690	ORF1a	G5690A	A1809T	MV.1.1.1*	26	2025-03-30 to 2025-04-19 versus 2025-03-09 to 2025-03-29	0.021522	0.000693	-2.083	Does not define any major lineages.
22893	S	A22893G	K444R	LF.7*,JN.1.23*,JN.1.61*,XER*,NY.3.1.1*,NA.1.1*	30	2025-04-27 to 2025-05-17 versus 2025-04-06 to 2025-04-26	0.060439	0.066927	+0.649	XFG,LF.7.9,LF.7.7.2,LF.7.2.1,LF.7,LF.7.7.1
14290	ORF1b	G14290T	D275Y	NB.1*	37	2025-06-15 to 2025-07-05 versus 2025-05-25 to 2025-06-14	0.177628	0.207344	+2.972	NB.1.8.1
9866	ORF1a	C9866T	L3201F	XDR*	37	2025-06-15 to 2025-07-05 versus 2025-05-25 to 2025-06-14	0.199071	0.189839	-0.923	NB.1.8.1
4809	ORF1a	C4809T	S1515F	XFC.1*	31	2025-05-04 to 2025-05-24 versus 2025-04-13 to 2025-05-03	0.029261	0.009161	-2.01	Does not define any major lineages.
28883	N	G28883C, G28884C	G204P	PP.1.1.1*,MC.24.1*,PQ.1.1*,KP.3.3*,XEP*	42	2025-07-20 to 2025-08-09 versus 2025-06-29 to 2025-07-19	0.031306	0.010938	-2.037	XEC,XEC.4,XEK
3939	ORF1a	G3939T	R1225I	XFT*,LF.7.7*	35	2025-06-01 to 2025-06-21 versus 2025-05-11 to 2025-05-31	0.024453	0.011845	-1.261	LF.7.7.2,LF.7.7.1
22599	S	G22599C	R346T	XFN*,JN.1.24.1*,MC.13.2.4*,LE.1*,MC.31*,XED*,JN.1.59.1*,MF.1*,KR.5*,MC.32.1*,JN.1.48.1*,MC.28.1.1*,XDD.1.1.1*,MC.33.1*,NB.1.2.1*,MZ.3*,PJ.1*,JN.1.11.2*,JN.1.8.2*,KZ.1.1*,LN.1.1*,XDR.1*,LU.1*,XEP.1.1*,JN.1.7.3*,MU.3*,JN.1.16.1*,JN.1.29.1*,LF.6*,JN.1.44.1*,LG.1*,KS.1*,XEH*,LF.8*,JN.1.25.1*,MC.17.1*,JN.1.18*,MQ.1*,JN.1.30.1*,NU.1*,LU.2*,JN.1.6.1*,MC.19*,KP.2*,PK.1*,JN.1.50.1*,JN.1.4.4*,JN.1.49.1*,MC.13.3.1*,MK.3*,JN.1.26*,MC.13.2.1*,PG.3*,JN.1.39.2*,JN.1.58.2*,JN.1.42.2*,KQ.1*,JN.1.1.3*,XEM*,JN.1.1.5*,KP.4.1*,MC.10.1.6*,JN.1.48.2*,JN.1.48.3*,JN.1.9.2*,XEC.27*,JN.1.18.8*,XES.1*,MC.33.2*,NB.1.6.1*,XDK.1*,MC.13.2.2*,XEK.7*	42	2025-07-20 to 2025-08-09 versus 2025-06-29 to 2025-07-19	0.635283	0.537002	-9.828	XFG,LP.8.1,LB.1.3.1,XFC,XEQ,LF.7.9,LF.7.7.2,LF.7.2.1,LF.7,LF.7.7.1
11727	ORF1a	G11727A	R3821K	No associated lineages	20	2025-02-16 to 2025-03-08 versus 2025-01-26 to 2025-02-15	0.978255	0.920673	-5.758	JN.1
405	ORF1a	A405G	K47R	XDR*,XDK*,XDS*,XDD*	42	2025-07-20 to 2025-08-09 versus 2025-06-29 to 2025-07-19	0.183665	0.176262	-0.74	NB.1.8.1
11083	ORF1a	G11083T	L3606F	LK.1*,KP.3.4.1*,MM.2*,KP.2.20*,NY.1.2*,XFJ.3*	2	2024-10-13 to 2024-11-02 versus 2024-09-22 to 2024-10-12	0.033466	0.012843	-2.062	Does not define any major lineages.
25925	ORF3a	C25925T	P178L	LP.8.1*,LP.11*,XFT*,LP.8.2*	14	2025-01-05 to 2025-01-25 versus 2024-12-15 to 2025-01-04	0.076227	0.148089	+7.186	LP.8.1,XFC
21654	S	C21654T	S31F	KP.3.3.9*,KP.3.4.1*,LF.8.1*,KP.2.14*,LC.1*,JN.1.1.7*,MD.3.1.4*,KP.3.1.3*,KP.4.2.1*,XEN*,MK.1*,MZ.1*,JN.1.20*,MB.1*,KP.2.7*,JN.1.58.3*,KP.1.1.6*	16	2025-01-19 to 2025-02-08 versus 2024-12-29 to 2025-01-18	0.004593	0.020368	+1.578	Does not define any major lineages.
29409	N	C29409T	T379I	XFG*,LF.7.9*,LB.1.3.1*,NT.1*,MC.10.1.3*,XDS*,XEC.2.3*,NS.3*,XEC.35.1*	10	2024-12-08 to 2024-12-28 versus 2024-11-17 to 2024-12-07	0.026237	0.02776	+0.152	XFG,LB.1.3.1,LF.7.9
21627	S	C21627A	T22N	XFC*,XEC*,LF.7*,XEQ*,KP.3.3.9*,XFP*,MB.1.1*,NB.1*,KP.2.14*,KS.1.5*,JN.1.18.7*,MR.2*,XEN*,XDV.1.7.1*,MT.1.1*,PF.2*,KP.3.1.9*,PB.1*,MU.6*,JN.1.16.5*,PM.1*,KP.2.26*,LF.8.1.1*,KP.3.6*,MU.3*,KP.2.18*,KS.1.1*,MG.3*,NG.1*,LJ.1*,MJ.1.1*,XER*,PB.2*,KP.2.2.1*,NW.1.2*,MC.24.1*,LP.8.1.6*,PP.1*,XEL*	33	2025-05-18 to 2025-06-07 versus 2025-04-27 to 2025-05-17	0.272919	0.496169	+22.325	XFG,XFC,XEC,XEQ,NB.1.8.1,LF.7.9,XEC.4,LF.7.7.2,LF.7.2.1,XEK,LF.7,LF.7.7.1
22107	S	A22107G	K182R	XFC*,LF.7*,XFN*,XFP*,XER*,KP.2.2.2*,LB.1.3.3*,MC.15*,XEC.1*	26	2025-03-30 to 2025-04-19 versus 2025-03-09 to 2025-03-29	0.064375	0.052339	-1.204	XFG,XFC,LF.7.9,LF.7.7.2,LF.7.2.1,LF.7,LF.7.7.1
7262	ORF1a	C7262A	L2333I	No associated lineages	38	2025-06-22 to 2025-07-12 versus 2025-06-01 to 2025-06-21	0.050248	0.063212	+1.296	Does not define any major lineages.
25083	S	C25083T	A1174V	NW.1*,KP.2.3.12*,MC.1.2*,XEC.28*	42	2025-07-20 to 2025-08-09 versus 2025-06-29 to 2025-07-19	0.05367	0.033261	-2.041	Does not define any major lineages.
6533	ORF1a	G6533T	V2090F	XEC.11.1*	20	2025-02-16 to 2025-03-08 versus 2025-01-26 to 2025-02-15	0.008563	0.023178	+1.462	Does not define any major lineages.
25693	ORF3a	C25693T	L101F	NW.1*	25	2025-03-23 to 2025-04-12 versus 2025-03-02 to 2025-03-22	0.035638	0.008577	-2.706	Does not define any major lineages.
29625	ORF10	C29625T	S23F	No associated lineages	33	2025-05-18 to 2025-06-07 versus 2025-04-27 to 2025-05-17	0.035074	0.029319	-0.576	Does not define any major lineages.
14290	ORF1b	G14290T	D275Y	NB.1*	34	2025-05-25 to 2025-06-14 versus 2025-05-04 to 2025-05-24	0.108752	0.177628	+6.888	NB.1.8.1
6255	ORF1a	C6255T	A1997V	LP.8.1*,LP.11*,XFV*,LP.8.2*	18	2025-02-02 to 2025-02-22 versus 2025-01-12 to 2025-02-01	0.172415	0.247246	+7.483	LP.8.1,XFC
22926	S	T22926C	L455S	No associated lineages	39	2025-06-29 to 2025-07-19 versus 2025-06-08 to 2025-06-28	0.743358	0.768037	+2.468	JN.1
7869	ORF1a	C7869T	S2535L	LF.7*	40	2025-07-06 to 2025-07-26 versus 2025-06-15 to 2025-07-05	0.341698	0.482733	+14.104	XFG,LF.7.9,LF.7.7.2,LF.7.2.1,LF.7,LF.7.7.1
22893	S	A22893G	K444R	LF.7*,JN.1.23*,JN.1.61*,XER*,NY.3.1.1*,NA.1.1*	27	2025-04-06 to 2025-04-26 versus 2025-03-16 to 2025-04-05	0.091995	0.060439	-3.156	XFG,LF.7.9,LF.7.7.2,LF.7.2.1,LF.7,LF.7.7.1
15009	ORF1b	T15009A	D514E	No associated lineages	27	2025-04-06 to 2025-04-26 versus 2025-03-16 to 2025-04-05	0.036872	0.024908	-1.196	Does not define any major lineages.
24819	S	A24819G	K1086R	KP.1.1*,XFT*,KP.1*	38	2025-06-22 to 2025-07-12 versus 2025-06-01 to 2025-06-21	0.374199	0.312182	-6.202	LP.8.1,XFC
25793	ORF3a	G25793A	R134H	XDV.1.5.1*	37	2025-06-15 to 2025-07-05 versus 2025-05-25 to 2025-06-14	0.051292	0.069331	+1.804	NB.1.8.1
16342	ORF1b	T16342C	S959P	XDV*	6	2024-11-10 to 2024-11-30 versus 2024-10-20 to 2024-11-09	0.0221	0.000639	-2.146	NB.1.8.1
6543	ORF1a	C6543T	T2093I	XFG.5.1*,KP.2.3.10*,KP.3.3.7*,KP.2.11*,NL.10*,PF.2.3*	36	2025-06-08 to 2025-06-28 versus 2025-05-18 to 2025-06-07	0.019255	0.014324	-0.493	Does not define any major lineages.
22865	S	G22865T	A435S	NB.1.8.1*,MC.10.1*,XEC.32.1*,XFN*,KP.3.3.5*,MC.31*,XDV.1.9.1*,XEC.20.1*,XEC.18.2*,MU.6*,MC.21.1*,MC.28.1*,MC.30.1.1*,PG.1*,PY.1.1.1*,KP.2.14.2*,XEP*,LP.10.1.1*,MU.2.1.1*,XDY.1*,MC.13.2*,XEC.25.1*,XEC.14.1.1*,PT.1*,XFB*,PY.1.4.1*,XDY.3*,MC.46.1*,KP.3.3.2*,XEC.4.5.1*,XEC.4.6.1*,KP.3.7*	36	2025-06-08 to 2025-06-28 versus 2025-05-18 to 2025-06-07	0.205571	0.226074	+2.05	NB.1.8.1,PA.1,MC.10.1
21738	S	T21738C	F59S	XEC*,NB.1*,JN.1.18.7*,MR.2*,KR.1.4*,JN.1.18.6*,MZ.3*,XDR.1*,JN.1.42.1*,MU.3*,KP.1.1.5*,KS.1*,JN.1.13.1*,JN.1.18.2*,KP.3.1.8*,KP.3.3.8*,KP.2.10*,XEM*,JN.1.18.9*	21	2025-02-23 to 2025-03-15 versus 2025-02-02 to 2025-02-22	0.419084	0.362545	-5.654	XEC,XEQ,NB.1.8.1,XEC.4,XEK
22926	S	T22926C	L455S	No associated lineages	1	2024-10-06 to 2024-10-26 versus 2024-09-15 to 2024-10-05	0.152454	0.73883	+58.638	JN.1
25925	ORF3a	C25925T	P178L	LP.8.1*,LP.11*,XFT*,LP.8.2*	32	2025-05-11 to 2025-05-31 versus 2025-04-20 to 2025-05-10	0.548328	0.577542	+2.921	LP.8.1,XFC
14290	ORF1b	G14290T	D275Y	NB.1*	29	2025-04-20 to 2025-05-10 versus 2025-03-30 to 2025-04-19	0.033343	0.0701	+3.676	NB.1.8.1
23856	S	G23856T	R765L	MC.41*,NY.3*,XEK.1.2.1*,XEC.2.5*	33	2025-05-18 to 2025-06-07 versus 2025-04-27 to 2025-05-17	0.024252	0.020932	-0.332	Does not define any major lineages.
28883	N	G28883C, G28884C	G204P	PP.1.1.1*,MC.24.1*,PQ.1.1*,KP.3.3*,XEP*	35	2025-06-01 to 2025-06-21 versus 2025-05-11 to 2025-05-31	0.062046	0.033986	-2.806	XEC,XEC.4,XEK
7113	ORF1a	C7113T	T2283I	PY.5*,XDV*,JN.1.11.1*,KU.2*,XFG.19*	28	2025-04-13 to 2025-05-03 versus 2025-03-23 to 2025-04-12	0.511207	0.505068	-0.614	LP.8.1,XFC,KP.3.1.1,NB.1.8.1,KP.3,PA.1,MC.1,XEK,MC.10.1
27476	ORF7a	C27476T	T28I	LB.1.3.1*,JN.1.8*,JN.1.8.1*	20	2025-02-16 to 2025-03-08 versus 2025-01-26 to 2025-02-15	0.035393	0.041813	+0.642	LB.1.3.1
25793	ORF3a	G25793A	R134H	XDV.1.5.1*	38	2025-06-22 to 2025-07-12 versus 2025-06-01 to 2025-06-21	0.062199	0.065359	+0.316	NB.1.8.1
6629	ORF1a	C6629T	L2122F	XFG.3.1*	41	2025-07-13 to 2025-08-02 versus 2025-06-22 to 2025-07-12	0.003298	0.034645	+3.135	Does not define any major lineages.
3686	ORF1a	C3686T	H1141Y	XDV.1.5.1*	35	2025-06-01 to 2025-06-21 versus 2025-05-11 to 2025-05-31	0.105454	0.145711	+4.026	NB.1.8.1
16457	ORF1b	C16457T	S997L	XFG.4.1*	42	2025-07-20 to 2025-08-09 versus 2025-06-29 to 2025-07-19	0.027013	0.030279	+0.327	Does not define any major lineages.
22120	S	C22120A	F186L	LP.8.1*,LP.8.2*,XFT*	41	2025-07-13 to 2025-08-02 versus 2025-06-22 to 2025-07-12	0.191251	0.10726	-8.399	LP.8.1
21653	S	T21653C	S31P	XFC*,LF.7*,XFN*,XFP*,MT.1*,KP.2.26*,KP.3.2.6*,MJ.1*,NF.1*,XER*,JN.1.40*	14	2025-01-05 to 2025-01-25 versus 2024-12-15 to 2025-01-04	0.026722	0.03675	+1.003	XFG,XFC,LF.7.9,LF.7.7.2,LF.7.2.1,LF.7,LF.7.7.1
7279	ORF1a	C7279A	F2338L	No associated lineages	35	2025-06-01 to 2025-06-21 versus 2025-05-11 to 2025-05-31	0.020937	0.024582	+0.364	Does not define any major lineages.
18131	ORF1b	C18131T	T1555I	LB.1.3*	30	2025-04-27 to 2025-05-17 versus 2025-04-06 to 2025-04-26	0.021927	0.014878	-0.705	LB.1.3.1
22928	S	T22928C	F456L	JN.1.7.9*,LR.1*,KU.2*,JN.1.39.1*,KR.5*,KR.1*,JN.1.67.1*,JN.1.48.1*,JN.1.62*,NS.3*,LN.1.1*,KR.3*,JN.1.29.1*,JN.1.1.8*,JN.1.4.9*,LF.6*,XDR.1.1*,KS.1*,LF.8*,JN.1.18.5*,LL.1*,XDK.1.2*,KR.4.1*,XDK.4.1*,LM.1*,MD.3.1*,LZ.1*,KW.1.1*,XDD.3*,LQ.1*,JN.1.1.6*,XDK.3*,JN.1.11.1*,JN.1.55.2*,JN.1.16*,XDK.6*,JN.1.55.1*,JN.1.48.3*,LR.3*,JN.1.50*,JN.1.51.1*,JN.1.15.1*,MD.1*,JN.1.7.8*,XDK.5*,LZ.2.2*,XDV.1*,JN.1.18.9*,JN.1.18.4*,LZ.2.1*,LE.1.3.1*,JN.1.65.1*	34	2025-05-25 to 2025-06-14 versus 2025-05-04 to 2025-05-24	0.509081	0.739386	+23.03	XFG,LP.8.1,LB.1.3.1,XFC,KP.3.1.1,XEC,XEQ,NB.1.8.1,LF.7.9,KP.3,XEC.4,LF.7.7.2,PA.1,MC.1,LF.7.2.1,XEK,LF.7,LF.7.7.1,MC.10.1
27810	ORF7b	T27810C	F19L	No associated lineages	14	2025-01-05 to 2025-01-25 versus 2024-12-15 to 2025-01-04	0.664483	0.733189	+6.871	JN.1
11727	ORF1a	G11727A	R3821K	No associated lineages	11	2024-12-15 to 2025-01-04 versus 2024-11-24 to 2024-12-14	0.884719	0.977509	+9.279	JN.1
7252	ORF1a	G7252T	L2329F	No associated lineages	39	2025-06-29 to 2025-07-19 versus 2025-06-08 to 2025-06-28	0.028662	0.036262	+0.76	Does not define any major lineages.
21652	S	TTC21652-21654del	NS30-31Ndel	No associated lineages	28	2025-04-13 to 2025-05-03 versus 2025-03-23 to 2025-04-12	0.535362	0.520248	-1.511	LP.8.1,LB.1.3.1,KP.3.1.1,PA.1,MC.1,MC.10.1
22893	S	A22893G	K444R	LF.7*,JN.1.23*,JN.1.61*,XER*,NY.3.1.1*,NA.1.1*	9	2024-12-01 to 2024-12-21 versus 2024-11-10 to 2024-11-30	0.038647	0.046763	+0.812	XFG,LF.7.9,LF.7.7.2,LF.7.2.1,LF.7,LF.7.7.1
29625	ORF10	C29625T	S23F	No associated lineages	34	2025-05-25 to 2025-06-14 versus 2025-05-04 to 2025-05-24	0.018926	0.033532	+1.461	Does not define any major lineages.
21627	S	C21627A	T22N	XFC*,XEC*,LF.7*,XEQ*,KP.3.3.9*,XFP*,MB.1.1*,NB.1*,KP.2.14*,KS.1.5*,JN.1.18.7*,MR.2*,XEN*,XDV.1.7.1*,MT.1.1*,PF.2*,KP.3.1.9*,PB.1*,MU.6*,JN.1.16.5*,PM.1*,KP.2.26*,LF.8.1.1*,KP.3.6*,MU.3*,KP.2.18*,KS.1.1*,MG.3*,NG.1*,LJ.1*,MJ.1.1*,XER*,PB.2*,KP.2.2.1*,NW.1.2*,MC.24.1*,LP.8.1.6*,PP.1*,XEL*	27	2025-04-06 to 2025-04-26 versus 2025-03-16 to 2025-04-05	0.404881	0.262653	-14.223	XFG,XFC,XEC,XEQ,NB.1.8.1,LF.7.9,XEC.4,LF.7.7.2,LF.7.2.1,XEK,LF.7,LF.7.7.1
22893	S	A22893G	K444R	LF.7*,JN.1.23*,JN.1.61*,XER*,NY.3.1.1*,NA.1.1*	31	2025-05-04 to 2025-05-24 versus 2025-04-13 to 2025-05-03	0.078663	0.102109	+2.345	XFG,LF.7.9,LF.7.7.2,LF.7.2.1,LF.7,LF.7.7.1
22895	S	G22895C, T22896G	V445R	LP.8.1*,XFG*,NZ.1*,LP.8.2*,MK.3*,LF.7.12.1*,MC.32.1*,XEC.27*,XFT*,MC.33.1*,MC.19.1*	42	2025-07-20 to 2025-08-09 versus 2025-06-29 to 2025-07-19	0.370918	0.282465	-8.845	XFG,LP.8.1,XFC
23039	S	C23039G	Q493E	LP.8.1*,XFG*,KP.3*,XEQ*,XFH*,JN.1.16.4*,XDY*,JN.1.16.5*,LP.8.2*,KP.3.4*,XDY.9*,XEF*,XDY.1*,XFT*,XDY.5*,XDY.4*,XDY.11*,LF.7.1.11*,XET*,XDY.3*,NB.1.8*,XDY.6*,XDY.8*,XDY.2*,XDY.7*	18	2025-02-02 to 2025-02-22 versus 2025-01-12 to 2025-02-01	0.823996	0.788706	-3.529	XFG,LP.8.1,XFC,KP.3.1.1,XEC,XEQ,NB.1.8.1,KP.3,XEC.4,PA.1,MC.1,XEK,MC.10.1
9431	ORF1a	G9431A	V3056I	No associated lineages	12	2024-12-22 to 2025-01-11 versus 2024-12-01 to 2024-12-21	0.006196	0.022291	+1.609	Does not define any major lineages.
23277	S	C23277T	T572I	XFG*,XEC.4*,MC.1*,XDK*,MU.1*,MC.13.4*,XFA*,LF.7.1.8*,MV.1.6*,KP.2.15.1*,JN.1.32*,NY.16.1*,XDV.1.3*,XDY.1.1*,NT.2.1*,PW.1*,MC.6.1*,JN.1.62*,XEC.35*,MH.1*,KP.2.27*,JN.1.16.3*,LF.7.3.6*,NY.19*,JN.1.47.2*,MC.30.1.1*,KP.2.3.8*,KP.2.14.1*,XEC.21*,MC.26.1*,NB.1.3.1*,LZ.3*,LP.4*,LB.1.2.2*,XDY.5.1*,JN.1.9.1*,JN.1.1.1*,KP.2.9*,KP.2.2.2*,XDD.3*,XEC.37*,XEC.2.2.1*,LF.7.6.5*,LD.1*,JN.1.7*,LF.7.7*,MC.9.2*,KP.1.2*,XFB*,LF.7.10.1*,KP.2.3.6*,XEC.25.1.1*,NL.5.1*,KV.2*,MG.1*,XEF.3*,NL.13*,JN.1.65*,MZ.5*,KW.1*,MC.11.3.1*,JN.1.4.3*,MC.8.1*,KP.5*	18	2025-02-02 to 2025-02-22 versus 2025-01-12 to 2025-02-01	0.087944	0.076599	-1.134	XFG,XEC.4,MC.1,LF.7.7.1
11003	ORF1a	C11003T	H3580Y	PA.3*	14	2025-01-05 to 2025-01-25 versus 2024-12-15 to 2025-01-04	0.010759	0.0276	+1.684	Does not define any major lineages.
29409	N	C29409T	T379I	XFG*,LF.7.9*,LB.1.3.1*,NT.1*,MC.10.1.3*,XDS*,XEC.2.3*,NS.3*,XEC.35.1*	6	2024-11-10 to 2024-11-30 versus 2024-10-20 to 2024-11-09	0.018948	0.025405	+0.646	XFG,LB.1.3.1,LF.7.9
23277	S	C23277T	T572I	XFG*,XEC.4*,MC.1*,XDK*,MU.1*,MC.13.4*,XFA*,LF.7.1.8*,MV.1.6*,KP.2.15.1*,JN.1.32*,NY.16.1*,XDV.1.3*,XDY.1.1*,NT.2.1*,PW.1*,MC.6.1*,JN.1.62*,XEC.35*,MH.1*,KP.2.27*,JN.1.16.3*,LF.7.3.6*,NY.19*,JN.1.47.2*,MC.30.1.1*,KP.2.3.8*,KP.2.14.1*,XEC.21*,MC.26.1*,NB.1.3.1*,LZ.3*,LP.4*,LB.1.2.2*,XDY.5.1*,JN.1.9.1*,JN.1.1.1*,KP.2.9*,KP.2.2.2*,XDD.3*,XEC.37*,XEC.2.2.1*,LF.7.6.5*,LD.1*,JN.1.7*,LF.7.7*,MC.9.2*,KP.1.2*,XFB*,LF.7.10.1*,KP.2.3.6*,XEC.25.1.1*,NL.5.1*,KV.2*,MG.1*,XEF.3*,NL.13*,JN.1.65*,MZ.5*,KW.1*,MC.11.3.1*,JN.1.4.3*,MC.8.1*,KP.5*	5	2024-11-03 to 2024-11-23 versus 2024-10-13 to 2024-11-02	0.05601	0.068954	+1.294	XFG,XEC.4,MC.1,LF.7.7.1
29409	N	C29409T	T379I	XFG*,LF.7.9*,LB.1.3.1*,NT.1*,MC.10.1.3*,XDS*,XEC.2.3*,NS.3*,XEC.35.1*	34	2025-05-25 to 2025-06-14 versus 2025-05-04 to 2025-05-24	0.090583	0.173387	+8.28	XFG,LB.1.3.1,LF.7.9
24819	S	A24819G	K1086R	KP.1.1*,XFT*,KP.1*	33	2025-05-18 to 2025-06-07 versus 2025-04-27 to 2025-05-17	0.576722	0.514474	-6.225	LP.8.1,XFC
6255	ORF1a	C6255T	A1997V	LP.8.1*,LP.11*,XFV*,LP.8.2*	39	2025-06-29 to 2025-07-19 versus 2025-06-08 to 2025-06-28	0.447535	0.275535	-17.2	LP.8.1,XFC
20233	ORF1b	C20233T	P2256S	MC.32.1*,NW.1.2*	38	2025-06-22 to 2025-07-12 versus 2025-06-01 to 2025-06-21	0.004087	0.026322	+2.224	Does not define any major lineages.
27810	ORF7b	T27810C	F19L	No associated lineages	9	2024-12-01 to 2024-12-21 versus 2024-11-10 to 2024-11-30	0.706036	0.664692	-4.134	JN.1
15009	ORF1b	T15009A	D514E	No associated lineages	26	2025-03-30 to 2025-04-19 versus 2025-03-09 to 2025-03-29	0.040181	0.023416	-1.677	Does not define any major lineages.
15009	ORF1b	T15009A	D514E	No associated lineages	35	2025-06-01 to 2025-06-21 versus 2025-05-11 to 2025-05-31	0.036088	0.037686	+0.16	Does not define any major lineages.
686	ORF1a	AAGTCATTT686-694del	KSF141-143del	MJ.1.1*,MJ.2.1*,ND.3*,XDV.1.7.5*	27	2025-04-06 to 2025-04-26 versus 2025-03-16 to 2025-04-05	0.017328	0.029491	+1.216	Does not define any major lineages.
11727	ORF1a	G11727A	R3821K	No associated lineages	35	2025-06-01 to 2025-06-21 versus 2025-05-11 to 2025-05-31	0.895235	0.814018	-8.122	JN.1
15451	ORF1b	G15451A	G662S	XDV*	35	2025-06-01 to 2025-06-21 versus 2025-05-11 to 2025-05-31	0.057081	0.097578	+4.05	NB.1.8.1
18298	ORF1b	A18298G	I1611V	NW.1.7*	40	2025-07-06 to 2025-07-26 versus 2025-06-15 to 2025-07-05	0.004729	0.023833	+1.91	Does not define any major lineages.
22893	S	A22893G	K444R	LF.7*,JN.1.23*,JN.1.61*,XER*,NY.3.1.1*,NA.1.1*	33	2025-05-18 to 2025-06-07 versus 2025-04-27 to 2025-05-17	0.066927	0.183192	+11.627	XFG,LF.7.9,LF.7.7.2,LF.7.2.1,LF.7,LF.7.7.1
1170	ORF1a	C1170T	S302F	XDV*	29	2025-04-20 to 2025-05-10 versus 2025-03-30 to 2025-04-19	0.010234	0.032754	+2.252	NB.1.8.1
22895	S	G22895C, T22896G	V445R	LP.8.1*,XFG*,NZ.1*,LP.8.2*,MK.3*,LF.7.12.1*,MC.32.1*,XEC.27*,XFT*,MC.33.1*,MC.19.1*	33	2025-05-18 to 2025-06-07 versus 2025-04-27 to 2025-05-17	0.235537	0.34182	+10.628	XFG,LP.8.1,XFC
22895	S	G22895C, T22896C	V445P	LF.7.9*,LF.7.7.2*,PA.1*,LB.1.3.1*,LK.1*,XFP*,NS.1.1*,MV.1.1.1*,LP.1.2.1*,XFG.1*,KP.2.3.4*,NN.1*,LF.3.1*,NC.1.2*,JN.1.1.8*,MA.1.1.1*,LF.7.8*,LP.9*,MU.2.1.1*,LF.7.10.1*,LF.7.6.2*,KP.2.28.1*,JN.1.50*,LB.1.10*,LF.7.1.10*,MU.5*,QJ.1*	12	2024-12-22 to 2025-01-11 versus 2024-12-01 to 2024-12-21	0.024321	0.044822	+2.05	LB.1.3.1,LF.7.9,LF.7.7.2,PA.1
24819	S	A24819G	K1086R	KP.1.1*,XFT*,KP.1*	17	2025-01-26 to 2025-02-15 versus 2025-01-05 to 2025-01-25	0.124679	0.200013	+7.533	LP.8.1,XFC
21738	S	T21738C	F59S	XEC*,NB.1*,JN.1.18.7*,MR.2*,KR.1.4*,JN.1.18.6*,MZ.3*,XDR.1*,JN.1.42.1*,MU.3*,KP.1.1.5*,KS.1*,JN.1.13.1*,JN.1.18.2*,KP.3.1.8*,KP.3.3.8*,KP.2.10*,XEM*,JN.1.18.9*	40	2025-07-06 to 2025-07-26 versus 2025-06-15 to 2025-07-05	0.221817	0.194852	-2.696	XEC,XEQ,NB.1.8.1,XEC.4,XEK
2060	ORF1a	G2060A	A599T	XEC*,MC.24.1*	22	2025-03-02 to 2025-03-22 versus 2025-02-09 to 2025-03-01	0.209204	0.131669	-7.753	XEC,XEC.4
22895	S	G22895C, T22896C	V445P	LF.7.9*,LF.7.7.2*,PA.1*,LB.1.3.1*,LK.1*,XFP*,NS.1.1*,MV.1.1.1*,LP.1.2.1*,XFG.1*,KP.2.3.4*,NN.1*,LF.3.1*,NC.1.2*,JN.1.1.8*,MA.1.1.1*,LF.7.8*,LP.9*,MU.2.1.1*,LF.7.10.1*,LF.7.6.2*,KP.2.28.1*,JN.1.50*,LB.1.10*,LF.7.1.10*,MU.5*,QJ.1*	28	2025-04-13 to 2025-05-03 versus 2025-03-23 to 2025-04-12	0.035876	0.059494	+2.362	LB.1.3.1,LF.7.9,LF.7.7.2,PA.1
13121	ORF1a	A13121T	S4286C	KP.3.1.1*,XFA*,XFK*,XEW*	19	2025-02-09 to 2025-03-01 versus 2025-01-19 to 2025-02-08	0.216608	0.172197	-4.441	KP.3.1.1,PA.1,MC.1,MC.10.1
6543	ORF1a	C6543T	T2093I	XFG.5.1*,KP.2.3.10*,KP.3.3.7*,KP.2.11*,NL.10*,PF.2.3*	33	2025-05-18 to 2025-06-07 versus 2025-04-27 to 2025-05-17	0.020019	0.019255	-0.076	Does not define any major lineages.
22930	S	T22930A	F456L (1)	JN.1.7.9*,LR.1*,KU.2*,JN.1.39.1*,KR.5*,KR.1*,JN.1.67.1*,JN.1.48.1*,JN.1.62*,NS.3*,LN.1.1*,KR.3*,JN.1.29.1*,JN.1.1.8*,JN.1.4.9*,LF.6*,XDR.1.1*,KS.1*,LF.8*,JN.1.18.5*,LL.1*,XDK.1.2*,KR.4.1*,XDK.4.1*,LM.1*,MD.3.1*,LZ.1*,KW.1.1*,XDD.3*,LQ.1*,JN.1.1.6*,XDK.3*,JN.1.11.1*,JN.1.55.2*,JN.1.16*,XDK.6*,JN.1.55.1*,JN.1.48.3*,LR.3*,JN.1.50*,JN.1.51.1*,JN.1.15.1*,MD.1*,JN.1.7.8*,XDK.5*,LZ.2.2*,XDV.1*,JN.1.18.9*,JN.1.18.4*,LZ.2.1*,LE.1.3.1*,JN.1.65.1*	42	2025-07-20 to 2025-08-09 versus 2025-06-29 to 2025-07-19	0.166021	0.131894	-3.413	Does not define any major lineages.
22930	S	T22930A	F456L (1)	JN.1.7.9*,LR.1*,KU.2*,JN.1.39.1*,KR.5*,KR.1*,JN.1.67.1*,JN.1.48.1*,JN.1.62*,NS.3*,LN.1.1*,KR.3*,JN.1.29.1*,JN.1.1.8*,JN.1.4.9*,LF.6*,XDR.1.1*,KS.1*,LF.8*,JN.1.18.5*,LL.1*,XDK.1.2*,KR.4.1*,XDK.4.1*,LM.1*,MD.3.1*,LZ.1*,KW.1.1*,XDD.3*,LQ.1*,JN.1.1.6*,XDK.3*,JN.1.11.1*,JN.1.55.2*,JN.1.16*,XDK.6*,JN.1.55.1*,JN.1.48.3*,LR.3*,JN.1.50*,JN.1.51.1*,JN.1.15.1*,MD.1*,JN.1.7.8*,XDK.5*,LZ.2.2*,XDV.1*,JN.1.18.9*,JN.1.18.4*,LZ.2.1*,LE.1.3.1*,JN.1.65.1*	41	2025-07-13 to 2025-08-02 versus 2025-06-22 to 2025-07-12	0.163405	0.142201	-2.12	Does not define any major lineages.
3939	ORF1a	G3939T	R1225I	XFT*,LF.7.7*	28	2025-04-13 to 2025-05-03 versus 2025-03-23 to 2025-04-12	0.01979	0.027992	+0.82	LF.7.7.2,LF.7.7.1
15009	ORF1b	T15009A	D514E	No associated lineages	22	2025-03-02 to 2025-03-22 versus 2025-02-09 to 2025-03-01	0.017949	0.036765	+1.882	Does not define any major lineages.
7267	ORF1a	C7267A	F2334L	No associated lineages	35	2025-06-01 to 2025-06-21 versus 2025-05-11 to 2025-05-31	0.029246	0.024189	-0.506	Does not define any major lineages.
22994	S	A22994G, C22995A	T478E	LZ.2.1.1*,NY.17.1*,LF.7.8*,LP.8.1.15*,NY.7.2*,XFC.1.4*,ND.2*,NY.1.2*,PF.1*,NY.10*,NY.3.2*,XFC.1.1.1*,KP.2.13*	42	2025-07-20 to 2025-08-09 versus 2025-06-29 to 2025-07-19	0.014044	0.023833	+0.979	Does not define any major lineages.
22112	S	G22112A	G184S	XDV.1.5*	42	2025-07-20 to 2025-08-09 versus 2025-06-29 to 2025-07-19	0.155375	0.141193	-1.418	NB.1.8.1
4364	ORF1a	A4364C	I1367L	XEP*,XEC.2*,KP.3.3.4*	30	2025-04-27 to 2025-05-17 versus 2025-04-06 to 2025-04-26	0.036202	0.012146	-2.406	Does not define any major lineages.
13121	ORF1a	A13121T	S4286C	KP.3.1.1*,XFA*,XFK*,XEW*	11	2024-12-15 to 2025-01-04 versus 2024-11-24 to 2024-12-14	0.324895	0.306145	-1.875	KP.3.1.1,PA.1,MC.1,MC.10.1
23277	S	C23277T	T572I	XFG*,XEC.4*,MC.1*,XDK*,MU.1*,MC.13.4*,XFA*,LF.7.1.8*,MV.1.6*,KP.2.15.1*,JN.1.32*,NY.16.1*,XDV.1.3*,XDY.1.1*,NT.2.1*,PW.1*,MC.6.1*,JN.1.62*,XEC.35*,MH.1*,KP.2.27*,JN.1.16.3*,LF.7.3.6*,NY.19*,JN.1.47.2*,MC.30.1.1*,KP.2.3.8*,KP.2.14.1*,XEC.21*,MC.26.1*,NB.1.3.1*,LZ.3*,LP.4*,LB.1.2.2*,XDY.5.1*,JN.1.9.1*,JN.1.1.1*,KP.2.9*,KP.2.2.2*,XDD.3*,XEC.37*,XEC.2.2.1*,LF.7.6.5*,LD.1*,JN.1.7*,LF.7.7*,MC.9.2*,KP.1.2*,XFB*,LF.7.10.1*,KP.2.3.6*,XEC.25.1.1*,NL.5.1*,KV.2*,MG.1*,XEF.3*,NL.13*,JN.1.65*,MZ.5*,KW.1*,MC.11.3.1*,JN.1.4.3*,MC.8.1*,KP.5*	6	2024-11-10 to 2024-11-30 versus 2024-10-20 to 2024-11-09	0.064326	0.074571	+1.025	XFG,XEC.4,MC.1,LF.7.7.1
2060	ORF1a	G2060A	A599T	XEC*,MC.24.1*	6	2024-11-10 to 2024-11-30 versus 2024-10-20 to 2024-11-09	0.118016	0.18785	+6.983	XEC,XEC.4
12924	ORF1a	C12924T	P4220L	XDV*	28	2025-04-13 to 2025-05-03 versus 2025-03-23 to 2025-04-12	0.019513	0.062683	+4.317	NB.1.8.1
3096	ORF1a	C3096T	S944L	NB.1.3.1*,PF.2*	37	2025-06-15 to 2025-07-05 versus 2025-05-25 to 2025-06-14	0.023421	0.011059	-1.236	Does not define any major lineages.
22930	S	T22930A	F456L (1)	JN.1.7.9*,LR.1*,KU.2*,JN.1.39.1*,KR.5*,KR.1*,JN.1.67.1*,JN.1.48.1*,JN.1.62*,NS.3*,LN.1.1*,KR.3*,JN.1.29.1*,JN.1.1.8*,JN.1.4.9*,LF.6*,XDR.1.1*,KS.1*,LF.8*,JN.1.18.5*,LL.1*,XDK.1.2*,KR.4.1*,XDK.4.1*,LM.1*,MD.3.1*,LZ.1*,KW.1.1*,XDD.3*,LQ.1*,JN.1.1.6*,XDK.3*,JN.1.11.1*,JN.1.55.2*,JN.1.16*,XDK.6*,JN.1.55.1*,JN.1.48.3*,LR.3*,JN.1.50*,JN.1.51.1*,JN.1.15.1*,MD.1*,JN.1.7.8*,XDK.5*,LZ.2.2*,XDV.1*,JN.1.18.9*,JN.1.18.4*,LZ.2.1*,LE.1.3.1*,JN.1.65.1*	39	2025-06-29 to 2025-07-19 versus 2025-06-08 to 2025-06-28	0.19429	0.166021	-2.827	Does not define any major lineages.
4809	ORF1a	C4809T	S1515F	XFC.1*	30	2025-04-27 to 2025-05-17 versus 2025-04-06 to 2025-04-26	0.012707	0.024422	+1.172	Does not define any major lineages.
25892	ORF3a	T25892C	I167T	No associated lineages	1	2024-10-06 to 2024-10-26 versus 2024-09-15 to 2024-10-05	0.001917	0.028987	+2.707	Does not define any major lineages.
22895	S	G22895C, T22896C	V445P	LF.7.9*,LF.7.7.2*,PA.1*,LB.1.3.1*,LK.1*,XFP*,NS.1.1*,MV.1.1.1*,LP.1.2.1*,XFG.1*,KP.2.3.4*,NN.1*,LF.3.1*,NC.1.2*,JN.1.1.8*,MA.1.1.1*,LF.7.8*,LP.9*,MU.2.1.1*,LF.7.10.1*,LF.7.6.2*,KP.2.28.1*,JN.1.50*,LB.1.10*,LF.7.1.10*,MU.5*,QJ.1*	9	2024-12-01 to 2024-12-21 versus 2024-11-10 to 2024-11-30	0.024559	0.024321	-0.024	LB.1.3.1,LF.7.9,LF.7.7.2,PA.1
686	ORF1a	AAGTCATTT686-694del	KSF141-143del	MJ.1.1*,MJ.2.1*,ND.3*,XDV.1.7.5*	31	2025-05-04 to 2025-05-24 versus 2025-04-13 to 2025-05-03	0.03311	0.011511	-2.16	Does not define any major lineages.
21652	S	TTC21652-21654del	NS30-31Ndel	No associated lineages	35	2025-06-01 to 2025-06-21 versus 2025-05-11 to 2025-05-31	0.47173	0.361546	-11.018	LP.8.1,LB.1.3.1,KP.3.1.1,PA.1,MC.1,MC.10.1
22111	S	G22111T	Q183H	XFB*,LB.1*,JN.1.9*,XFR*,LY.2*,JN.1.32.1*	9	2024-12-01 to 2024-12-21 versus 2024-11-10 to 2024-11-30	0.016816	0.02081	+0.399	LB.1.3.1
21738	S	T21738C	F59S	XEC*,NB.1*,JN.1.18.7*,MR.2*,KR.1.4*,JN.1.18.6*,MZ.3*,XDR.1*,JN.1.42.1*,MU.3*,KP.1.1.5*,KS.1*,JN.1.13.1*,JN.1.18.2*,KP.3.1.8*,KP.3.3.8*,KP.2.10*,XEM*,JN.1.18.9*	13	2024-12-29 to 2025-01-18 versus 2024-12-08 to 2024-12-28	0.451337	0.479019	+2.768	XEC,XEQ,NB.1.8.1,XEC.4,XEK
7113	ORF1a	C7113T	T2283I	PY.5*,XDV*,JN.1.11.1*,KU.2*,XFG.19*	14	2025-01-05 to 2025-01-25 versus 2024-12-15 to 2025-01-04	0.45392	0.355178	-9.874	LP.8.1,XFC,KP.3.1.1,NB.1.8.1,KP.3,PA.1,MC.1,XEK,MC.10.1
27476	ORF7a	C27476T	T28I	LB.1.3.1*,JN.1.8*,JN.1.8.1*	19	2025-02-09 to 2025-03-01 versus 2025-01-19 to 2025-02-08	0.042854	0.038509	-0.435	LB.1.3.1
10323	ORF1a	A10323G	K3353R	LP.8.1.5*,LF.7.8*,JN.1.52*,NY.7.2*,MC.10.2*	34	2025-05-25 to 2025-06-14 versus 2025-05-04 to 2025-05-24	0.021193	0.005791	-1.54	Does not define any major lineages.
23039	S	C23039G	Q493E	LP.8.1*,XFG*,KP.3*,XEQ*,XFH*,JN.1.16.4*,XDY*,JN.1.16.5*,LP.8.2*,KP.3.4*,XDY.9*,XEF*,XDY.1*,XFT*,XDY.5*,XDY.4*,XDY.11*,LF.7.1.11*,XET*,XDY.3*,NB.1.8*,XDY.6*,XDY.8*,XDY.2*,XDY.7*	38	2025-06-22 to 2025-07-12 versus 2025-06-01 to 2025-06-21	0.844551	0.844243	-0.031	XFG,LP.8.1,XFC,KP.3.1.1,XEC,XEQ,NB.1.8.1,KP.3,XEC.4,PA.1,MC.1,XEK,MC.10.1
22893	S	A22893G	K444R	LF.7*,JN.1.23*,JN.1.61*,XER*,NY.3.1.1*,NA.1.1*	36	2025-06-08 to 2025-06-28 versus 2025-05-18 to 2025-06-07	0.183192	0.212657	+2.947	XFG,LF.7.9,LF.7.7.2,LF.7.2.1,LF.7,LF.7.7.1
25455	ORF3a	G25455T	K21N	PG.1*,PC.4*	35	2025-06-01 to 2025-06-21 versus 2025-05-11 to 2025-05-31	0.024414	0.001115	-2.33	Does not define any major lineages.
25844	ORF3a	C25844T	T151I	XFJ*,XFM*	28	2025-04-13 to 2025-05-03 versus 2025-03-23 to 2025-04-12	0.004577	0.020747	+1.617	Does not define any major lineages.
1190	ORF1a	C1190T	P309S	No associated lineages	37	2025-06-15 to 2025-07-05 versus 2025-05-25 to 2025-06-14	0.023582	0.001476	-2.211	Does not define any major lineages.
6255	ORF1a	C6255T	A1997V	LP.8.1*,LP.11*,XFV*,LP.8.2*	37	2025-06-15 to 2025-07-05 versus 2025-05-25 to 2025-06-14	0.484981	0.355558	-12.942	LP.8.1,XFC
15451	ORF1b	G15451A	G662S	XDV*	32	2025-05-11 to 2025-05-31 versus 2025-04-20 to 2025-05-10	0.030093	0.057081	+2.699	NB.1.8.1
13121	ORF1a	A13121T	S4286C	KP.3.1.1*,XFA*,XFK*,XEW*	30	2025-04-27 to 2025-05-17 versus 2025-04-06 to 2025-04-26	0.098937	0.042046	-5.689	KP.3.1.1,PA.1,MC.1,MC.10.1
18131	ORF1b	C18131T	T1555I	LB.1.3*	14	2025-01-05 to 2025-01-25 versus 2024-12-15 to 2025-01-04	0.034957	0.030779	-0.418	LB.1.3.1
6720	ORF1a	C6720T	T2152I	NY.7.1*,JN.1.65*	34	2025-05-25 to 2025-06-14 versus 2025-05-04 to 2025-05-24	0.028985	0.013406	-1.558	Does not define any major lineages.
22599	S	G22599C	R346T	XFN*,JN.1.24.1*,MC.13.2.4*,LE.1*,MC.31*,XED*,JN.1.59.1*,MF.1*,KR.5*,MC.32.1*,JN.1.48.1*,MC.28.1.1*,XDD.1.1.1*,MC.33.1*,NB.1.2.1*,MZ.3*,PJ.1*,JN.1.11.2*,JN.1.8.2*,KZ.1.1*,LN.1.1*,XDR.1*,LU.1*,XEP.1.1*,JN.1.7.3*,MU.3*,JN.1.16.1*,JN.1.29.1*,LF.6*,JN.1.44.1*,LG.1*,KS.1*,XEH*,LF.8*,JN.1.25.1*,MC.17.1*,JN.1.18*,MQ.1*,JN.1.30.1*,NU.1*,LU.2*,JN.1.6.1*,MC.19*,KP.2*,PK.1*,JN.1.50.1*,JN.1.4.4*,JN.1.49.1*,MC.13.3.1*,MK.3*,JN.1.26*,MC.13.2.1*,PG.3*,JN.1.39.2*,JN.1.58.2*,JN.1.42.2*,KQ.1*,JN.1.1.3*,XEM*,JN.1.1.5*,KP.4.1*,MC.10.1.6*,JN.1.48.2*,JN.1.48.3*,JN.1.9.2*,XEC.27*,JN.1.18.8*,XES.1*,MC.33.2*,NB.1.6.1*,XDK.1*,MC.13.2.2*,XEK.7*	31	2025-05-04 to 2025-05-24 versus 2025-04-13 to 2025-05-03	0.372138	0.528069	+15.593	XFG,LP.8.1,LB.1.3.1,XFC,XEQ,LF.7.9,LF.7.7.2,LF.7.2.1,LF.7,LF.7.7.1
22599	S	G22599C	R346T	XFN*,JN.1.24.1*,MC.13.2.4*,LE.1*,MC.31*,XED*,JN.1.59.1*,MF.1*,KR.5*,MC.32.1*,JN.1.48.1*,MC.28.1.1*,XDD.1.1.1*,MC.33.1*,NB.1.2.1*,MZ.3*,PJ.1*,JN.1.11.2*,JN.1.8.2*,KZ.1.1*,LN.1.1*,XDR.1*,LU.1*,XEP.1.1*,JN.1.7.3*,MU.3*,JN.1.16.1*,JN.1.29.1*,LF.6*,JN.1.44.1*,LG.1*,KS.1*,XEH*,LF.8*,JN.1.25.1*,MC.17.1*,JN.1.18*,MQ.1*,JN.1.30.1*,NU.1*,LU.2*,JN.1.6.1*,MC.19*,KP.2*,PK.1*,JN.1.50.1*,JN.1.4.4*,JN.1.49.1*,MC.13.3.1*,MK.3*,JN.1.26*,MC.13.2.1*,PG.3*,JN.1.39.2*,JN.1.58.2*,JN.1.42.2*,KQ.1*,JN.1.1.3*,XEM*,JN.1.1.5*,KP.4.1*,MC.10.1.6*,JN.1.48.2*,JN.1.48.3*,JN.1.9.2*,XEC.27*,JN.1.18.8*,XES.1*,MC.33.2*,NB.1.6.1*,XDK.1*,MC.13.2.2*,XEK.7*	40	2025-07-06 to 2025-07-26 versus 2025-06-15 to 2025-07-05	0.66231	0.546417	-11.589	XFG,LP.8.1,LB.1.3.1,XFC,XEQ,LF.7.9,LF.7.7.2,LF.7.2.1,LF.7,LF.7.7.1
22599	S	G22599C	R346T	XFN*,JN.1.24.1*,MC.13.2.4*,LE.1*,MC.31*,XED*,JN.1.59.1*,MF.1*,KR.5*,MC.32.1*,JN.1.48.1*,MC.28.1.1*,XDD.1.1.1*,MC.33.1*,NB.1.2.1*,MZ.3*,PJ.1*,JN.1.11.2*,JN.1.8.2*,KZ.1.1*,LN.1.1*,XDR.1*,LU.1*,XEP.1.1*,JN.1.7.3*,MU.3*,JN.1.16.1*,JN.1.29.1*,LF.6*,JN.1.44.1*,LG.1*,KS.1*,XEH*,LF.8*,JN.1.25.1*,MC.17.1*,JN.1.18*,MQ.1*,JN.1.30.1*,NU.1*,LU.2*,JN.1.6.1*,MC.19*,KP.2*,PK.1*,JN.1.50.1*,JN.1.4.4*,JN.1.49.1*,MC.13.3.1*,MK.3*,JN.1.26*,MC.13.2.1*,PG.3*,JN.1.39.2*,JN.1.58.2*,JN.1.42.2*,KQ.1*,JN.1.1.3*,XEM*,JN.1.1.5*,KP.4.1*,MC.10.1.6*,JN.1.48.2*,JN.1.48.3*,JN.1.9.2*,XEC.27*,JN.1.18.8*,XES.1*,MC.33.2*,NB.1.6.1*,XDK.1*,MC.13.2.2*,XEK.7*	5	2024-11-03 to 2024-11-23 versus 2024-10-13 to 2024-11-02	0.130083	0.130551	+0.047	XFG,LP.8.1,LB.1.3.1,XFC,XEQ,LF.7.9,LF.7.7.2,LF.7.2.1,LF.7,LF.7.7.1
25693	ORF3a	C25693T	L101F	NW.1*	29	2025-04-20 to 2025-05-10 versus 2025-03-30 to 2025-04-19	0.021601	0.017135	-0.447	Does not define any major lineages.
8390	ORF1a	A8390G	I2709V	NB.1*	36	2025-06-08 to 2025-06-28 versus 2025-05-18 to 2025-06-07	0.127874	0.145852	+1.798	NB.1.8.1
22132	S	G22132T	R190S	LP.8.1*,LF.7*,XFN*,XFP*,LB.1.4.1*,NC.1*,MA.1*,JN.1.59.1*,LP.7*,XEL.4*,NL.5.2*,NL.22.1*,NK.1*,LB.1.11*,LB.1.7.4*,LP.1.2*,XER*,LZ.4*,KP.4.2.6*,KP.4.2.4*,MC.19.1.1*,NL.1*,MC.33.1.1*	21	2025-02-23 to 2025-03-15 versus 2025-02-02 to 2025-02-22	0.190315	0.311534	+12.122	XFG,LP.8.1,XFC,LF.7.9,LF.7.7.2,LF.7.2.1,LF.7,LF.7.7.1
14290	ORF1b	G14290T	D275Y	NB.1*	36	2025-06-08 to 2025-06-28 versus 2025-05-18 to 2025-06-07	0.172156	0.208235	+3.608	NB.1.8.1
13170	ORF1a	C13170T	T4302I	XDV.1.5*	22	2025-03-02 to 2025-03-22 versus 2025-02-09 to 2025-03-01	0.028369	0.006498	-2.187	Does not define any major lineages.
16342	ORF1b	T16342C	S959P	XDV*	4	2024-10-27 to 2024-11-16 versus 2024-10-06 to 2024-10-26	0.003863	0.02106	+1.72	NB.1.8.1
2060	ORF1a	G2060A	A599T	XEC*,MC.24.1*	15	2025-01-12 to 2025-02-01 versus 2024-12-22 to 2025-01-11	0.351734	0.284434	-6.73	XEC,XEC.4
24819	S	A24819G	K1086R	KP.1.1*,XFT*,KP.1*	37	2025-06-15 to 2025-07-05 versus 2025-05-25 to 2025-06-14	0.428986	0.360983	-6.8	LP.8.1,XFC
6501	ORF1a	C6501A	P2079Q	XDV*	37	2025-06-15 to 2025-07-05 versus 2025-05-25 to 2025-06-14	0.172584	0.168514	-0.407	NB.1.8.1
22132	S	G22132T	R190S	LP.8.1*,LF.7*,XFN*,XFP*,LB.1.4.1*,NC.1*,MA.1*,JN.1.59.1*,LP.7*,XEL.4*,NL.5.2*,NL.22.1*,NK.1*,LB.1.11*,LB.1.7.4*,LP.1.2*,XER*,LZ.4*,KP.4.2.6*,KP.4.2.4*,MC.19.1.1*,NL.1*,MC.33.1.1*	7	2024-11-17 to 2024-12-07 versus 2024-10-27 to 2024-11-16	0.043523	0.07001	+2.649	XFG,LP.8.1,XFC,LF.7.9,LF.7.7.2,LF.7.2.1,LF.7,LF.7.7.1
14964	ORF1b	A14964C	K499N	No associated lineages	26	2025-03-30 to 2025-04-19 versus 2025-03-09 to 2025-03-29	0.020113	0.015305	-0.481	Does not define any major lineages.
21652	S	TTC21652-21654del	NS30-31Ndel	No associated lineages	7	2024-11-17 to 2024-12-07 versus 2024-10-27 to 2024-11-16	0.483532	0.486679	+0.315	LP.8.1,LB.1.3.1,KP.3.1.1,PA.1,MC.1,MC.10.1
4683	ORF1a	C4683T	A1473V	XDV.1.5*,LB.1.4*,XFC.1.3*	30	2025-04-27 to 2025-05-17 versus 2025-04-06 to 2025-04-26	0.038014	0.081765	+4.375	NB.1.8.1
22895	S	G22895C, T22896C	V445P	LF.7.9*,LF.7.7.2*,PA.1*,LB.1.3.1*,LK.1*,XFP*,NS.1.1*,MV.1.1.1*,LP.1.2.1*,XFG.1*,KP.2.3.4*,NN.1*,LF.3.1*,NC.1.2*,JN.1.1.8*,MA.1.1.1*,LF.7.8*,LP.9*,MU.2.1.1*,LF.7.10.1*,LF.7.6.2*,KP.2.28.1*,JN.1.50*,LB.1.10*,LF.7.1.10*,MU.5*,QJ.1*	20	2025-02-16 to 2025-03-08 versus 2025-01-26 to 2025-02-15	0.036015	0.049293	+1.328	LB.1.3.1,LF.7.9,LF.7.7.2,PA.1
22132	S	G22132T	R190S	LP.8.1*,LF.7*,XFN*,XFP*,LB.1.4.1*,NC.1*,MA.1*,JN.1.59.1*,LP.7*,XEL.4*,NL.5.2*,NL.22.1*,NK.1*,LB.1.11*,LB.1.7.4*,LP.1.2*,XER*,LZ.4*,KP.4.2.6*,KP.4.2.4*,MC.19.1.1*,NL.1*,MC.33.1.1*	23	2025-03-09 to 2025-03-29 versus 2025-02-16 to 2025-03-08	0.279427	0.34472	+6.529	XFG,LP.8.1,XFC,LF.7.9,LF.7.7.2,LF.7.2.1,LF.7,LF.7.7.1
593	ORF1a	C593T	H110Y	XEK*,LP.8.1.15*,XEU*,MC.36.1*,XEC.4.5.1*	14	2025-01-05 to 2025-01-25 versus 2024-12-15 to 2025-01-04	0.024516	0.016064	-0.845	XEK
22895	S	G22895C, T22896C	V445P	LF.7.9*,LF.7.7.2*,PA.1*,LB.1.3.1*,LK.1*,XFP*,NS.1.1*,MV.1.1.1*,LP.1.2.1*,XFG.1*,KP.2.3.4*,NN.1*,LF.3.1*,NC.1.2*,JN.1.1.8*,MA.1.1.1*,LF.7.8*,LP.9*,MU.2.1.1*,LF.7.10.1*,LF.7.6.2*,KP.2.28.1*,JN.1.50*,LB.1.10*,LF.7.1.10*,MU.5*,QJ.1*	26	2025-03-30 to 2025-04-19 versus 2025-03-09 to 2025-03-29	0.03911	0.050904	+1.179	LB.1.3.1,LF.7.9,LF.7.7.2,PA.1
24819	S	A24819G	K1086R	KP.1.1*,XFT*,KP.1*	24	2025-03-16 to 2025-04-05 versus 2025-02-23 to 2025-03-15	0.36125	0.520926	+15.968	LP.8.1,XFC
25523	ORF3a	G25523A	G44E	LF.7.9.1*	38	2025-06-22 to 2025-07-12 versus 2025-06-01 to 2025-06-21	0.025368	0.018998	-0.637	Does not define any major lineages.
13121	ORF1a	A13121T	S4286C	KP.3.1.1*,XFA*,XFK*,XEW*	26	2025-03-30 to 2025-04-19 versus 2025-03-09 to 2025-03-29	0.113643	0.098251	-1.539	KP.3.1.1,PA.1,MC.1,MC.10.1
24872	S	G24872T	V1104L	XEQ*,XDY.3*,XDY.9*,XDY.6*,JN.1.11*,XEF*,XDY.8*,XDY.1*,XDY*,XDY.2*,XDY.5*,XDY.4*,LB.1.1*,XFT*,XDY.11*,XDY.7*	22	2025-03-02 to 2025-03-22 versus 2025-02-09 to 2025-03-01	0.851981	0.695837	-15.614	LP.8.1,XFC,KP.3.1.1,XEC,XEQ,KP.3,XEC.4,PA.1,MC.1,XEK,MC.10.1
8390	ORF1a	A8390G	I2709V	NB.1*	38	2025-06-22 to 2025-07-12 versus 2025-06-01 to 2025-06-21	0.125716	0.214506	+8.879	NB.1.8.1
22031	S	T22031-22031del, 22035-insertG	FR157-158SG	No associated lineages	35	2025-06-01 to 2025-06-21 versus 2025-05-11 to 2025-05-31	0.74011	0.744472	+0.436	Does not define any major lineages.
11727	ORF1a	G11727A	R3821K	No associated lineages	6	2024-11-10 to 2024-11-30 versus 2024-10-20 to 2024-11-09	0.86276	0.900911	+3.815	JN.1
22893	S	A22893G	K444R	LF.7*,JN.1.23*,JN.1.61*,XER*,NY.3.1.1*,NA.1.1*	16	2025-01-19 to 2025-02-08 versus 2024-12-29 to 2025-01-18	0.038862	0.041444	+0.258	XFG,LF.7.9,LF.7.7.2,LF.7.2.1,LF.7,LF.7.7.1
23277	S	C23277T	T572I	XFG*,XEC.4*,MC.1*,XDK*,MU.1*,MC.13.4*,XFA*,LF.7.1.8*,MV.1.6*,KP.2.15.1*,JN.1.32*,NY.16.1*,XDV.1.3*,XDY.1.1*,NT.2.1*,PW.1*,MC.6.1*,JN.1.62*,XEC.35*,MH.1*,KP.2.27*,JN.1.16.3*,LF.7.3.6*,NY.19*,JN.1.47.2*,MC.30.1.1*,KP.2.3.8*,KP.2.14.1*,XEC.21*,MC.26.1*,NB.1.3.1*,LZ.3*,LP.4*,LB.1.2.2*,XDY.5.1*,JN.1.9.1*,JN.1.1.1*,KP.2.9*,KP.2.2.2*,XDD.3*,XEC.37*,XEC.2.2.1*,LF.7.6.5*,LD.1*,JN.1.7*,LF.7.7*,MC.9.2*,KP.1.2*,XFB*,LF.7.10.1*,KP.2.3.6*,XEC.25.1.1*,NL.5.1*,KV.2*,MG.1*,XEF.3*,NL.13*,JN.1.65*,MZ.5*,KW.1*,MC.11.3.1*,JN.1.4.3*,MC.8.1*,KP.5*	33	2025-05-18 to 2025-06-07 versus 2025-04-27 to 2025-05-17	0.068233	0.146377	+7.814	XFG,XEC.4,MC.1,LF.7.7.1
6255	ORF1a	C6255T	A1997V	LP.8.1*,LP.11*,XFV*,LP.8.2*	4	2024-10-27 to 2024-11-16 versus 2024-10-06 to 2024-10-26	0.002929	0.032304	+2.938	LP.8.1,XFC
22031	S	T22031-22031del, 22035-insertG	FR157-158SG	No associated lineages	41	2025-07-13 to 2025-08-02 versus 2025-06-22 to 2025-07-12	0.876127	0.845057	-3.107	Does not define any major lineages.
8390	ORF1a	A8390G	I2709V	NB.1*	42	2025-07-20 to 2025-08-09 versus 2025-06-29 to 2025-07-19	0.177469	0.120752	-5.672	NB.1.8.1
29409	N	C29409T	T379I	XFG*,LF.7.9*,LB.1.3.1*,NT.1*,MC.10.1.3*,XDS*,XEC.2.3*,NS.3*,XEC.35.1*	20	2025-02-16 to 2025-03-08 versus 2025-01-26 to 2025-02-15	0.028726	0.034642	+0.592	XFG,LB.1.3.1,LF.7.9
22895	S	G22895C, T22896C	V445P	LF.7.9*,LF.7.7.2*,PA.1*,LB.1.3.1*,LK.1*,XFP*,NS.1.1*,MV.1.1.1*,LP.1.2.1*,XFG.1*,KP.2.3.4*,NN.1*,LF.3.1*,NC.1.2*,JN.1.1.8*,MA.1.1.1*,LF.7.8*,LP.9*,MU.2.1.1*,LF.7.10.1*,LF.7.6.2*,KP.2.28.1*,JN.1.50*,LB.1.10*,LF.7.1.10*,MU.5*,QJ.1*	39	2025-06-29 to 2025-07-19 versus 2025-06-08 to 2025-06-28	0.016546	0.03479	+1.824	LB.1.3.1,LF.7.9,LF.7.7.2,PA.1
27810	ORF7b	T27810C	F19L	No associated lineages	26	2025-03-30 to 2025-04-19 versus 2025-03-09 to 2025-03-29	0.565943	0.594353	+2.841	JN.1
14964	ORF1b	A14964C	K499N	No associated lineages	19	2025-02-09 to 2025-03-01 versus 2025-01-19 to 2025-02-08	0.014339	0.020932	+0.659	Does not define any major lineages.
24872	S	G24872T	V1104L	XEQ*,XDY.3*,XDY.9*,XDY.6*,JN.1.11*,XEF*,XDY.8*,XDY.1*,XDY*,XDY.2*,XDY.5*,XDY.4*,LB.1.1*,XFT*,XDY.11*,XDY.7*	5	2024-11-03 to 2024-11-23 versus 2024-10-13 to 2024-11-02	0.822421	0.837478	+1.506	LP.8.1,XFC,KP.3.1.1,XEC,XEQ,KP.3,XEC.4,PA.1,MC.1,XEK,MC.10.1
22120	S	C22120A	F186L	LP.8.1*,LP.8.2*,XFT*	28	2025-04-13 to 2025-05-03 versus 2025-03-23 to 2025-04-12	0.223031	0.268993	+4.596	LP.8.1
21653	S	T21653C	S31P	XFC*,LF.7*,XFN*,XFP*,MT.1*,KP.2.26*,KP.3.2.6*,MJ.1*,NF.1*,XER*,JN.1.40*	8	2024-11-24 to 2024-12-14 versus 2024-11-03 to 2024-11-23	0.061051	0.065233	+0.418	XFG,XFC,LF.7.9,LF.7.7.2,LF.7.2.1,LF.7,LF.7.7.1
6539	ORF1a	C6539T	H2092Y	XFG.14*,NL.14*	41	2025-07-13 to 2025-08-02 versus 2025-06-22 to 2025-07-12	0.006509	0.031133	+2.462	Does not define any major lineages.
23277	S	C23277T	T572I	XFG*,XEC.4*,MC.1*,XDK*,MU.1*,MC.13.4*,XFA*,LF.7.1.8*,MV.1.6*,KP.2.15.1*,JN.1.32*,NY.16.1*,XDV.1.3*,XDY.1.1*,NT.2.1*,PW.1*,MC.6.1*,JN.1.62*,XEC.35*,MH.1*,KP.2.27*,JN.1.16.3*,LF.7.3.6*,NY.19*,JN.1.47.2*,MC.30.1.1*,KP.2.3.8*,KP.2.14.1*,XEC.21*,MC.26.1*,NB.1.3.1*,LZ.3*,LP.4*,LB.1.2.2*,XDY.5.1*,JN.1.9.1*,JN.1.1.1*,KP.2.9*,KP.2.2.2*,XDD.3*,XEC.37*,XEC.2.2.1*,LF.7.6.5*,LD.1*,JN.1.7*,LF.7.7*,MC.9.2*,KP.1.2*,XFB*,LF.7.10.1*,KP.2.3.6*,XEC.25.1.1*,NL.5.1*,KV.2*,MG.1*,XEF.3*,NL.13*,JN.1.65*,MZ.5*,KW.1*,MC.11.3.1*,JN.1.4.3*,MC.8.1*,KP.5*	23	2025-03-09 to 2025-03-29 versus 2025-02-16 to 2025-03-08	0.068235	0.053242	-1.499	XFG,XEC.4,MC.1,LF.7.7.1
22986	S	C22986T	A475V	LF.7.9*,LF.7.2.1*,XFP*,PF.2.2.1*,PV.3*,NY.6*,LP.10.1*,QJ.2*,LF.7.3.6*,PL.1*,LF.7.12*,XFC.2*,KP.2.3.1*,LP.8.2.1*,LP.8.1.9*,NY.3.1.1*,LF.7.1.2*,LF.7.1.7*,QH.1*,NY.7.1.1*,LF.7.3.1*,QC.2.1*	29	2025-04-20 to 2025-05-10 versus 2025-03-30 to 2025-04-19	0.01838	0.030374	+1.199	LF.7.9,LF.7.2.1
21652	S	TTC21652-21654del	NS30-31Ndel	No associated lineages	31	2025-05-04 to 2025-05-24 versus 2025-04-13 to 2025-05-03	0.520248	0.436888	-8.336	LP.8.1,LB.1.3.1,KP.3.1.1,PA.1,MC.1,MC.10.1
22107	S	A22107G	K182R	XFC*,LF.7*,XFN*,XFP*,XER*,KP.2.2.2*,LB.1.3.3*,MC.15*,XEC.1*	35	2025-06-01 to 2025-06-21 versus 2025-05-11 to 2025-05-31	0.123077	0.188249	+6.517	XFG,XFC,LF.7.9,LF.7.7.2,LF.7.2.1,LF.7,LF.7.7.1
22120	S	C22120A	F186L	LP.8.1*,LP.8.2*,XFT*	9	2024-12-01 to 2024-12-21 versus 2024-11-10 to 2024-11-30	0.019905	0.034022	+1.412	LP.8.1
13121	ORF1a	A13121T	S4286C	KP.3.1.1*,XFA*,XFK*,XEW*	3	2024-10-20 to 2024-11-09 versus 2024-09-29 to 2024-10-19	0.47936	0.514675	+3.531	KP.3.1.1,PA.1,MC.1,MC.10.1
1190	ORF1a	C1190T	P309S	No associated lineages	34	2025-05-25 to 2025-06-14 versus 2025-05-04 to 2025-05-24	0.002613	0.023582	+2.097	Does not define any major lineages.
22895	S	G22895C, T22896G	V445R	LP.8.1*,XFG*,NZ.1*,LP.8.2*,MK.3*,LF.7.12.1*,MC.32.1*,XEC.27*,XFT*,MC.33.1*,MC.19.1*	28	2025-04-13 to 2025-05-03 versus 2025-03-23 to 2025-04-12	0.226089	0.354237	+12.815	XFG,LP.8.1,XFC
1170	ORF1a	C1170T	S302F	XDV*	31	2025-05-04 to 2025-05-24 versus 2025-04-13 to 2025-05-03	0.02509	0.090761	+6.567	NB.1.8.1
21653	S	T21653C	S31P	XFC*,LF.7*,XFN*,XFP*,MT.1*,KP.2.26*,KP.3.2.6*,MJ.1*,NF.1*,XER*,JN.1.40*	16	2025-01-19 to 2025-02-08 versus 2024-12-29 to 2025-01-18	0.031992	0.03045	-0.154	XFG,XFC,LF.7.9,LF.7.7.2,LF.7.2.1,LF.7,LF.7.7.1
22995	S	C22995T	T478I	LF.7.10*,NL.9*,XDV.1.5*,QD.1*,ND.3*,LN.1.1*	37	2025-06-15 to 2025-07-05 versus 2025-05-25 to 2025-06-14	0.189839	0.149858	-3.998	NB.1.8.1
24813	S	A24813G	D1084G	XFG.3.1*,XFQ*	40	2025-07-06 to 2025-07-26 versus 2025-06-15 to 2025-07-05	0.027559	0.018116	-0.944	Does not define any major lineages.
22895	S	G22895C, T22896C	V445P	LF.7.9*,LF.7.7.2*,PA.1*,LB.1.3.1*,LK.1*,XFP*,NS.1.1*,MV.1.1.1*,LP.1.2.1*,XFG.1*,KP.2.3.4*,NN.1*,LF.3.1*,NC.1.2*,JN.1.1.8*,MA.1.1.1*,LF.7.8*,LP.9*,MU.2.1.1*,LF.7.10.1*,LF.7.6.2*,KP.2.28.1*,JN.1.50*,LB.1.10*,LF.7.1.10*,MU.5*,QJ.1*	10	2024-12-08 to 2024-12-28 versus 2024-11-17 to 2024-12-07	0.027962	0.029858	+0.19	LB.1.3.1,LF.7.9,LF.7.7.2,PA.1
22120	S	C22120A	F186L	LP.8.1*,LP.8.2*,XFT*	30	2025-04-27 to 2025-05-17 versus 2025-04-06 to 2025-04-26	0.259096	0.229947	-2.915	LP.8.1
23039	S	C23039G	Q493E	LP.8.1*,XFG*,KP.3*,XEQ*,XFH*,JN.1.16.4*,XDY*,JN.1.16.5*,LP.8.2*,KP.3.4*,XDY.9*,XEF*,XDY.1*,XFT*,XDY.5*,XDY.4*,XDY.11*,LF.7.1.11*,XET*,XDY.3*,NB.1.8*,XDY.6*,XDY.8*,XDY.2*,XDY.7*	28	2025-04-13 to 2025-05-03 versus 2025-03-23 to 2025-04-12	0.740593	0.810477	+6.988	XFG,LP.8.1,XFC,KP.3.1.1,XEC,XEQ,NB.1.8.1,KP.3,XEC.4,PA.1,MC.1,XEK,MC.10.1
25844	ORF3a	C25844T	T151I	XFJ*,XFM*	41	2025-07-13 to 2025-08-02 versus 2025-06-22 to 2025-07-12	0.050141	0.016469	-3.367	Does not define any major lineages.
21627	S	C21627A	T22N	XFC*,XEC*,LF.7*,XEQ*,KP.3.3.9*,XFP*,MB.1.1*,NB.1*,KP.2.14*,KS.1.5*,JN.1.18.7*,MR.2*,XEN*,XDV.1.7.1*,MT.1.1*,PF.2*,KP.3.1.9*,PB.1*,MU.6*,JN.1.16.5*,PM.1*,KP.2.26*,LF.8.1.1*,KP.3.6*,MU.3*,KP.2.18*,KS.1.1*,MG.3*,NG.1*,LJ.1*,MJ.1.1*,XER*,PB.2*,KP.2.2.1*,NW.1.2*,MC.24.1*,LP.8.1.6*,PP.1*,XEL*	15	2025-01-12 to 2025-02-01 versus 2024-12-22 to 2025-01-11	0.519579	0.479441	-4.014	XFG,XFC,XEC,XEQ,NB.1.8.1,LF.7.9,XEC.4,LF.7.7.2,LF.7.2.1,XEK,LF.7,LF.7.7.1
1190	ORF1a	C1190T	P309S	No associated lineages	36	2025-06-08 to 2025-06-28 versus 2025-05-18 to 2025-06-07	0.001185	0.030967	+2.978	Does not define any major lineages.
6720	ORF1a	C6720T	T2152I	NY.7.1*,JN.1.65*	31	2025-05-04 to 2025-05-24 versus 2025-04-13 to 2025-05-03	0.008315	0.028985	+2.067	Does not define any major lineages.
25844	ORF3a	C25844T	T151I	XFJ*,XFM*	37	2025-06-15 to 2025-07-05 versus 2025-05-25 to 2025-06-14	0.018304	0.055777	+3.747	Does not define any major lineages.
6312	ORF1a	C6312T	T2016I	XEC.4*,LU.1*,PQ.10*	27	2025-04-06 to 2025-04-26 versus 2025-03-16 to 2025-04-05	0.010476	0.020061	+0.959	XEC.4
25595	ORF3a	G25595T	R68I	XFB*,MC.24*,MC.24.2*	1	2024-10-06 to 2024-10-26 versus 2024-09-15 to 2024-10-05	0.013076	0.022868	+0.979	Does not define any major lineages.
3896	ORF1a	G3896A	V1211I	No associated lineages	23	2025-03-09 to 2025-03-29 versus 2025-02-16 to 2025-03-08	0.024959	0.000418	-2.454	Does not define any major lineages.
22926	S	T22926C	L455S	No associated lineages	34	2025-05-25 to 2025-06-14 versus 2025-05-04 to 2025-05-24	0.437612	0.834067	+39.646	JN.1
22926	S	T22926C	L455S	No associated lineages	11	2024-12-15 to 2025-01-04 versus 2024-11-24 to 2024-12-14	0.758646	0.895559	+13.691	JN.1
14964	ORF1b	A14964C	K499N	No associated lineages	20	2025-02-16 to 2025-03-08 versus 2025-01-26 to 2025-02-15	0.013983	0.021978	+0.8	Does not define any major lineages.
22928	S	T22928C	F456L	JN.1.7.9*,LR.1*,KU.2*,JN.1.39.1*,KR.5*,KR.1*,JN.1.67.1*,JN.1.48.1*,JN.1.62*,NS.3*,LN.1.1*,KR.3*,JN.1.29.1*,JN.1.1.8*,JN.1.4.9*,LF.6*,XDR.1.1*,KS.1*,LF.8*,JN.1.18.5*,LL.1*,XDK.1.2*,KR.4.1*,XDK.4.1*,LM.1*,MD.3.1*,LZ.1*,KW.1.1*,XDD.3*,LQ.1*,JN.1.1.6*,XDK.3*,JN.1.11.1*,JN.1.55.2*,JN.1.16*,XDK.6*,JN.1.55.1*,JN.1.48.3*,LR.3*,JN.1.50*,JN.1.51.1*,JN.1.15.1*,MD.1*,JN.1.7.8*,XDK.5*,LZ.2.2*,XDV.1*,JN.1.18.9*,JN.1.18.4*,LZ.2.1*,LE.1.3.1*,JN.1.65.1*	15	2025-01-12 to 2025-02-01 versus 2024-12-22 to 2025-01-11	0.953138	0.981883	+2.874	XFG,LP.8.1,LB.1.3.1,XFC,KP.3.1.1,XEC,XEQ,NB.1.8.1,LF.7.9,KP.3,XEC.4,LF.7.7.2,PA.1,MC.1,LF.7.2.1,XEK,LF.7,LF.7.7.1,MC.10.1
11083	ORF1a	G11083T	L3606F	LK.1*,KP.3.4.1*,MM.2*,KP.2.20*,NY.1.2*,XFJ.3*	32	2025-05-11 to 2025-05-31 versus 2025-04-20 to 2025-05-10	0.010448	0.023832	+1.338	Does not define any major lineages.
22926	S	T22926C	L455S	No associated lineages	41	2025-07-13 to 2025-08-02 versus 2025-06-22 to 2025-07-12	0.78875	0.690028	-9.872	JN.1
23039	S	C23039G	Q493E	LP.8.1*,XFG*,KP.3*,XEQ*,XFH*,JN.1.16.4*,XDY*,JN.1.16.5*,LP.8.2*,KP.3.4*,XDY.9*,XEF*,XDY.1*,XFT*,XDY.5*,XDY.4*,XDY.11*,LF.7.1.11*,XET*,XDY.3*,NB.1.8*,XDY.6*,XDY.8*,XDY.2*,XDY.7*	25	2025-03-23 to 2025-04-12 versus 2025-03-02 to 2025-03-22	0.754711	0.740593	-1.412	XFG,LP.8.1,XFC,KP.3.1.1,XEC,XEQ,NB.1.8.1,KP.3,XEC.4,PA.1,MC.1,XEK,MC.10.1
24819	S	A24819G	K1086R	KP.1.1*,XFT*,KP.1*	10	2024-12-08 to 2024-12-28 versus 2024-11-17 to 2024-12-07	0.037698	0.062246	+2.455	LP.8.1,XFC
15009	ORF1b	T15009A	D514E	No associated lineages	28	2025-04-13 to 2025-05-03 versus 2025-03-23 to 2025-04-12	0.028134	0.029798	+0.166	Does not define any major lineages.
28254	ORF8	A28254-28254del	121fs	No associated lineages	40	2025-07-06 to 2025-07-26 versus 2025-06-15 to 2025-07-05	0.020792	0.011954	-0.884	Does not define any major lineages.
10296	ORF1a	C10296T	S3344F	NY.15*	20	2025-02-16 to 2025-03-08 versus 2025-01-26 to 2025-02-15	0.003841	0.027195	+2.335	Does not define any major lineages.
16342	ORF1b	T16342C	S959P	XDV*	28	2025-04-13 to 2025-05-03 versus 2025-03-23 to 2025-04-12	0.028261	0.041746	+1.348	NB.1.8.1
27810	ORF7b	T27810C	F19L	No associated lineages	35	2025-06-01 to 2025-06-21 versus 2025-05-11 to 2025-05-31	0.609038	0.560357	-4.868	JN.1
27476	ORF7a	C27476T	T28I	LB.1.3.1*,JN.1.8*,JN.1.8.1*	11	2024-12-15 to 2025-01-04 versus 2024-11-24 to 2024-12-14	0.035617	0.040704	+0.509	LB.1.3.1
7252	ORF1a	G7252T	L2329F	No associated lineages	34	2025-05-25 to 2025-06-14 versus 2025-05-04 to 2025-05-24	0.030758	0.028696	-0.206	Does not define any major lineages.
22928	S	T22928C	F456L	JN.1.7.9*,LR.1*,KU.2*,JN.1.39.1*,KR.5*,KR.1*,JN.1.67.1*,JN.1.48.1*,JN.1.62*,NS.3*,LN.1.1*,KR.3*,JN.1.29.1*,JN.1.1.8*,JN.1.4.9*,LF.6*,XDR.1.1*,KS.1*,LF.8*,JN.1.18.5*,LL.1*,XDK.1.2*,KR.4.1*,XDK.4.1*,LM.1*,MD.3.1*,LZ.1*,KW.1.1*,XDD.3*,LQ.1*,JN.1.1.6*,XDK.3*,JN.1.11.1*,JN.1.55.2*,JN.1.16*,XDK.6*,JN.1.55.1*,JN.1.48.3*,LR.3*,JN.1.50*,JN.1.51.1*,JN.1.15.1*,MD.1*,JN.1.7.8*,XDK.5*,LZ.2.2*,XDV.1*,JN.1.18.9*,JN.1.18.4*,LZ.2.1*,LE.1.3.1*,JN.1.65.1*	13	2024-12-29 to 2025-01-18 versus 2024-12-08 to 2024-12-28	0.963034	0.964803	+0.177	XFG,LP.8.1,LB.1.3.1,XFC,KP.3.1.1,XEC,XEQ,NB.1.8.1,LF.7.9,KP.3,XEC.4,LF.7.7.2,PA.1,MC.1,LF.7.2.1,XEK,LF.7,LF.7.7.1,MC.10.1
7262	ORF1a	C7262A	L2333I	No associated lineages	24	2025-03-16 to 2025-04-05 versus 2025-02-23 to 2025-03-15	0.030037	0.037363	+0.733	Does not define any major lineages.
7869	ORF1a	C7869T	S2535L	LF.7*	19	2025-02-09 to 2025-03-01 versus 2025-01-19 to 2025-02-08	0.045012	0.028574	-1.644	XFG,LF.7.9,LF.7.7.2,LF.7.2.1,LF.7,LF.7.7.1
18131	ORF1b	C18131T	T1555I	LB.1.3*	25	2025-03-23 to 2025-04-12 versus 2025-03-02 to 2025-03-22	0.026355	0.020366	-0.599	LB.1.3.1
24872	S	G24872T	V1104L	XEQ*,XDY.3*,XDY.9*,XDY.6*,JN.1.11*,XEF*,XDY.8*,XDY.1*,XDY*,XDY.2*,XDY.5*,XDY.4*,LB.1.1*,XFT*,XDY.11*,XDY.7*	3	2024-10-20 to 2024-11-09 versus 2024-09-29 to 2024-10-19	0.797302	0.805318	+0.802	LP.8.1,XFC,KP.3.1.1,XEC,XEQ,KP.3,XEC.4,PA.1,MC.1,XEK,MC.10.1
22865	S	G22865T	A435S	NB.1.8.1*,MC.10.1*,XEC.32.1*,XFN*,KP.3.3.5*,MC.31*,XDV.1.9.1*,XEC.20.1*,XEC.18.2*,MU.6*,MC.21.1*,MC.28.1*,MC.30.1.1*,PG.1*,PY.1.1.1*,KP.2.14.2*,XEP*,LP.10.1.1*,MU.2.1.1*,XDY.1*,MC.13.2*,XEC.25.1*,XEC.14.1.1*,PT.1*,XFB*,PY.1.4.1*,XDY.3*,MC.46.1*,KP.3.3.2*,XEC.4.5.1*,XEC.4.6.1*,KP.3.7*	16	2025-01-19 to 2025-02-08 versus 2024-12-29 to 2025-01-18	0.042691	0.062629	+1.994	NB.1.8.1,PA.1,MC.10.1
7113	ORF1a	C7113T	T2283I	PY.5*,XDV*,JN.1.11.1*,KU.2*,XFG.19*	13	2024-12-29 to 2025-01-18 versus 2024-12-08 to 2024-12-28	0.427384	0.381406	-4.598	LP.8.1,XFC,KP.3.1.1,NB.1.8.1,KP.3,PA.1,MC.1,XEK,MC.10.1
25969	ORF3a	T25969C	W193R	PQ.2*	35	2025-06-01 to 2025-06-21 versus 2025-05-11 to 2025-05-31	0.006106	0.026601	+2.05	Does not define any major lineages.
13121	ORF1a	A13121T	S4286C	KP.3.1.1*,XFA*,XFK*,XEW*	32	2025-05-11 to 2025-05-31 versus 2025-04-20 to 2025-05-10	0.047968	0.034426	-1.354	KP.3.1.1,PA.1,MC.1,MC.10.1
3686	ORF1a	C3686T	H1141Y	XDV.1.5.1*	42	2025-07-20 to 2025-08-09 versus 2025-06-29 to 2025-07-19	0.148698	0.122552	-2.615	NB.1.8.1
3686	ORF1a	C3686T	H1141Y	XDV.1.5.1*	28	2025-04-13 to 2025-05-03 versus 2025-03-23 to 2025-04-12	0.013103	0.038154	+2.505	NB.1.8.1
2060	ORF1a	G2060A	A599T	XEC*,MC.24.1*	38	2025-06-22 to 2025-07-12 versus 2025-06-01 to 2025-06-21	0.021608	0.03136	+0.975	XEC,XEC.4
22995	S	C22995T	T478I	LF.7.10*,NL.9*,XDV.1.5*,QD.1*,ND.3*,LN.1.1*	38	2025-06-22 to 2025-07-12 versus 2025-06-01 to 2025-06-21	0.208096	0.126768	-8.133	NB.1.8.1
3096	ORF1a	C3096T	S944L	NB.1.3.1*,PF.2*	24	2025-03-16 to 2025-04-05 versus 2025-02-23 to 2025-03-15	0.006565	0.025938	+1.937	Does not define any major lineages.
22928	S	T22928C	F456L	JN.1.7.9*,LR.1*,KU.2*,JN.1.39.1*,KR.5*,KR.1*,JN.1.67.1*,JN.1.48.1*,JN.1.62*,NS.3*,LN.1.1*,KR.3*,JN.1.29.1*,JN.1.1.8*,JN.1.4.9*,LF.6*,XDR.1.1*,KS.1*,LF.8*,JN.1.18.5*,LL.1*,XDK.1.2*,KR.4.1*,XDK.4.1*,LM.1*,MD.3.1*,LZ.1*,KW.1.1*,XDD.3*,LQ.1*,JN.1.1.6*,XDK.3*,JN.1.11.1*,JN.1.55.2*,JN.1.16*,XDK.6*,JN.1.55.1*,JN.1.48.3*,LR.3*,JN.1.50*,JN.1.51.1*,JN.1.15.1*,MD.1*,JN.1.7.8*,XDK.5*,LZ.2.2*,XDV.1*,JN.1.18.9*,JN.1.18.4*,LZ.2.1*,LE.1.3.1*,JN.1.65.1*	8	2024-11-24 to 2024-12-14 versus 2024-11-03 to 2024-11-23	0.948853	0.964184	+1.533	XFG,LP.8.1,LB.1.3.1,XFC,KP.3.1.1,XEC,XEQ,NB.1.8.1,LF.7.9,KP.3,XEC.4,LF.7.7.2,PA.1,MC.1,LF.7.2.1,XEK,LF.7,LF.7.7.1,MC.10.1
23277	S	C23277T	T572I	XFG*,XEC.4*,MC.1*,XDK*,MU.1*,MC.13.4*,XFA*,LF.7.1.8*,MV.1.6*,KP.2.15.1*,JN.1.32*,NY.16.1*,XDV.1.3*,XDY.1.1*,NT.2.1*,PW.1*,MC.6.1*,JN.1.62*,XEC.35*,MH.1*,KP.2.27*,JN.1.16.3*,LF.7.3.6*,NY.19*,JN.1.47.2*,MC.30.1.1*,KP.2.3.8*,KP.2.14.1*,XEC.21*,MC.26.1*,NB.1.3.1*,LZ.3*,LP.4*,LB.1.2.2*,XDY.5.1*,JN.1.9.1*,JN.1.1.1*,KP.2.9*,KP.2.2.2*,XDD.3*,XEC.37*,XEC.2.2.1*,LF.7.6.5*,LD.1*,JN.1.7*,LF.7.7*,MC.9.2*,KP.1.2*,XFB*,LF.7.10.1*,KP.2.3.6*,XEC.25.1.1*,NL.5.1*,KV.2*,MG.1*,XEF.3*,NL.13*,JN.1.65*,MZ.5*,KW.1*,MC.11.3.1*,JN.1.4.3*,MC.8.1*,KP.5*	27	2025-04-06 to 2025-04-26 versus 2025-03-16 to 2025-04-05	0.056143	0.046369	-0.977	XFG,XEC.4,MC.1,LF.7.7.1
21627	S	C21627A	T22N	XFC*,XEC*,LF.7*,XEQ*,KP.3.3.9*,XFP*,MB.1.1*,NB.1*,KP.2.14*,KS.1.5*,JN.1.18.7*,MR.2*,XEN*,XDV.1.7.1*,MT.1.1*,PF.2*,KP.3.1.9*,PB.1*,MU.6*,JN.1.16.5*,PM.1*,KP.2.26*,LF.8.1.1*,KP.3.6*,MU.3*,KP.2.18*,KS.1.1*,MG.3*,NG.1*,LJ.1*,MJ.1.1*,XER*,PB.2*,KP.2.2.1*,NW.1.2*,MC.24.1*,LP.8.1.6*,PP.1*,XEL*	29	2025-04-20 to 2025-05-10 versus 2025-03-30 to 2025-04-19	0.232937	0.278972	+4.603	XFG,XFC,XEC,XEQ,NB.1.8.1,LF.7.9,XEC.4,LF.7.7.2,LF.7.2.1,XEK,LF.7,LF.7.7.1
11727	ORF1a	G11727A	R3821K	No associated lineages	31	2025-05-04 to 2025-05-24 versus 2025-04-13 to 2025-05-03	0.95753	0.868381	-8.915	JN.1
21627	S	C21627A	T22N	XFC*,XEC*,LF.7*,XEQ*,KP.3.3.9*,XFP*,MB.1.1*,NB.1*,KP.2.14*,KS.1.5*,JN.1.18.7*,MR.2*,XEN*,XDV.1.7.1*,MT.1.1*,PF.2*,KP.3.1.9*,PB.1*,MU.6*,JN.1.16.5*,PM.1*,KP.2.26*,LF.8.1.1*,KP.3.6*,MU.3*,KP.2.18*,KS.1.1*,MG.3*,NG.1*,LJ.1*,MJ.1.1*,XER*,PB.2*,KP.2.2.1*,NW.1.2*,MC.24.1*,LP.8.1.6*,PP.1*,XEL*	2	2024-10-13 to 2024-11-02 versus 2024-09-22 to 2024-10-12	0.094941	0.281241	+18.63	XFG,XFC,XEC,XEQ,NB.1.8.1,LF.7.9,XEC.4,LF.7.7.2,LF.7.2.1,XEK,LF.7,LF.7.7.1
16342	ORF1b	T16342C	S959P	XDV*	25	2025-03-23 to 2025-04-12 versus 2025-03-02 to 2025-03-22	0.002522	0.028261	+2.574	NB.1.8.1
22928	S	T22928C	F456L	JN.1.7.9*,LR.1*,KU.2*,JN.1.39.1*,KR.5*,KR.1*,JN.1.67.1*,JN.1.48.1*,JN.1.62*,NS.3*,LN.1.1*,KR.3*,JN.1.29.1*,JN.1.1.8*,JN.1.4.9*,LF.6*,XDR.1.1*,KS.1*,LF.8*,JN.1.18.5*,LL.1*,XDK.1.2*,KR.4.1*,XDK.4.1*,LM.1*,MD.3.1*,LZ.1*,KW.1.1*,XDD.3*,LQ.1*,JN.1.1.6*,XDK.3*,JN.1.11.1*,JN.1.55.2*,JN.1.16*,XDK.6*,JN.1.55.1*,JN.1.48.3*,LR.3*,JN.1.50*,JN.1.51.1*,JN.1.15.1*,MD.1*,JN.1.7.8*,XDK.5*,LZ.2.2*,XDV.1*,JN.1.18.9*,JN.1.18.4*,LZ.2.1*,LE.1.3.1*,JN.1.65.1*	5	2024-11-03 to 2024-11-23 versus 2024-10-13 to 2024-11-02	0.899318	0.948853	+4.954	XFG,LP.8.1,LB.1.3.1,XFC,KP.3.1.1,XEC,XEQ,NB.1.8.1,LF.7.9,KP.3,XEC.4,LF.7.7.2,PA.1,MC.1,LF.7.2.1,XEK,LF.7,LF.7.7.1,MC.10.1
27476	ORF7a	C27476T	T28I	LB.1.3.1*,JN.1.8*,JN.1.8.1*	26	2025-03-30 to 2025-04-19 versus 2025-03-09 to 2025-03-29	0.043722	0.014908	-2.881	LB.1.3.1
21653	S	T21653C	S31P	XFC*,LF.7*,XFN*,XFP*,MT.1*,KP.2.26*,KP.3.2.6*,MJ.1*,NF.1*,XER*,JN.1.40*	1	2024-10-06 to 2024-10-26 versus 2024-09-15 to 2024-10-05	0.014144	0.025972	+1.183	XFG,XFC,LF.7.9,LF.7.7.2,LF.7.2.1,LF.7,LF.7.7.1
22893	S	A22893G	K444R	LF.7*,JN.1.23*,JN.1.61*,XER*,NY.3.1.1*,NA.1.1*	15	2025-01-12 to 2025-02-01 versus 2024-12-22 to 2025-01-11	0.031847	0.041847	+1.0	XFG,LF.7.9,LF.7.7.2,LF.7.2.1,LF.7,LF.7.7.1
3686	ORF1a	C3686T	H1141Y	XDV.1.5.1*	27	2025-04-06 to 2025-04-26 versus 2025-03-16 to 2025-04-05	0.004295	0.03083	+2.653	NB.1.8.1
11727	ORF1a	G11727A	R3821K	No associated lineages	41	2025-07-13 to 2025-08-02 versus 2025-06-22 to 2025-07-12	0.791237	0.807583	+1.635	JN.1
22928	S	T22928C	F456L	JN.1.7.9*,LR.1*,KU.2*,JN.1.39.1*,KR.5*,KR.1*,JN.1.67.1*,JN.1.48.1*,JN.1.62*,NS.3*,LN.1.1*,KR.3*,JN.1.29.1*,JN.1.1.8*,JN.1.4.9*,LF.6*,XDR.1.1*,KS.1*,LF.8*,JN.1.18.5*,LL.1*,XDK.1.2*,KR.4.1*,XDK.4.1*,LM.1*,MD.3.1*,LZ.1*,KW.1.1*,XDD.3*,LQ.1*,JN.1.1.6*,XDK.3*,JN.1.11.1*,JN.1.55.2*,JN.1.16*,XDK.6*,JN.1.55.1*,JN.1.48.3*,LR.3*,JN.1.50*,JN.1.51.1*,JN.1.15.1*,MD.1*,JN.1.7.8*,XDK.5*,LZ.2.2*,XDV.1*,JN.1.18.9*,JN.1.18.4*,LZ.2.1*,LE.1.3.1*,JN.1.65.1*	30	2025-04-27 to 2025-05-17 versus 2025-04-06 to 2025-04-26	0.828256	0.565951	-26.231	XFG,LP.8.1,LB.1.3.1,XFC,KP.3.1.1,XEC,XEQ,NB.1.8.1,LF.7.9,KP.3,XEC.4,LF.7.7.2,PA.1,MC.1,LF.7.2.1,XEK,LF.7,LF.7.7.1,MC.10.1
16457	ORF1b	C16457T	S997L	XFG.4.1*	40	2025-07-06 to 2025-07-26 versus 2025-06-15 to 2025-07-05	0.031519	0.029011	-0.251	Does not define any major lineages.
5180	ORF1a	G5180A	D1639N	NY.18.1*,NC.1.1*,XEC.31*	14	2025-01-05 to 2025-01-25 versus 2024-12-15 to 2025-01-04	0.013026	0.021632	+0.861	Does not define any major lineages.
12854	ORF1a	C12854T	P4197S	NB.1*	29	2025-04-20 to 2025-05-10 versus 2025-03-30 to 2025-04-19	0.02101	0.111969	+9.096	NB.1.8.1
3936	ORF1a	A3936G	Q1224R	No associated lineages	40	2025-07-06 to 2025-07-26 versus 2025-06-15 to 2025-07-05	0.004845	0.021585	+1.674	Does not define any major lineages.
22599	S	G22599C	R346T	XFN*,JN.1.24.1*,MC.13.2.4*,LE.1*,MC.31*,XED*,JN.1.59.1*,MF.1*,KR.5*,MC.32.1*,JN.1.48.1*,MC.28.1.1*,XDD.1.1.1*,MC.33.1*,NB.1.2.1*,MZ.3*,PJ.1*,JN.1.11.2*,JN.1.8.2*,KZ.1.1*,LN.1.1*,XDR.1*,LU.1*,XEP.1.1*,JN.1.7.3*,MU.3*,JN.1.16.1*,JN.1.29.1*,LF.6*,JN.1.44.1*,LG.1*,KS.1*,XEH*,LF.8*,JN.1.25.1*,MC.17.1*,JN.1.18*,MQ.1*,JN.1.30.1*,NU.1*,LU.2*,JN.1.6.1*,MC.19*,KP.2*,PK.1*,JN.1.50.1*,JN.1.4.4*,JN.1.49.1*,MC.13.3.1*,MK.3*,JN.1.26*,MC.13.2.1*,PG.3*,JN.1.39.2*,JN.1.58.2*,JN.1.42.2*,KQ.1*,JN.1.1.3*,XEM*,JN.1.1.5*,KP.4.1*,MC.10.1.6*,JN.1.48.2*,JN.1.48.3*,JN.1.9.2*,XEC.27*,JN.1.18.8*,XES.1*,MC.33.2*,NB.1.6.1*,XDK.1*,MC.13.2.2*,XEK.7*	28	2025-04-13 to 2025-05-03 versus 2025-03-23 to 2025-04-12	0.436551	0.372138	-6.441	XFG,LP.8.1,LB.1.3.1,XFC,XEQ,LF.7.9,LF.7.7.2,LF.7.2.1,LF.7,LF.7.7.1
23039	S	C23039G	Q493E	LP.8.1*,XFG*,KP.3*,XEQ*,XFH*,JN.1.16.4*,XDY*,JN.1.16.5*,LP.8.2*,KP.3.4*,XDY.9*,XEF*,XDY.1*,XFT*,XDY.5*,XDY.4*,XDY.11*,LF.7.1.11*,XET*,XDY.3*,NB.1.8*,XDY.6*,XDY.8*,XDY.2*,XDY.7*	17	2025-01-26 to 2025-02-15 versus 2025-01-05 to 2025-01-25	0.788145	0.78681	-0.133	XFG,LP.8.1,XFC,KP.3.1.1,XEC,XEQ,NB.1.8.1,KP.3,XEC.4,PA.1,MC.1,XEK,MC.10.1
13121	ORF1a	A13121T	S4286C	KP.3.1.1*,XFA*,XFK*,XEW*	2	2024-10-13 to 2024-11-02 versus 2024-09-22 to 2024-10-12	0.320921	0.536754	+21.583	KP.3.1.1,PA.1,MC.1,MC.10.1
22926	S	T22926C	L455S	No associated lineages	9	2024-12-01 to 2024-12-21 versus 2024-11-10 to 2024-11-30	0.778207	0.870554	+9.235	JN.1
22599	S	G22599C	R346T	XFN*,JN.1.24.1*,MC.13.2.4*,LE.1*,MC.31*,XED*,JN.1.59.1*,MF.1*,KR.5*,MC.32.1*,JN.1.48.1*,MC.28.1.1*,XDD.1.1.1*,MC.33.1*,NB.1.2.1*,MZ.3*,PJ.1*,JN.1.11.2*,JN.1.8.2*,KZ.1.1*,LN.1.1*,XDR.1*,LU.1*,XEP.1.1*,JN.1.7.3*,MU.3*,JN.1.16.1*,JN.1.29.1*,LF.6*,JN.1.44.1*,LG.1*,KS.1*,XEH*,LF.8*,JN.1.25.1*,MC.17.1*,JN.1.18*,MQ.1*,JN.1.30.1*,NU.1*,LU.2*,JN.1.6.1*,MC.19*,KP.2*,PK.1*,JN.1.50.1*,JN.1.4.4*,JN.1.49.1*,MC.13.3.1*,MK.3*,JN.1.26*,MC.13.2.1*,PG.3*,JN.1.39.2*,JN.1.58.2*,JN.1.42.2*,KQ.1*,JN.1.1.3*,XEM*,JN.1.1.5*,KP.4.1*,MC.10.1.6*,JN.1.48.2*,JN.1.48.3*,JN.1.9.2*,XEC.27*,JN.1.18.8*,XES.1*,MC.33.2*,NB.1.6.1*,XDK.1*,MC.13.2.2*,XEK.7*	8	2024-11-24 to 2024-12-14 versus 2024-11-03 to 2024-11-23	0.130551	0.118511	-1.204	XFG,LP.8.1,LB.1.3.1,XFC,XEQ,LF.7.9,LF.7.7.2,LF.7.2.1,LF.7,LF.7.7.1
24819	S	A24819G	K1086R	KP.1.1*,XFT*,KP.1*	4	2024-10-27 to 2024-11-16 versus 2024-10-06 to 2024-10-26	0.017354	0.019134	+0.178	LP.8.1,XFC
29625	ORF10	C29625T	S23F	No associated lineages	37	2025-06-15 to 2025-07-05 versus 2025-05-25 to 2025-06-14	0.033532	0.022849	-1.068	Does not define any major lineages.
21738	S	T21738C	F59S	XEC*,NB.1*,JN.1.18.7*,MR.2*,KR.1.4*,JN.1.18.6*,MZ.3*,XDR.1*,JN.1.42.1*,MU.3*,KP.1.1.5*,KS.1*,JN.1.13.1*,JN.1.18.2*,KP.3.1.8*,KP.3.3.8*,KP.2.10*,XEM*,JN.1.18.9*	37	2025-06-15 to 2025-07-05 versus 2025-05-25 to 2025-06-14	0.204935	0.221817	+1.688	XEC,XEQ,NB.1.8.1,XEC.4,XEK
16457	ORF1b	C16457T	S997L	XFG.4.1*	39	2025-06-29 to 2025-07-19 versus 2025-06-08 to 2025-06-28	0.030416	0.027013	-0.34	Does not define any major lineages.
9431	ORF1a	G9431A	V3056I	No associated lineages	15	2025-01-12 to 2025-02-01 versus 2024-12-22 to 2025-01-11	0.022291	0.006536	-1.576	Does not define any major lineages.
3096	ORF1a	C3096T	S944L	NB.1.3.1*,PF.2*	28	2025-04-13 to 2025-05-03 versus 2025-03-23 to 2025-04-12	0.02318	0.027558	+0.438	Does not define any major lineages.
27810	ORF7b	T27810C	F19L	No associated lineages	15	2025-01-12 to 2025-02-01 versus 2024-12-22 to 2025-01-11	0.713581	0.754124	+4.054	JN.1
24819	S	A24819G	K1086R	KP.1.1*,XFT*,KP.1*	18	2025-02-02 to 2025-02-22 versus 2025-01-12 to 2025-02-01	0.129061	0.270724	+14.166	LP.8.1,XFC
22111	S	G22111T	Q183H	XFB*,LB.1*,JN.1.9*,XFR*,LY.2*,JN.1.32.1*	17	2025-01-26 to 2025-02-15 versus 2025-01-05 to 2025-01-25	0.014372	0.020334	+0.596	LB.1.3.1
23856	S	G23856T	R765L	MC.41*,NY.3*,XEK.1.2.1*,XEC.2.5*	39	2025-06-29 to 2025-07-19 versus 2025-06-08 to 2025-06-28	0.020094	0.010108	-0.999	Does not define any major lineages.
22108	S	A22108T	K182N	MB.1.1*,XEC.27.2*,LU.2.1.1*,KP.1.1.1*,XEC.11*	26	2025-03-30 to 2025-04-19 versus 2025-03-09 to 2025-03-29	0.022203	0.00787	-1.433	Does not define any major lineages.
24872	S	G24872T	V1104L	XEQ*,XDY.3*,XDY.9*,XDY.6*,JN.1.11*,XEF*,XDY.8*,XDY.1*,XDY*,XDY.2*,XDY.5*,XDY.4*,LB.1.1*,XFT*,XDY.11*,XDY.7*	16	2025-01-19 to 2025-02-08 versus 2024-12-29 to 2025-01-18	0.869082	0.84336	-2.572	LP.8.1,XFC,KP.3.1.1,XEC,XEQ,KP.3,XEC.4,PA.1,MC.1,XEK,MC.10.1
7262	ORF1a	C7262A	L2333I	No associated lineages	42	2025-07-20 to 2025-08-09 versus 2025-06-29 to 2025-07-19	0.062019	0.033679	-2.834	Does not define any major lineages.
22893	S	A22893G	K444R	LF.7*,JN.1.23*,JN.1.61*,XER*,NY.3.1.1*,NA.1.1*	6	2024-11-10 to 2024-11-30 versus 2024-10-20 to 2024-11-09	0.015063	0.038647	+2.358	XFG,LF.7.9,LF.7.7.2,LF.7.2.1,LF.7,LF.7.7.1
24872	S	G24872T	V1104L	XEQ*,XDY.3*,XDY.9*,XDY.6*,JN.1.11*,XEF*,XDY.8*,XDY.1*,XDY*,XDY.2*,XDY.5*,XDY.4*,LB.1.1*,XFT*,XDY.11*,XDY.7*	27	2025-04-06 to 2025-04-26 versus 2025-03-16 to 2025-04-05	0.715146	0.68571	-2.944	LP.8.1,XFC,KP.3.1.1,XEC,XEQ,KP.3,XEC.4,PA.1,MC.1,XEK,MC.10.1
10296	ORF1a	C10296T	S3344F	NY.15*	32	2025-05-11 to 2025-05-31 versus 2025-04-20 to 2025-05-10	0.007136	0.023572	+1.644	Does not define any major lineages.
4683	ORF1a	C4683T	A1473V	XDV.1.5*,LB.1.4*,XFC.1.3*	40	2025-07-06 to 2025-07-26 versus 2025-06-15 to 2025-07-05	0.205172	0.168696	-3.648	NB.1.8.1
11296	ORF1a	T11296G	F3677L	No associated lineages	2	2024-10-13 to 2024-11-02 versus 2024-09-22 to 2024-10-12	0.022104	0.012698	-0.941	Does not define any major lineages.
24819	S	A24819G	K1086R	KP.1.1*,XFT*,KP.1*	36	2025-06-08 to 2025-06-28 versus 2025-05-18 to 2025-06-07	0.514474	0.347368	-16.711	LP.8.1,XFC
2949	ORF1a	T2949G	I895S	No associated lineages	20	2025-02-16 to 2025-03-08 versus 2025-01-26 to 2025-02-15	0.014117	0.020603	+0.649	Does not define any major lineages.
7262	ORF1a	C7262A	L2333I	No associated lineages	34	2025-05-25 to 2025-06-14 versus 2025-05-04 to 2025-05-24	0.074519	0.053097	-2.142	Does not define any major lineages.
15009	ORF1b	T15009A	D514E	No associated lineages	24	2025-03-16 to 2025-04-05 versus 2025-02-23 to 2025-03-15	0.028473	0.036872	+0.84	Does not define any major lineages.
23039	S	C23039G	Q493E	LP.8.1*,XFG*,KP.3*,XEQ*,XFH*,JN.1.16.4*,XDY*,JN.1.16.5*,LP.8.2*,KP.3.4*,XDY.9*,XEF*,XDY.1*,XFT*,XDY.5*,XDY.4*,XDY.11*,LF.7.1.11*,XET*,XDY.3*,NB.1.8*,XDY.6*,XDY.8*,XDY.2*,XDY.7*	29	2025-04-20 to 2025-05-10 versus 2025-03-30 to 2025-04-19	0.745122	0.742744	-0.238	XFG,LP.8.1,XFC,KP.3.1.1,XEC,XEQ,NB.1.8.1,KP.3,XEC.4,PA.1,MC.1,XEK,MC.10.1
21627	S	C21627A	T22N	XFC*,XEC*,LF.7*,XEQ*,KP.3.3.9*,XFP*,MB.1.1*,NB.1*,KP.2.14*,KS.1.5*,JN.1.18.7*,MR.2*,XEN*,XDV.1.7.1*,MT.1.1*,PF.2*,KP.3.1.9*,PB.1*,MU.6*,JN.1.16.5*,PM.1*,KP.2.26*,LF.8.1.1*,KP.3.6*,MU.3*,KP.2.18*,KS.1.1*,MG.3*,NG.1*,LJ.1*,MJ.1.1*,XER*,PB.2*,KP.2.2.1*,NW.1.2*,MC.24.1*,LP.8.1.6*,PP.1*,XEL*	34	2025-05-25 to 2025-06-14 versus 2025-05-04 to 2025-05-24	0.315435	0.547855	+23.242	XFG,XFC,XEC,XEQ,NB.1.8.1,LF.7.9,XEC.4,LF.7.7.2,LF.7.2.1,XEK,LF.7,LF.7.7.1
22884	S	T22884G	L441R	LF.7.9*,LF.7.6.2*,XFP*,MV.1.5*	41	2025-07-13 to 2025-08-02 versus 2025-06-22 to 2025-07-12	0.039923	0.018634	-2.129	LF.7.9
1170	ORF1a	C1170T	S302F	XDV*	37	2025-06-15 to 2025-07-05 versus 2025-05-25 to 2025-06-14	0.112683	0.17232	+5.964	NB.1.8.1
22120	S	C22120A	F186L	LP.8.1*,LP.8.2*,XFT*	22	2025-03-02 to 2025-03-22 versus 2025-02-09 to 2025-03-01	0.124903	0.178609	+5.371	LP.8.1
21627	S	C21627A	T22N	XFC*,XEC*,LF.7*,XEQ*,KP.3.3.9*,XFP*,MB.1.1*,NB.1*,KP.2.14*,KS.1.5*,JN.1.18.7*,MR.2*,XEN*,XDV.1.7.1*,MT.1.1*,PF.2*,KP.3.1.9*,PB.1*,MU.6*,JN.1.16.5*,PM.1*,KP.2.26*,LF.8.1.1*,KP.3.6*,MU.3*,KP.2.18*,KS.1.1*,MG.3*,NG.1*,LJ.1*,MJ.1.1*,XER*,PB.2*,KP.2.2.1*,NW.1.2*,MC.24.1*,LP.8.1.6*,PP.1*,XEL*	40	2025-07-06 to 2025-07-26 versus 2025-06-15 to 2025-07-05	0.626197	0.765228	+13.903	XFG,XFC,XEC,XEQ,NB.1.8.1,LF.7.9,XEC.4,LF.7.7.2,LF.7.2.1,XEK,LF.7,LF.7.7.1
11727	ORF1a	G11727A	R3821K	No associated lineages	5	2024-11-03 to 2024-11-23 versus 2024-10-13 to 2024-11-02	0.887914	0.875293	-1.262	JN.1
14290	ORF1b	G14290T	D275Y	NB.1*	31	2025-05-04 to 2025-05-24 versus 2025-04-13 to 2025-05-03	0.046124	0.108752	+6.263	NB.1.8.1
18298	ORF1b	A18298G	I1611V	NW.1.7*	39	2025-06-29 to 2025-07-19 versus 2025-06-08 to 2025-06-28	0.005717	0.021013	+1.53	Does not define any major lineages.
22986	S	C22986T	A475V	LF.7.9*,LF.7.2.1*,XFP*,PF.2.2.1*,PV.3*,NY.6*,LP.10.1*,QJ.2*,LF.7.3.6*,PL.1*,LF.7.12*,XFC.2*,KP.2.3.1*,LP.8.2.1*,LP.8.1.9*,NY.3.1.1*,LF.7.1.2*,LF.7.1.7*,QH.1*,NY.7.1.1*,LF.7.3.1*,QC.2.1*	16	2025-01-19 to 2025-02-08 versus 2024-12-29 to 2025-01-18	0.010275	0.025455	+1.518	LF.7.9,LF.7.2.1
21652	S	TTC21652-21654del	NS30-31Ndel	No associated lineages	39	2025-06-29 to 2025-07-19 versus 2025-06-08 to 2025-06-28	0.33883	0.263724	-7.511	LP.8.1,LB.1.3.1,KP.3.1.1,PA.1,MC.1,MC.10.1
27476	ORF7a	C27476T	T28I	LB.1.3.1*,JN.1.8*,JN.1.8.1*	24	2025-03-16 to 2025-04-05 versus 2025-02-23 to 2025-03-15	0.032363	0.04475	+1.239	LB.1.3.1
21351	ORF1b	G21351T	W2628C	No associated lineages	20	2025-02-16 to 2025-03-08 versus 2025-01-26 to 2025-02-15	0.024656	0.001105	-2.355	Does not define any major lineages.
3096	ORF1a	C3096T	S944L	NB.1.3.1*,PF.2*	25	2025-03-23 to 2025-04-12 versus 2025-03-02 to 2025-03-22	0.005728	0.02318	+1.745	Does not define any major lineages.
21627	S	C21627A	T22N	XFC*,XEC*,LF.7*,XEQ*,KP.3.3.9*,XFP*,MB.1.1*,NB.1*,KP.2.14*,KS.1.5*,JN.1.18.7*,MR.2*,XEN*,XDV.1.7.1*,MT.1.1*,PF.2*,KP.3.1.9*,PB.1*,MU.6*,JN.1.16.5*,PM.1*,KP.2.26*,LF.8.1.1*,KP.3.6*,MU.3*,KP.2.18*,KS.1.1*,MG.3*,NG.1*,LJ.1*,MJ.1.1*,XER*,PB.2*,KP.2.2.1*,NW.1.2*,MC.24.1*,LP.8.1.6*,PP.1*,XEL*	22	2025-03-02 to 2025-03-22 versus 2025-02-09 to 2025-03-01	0.51021	0.442397	-6.781	XFG,XFC,XEC,XEQ,NB.1.8.1,LF.7.9,XEC.4,LF.7.7.2,LF.7.2.1,XEK,LF.7,LF.7.7.1
22986	S	C22986T	A475V	LF.7.9*,LF.7.2.1*,XFP*,PF.2.2.1*,PV.3*,NY.6*,LP.10.1*,QJ.2*,LF.7.3.6*,PL.1*,LF.7.12*,XFC.2*,KP.2.3.1*,LP.8.2.1*,LP.8.1.9*,NY.3.1.1*,LF.7.1.2*,LF.7.1.7*,QH.1*,NY.7.1.1*,LF.7.3.1*,QC.2.1*	19	2025-02-09 to 2025-03-01 versus 2025-01-19 to 2025-02-08	0.025455	0.008374	-1.708	LF.7.9,LF.7.2.1
25693	ORF3a	C25693T	L101F	NW.1*	41	2025-07-13 to 2025-08-02 versus 2025-06-22 to 2025-07-12	0.021909	0.029294	+0.738	Does not define any major lineages.
14189	ORF1b	C14189T	A241V	NY.14*,NY.8*	29	2025-04-20 to 2025-05-10 versus 2025-03-30 to 2025-04-19	0.03269	0.016236	-1.645	Does not define any major lineages.
10296	ORF1a	C10296T	S3344F	NY.15*	19	2025-02-09 to 2025-03-01 versus 2025-01-19 to 2025-02-08	0.003331	0.022851	+1.952	Does not define any major lineages.
29409	N	C29409T	T379I	XFG*,LF.7.9*,LB.1.3.1*,NT.1*,MC.10.1.3*,XDS*,XEC.2.3*,NS.3*,XEC.35.1*	8	2024-11-24 to 2024-12-14 versus 2024-11-03 to 2024-11-23	0.022025	0.023606	+0.158	XFG,LB.1.3.1,LF.7.9
22930	S	T22930A	F456L (1)	JN.1.7.9*,LR.1*,KU.2*,JN.1.39.1*,KR.5*,KR.1*,JN.1.67.1*,JN.1.48.1*,JN.1.62*,NS.3*,LN.1.1*,KR.3*,JN.1.29.1*,JN.1.1.8*,JN.1.4.9*,LF.6*,XDR.1.1*,KS.1*,LF.8*,JN.1.18.5*,LL.1*,XDK.1.2*,KR.4.1*,XDK.4.1*,LM.1*,MD.3.1*,LZ.1*,KW.1.1*,XDD.3*,LQ.1*,JN.1.1.6*,XDK.3*,JN.1.11.1*,JN.1.55.2*,JN.1.16*,XDK.6*,JN.1.55.1*,JN.1.48.3*,LR.3*,JN.1.50*,JN.1.51.1*,JN.1.15.1*,MD.1*,JN.1.7.8*,XDK.5*,LZ.2.2*,XDV.1*,JN.1.18.9*,JN.1.18.4*,LZ.2.1*,LE.1.3.1*,JN.1.65.1*	38	2025-06-22 to 2025-07-12 versus 2025-06-01 to 2025-06-21	0.22818	0.163405	-6.478	Does not define any major lineages.
25793	ORF3a	G25793A	R134H	XDV.1.5.1*	36	2025-06-08 to 2025-06-28 versus 2025-05-18 to 2025-06-07	0.037967	0.071083	+3.312	NB.1.8.1
22108	S	A22108T	K182N	MB.1.1*,XEC.27.2*,LU.2.1.1*,KP.1.1.1*,XEC.11*	27	2025-04-06 to 2025-04-26 versus 2025-03-16 to 2025-04-05	0.028628	0.014108	-1.452	Does not define any major lineages.
6255	ORF1a	C6255T	A1997V	LP.8.1*,LP.11*,XFV*,LP.8.2*	12	2024-12-22 to 2025-01-11 versus 2024-12-01 to 2024-12-21	0.050802	0.110408	+5.961	LP.8.1,XFC
24872	S	G24872T	V1104L	XEQ*,XDY.3*,XDY.9*,XDY.6*,JN.1.11*,XEF*,XDY.8*,XDY.1*,XDY*,XDY.2*,XDY.5*,XDY.4*,LB.1.1*,XFT*,XDY.11*,XDY.7*	40	2025-07-06 to 2025-07-26 versus 2025-06-15 to 2025-07-05	0.383007	0.176776	-20.623	LP.8.1,XFC,KP.3.1.1,XEC,XEQ,KP.3,XEC.4,PA.1,MC.1,XEK,MC.10.1
3939	ORF1a	G3939T	R1225I	XFT*,LF.7.7*	29	2025-04-20 to 2025-05-10 versus 2025-03-30 to 2025-04-19	0.024509	0.01633	-0.818	LF.7.7.2,LF.7.7.1
2060	ORF1a	G2060A	A599T	XEC*,MC.24.1*	1	2024-10-06 to 2024-10-26 versus 2024-09-15 to 2024-10-05	0.039625	0.099897	+6.027	XEC,XEC.4
14964	ORF1b	A14964C	K499N	No associated lineages	36	2025-06-08 to 2025-06-28 versus 2025-05-18 to 2025-06-07	0.02211	0.016632	-0.548	Does not define any major lineages.
22895	S	G22895C, T22896C	V445P	LF.7.9*,LF.7.7.2*,PA.1*,LB.1.3.1*,LK.1*,XFP*,NS.1.1*,MV.1.1.1*,LP.1.2.1*,XFG.1*,KP.2.3.4*,NN.1*,LF.3.1*,NC.1.2*,JN.1.1.8*,MA.1.1.1*,LF.7.8*,LP.9*,MU.2.1.1*,LF.7.10.1*,LF.7.6.2*,KP.2.28.1*,JN.1.50*,LB.1.10*,LF.7.1.10*,MU.5*,QJ.1*	8	2024-11-24 to 2024-12-14 versus 2024-11-03 to 2024-11-23	0.01922	0.027432	+0.821	LB.1.3.1,LF.7.9,LF.7.7.2,PA.1
21653	S	T21653C	S31P	XFC*,LF.7*,XFN*,XFP*,MT.1*,KP.2.26*,KP.3.2.6*,MJ.1*,NF.1*,XER*,JN.1.40*	32	2025-05-11 to 2025-05-31 versus 2025-04-20 to 2025-05-10	0.055317	0.16928	+11.396	XFG,XFC,LF.7.9,LF.7.7.2,LF.7.2.1,LF.7,LF.7.7.1
21738	S	T21738C	F59S	XEC*,NB.1*,JN.1.18.7*,MR.2*,KR.1.4*,JN.1.18.6*,MZ.3*,XDR.1*,JN.1.42.1*,MU.3*,KP.1.1.5*,KS.1*,JN.1.13.1*,JN.1.18.2*,KP.3.1.8*,KP.3.3.8*,KP.2.10*,XEM*,JN.1.18.9*	5	2024-11-03 to 2024-11-23 versus 2024-10-13 to 2024-11-02	0.230786	0.370593	+13.981	XEC,XEQ,NB.1.8.1,XEC.4,XEK
6255	ORF1a	C6255T	A1997V	LP.8.1*,LP.11*,XFV*,LP.8.2*	29	2025-04-20 to 2025-05-10 versus 2025-03-30 to 2025-04-19	0.507298	0.588703	+8.14	LP.8.1,XFC
10296	ORF1a	C10296T	S3344F	NY.15*	37	2025-06-15 to 2025-07-05 versus 2025-05-25 to 2025-06-14	0.015159	0.021292	+0.613	Does not define any major lineages.
11727	ORF1a	G11727A	R3821K	No associated lineages	13	2024-12-29 to 2025-01-18 versus 2024-12-08 to 2024-12-28	0.959534	0.991757	+3.222	JN.1
23277	S	C23277T	T572I	XFG*,XEC.4*,MC.1*,XDK*,MU.1*,MC.13.4*,XFA*,LF.7.1.8*,MV.1.6*,KP.2.15.1*,JN.1.32*,NY.16.1*,XDV.1.3*,XDY.1.1*,NT.2.1*,PW.1*,MC.6.1*,JN.1.62*,XEC.35*,MH.1*,KP.2.27*,JN.1.16.3*,LF.7.3.6*,NY.19*,JN.1.47.2*,MC.30.1.1*,KP.2.3.8*,KP.2.14.1*,XEC.21*,MC.26.1*,NB.1.3.1*,LZ.3*,LP.4*,LB.1.2.2*,XDY.5.1*,JN.1.9.1*,JN.1.1.1*,KP.2.9*,KP.2.2.2*,XDD.3*,XEC.37*,XEC.2.2.1*,LF.7.6.5*,LD.1*,JN.1.7*,LF.7.7*,MC.9.2*,KP.1.2*,XFB*,LF.7.10.1*,KP.2.3.6*,XEC.25.1.1*,NL.5.1*,KV.2*,MG.1*,XEF.3*,NL.13*,JN.1.65*,MZ.5*,KW.1*,MC.11.3.1*,JN.1.4.3*,MC.8.1*,KP.5*	29	2025-04-20 to 2025-05-10 versus 2025-03-30 to 2025-04-19	0.050021	0.045404	-0.462	XFG,XEC.4,MC.1,LF.7.7.1
28883	N	G28883C, G28884C	G204P	PP.1.1.1*,MC.24.1*,PQ.1.1*,KP.3.3*,XEP*	10	2024-12-08 to 2024-12-28 versus 2024-11-17 to 2024-12-07	0.322201	0.41912	+9.692	XEC,XEC.4,XEK
21738	S	T21738C	F59S	XEC*,NB.1*,JN.1.18.7*,MR.2*,KR.1.4*,JN.1.18.6*,MZ.3*,XDR.1*,JN.1.42.1*,MU.3*,KP.1.1.5*,KS.1*,JN.1.13.1*,JN.1.18.2*,KP.3.1.8*,KP.3.3.8*,KP.2.10*,XEM*,JN.1.18.9*	27	2025-04-06 to 2025-04-26 versus 2025-03-16 to 2025-04-05	0.215149	0.238013	+2.286	XEC,XEQ,NB.1.8.1,XEC.4,XEK
22132	S	G22132T	R190S	LP.8.1*,LF.7*,XFN*,XFP*,LB.1.4.1*,NC.1*,MA.1*,JN.1.59.1*,LP.7*,XEL.4*,NL.5.2*,NL.22.1*,NK.1*,LB.1.11*,LB.1.7.4*,LP.1.2*,XER*,LZ.4*,KP.4.2.6*,KP.4.2.4*,MC.19.1.1*,NL.1*,MC.33.1.1*	4	2024-10-27 to 2024-11-16 versus 2024-10-06 to 2024-10-26	0.02325	0.043523	+2.027	XFG,LP.8.1,XFC,LF.7.9,LF.7.7.2,LF.7.2.1,LF.7,LF.7.7.1
16943	ORF1b	G16943T	S1159I	XEQ*	30	2025-04-27 to 2025-05-17 versus 2025-04-06 to 2025-04-26	0.029259	0.006682	-2.258	XEQ
22930	S	T22930A	F456L (1)	JN.1.7.9*,LR.1*,KU.2*,JN.1.39.1*,KR.5*,KR.1*,JN.1.67.1*,JN.1.48.1*,JN.1.62*,NS.3*,LN.1.1*,KR.3*,JN.1.29.1*,JN.1.1.8*,JN.1.4.9*,LF.6*,XDR.1.1*,KS.1*,LF.8*,JN.1.18.5*,LL.1*,XDK.1.2*,KR.4.1*,XDK.4.1*,LM.1*,MD.3.1*,LZ.1*,KW.1.1*,XDD.3*,LQ.1*,JN.1.1.6*,XDK.3*,JN.1.11.1*,JN.1.55.2*,JN.1.16*,XDK.6*,JN.1.55.1*,JN.1.48.3*,LR.3*,JN.1.50*,JN.1.51.1*,JN.1.15.1*,MD.1*,JN.1.7.8*,XDK.5*,LZ.2.2*,XDV.1*,JN.1.18.9*,JN.1.18.4*,LZ.2.1*,LE.1.3.1*,JN.1.65.1*	35	2025-06-01 to 2025-06-21 versus 2025-05-11 to 2025-05-31	0.074479	0.22818	+15.37	Does not define any major lineages.
23039	S	C23039G	Q493E	LP.8.1*,XFG*,KP.3*,XEQ*,XFH*,JN.1.16.4*,XDY*,JN.1.16.5*,LP.8.2*,KP.3.4*,XDY.9*,XEF*,XDY.1*,XFT*,XDY.5*,XDY.4*,XDY.11*,LF.7.1.11*,XET*,XDY.3*,NB.1.8*,XDY.6*,XDY.8*,XDY.2*,XDY.7*	37	2025-06-15 to 2025-07-05 versus 2025-05-25 to 2025-06-14	0.767972	0.827761	+5.979	XFG,LP.8.1,XFC,KP.3.1.1,XEC,XEQ,NB.1.8.1,KP.3,XEC.4,PA.1,MC.1,XEK,MC.10.1
7252	ORF1a	G7252T	L2329F	No associated lineages	31	2025-05-04 to 2025-05-24 versus 2025-04-13 to 2025-05-03	0.03592	0.030758	-0.516	Does not define any major lineages.
29409	N	C29409T	T379I	XFG*,LF.7.9*,LB.1.3.1*,NT.1*,MC.10.1.3*,XDS*,XEC.2.3*,NS.3*,XEC.35.1*	12	2024-12-22 to 2025-01-11 versus 2024-12-01 to 2024-12-21	0.024343	0.027248	+0.291	XFG,LB.1.3.1,LF.7.9
7267	ORF1a	C7267A	F2334L	No associated lineages	38	2025-06-22 to 2025-07-12 versus 2025-06-01 to 2025-06-21	0.024189	0.032421	+0.823	Does not define any major lineages.
6255	ORF1a	C6255T	A1997V	LP.8.1*,LP.11*,XFV*,LP.8.2*	6	2024-11-10 to 2024-11-30 versus 2024-10-20 to 2024-11-09	0.01834	0.032625	+1.429	LP.8.1,XFC
18508	ORF1b	C18508T	L1681F	NY.18*,LF.7.9.4*	31	2025-05-04 to 2025-05-24 versus 2025-04-13 to 2025-05-03	0.012599	0.036956	+2.436	Does not define any major lineages.
9866	ORF1a	C9866T	L3201F	XDR*	39	2025-06-29 to 2025-07-19 versus 2025-06-08 to 2025-06-28	0.204542	0.14502	-5.952	NB.1.8.1
1170	ORF1a	C1170T	S302F	XDV*	34	2025-05-25 to 2025-06-14 versus 2025-05-04 to 2025-05-24	0.090761	0.112683	+2.192	NB.1.8.1
22895	S	G22895C, T22896C	V445P	LF.7.9*,LF.7.7.2*,PA.1*,LB.1.3.1*,LK.1*,XFP*,NS.1.1*,MV.1.1.1*,LP.1.2.1*,XFG.1*,KP.2.3.4*,NN.1*,LF.3.1*,NC.1.2*,JN.1.1.8*,MA.1.1.1*,LF.7.8*,LP.9*,MU.2.1.1*,LF.7.10.1*,LF.7.6.2*,KP.2.28.1*,JN.1.50*,LB.1.10*,LF.7.1.10*,MU.5*,QJ.1*	18	2025-02-02 to 2025-02-22 versus 2025-01-12 to 2025-02-01	0.041478	0.029268	-1.221	LB.1.3.1,LF.7.9,LF.7.7.2,PA.1
22893	S	A22893G	K444R	LF.7*,JN.1.23*,JN.1.61*,XER*,NY.3.1.1*,NA.1.1*	25	2025-03-23 to 2025-04-12 versus 2025-03-02 to 2025-03-22	0.066022	0.047678	-1.834	XFG,LF.7.9,LF.7.7.2,LF.7.2.1,LF.7,LF.7.7.1
15451	ORF1b	G15451A	G662S	XDV*	36	2025-06-08 to 2025-06-28 versus 2025-05-18 to 2025-06-07	0.088313	0.091805	+0.349	NB.1.8.1
12924	ORF1a	C12924T	P4220L	XDV*	32	2025-05-11 to 2025-05-31 versus 2025-04-20 to 2025-05-10	0.101243	0.118745	+1.75	NB.1.8.1
23277	S	C23277T	T572I	XFG*,XEC.4*,MC.1*,XDK*,MU.1*,MC.13.4*,XFA*,LF.7.1.8*,MV.1.6*,KP.2.15.1*,JN.1.32*,NY.16.1*,XDV.1.3*,XDY.1.1*,NT.2.1*,PW.1*,MC.6.1*,JN.1.62*,XEC.35*,MH.1*,KP.2.27*,JN.1.16.3*,LF.7.3.6*,NY.19*,JN.1.47.2*,MC.30.1.1*,KP.2.3.8*,KP.2.14.1*,XEC.21*,MC.26.1*,NB.1.3.1*,LZ.3*,LP.4*,LB.1.2.2*,XDY.5.1*,JN.1.9.1*,JN.1.1.1*,KP.2.9*,KP.2.2.2*,XDD.3*,XEC.37*,XEC.2.2.1*,LF.7.6.5*,LD.1*,JN.1.7*,LF.7.7*,MC.9.2*,KP.1.2*,XFB*,LF.7.10.1*,KP.2.3.6*,XEC.25.1.1*,NL.5.1*,KV.2*,MG.1*,XEF.3*,NL.13*,JN.1.65*,MZ.5*,KW.1*,MC.11.3.1*,JN.1.4.3*,MC.8.1*,KP.5*	11	2024-12-15 to 2025-01-04 versus 2024-11-24 to 2024-12-14	0.05959	0.082501	+2.291	XFG,XEC.4,MC.1,LF.7.7.1
22895	S	G22895C, T22896G	V445R	LP.8.1*,XFG*,NZ.1*,LP.8.2*,MK.3*,LF.7.12.1*,MC.32.1*,XEC.27*,XFT*,MC.33.1*,MC.19.1*	20	2025-02-16 to 2025-03-08 versus 2025-01-26 to 2025-02-15	0.123423	0.224493	+10.107	XFG,LP.8.1,XFC
25925	ORF3a	C25925T	P178L	LP.8.1*,LP.11*,XFT*,LP.8.2*	37	2025-06-15 to 2025-07-05 versus 2025-05-25 to 2025-06-14	0.481737	0.320847	-16.089	LP.8.1,XFC
6539	ORF1a	C6539T	H2092Y	XFG.14*,NL.14*	42	2025-07-20 to 2025-08-09 versus 2025-06-29 to 2025-07-19	0.008923	0.032873	+2.395	Does not define any major lineages.
22120	S	C22120A	F186L	LP.8.1*,LP.8.2*,XFT*	16	2025-01-19 to 2025-02-08 versus 2024-12-29 to 2025-01-18	0.078861	0.091569	+1.271	LP.8.1
22599	S	G22599C	R346T	XFN*,JN.1.24.1*,MC.13.2.4*,LE.1*,MC.31*,XED*,JN.1.59.1*,MF.1*,KR.5*,MC.32.1*,JN.1.48.1*,MC.28.1.1*,XDD.1.1.1*,MC.33.1*,NB.1.2.1*,MZ.3*,PJ.1*,JN.1.11.2*,JN.1.8.2*,KZ.1.1*,LN.1.1*,XDR.1*,LU.1*,XEP.1.1*,JN.1.7.3*,MU.3*,JN.1.16.1*,JN.1.29.1*,LF.6*,JN.1.44.1*,LG.1*,KS.1*,XEH*,LF.8*,JN.1.25.1*,MC.17.1*,JN.1.18*,MQ.1*,JN.1.30.1*,NU.1*,LU.2*,JN.1.6.1*,MC.19*,KP.2*,PK.1*,JN.1.50.1*,JN.1.4.4*,JN.1.49.1*,MC.13.3.1*,MK.3*,JN.1.26*,MC.13.2.1*,PG.3*,JN.1.39.2*,JN.1.58.2*,JN.1.42.2*,KQ.1*,JN.1.1.3*,XEM*,JN.1.1.5*,KP.4.1*,MC.10.1.6*,JN.1.48.2*,JN.1.48.3*,JN.1.9.2*,XEC.27*,JN.1.18.8*,XES.1*,MC.33.2*,NB.1.6.1*,XDK.1*,MC.13.2.2*,XEK.7*	20	2025-02-16 to 2025-03-08 versus 2025-01-26 to 2025-02-15	0.273123	0.29222	+1.91	XFG,LP.8.1,LB.1.3.1,XFC,XEQ,LF.7.9,LF.7.7.2,LF.7.2.1,LF.7,LF.7.7.1
22107	S	A22107G	K182R	XFC*,LF.7*,XFN*,XFP*,XER*,KP.2.2.2*,LB.1.3.3*,MC.15*,XEC.1*	5	2024-11-03 to 2024-11-23 versus 2024-10-13 to 2024-11-02	0.021668	0.021929	+0.026	XFG,XFC,LF.7.9,LF.7.7.2,LF.7.2.1,LF.7,LF.7.7.1
22031	S	T22031-22031del, 22035-insertG	FR157-158SG	No associated lineages	38	2025-06-22 to 2025-07-12 versus 2025-06-01 to 2025-06-21	0.744472	0.876127	+13.165	Does not define any major lineages.
3939	ORF1a	G3939T	R1225I	XFT*,LF.7.7*	32	2025-05-11 to 2025-05-31 versus 2025-04-20 to 2025-05-10	0.01633	0.024453	+0.812	LF.7.7.2,LF.7.7.1
7262	ORF1a	C7262A	L2333I	No associated lineages	28	2025-04-13 to 2025-05-03 versus 2025-03-23 to 2025-04-12	0.03227	0.066344	+3.407	Does not define any major lineages.
6255	ORF1a	C6255T	A1997V	LP.8.1*,LP.11*,XFV*,LP.8.2*	27	2025-04-06 to 2025-04-26 versus 2025-03-16 to 2025-04-05	0.502836	0.530073	+2.724	LP.8.1,XFC
22926	S	T22926C	L455S	No associated lineages	32	2025-05-11 to 2025-05-31 versus 2025-04-20 to 2025-05-10	0.478339	0.881715	+40.338	JN.1
7113	ORF1a	C7113T	T2283I	PY.5*,XDV*,JN.1.11.1*,KU.2*,XFG.19*	30	2025-04-27 to 2025-05-17 versus 2025-04-06 to 2025-04-26	0.501471	0.467631	-3.384	LP.8.1,XFC,KP.3.1.1,NB.1.8.1,KP.3,PA.1,MC.1,XEK,MC.10.1
29625	ORF10	C29625T	S23F	No associated lineages	40	2025-07-06 to 2025-07-26 versus 2025-06-15 to 2025-07-05	0.022849	0.018896	-0.395	Does not define any major lineages.
23277	S	C23277T	T572I	XFG*,XEC.4*,MC.1*,XDK*,MU.1*,MC.13.4*,XFA*,LF.7.1.8*,MV.1.6*,KP.2.15.1*,JN.1.32*,NY.16.1*,XDV.1.3*,XDY.1.1*,NT.2.1*,PW.1*,MC.6.1*,JN.1.62*,XEC.35*,MH.1*,KP.2.27*,JN.1.16.3*,LF.7.3.6*,NY.19*,JN.1.47.2*,MC.30.1.1*,KP.2.3.8*,KP.2.14.1*,XEC.21*,MC.26.1*,NB.1.3.1*,LZ.3*,LP.4*,LB.1.2.2*,XDY.5.1*,JN.1.9.1*,JN.1.1.1*,KP.2.9*,KP.2.2.2*,XDD.3*,XEC.37*,XEC.2.2.1*,LF.7.6.5*,LD.1*,JN.1.7*,LF.7.7*,MC.9.2*,KP.1.2*,XFB*,LF.7.10.1*,KP.2.3.6*,XEC.25.1.1*,NL.5.1*,KV.2*,MG.1*,XEF.3*,NL.13*,JN.1.65*,MZ.5*,KW.1*,MC.11.3.1*,JN.1.4.3*,MC.8.1*,KP.5*	15	2025-01-12 to 2025-02-01 versus 2024-12-22 to 2025-01-11	0.074127	0.087944	+1.382	XFG,XEC.4,MC.1,LF.7.7.1
14290	ORF1b	G14290T	D275Y	NB.1*	25	2025-03-23 to 2025-04-12 versus 2025-03-02 to 2025-03-22	0.003143	0.025281	+2.214	NB.1.8.1
21652	S	TTC21652-21654del	NS30-31Ndel	No associated lineages	16	2025-01-19 to 2025-02-08 versus 2024-12-29 to 2025-01-18	0.460253	0.42531	-3.494	LP.8.1,LB.1.3.1,KP.3.1.1,PA.1,MC.1,MC.10.1
22031	S	T22031-22031del, 22035-insertG	FR157-158SG	No associated lineages	19	2025-02-09 to 2025-03-01 versus 2025-01-19 to 2025-02-08	0.758365	0.762192	+0.383	Does not define any major lineages.
28727	N	G28727T	A152S	PA.1*	21	2025-02-23 to 2025-03-15 versus 2025-02-02 to 2025-02-22	0.020826	0.01188	-0.895	PA.1
3096	ORF1a	C3096T	S944L	NB.1.3.1*,PF.2*	30	2025-04-27 to 2025-05-17 versus 2025-04-06 to 2025-04-26	0.029991	0.011503	-1.849	Does not define any major lineages.
21351	ORF1b	G21351T	W2628C	No associated lineages	19	2025-02-09 to 2025-03-01 versus 2025-01-19 to 2025-02-08	0.026377	0.003421	-2.296	Does not define any major lineages.
23856	S	G23856T	R765L	MC.41*,NY.3*,XEK.1.2.1*,XEC.2.5*	34	2025-05-25 to 2025-06-14 versus 2025-05-04 to 2025-05-24	0.024722	0.023935	-0.079	Does not define any major lineages.
22120	S	C22120A	F186L	LP.8.1*,LP.8.2*,XFT*	20	2025-02-16 to 2025-03-08 versus 2025-01-26 to 2025-02-15	0.098903	0.136602	+3.77	LP.8.1
4683	ORF1a	C4683T	A1473V	XDV.1.5*,LB.1.4*,XFC.1.3*	27	2025-04-06 to 2025-04-26 versus 2025-03-16 to 2025-04-05	0.010015	0.038014	+2.8	NB.1.8.1
22926	S	T22926C	L455S	No associated lineages	21	2025-02-23 to 2025-03-15 versus 2025-02-02 to 2025-02-22	0.712013	0.623225	-8.879	JN.1
18131	ORF1b	C18131T	T1555I	LB.1.3*	12	2024-12-22 to 2025-01-11 versus 2024-12-01 to 2024-12-21	0.027357	0.034031	+0.667	LB.1.3.1
2060	ORF1a	G2060A	A599T	XEC*,MC.24.1*	40	2025-07-06 to 2025-07-26 versus 2025-06-15 to 2025-07-05	0.026866	0.005303	-2.156	XEC,XEC.4
13121	ORF1a	A13121T	S4286C	KP.3.1.1*,XFA*,XFK*,XEW*	28	2025-04-13 to 2025-05-03 versus 2025-03-23 to 2025-04-12	0.106935	0.053028	-5.391	KP.3.1.1,PA.1,MC.1,MC.10.1
22926	S	T22926C	L455S	No associated lineages	3	2024-10-20 to 2024-11-09 versus 2024-09-29 to 2024-10-19	0.515614	0.711206	+19.559	JN.1
12924	ORF1a	C12924T	P4220L	XDV*	38	2025-06-22 to 2025-07-12 versus 2025-06-01 to 2025-06-21	0.246502	0.227475	-1.903	NB.1.8.1
22930	S	T22930A	F456L (1)	JN.1.7.9*,LR.1*,KU.2*,JN.1.39.1*,KR.5*,KR.1*,JN.1.67.1*,JN.1.48.1*,JN.1.62*,NS.3*,LN.1.1*,KR.3*,JN.1.29.1*,JN.1.1.8*,JN.1.4.9*,LF.6*,XDR.1.1*,KS.1*,LF.8*,JN.1.18.5*,LL.1*,XDK.1.2*,KR.4.1*,XDK.4.1*,LM.1*,MD.3.1*,LZ.1*,KW.1.1*,XDD.3*,LQ.1*,JN.1.1.6*,XDK.3*,JN.1.11.1*,JN.1.55.2*,JN.1.16*,XDK.6*,JN.1.55.1*,JN.1.48.3*,LR.3*,JN.1.50*,JN.1.51.1*,JN.1.15.1*,MD.1*,JN.1.7.8*,XDK.5*,LZ.2.2*,XDV.1*,JN.1.18.9*,JN.1.18.4*,LZ.2.1*,LE.1.3.1*,JN.1.65.1*	31	2025-05-04 to 2025-05-24 versus 2025-04-13 to 2025-05-03	0.026897	0.027511	+0.061	Does not define any major lineages.
7262	ORF1a	C7262A	L2333I	No associated lineages	37	2025-06-15 to 2025-07-05 versus 2025-05-25 to 2025-06-14	0.053097	0.056912	+0.381	Does not define any major lineages.
21738	S	T21738C	F59S	XEC*,NB.1*,JN.1.18.7*,MR.2*,KR.1.4*,JN.1.18.6*,MZ.3*,XDR.1*,JN.1.42.1*,MU.3*,KP.1.1.5*,KS.1*,JN.1.13.1*,JN.1.18.2*,KP.3.1.8*,KP.3.3.8*,KP.2.10*,XEM*,JN.1.18.9*	38	2025-06-22 to 2025-07-12 versus 2025-06-01 to 2025-06-21	0.258109	0.173211	-8.49	XEC,XEQ,NB.1.8.1,XEC.4,XEK
21627	S	C21627A	T22N	XFC*,XEC*,LF.7*,XEQ*,KP.3.3.9*,XFP*,MB.1.1*,NB.1*,KP.2.14*,KS.1.5*,JN.1.18.7*,MR.2*,XEN*,XDV.1.7.1*,MT.1.1*,PF.2*,KP.3.1.9*,PB.1*,MU.6*,JN.1.16.5*,PM.1*,KP.2.26*,LF.8.1.1*,KP.3.6*,MU.3*,KP.2.18*,KS.1.1*,MG.3*,NG.1*,LJ.1*,MJ.1.1*,XER*,PB.2*,KP.2.2.1*,NW.1.2*,MC.24.1*,LP.8.1.6*,PP.1*,XEL*	28	2025-04-13 to 2025-05-03 versus 2025-03-23 to 2025-04-12	0.270704	0.291958	+2.125	XFG,XFC,XEC,XEQ,NB.1.8.1,LF.7.9,XEC.4,LF.7.7.2,LF.7.2.1,XEK,LF.7,LF.7.7.1
1190	ORF1a	C1190T	P309S	No associated lineages	38	2025-06-22 to 2025-07-12 versus 2025-06-01 to 2025-06-21	0.024935	0.000814	-2.412	Does not define any major lineages.
21627	S	C21627A	T22N	XFC*,XEC*,LF.7*,XEQ*,KP.3.3.9*,XFP*,MB.1.1*,NB.1*,KP.2.14*,KS.1.5*,JN.1.18.7*,MR.2*,XEN*,XDV.1.7.1*,MT.1.1*,PF.2*,KP.3.1.9*,PB.1*,MU.6*,JN.1.16.5*,PM.1*,KP.2.26*,LF.8.1.1*,KP.3.6*,MU.3*,KP.2.18*,KS.1.1*,MG.3*,NG.1*,LJ.1*,MJ.1.1*,XER*,PB.2*,KP.2.2.1*,NW.1.2*,MC.24.1*,LP.8.1.6*,PP.1*,XEL*	12	2024-12-22 to 2025-01-11 versus 2024-12-01 to 2024-12-21	0.497538	0.519579	+2.204	XFG,XFC,XEC,XEQ,NB.1.8.1,LF.7.9,XEC.4,LF.7.7.2,LF.7.2.1,XEK,LF.7,LF.7.7.1
16943	ORF1b	G16943T	S1159I	XEQ*	18	2025-02-02 to 2025-02-22 versus 2025-01-12 to 2025-02-01	0.024748	0.00827	-1.648	XEQ
28892	N	C28892A	P207T	No associated lineages	18	2025-02-02 to 2025-02-22 versus 2025-01-12 to 2025-02-01	0.003453	0.030761	+2.731	Does not define any major lineages.
27810	ORF7b	T27810C	F19L	No associated lineages	4	2024-10-27 to 2024-11-16 versus 2024-10-06 to 2024-10-26	0.628768	0.653547	+2.478	JN.1
22895	S	G22895C, T22896G	V445R	LP.8.1*,XFG*,NZ.1*,LP.8.2*,MK.3*,LF.7.12.1*,MC.32.1*,XEC.27*,XFT*,MC.33.1*,MC.19.1*	26	2025-03-30 to 2025-04-19 versus 2025-03-09 to 2025-03-29	0.198298	0.240834	+4.254	XFG,LP.8.1,XFC
25324	S	C25324A	C1254*	No associated lineages	42	2025-07-20 to 2025-08-09 versus 2025-06-29 to 2025-07-19	0.03358	0.025878	-0.77	Does not define any major lineages.
28727	N	G28727T	A152S	PA.1*	30	2025-04-27 to 2025-05-17 versus 2025-04-06 to 2025-04-26	0.020737	0.015901	-0.484	PA.1
