Position	NT Change	ORFs	AA Change	Associated Variants	Time Span Start	Time Span End	Count	Abundance	Total Coverage	Pos. Samples	1k+ read samples	Samples Processed	Process end date
24086	G24086A	S	G842S		2025-02-16	2025-03-08	623196.0	0.022489	27711369.0	311.0	2.0	817	2025-03-13
24086	G24086A	S	G842S		2025-01-26	2025-02-15	6749.0	0.000406	16612781.0	555.0	2.0	1339	2025-03-13
475	C475A	ORF1	F70L		2025-02-09	2025-03-01	611.0	0.000488	1251834.0	211.0	0.0	1122	2025-03-13
593	C593T	ORF1	H110Y	XEK*,MC.36.1*,XEU*	2025-01-26	2025-02-15	12846.0	0.013804	930627.0	222.0	2.0	1339	2025-03-13
475	C475A	ORF1	F70L		2024-12-29	2025-01-18	568.0	0.000538	1055115.0	154.0	0.0	1077	2025-03-13
475	C475A	ORF1	F70L		2025-01-19	2025-02-08	21052.0	0.021849	963533.0	166.0	1.0	1321	2025-03-13
16516	A16516-16516del	ORF1	5418fs		2024-12-22	2025-01-11	946.0	0.00266	355604.0	121.0	0.0	1062	2025-03-13
515	GTTATG515-520del	ORF1	VM84-85del	LB.1.3.1*	2024-11-03	2024-11-23	12000.0	0.017624	680883.0	84.0	3.0	2188	2025-03-13
569	G569T	ORF1	E102*		2024-11-24	2024-12-14	5291.0	0.007426	712462.0	138.0	0.0	1749	2025-03-13
591	C591A	ORF1	P109H		2024-11-24	2024-12-14	14600.0	0.010671	1368236.0	186.0	2.0	1749	2025-03-13
1485	G1485T	ORF1	G407V		2024-11-24	2024-12-14	21390.0	0.012508	1710092.0	229.0	5.0	1749	2025-03-13
4364	A4364C	ORF1	I1367L	XEC.2*,KP.3.3.4*,XEP*	2024-11-03	2024-11-23	151872.0	0.017389	8733796.0	617.0	25.0	2188	2025-03-13
7086	C7086T	ORF1	T2274I	MZ.1*,XEC.9*	2024-11-03	2024-11-23	157236.0	0.005531	28429105.0	521.0	13.0	2188	2025-03-13
7212	G7212T	ORF1	W2316L		2024-11-03	2024-11-23	205.0	0.000478	428595.0	137.0	0.0	2188	2025-03-13
7869	C7869T	ORF1	S2535L	LF.7*	2024-11-03	2024-11-23	270095.0	0.011616	23252658.0	533.0	26.0	2188	2025-03-13
10323	A10323G	ORF1	K3353R	JN.1.52*,LP.8.1.5*,MC.10.2*	2024-11-03	2024-11-23	65260.0	0.01306	4997123.0	396.0	9.0	2188	2025-03-13
11083	G11083T	ORF1	L3606F	LK.1*,KP.3.4.1*,KP.2.20*,MM.2*	2024-11-03	2024-11-23	131940.0	0.011865	11120516.0	737.0	21.0	2188	2025-03-13
16342	T16342C	ORF1	S5360P		2024-11-24	2024-12-14	93745.0	0.00229	40933170.0	861.0	7.0	1749	2025-03-13
17012	C17012A	ORF1	S5583*		2024-11-24	2024-12-14	25941.0	0.006341	4090715.0	535.0	7.0	1749	2025-03-13
22000	C22000A	S	H146Q	KP.2.3*,XEE*,XES*	2024-11-24	2024-12-14	254156.0	0.009703	26192443.0	756.0	36.0	1749	2025-03-13
22120	C22120A	S	F186L	LP.8.1*,LP.8.2*	2024-11-03	2024-11-23	483717.0	0.017791	27188617.0	695.0	24.0	2188	2025-03-13
22893	A22893G	S	K444R	LF.7*,JN.1.61*,XER*,JN.1.23*,NA.1.1*	2024-11-03	2024-11-23	29092.0	0.018457	1576194.0	292.0	8.0	2188	2025-03-13
22986	C22986T	S	A475V	KP.2.3.1*,LP.8.2.1*,LP.8.1.9*,NY.6*,LF.7.3.1*,PC.2*,LF.7.2.1*,LF.7.1.2*,LP.10.1*	2024-11-03	2024-11-23	8616.0	0.005351	1610256.0	171.0	2.0	2188	2025-03-13
25595	G25595T	ORF3a	R68I	XFB*,MC.24*,MC.24.1*,MC.24.2*	2024-11-24	2024-12-14	471032.0	0.018093	26033457.0	701.0	37.0	1749	2025-03-13
25925	C25925T	ORF3a	P178L	LP.8*,LP.11*	2024-11-03	2024-11-23	29860.0	0.011848	2520252.0	296.0	8.0	2188	2025-03-13
26440	A26440T	E	N66Y		2024-11-03	2024-11-23	785.0	0.000174	4498660.0	284.0	0.0	2188	2025-03-13
26607	C26607T	M	L29F	PC.2*	2024-11-03	2024-11-23	574.0	0.000136	4228746.0	148.0	0.0	2188	2025-03-13
26782	T26782C	M	L87P		2024-11-24	2024-12-14	854.0	0.000248	3437423.0	383.0	0.0	1749	2025-03-13
27008	G27008T	M	K162N		2024-11-03	2024-11-23	54684.0	0.001314	41624758.0	745.0	2.0	2188	2025-03-13
27112	G27112C	M	S197T		2024-11-03	2024-11-23	6802.0	0.000167	40685276.0	516.0	0.0	2188	2025-03-13
27147	G27147A	M	D209N		2024-11-03	2024-11-23	7382.0	0.000158	46816508.0	655.0	0.0	2188	2025-03-13
27230	C27230A	ORF6	T10N		2024-11-03	2024-11-23	145623.0	0.003607	40370276.0	628.0	18.0	2188	2025-03-13
515	GTTATG515-520del	ORF1	VM84-85del	LB.1.3.1*	2024-11-17	2024-12-07	9412.0	0.019628	479514.0	132.0	1.0	1849	2025-03-13
569	G569T	ORF1	E102*		2024-11-17	2024-12-07	11444.0	0.014612	783183.0	178.0	0.0	1849	2025-03-13
593	C593T	ORF1	H110Y	XEK*,MC.36.1*,XEU*	2024-10-27	2024-11-16	32551.0	0.017708	1838260.0	307.0	10.0	2157	2025-03-13
4364	A4364C	ORF1	I1367L	XEC.2*,KP.3.3.4*,XEP*	2024-10-27	2024-11-16	152490.0	0.014662	10400208.0	604.0	21.0	2157	2025-03-13
4842	A4842-4842del	ORF1	1526fs		2024-11-17	2024-12-07	181.0	8e-06	21934294.0	116.0	0.0	1849	2025-03-13
13424	C13424T	ORF1	R4387C		2024-11-17	2024-12-07	799.0	0.000107	7473910.0	317.0	0.0	1849	2025-03-13
14512	G14512T	ORF1	D4750Y		2024-11-17	2024-12-07	193.0	0.000298	648222.0	118.0	0.0	1849	2025-03-13
16342	T16342C	ORF1	S5360P		2024-11-17	2024-12-07	81461.0	0.001786	45620234.0	935.0	4.0	1849	2025-03-13
16516	A16516-16516del	ORF1	5418fs		2024-10-27	2024-11-16	13197.0	0.01664	793070.0	481.0	2.0	2157	2025-03-13
17012	C17012A	ORF1	S5583*		2024-11-17	2024-12-07	62407.0	0.014049	4441964.0	551.0	19.0	1849	2025-03-13
17926	G17926A	ORF1	A5888T		2024-10-27	2024-11-16	608.0	0.00017	3566588.0	309.0	0.0	2157	2025-03-13
21149	G21149T	ORF1	G6962V		2024-11-17	2024-12-07	7502.0	0.001381	5433689.0	610.0	0.0	1849	2025-03-13
21654	C21654T	S	S31F	JN.1.20*,MB.1*,JN.1.58.3*,LF.8.1*,KP.3.1.3*,KP.1.1.6*,JN.1.1.7*,LC.1*,KP.3.4.1*,KP.2.14*,MK.1*,KP.2.7*,KP.4.2.1*,MZ.1*,KP.3.3.9*,XEN*,MD.3.1.4*	2024-11-17	2024-12-07	9267.0	0.008103	1143669.0	82.0	2.0	1849	2025-03-13
22000	C22000A	S	H146Q	KP.2.3*,XEE*,XES*	2024-11-17	2024-12-07	391378.0	0.01285	30457923.0	790.0	36.0	1849	2025-03-13
22120	C22120A	S	F186L	LP.8.1*,LP.8.2*	2024-10-27	2024-11-16	370753.0	0.012496	29668855.0	677.0	19.0	2157	2025-03-13
22895	G22895C, T22896C	S	V445P	LB.1.3.1*,LB.1.10*,NC.1.2*,KP.2.28.1*,JN.1.1.8*,MU.2.1.1*,NN.1*,MU.5*,LP.1.2.1*,LF.7.7.2*,NS.1.1*,LK.1*,LF.3.1*,LP.9*,MA.1.1.1*,PC.2*,KP.2.3.4*,PA.1*,JN.1.50*	2024-10-27	2024-11-16	36099.0	0.017403	2074308.0	280.0	8.0	2157	2025-03-13
22986	C22986T	S	A475V	KP.2.3.1*,LP.8.2.1*,LP.8.1.9*,NY.6*,LF.7.3.1*,PC.2*,LF.7.2.1*,LF.7.1.2*,LP.10.1*	2024-10-27	2024-11-16	19886.0	0.01327	1498524.0	166.0	3.0	2157	2025-03-13
24092	A24092G	S	I844V		2024-11-17	2024-12-07	4160.0	0.000221	18833014.0	626.0	0.0	1849	2025-03-13
25925	C25925T	ORF3a	P178L	LP.8*,LP.11*	2024-10-27	2024-11-16	14120.0	0.006159	2292704.0	276.0	3.0	2157	2025-03-13
26781	C26781T	M	L87F		2024-11-17	2024-12-07	341.0	0.000101	3391522.0	170.0	0.0	1849	2025-03-13
27476	C27476T	ORF7a	T28I	LB.1.3.1*,JN.1.8.1*,JN.1.8*	2024-10-27	2024-11-16	715857.0	0.019924	35929421.0	671.0	35.0	2157	2025-03-13
29409	C29409T	N	T379I	LB.1.3.1*,NT.1*,XEC.2.3*,NS.3*,XDS*,MC.10.1.3*	2024-10-27	2024-11-16	4837010.0	0.01671	289462196.0	841.0	58.0	2157	2025-03-13
515	GTTATG515-520del	ORF1	VM84-85del	LB.1.3.1*	2024-10-20	2024-11-09	8295.0	0.019963	415521.0	87.0	2.0	2197	2025-03-13
591	C591A	ORF1	P109H		2024-10-20	2024-11-09	2268.0	0.001799	1260406.0	244.0	0.0	2197	2025-03-13
593	C593T	ORF1	H110Y	XEK*,MC.36.1*,XEU*	2024-10-20	2024-11-09	22297.0	0.01587	1404986.0	292.0	5.0	2197	2025-03-13
1485	G1485T	ORF1	G407V		2024-10-20	2024-11-09	3567.0	0.002702	1320261.0	291.0	0.0	2197	2025-03-13
4364	A4364C	ORF1	I1367L	XEC.2*,KP.3.3.4*,XEP*	2024-10-20	2024-11-09	186052.0	0.017865	10414106.0	590.0	21.0	2197	2025-03-13
4842	A4842-4842del	ORF1	1526fs		2024-11-10	2024-11-30	166.0	7e-06	23662578.0	110.0	0.0	2061	2025-03-13
6255	C6255T	ORF1	A1997V	LP.8*,LP.11*	2024-10-20	2024-11-09	886455.0	0.01993	44477741.0	638.0	20.0	2197	2025-03-13
13424	C13424T	ORF1	R4387C		2024-11-10	2024-11-30	968.0	0.000116	8334785.0	334.0	0.0	2061	2025-03-13
14512	G14512T	ORF1	D4750Y		2024-11-10	2024-11-30	179.0	0.00029	617901.0	118.0	0.0	2061	2025-03-13
15009	T15009A	ORF1	D4915E		2024-10-20	2024-11-09	49962.0	0.019391	2576493.0	621.0	2.0	2197	2025-03-13
16342	T16342C	ORF1	S5360P		2024-11-10	2024-11-30	18072.0	0.000332	54385270.0	1016.0	3.0	2061	2025-03-13
16433	G16433T	ORF1	G5390V		2024-10-20	2024-11-09	2739.0	0.002002	1368182.0	407.0	0.0	2197	2025-03-13
16516	A16516-16516del	ORF1	5418fs		2024-10-20	2024-11-09	9761.0	0.012674	770132.0	506.0	1.0	2197	2025-03-13
21149	G21149T	ORF1	G6962V		2024-11-10	2024-11-30	7665.0	0.001347	5690685.0	674.0	0.0	2061	2025-03-13
21654	C21654T	S	S31F	JN.1.20*,MB.1*,JN.1.58.3*,LF.8.1*,KP.3.1.3*,KP.1.1.6*,JN.1.1.7*,LC.1*,KP.3.4.1*,KP.2.14*,MK.1*,KP.2.7*,KP.4.2.1*,MZ.1*,KP.3.3.9*,XEN*,MD.3.1.4*	2024-11-10	2024-11-30	8771.0	0.007421	1181979.0	77.0	2.0	2061	2025-03-13
22000	C22000A	S	H146Q	KP.2.3*,XEE*,XES*	2024-11-10	2024-11-30	485957.0	0.016345	29730707.0	866.0	38.0	2061	2025-03-13
22107	A22107G	S	K182R	LF.7*,LB.1.3.3*,XFC*,KP.2.2.2*,XEC.1*,XER*,MC.15*	2024-10-20	2024-11-09	439583.0	0.019796	22205530.0	635.0	23.0	2197	2025-03-13
22120	C22120A	S	F186L	LP.8.1*,LP.8.2*	2024-10-20	2024-11-09	211351.0	0.006232	33915149.0	674.0	13.0	2197	2025-03-13
22865	G22865T	S	A435S	MC.10.1*,MC.28.1*,MU.2.1.1*,MC.31*,MC.21.1*,MU.6*,KP.3.3.5*,KP.3.3.2*,MC.30.1.1*,MC.13.2*,KP.3.7*,LP.10.1.1*,KP.2.14.2*,XDV.1.9.1*,XFB*,XDY.3*,XDY.1*,XEP*	2024-10-20	2024-11-09	9788.0	0.010212	958490.0	259.0	1.0	2197	2025-03-13
22893	A22893G	S	K444R	LF.7*,JN.1.61*,XER*,JN.1.23*,NA.1.1*	2024-10-20	2024-11-09	23997.0	0.016889	1420834.0	308.0	1.0	2197	2025-03-13
22895	G22895C, T22896C	S	V445P	LB.1.3.1*,LB.1.10*,NC.1.2*,KP.2.28.1*,JN.1.1.8*,MU.2.1.1*,NN.1*,MU.5*,LP.1.2.1*,LF.7.7.2*,NS.1.1*,LK.1*,LF.3.1*,LP.9*,MA.1.1.1*,PC.2*,KP.2.3.4*,PA.1*,JN.1.50*	2024-10-20	2024-11-09	32274.0	0.01713	1884075.0	227.0	8.0	2197	2025-03-13
22895	G22895C, T22896G	S	V445R	MC.19.1*,MC.32.1*,MK.3*,LP.8*,NZ.1*,MC.33.1*	2024-10-20	2024-11-09	24118.0	0.012801	1884075.0	278.0	5.0	2197	2025-03-13
22953	T22953A	S	F464Y		2024-11-10	2024-11-30	403.0	0.000246	1641035.0	165.0	0.0	2061	2025-03-13
23005	TGG23005-23007del, T23008A	S	NG481-482Kdel		2024-11-10	2024-11-30	4255.0	0.002609	1631006.0	485.0	0.0	2061	2025-03-13
24092	A24092G	S	I844V		2024-11-10	2024-11-30	4214.0	0.000197	21394412.0	672.0	0.0	2061	2025-03-13
26781	C26781T	M	L87F		2024-11-10	2024-11-30	302.0	9.2e-05	3268609.0	143.0	0.0	2061	2025-03-13
26958	C26958A	M	R146S		2024-10-20	2024-11-09	13148.0	0.002405	5467036.0	542.0	1.0	2197	2025-03-13
27476	C27476T	ORF7a	T28I	LB.1.3.1*,JN.1.8.1*,JN.1.8*	2024-10-20	2024-11-09	435840.0	0.012354	35278938.0	662.0	28.0	2197	2025-03-13
569	G569T	ORF1	E102*		2024-11-03	2024-11-23	26552.0	0.027498	965588.0	250.0	1.0	2188	2025-03-13
569	G569T	ORF1	E102*		2024-10-13	2024-11-02	17282.0	0.018061	956855.0	193.0	3.0	2193	2025-03-13
591	C591A	ORF1	P109H		2024-10-13	2024-11-02	17477.0	0.009608	1818922.0	243.0	6.0	2193	2025-03-13
591	C591A	ORF1	P109H		2024-11-03	2024-11-23	38736.0	0.020788	1863386.0	265.0	6.0	2188	2025-03-13
593	C593T	ORF1	H110Y	XEK*,MC.36.1*,XEU*	2024-11-03	2024-11-23	41425.0	0.021627	1915420.0	305.0	12.0	2188	2025-03-13
593	C593T	ORF1	H110Y	XEK*,MC.36.1*,XEU*	2024-10-13	2024-11-02	15313.0	0.007784	1967197.0	298.0	2.0	2193	2025-03-13
1485	G1485T	ORF1	G407V		2024-10-13	2024-11-02	17038.0	0.008162	2087421.0	285.0	4.0	2193	2025-03-13
1485	G1485T	ORF1	G407V		2024-11-03	2024-11-23	44402.0	0.020004	2219630.0	310.0	9.0	2188	2025-03-13
2060	G2060A	ORF1	A599T	XEC*	2024-11-03	2024-11-23	3116206.0	0.197678	15764080.0	1066.0	249.0	2188	2025-03-13
4842	A4842-4842del	ORF1	1526fs		2024-11-03	2024-11-23	177.0	6e-06	28677788.0	111.0	0.0	2188	2025-03-13
6255	C6255T	ORF1	A1997V	LP.8*,LP.11*	2024-11-03	2024-11-23	1157760.0	0.029106	39777717.0	624.0	26.0	2188	2025-03-13
6255	C6255T	ORF1	A1997V	LP.8*,LP.11*	2024-10-13	2024-11-02	480815.0	0.011255	42718906.0	631.0	17.0	2193	2025-03-13
7113	C7113T	ORF1	T2283I	KU.2*,XDV*,JN.1.11.1*	2024-11-03	2024-11-23	16032052.0	0.520037	30828705.0	1345.0	469.0	2188	2025-03-13
11727	G11727A	ORF1	R3821K		2024-11-03	2024-11-23	1017911.0	0.986322	1032027.0	1436.0	355.0	2188	2025-03-13
12080	G12080A	ORF1	A3939T		2024-11-03	2024-11-23	1636367.0	0.009822	166604764.0	726.0	5.0	2188	2025-03-13
13121	A13121T	ORF1	S4286C	KP.3.1.1*,XEW*	2024-11-03	2024-11-23	3653476.0	0.466474	7832109.0	1182.0	327.0	2188	2025-03-13
13424	C13424T	ORF1	R4387C		2024-11-03	2024-11-23	869.0	0.000128	6786577.0	297.0	0.0	2188	2025-03-13
14512	G14512T	ORF1	D4750Y		2024-11-03	2024-11-23	173.0	0.000301	575262.0	113.0	0.0	2188	2025-03-13
14704	T14704-14704del	ORF1	4814fs		2024-11-03	2024-11-23	26719.0	0.022739	1175044.0	392.0	3.0	2188	2025-03-13
15009	T15009A	ORF1	D4915E		2024-10-13	2024-11-02	39343.0	0.017906	2197251.0	655.0	0.0	2193	2025-03-13
15009	T15009A	ORF1	D4915E		2024-11-03	2024-11-23	54856.0	0.021375	2566342.0	616.0	2.0	2188	2025-03-13
16342	T16342C	ORF1	S5360P		2024-11-03	2024-11-23	1354336.0	0.020436	66271680.0	978.0	5.0	2188	2025-03-13
16342	T16342C	ORF1	S5360P		2024-10-13	2024-11-02	199200.0	0.003476	57314248.0	977.0	6.0	2193	2025-03-13
16516	A16516-16516del	ORF1	5418fs		2024-10-13	2024-11-02	9236.0	0.011174	826562.0	472.0	1.0	2193	2025-03-13
16516	A16516-16516del	ORF1	5418fs		2024-11-03	2024-11-23	13121.0	0.020706	633686.0	486.0	1.0	2188	2025-03-13
17012	C17012A	ORF1	S5583*		2024-11-03	2024-11-23	151417.0	0.033337	4541958.0	598.0	46.0	2188	2025-03-13
18131	C18131T	ORF1	T5956I		2024-11-03	2024-11-23	98073.0	0.02507	3911988.0	327.0	22.0	2188	2025-03-13
21149	G21149T	ORF1	G6962V		2024-11-03	2024-11-23	13065.0	0.001586	8236484.0	636.0	0.0	2188	2025-03-13
21627	C21627A	S	T22N	XEC*,LF.7*,XEQ*,KP.2.26*,XEN*,KS.1.1*,XEL*,KP.3.6*,PB.1*,LF.8.1.1*,KP.2.14*,KP.3.1.9*,JN.1.16.5*,MJ.1.1*,XFC*,LP.8.1.6*,PB.2*,NG.1*,LP.8.1.8*,KP.3.3.9*,KP.2.2.1*,KS.1.5*,MR.2*,MU.3*,KP.2.18*,NB.1*,MT.1.1*,XDV.1.7.1*,LJ.1*,MU.6*,MB.1.1*,XER*,MG.3*	2024-11-03	2024-11-23	373678.0	0.362068	1032066.0	840.0	65.0	2188	2025-03-13
21652	TTC21652-21654del	S	NS30-31Ndel		2024-11-03	2024-11-23	654714.0	0.523393	1250903.0	1225.0	136.0	2188	2025-03-13
21653	T21653C	S	S31P	LF.7*,KP.3.2.6*,KP.2.26*,XFC*,MT.1*,JN.1.40*,MJ.1*,XER*,NF.1*	2024-11-03	2024-11-23	43687.0	0.037725	1158030.0	193.0	7.0	2188	2025-03-13
21738	T21738C	S	F59S	XEC*,JN.1.18.6*,KS.1*,JN.1.13.1*,XEM*,MZ.3*,JN.1.18.9*,KP.3.3.8*,MR.2*,MU.3*,NB.1*,KP.3.1.8*,KP.2.10*,KR.1.4*,JN.1.42.1*,MN.1*,XDR.1*,JN.1.18.2*,KP.1.1.5*	2024-11-03	2024-11-23	192140.0	0.333374	576349.0	786.0	28.0	2188	2025-03-13
22000	C22000A	S	H146Q	KP.2.3*,XEE*,XES*	2024-11-03	2024-11-23	526991.0	0.020891	25226016.0	814.0	37.0	2188	2025-03-13
22107	A22107G	S	K182R	LF.7*,LB.1.3.3*,XFC*,KP.2.2.2*,XEC.1*,XER*,MC.15*	2024-11-03	2024-11-23	390417.0	0.021682	18006147.0	647.0	38.0	2188	2025-03-13
22108	A22108C	S	K182N	XEC.11*,MB.1.1*,KP.1.1.1*,LU.2.1.1*	2024-11-03	2024-11-23	233275.0	0.012909	18070356.0	685.0	16.0	2188	2025-03-13
22111	G22111T	S	Q183H	LB.1*,LY.2*,JN.1.9*,JN.1.32.1*,XFB*	2024-11-03	2024-11-23	678884.0	0.022181	30606256.0	776.0	53.0	2188	2025-03-13
22132	G22132T	S	R190S	LP.8.1*,LF.7*,XEL.4*,NL.1*,MA.1*,LP.7*,LZ.4*,NK.1*,KP.4.2.6*,LP.1.2*,JN.1.59.1*,NL.5.2*,XER*,KP.4.2.4*,NC.1*,LB.1.4.1*	2024-11-03	2024-11-23	1035849.0	0.057161	18121460.0	898.0	67.0	2188	2025-03-13
22599	G22599C	S	R346T	MC.19*,KS.1*,KP.2*,MC.17.1*,MC.10.1.6*,MF.1*,XDK.1*,MC.31*,JN.1.25.1*,XEM*,LE.1*,JN.1.9.2*,JN.1.4.4*,XES*,LU.2*,MK.3*,JN.1.49.1*,JN.1.39.2*,XED*,XDD.1.1.1*,JN.1.1.5*,JN.1.44.1*,MZ.3*,JN.1.48*,JN.1.29.1*,JN.1.16.1*,MC.13.2.1*,MC.13.3.1*,KR.5*,JN.1.18*,JN.1.24.1*,NU.1*,JN.1.18.8*,KQ.1*,JN.1.30.1*,JN.1.26*,JN.1.1.3*,JN.1.11.2*,JN.1.6.1*,JN.1.7.3*,KP.4.1*,JN.1.58.2*,LN.1.1*,LU.1*,JN.1.8.2*,XEH*,JN.1.42.2*,MU.3*,JN.1.59.1*,KZ.1.1*,MC.33.1*,MQ.1*,LG.1*,MC.32.1*,LF.8*,JN.1.50.1*,MC.28.1.1*,XDR.1*,LF.6*	2024-11-03	2024-11-23	9843569.0	0.137267	71711180.0	817.0	197.0	2188	2025-03-13
22865	G22865T	S	A435S	MC.10.1*,MC.28.1*,MU.2.1.1*,MC.31*,MC.21.1*,MU.6*,KP.3.3.5*,KP.3.3.2*,MC.30.1.1*,MC.13.2*,KP.3.7*,LP.10.1.1*,KP.2.14.2*,XDV.1.9.1*,XFB*,XDY.3*,XDY.1*,XEP*	2024-11-03	2024-11-23	60438.0	0.067523	895072.0	286.0	9.0	2188	2025-03-13
22865	G22865T	S	A435S	MC.10.1*,MC.28.1*,MU.2.1.1*,MC.31*,MC.21.1*,MU.6*,KP.3.3.5*,KP.3.3.2*,MC.30.1.1*,MC.13.2*,KP.3.7*,LP.10.1.1*,KP.2.14.2*,XDV.1.9.1*,XFB*,XDY.3*,XDY.1*,XEP*	2024-10-13	2024-11-02	7879.0	0.009786	805110.0	260.0	0.0	2193	2025-03-13
22895	G22895C, T22896C	S	V445P	LB.1.3.1*,LB.1.10*,NC.1.2*,KP.2.28.1*,JN.1.1.8*,MU.2.1.1*,NN.1*,MU.5*,LP.1.2.1*,LF.7.7.2*,NS.1.1*,LK.1*,LF.3.1*,LP.9*,MA.1.1.1*,PC.2*,KP.2.3.4*,PA.1*,JN.1.50*	2024-11-03	2024-11-23	47222.0	0.023003	2052874.0	289.0	12.0	2188	2025-03-13
22895	G22895C, T22896C	S	V445P	LB.1.3.1*,LB.1.10*,NC.1.2*,KP.2.28.1*,JN.1.1.8*,MU.2.1.1*,NN.1*,MU.5*,LP.1.2.1*,LF.7.7.2*,NS.1.1*,LK.1*,LF.3.1*,LP.9*,MA.1.1.1*,PC.2*,KP.2.3.4*,PA.1*,JN.1.50*	2024-10-13	2024-11-02	30417.0	0.018455	1648205.0	235.0	10.0	2193	2025-03-13
22895	G22895C, T22896G	S	V445R	MC.19.1*,MC.32.1*,MK.3*,LP.8*,NZ.1*,MC.33.1*	2024-11-03	2024-11-23	53440.0	0.026032	2052874.0	279.0	12.0	2188	2025-03-13
22895	G22895C, T22896G	S	V445R	MC.19.1*,MC.32.1*,MK.3*,LP.8*,NZ.1*,MC.33.1*	2024-10-13	2024-11-02	7645.0	0.004638	1648205.0	273.0	2.0	2193	2025-03-13
22926	T22926C	S	L455S		2024-11-03	2024-11-23	1615819.0	0.843614	1915353.0	1110.0	364.0	2188	2025-03-13
22928	T22928C	S	F456L	JN.1.16*,KS.1*,LL.1*,JN.1.18.5*,JN.1.55.1*,JN.1.18.4*,JN.1.39.1*,LZ.2.2*,JN.1.1.8*,JN.1.67.1*,JN.1.7.9*,JN.1.48*,KR.5*,JN.1.29.1*,XDK.6*,KU.2*,JN.1.18.9*,LR.3*,JN.1.15.1*,KR.3*,LZ.2.1*,MD.3.1*,XDV.1*,LZ.1*,LN.1.1*,LE.1.3.1*,LQ.1*,XDK.3*,JN.1.65.1*,LM.1*,KR.1*,XDD.3*,MD.1*,JN.1.55.2*,JN.1.11.1*,XDR.1.1*,JN.1.62*,XDK.4.1*,LR.1*,XDK.1.2*,JN.1.51.1*,NS.3*,KW.1.1*,LF.8*,JN.1.50*,XDK.5*,JN.1.4.9*,LF.6*,JN.1.7.8*,JN.1.1.6*	2024-11-03	2024-11-23	1599398.0	0.973359	1643174.0	1112.0	360.0	2188	2025-03-13
22953	T22953A	S	F464Y		2024-11-03	2024-11-23	460.0	0.000283	1624007.0	166.0	0.0	2188	2025-03-13
23005	TGG23005-23007del, T23008A	S	NG481-482Kdel		2024-11-03	2024-11-23	3746.0	0.002329	1608130.0	471.0	0.0	2188	2025-03-13
23039	C23039G	S	Q493E	XEQ*,KP.3*,XDY.2*,JN.1.16.4*,XDY.6*,XDY.5*,XDY.7*,KP.3.4*,LP.8*,XET*,JN.1.16.5*,XEF*,XDY.3*,XDY.1*,XDY*	2024-11-03	2024-11-23	2801206.0	0.783657	3574531.0	1047.0	388.0	2188	2025-03-13
23277	C23277T	S	T572I	MC.1*,XEC.4*,LD.1*,MZ.5*,LP.4*,XDK*,KP.2.2.2*,MC.6.1*,MC.8.1*,XFB*,KP.2.3.8*,KP.2.15.1*,MG.1*,JN.1.47.2*,JN.1.32*,XDY.1.1*,KP.1.2*,LF.7.7*,MC.13.4*,JN.1.16.3*,LB.1.2.2*,XDY.5.1*,MU.1*,KP.2.27*,KP.2.14.1*,MC.30.1.1*,JN.1.65*,XDD.3*,LZ.3*,XEC.21*,NB.1.3.1*,KP.5*,KV.2*,JN.1.7*,JN.1.9.1*,JN.1.1.1*,JN.1.62*,JN.1.4.3*,KP.2.3.6*,XEF.3*,KP.2.9*,XDV.1.3*,KW.1*,MC.26.1*,MH.1*,NL.5.1*	2024-11-03	2024-11-23	1888373.0	0.087816	21503790.0	775.0	143.0	2188	2025-03-13
24092	A24092G	S	I844V		2024-11-03	2024-11-23	4570.0	0.000178	25614659.0	626.0	0.0	2188	2025-03-13
24095	G24095T	S	A845S	LB.1.4.3*,MC.2*	2024-11-03	2024-11-23	405659.0	0.014547	27886102.0	628.0	23.0	2188	2025-03-13
24819	A24819G	S	K1086R	KP.1.1*,KP.1*	2024-11-03	2024-11-23	1208062.0	0.030857	39150018.0	697.0	34.0	2188	2025-03-13
24872	G24872T	S	V1104L	XEQ*,XDY.2*,LB.1.1*,XDY.6*,JN.1.11*,XDY.5*,XDY.7*,XEF*,XDY.3*,XDY.1*,XDY*	2024-11-03	2024-11-23	35912021.0	0.849761	42261322.0	1531.0	625.0	2188	2025-03-13
25593	G25593T	ORF3a	K67N	KP.2.3*	2024-11-03	2024-11-23	514977.0	0.012311	41832214.0	759.0	28.0	2188	2025-03-13
25595	G25595T	ORF3a	R68I	XFB*,MC.24*,MC.24.1*,MC.24.2*	2024-11-03	2024-11-23	776445.0	0.026773	29001104.0	718.0	32.0	2188	2025-03-13
26781	C26781T	M	L87F		2024-11-03	2024-11-23	773.0	0.00024	3217883.0	147.0	0.0	2188	2025-03-13
26782	T26782C	M	L87P		2024-10-13	2024-11-02	824.0	0.000172	4786377.0	351.0	0.0	2193	2025-03-13
26782	T26782C	M	L87P		2024-11-03	2024-11-23	67739.0	0.020713	3270288.0	347.0	1.0	2188	2025-03-13
27476	C27476T	ORF7a	T28I	LB.1.3.1*,JN.1.8.1*,JN.1.8*	2024-11-03	2024-11-23	1021944.0	0.031564	32376904.0	694.0	47.0	2188	2025-03-13
27476	C27476T	ORF7a	T28I	LB.1.3.1*,JN.1.8.1*,JN.1.8*	2024-10-13	2024-11-02	311094.0	0.007988	38947314.0	668.0	25.0	2193	2025-03-13
27810	T27810C	ORF7b	F19L		2024-11-03	2024-11-23	31218683.0	0.67992	45915196.0	1692.0	832.0	2188	2025-03-13
28883	G28883C, G28884C	N	G204P	KP.3.3*,XEP*	2024-11-03	2024-11-23	5992911.0	0.265918	22536719.0	1375.0	498.0	2188	2025-03-13
29409	C29409T	N	T379I	LB.1.3.1*,NT.1*,XEC.2.3*,NS.3*,XDS*,MC.10.1.3*	2024-11-03	2024-11-23	5925771.0	0.022728	260720046.0	880.0	64.0	2188	2025-03-13
29409	C29409T	N	T379I	LB.1.3.1*,NT.1*,XEC.2.3*,NS.3*,XDS*,MC.10.1.3*	2024-10-13	2024-11-02	6209442.0	0.019303	321686063.0	909.0	45.0	2193	2025-03-13
515	GTTATG515-520del	ORF1	VM84-85del	LB.1.3.1*	2024-10-06	2024-10-26	8979.0	0.013012	690060.0	79.0	2.0	2232	2025-03-13
515	GTTATG515-520del	ORF1	VM84-85del	LB.1.3.1*	2024-10-27	2024-11-16	13460.0	0.021326	631166.0	87.0	4.0	2157	2025-03-13
569	G569T	ORF1	E102*		2024-10-27	2024-11-16	20779.0	0.02194	947087.0	236.0	1.0	2157	2025-03-13
621	G621A	ORF1	R119H		2024-10-27	2024-11-16	2018.0	0.001321	1527133.0	331.0	0.0	2157	2025-03-13
936	C936T	ORF1	T224I	KP.3.3.9*,LF.7.6*,MB.1.1.1*	2024-10-27	2024-11-16	68301.0	0.003365	20300301.0	437.0	11.0	2157	2025-03-13
2060	G2060A	ORF1	A599T	XEC*	2024-10-27	2024-11-16	2686210.0	0.154243	17415437.0	987.0	211.0	2157	2025-03-13
4842	A4842-4842del	ORF1	1526fs		2024-10-27	2024-11-16	623466.0	0.021309	29258802.0	113.0	1.0	2157	2025-03-13
4842	A4842-4842del	ORF1	1526fs		2024-10-06	2024-10-26	204.0	6e-06	31854843.0	113.0	0.0	2232	2025-03-13
6255	C6255T	ORF1	A1997V	LP.8*,LP.11*	2024-10-27	2024-11-16	1414113.0	0.033786	41855357.0	628.0	24.0	2157	2025-03-13
6255	C6255T	ORF1	A1997V	LP.8*,LP.11*	2024-10-06	2024-10-26	81251.0	0.001832	44349678.0	659.0	10.0	2232	2025-03-13
7113	C7113T	ORF1	T2283I	KU.2*,XDV*,JN.1.11.1*	2024-10-27	2024-11-16	20753105.0	0.503079	41252153.0	1322.0	445.0	2157	2025-03-13
11727	G11727A	ORF1	R3821K		2024-10-27	2024-11-16	1036109.0	0.979868	1057396.0	1389.0	347.0	2157	2025-03-13
12080	G12080A	ORF1	A3939T		2024-10-27	2024-11-16	266617.0	0.002141	124512529.0	692.0	5.0	2157	2025-03-13
13121	A13121T	ORF1	S4286C	KP.3.1.1*,XEW*	2024-10-27	2024-11-16	4629917.0	0.469846	9854110.0	1180.0	352.0	2157	2025-03-13
13424	C13424T	ORF1	R4387C		2024-10-27	2024-11-16	194464.0	0.026298	7394516.0	301.0	1.0	2157	2025-03-13
13424	C13424T	ORF1	R4387C		2024-10-06	2024-10-26	6381.0	0.000843	7568873.0	353.0	1.0	2232	2025-03-13
14512	G14512T	ORF1	D4750Y		2024-10-06	2024-10-26	199.0	0.000282	704798.0	125.0	0.0	2232	2025-03-13
14512	G14512T	ORF1	D4750Y		2024-10-27	2024-11-16	17601.0	0.023718	742092.0	105.0	1.0	2157	2025-03-13
14704	T14704-14704del	ORF1	4814fs		2024-10-27	2024-11-16	32857.0	0.024149	1360579.0	383.0	5.0	2157	2025-03-13
15009	T15009A	ORF1	D4915E		2024-10-27	2024-11-16	50339.0	0.019644	2562589.0	600.0	2.0	2157	2025-03-13
16342	T16342C	ORF1	S5360P		2024-10-06	2024-10-26	198780.0	0.003404	58398435.0	1046.0	7.0	2232	2025-03-13
16342	T16342C	ORF1	S5360P		2024-10-27	2024-11-16	1431714.0	0.022147	64645889.0	928.0	7.0	2157	2025-03-13
17012	C17012A	ORF1	S5583*		2024-10-27	2024-11-16	115470.0	0.024249	4761796.0	596.0	34.0	2157	2025-03-13
18131	C18131T	ORF1	T5956I		2024-10-27	2024-11-16	135370.0	0.032571	4156185.0	333.0	25.0	2157	2025-03-13
21149	G21149T	ORF1	G6962V		2024-10-27	2024-11-16	259808.0	0.025558	10165578.0	625.0	1.0	2157	2025-03-13
21149	G21149T	ORF1	G6962V		2024-10-06	2024-10-26	34292.0	0.00273	12562023.0	700.0	3.0	2232	2025-03-13
21627	C21627A	S	T22N	XEC*,LF.7*,XEQ*,KP.2.26*,XEN*,KS.1.1*,XEL*,KP.3.6*,PB.1*,LF.8.1.1*,KP.2.14*,KP.3.1.9*,JN.1.16.5*,MJ.1.1*,XFC*,LP.8.1.6*,PB.2*,NG.1*,LP.8.1.8*,KP.3.3.9*,KP.2.2.1*,KS.1.5*,MR.2*,MU.3*,KP.2.18*,NB.1*,MT.1.1*,XDV.1.7.1*,LJ.1*,MU.6*,MB.1.1*,XER*,MG.3*	2024-10-27	2024-11-16	350788.0	0.300924	1165702.0	767.0	60.0	2157	2025-03-13
21652	TTC21652-21654del	S	NS30-31Ndel		2024-10-27	2024-11-16	807638.0	0.603545	1338158.0	1213.0	152.0	2157	2025-03-13
21653	T21653C	S	S31P	LF.7*,KP.3.2.6*,KP.2.26*,XFC*,MT.1*,JN.1.40*,MJ.1*,XER*,NF.1*	2024-10-06	2024-10-26	32738.0	0.018945	1728084.0	154.0	5.0	2232	2025-03-13
21653	T21653C	S	S31P	LF.7*,KP.3.2.6*,KP.2.26*,XFC*,MT.1*,JN.1.40*,MJ.1*,XER*,NF.1*	2024-10-27	2024-11-16	40536.0	0.030099	1346746.0	172.0	7.0	2157	2025-03-13
21654	C21654T	S	S31F	JN.1.20*,MB.1*,JN.1.58.3*,LF.8.1*,KP.3.1.3*,KP.1.1.6*,JN.1.1.7*,LC.1*,KP.3.4.1*,KP.2.14*,MK.1*,KP.2.7*,KP.4.2.1*,MZ.1*,KP.3.3.9*,XEN*,MD.3.1.4*	2024-10-27	2024-11-16	27243.0	0.02014	1352688.0	75.0	6.0	2157	2025-03-13
21654	C21654T	S	S31F	JN.1.20*,MB.1*,JN.1.58.3*,LF.8.1*,KP.3.1.3*,KP.1.1.6*,JN.1.1.7*,LC.1*,KP.3.4.1*,KP.2.14*,MK.1*,KP.2.7*,KP.4.2.1*,MZ.1*,KP.3.3.9*,XEN*,MD.3.1.4*	2024-10-06	2024-10-26	15723.0	0.008779	1791009.0	95.0	4.0	2232	2025-03-13
21738	T21738C	S	F59S	XEC*,JN.1.18.6*,KS.1*,JN.1.13.1*,XEM*,MZ.3*,JN.1.18.9*,KP.3.3.8*,MR.2*,MU.3*,NB.1*,KP.3.1.8*,KP.2.10*,KR.1.4*,JN.1.42.1*,MN.1*,XDR.1*,JN.1.18.2*,KP.1.1.5*	2024-10-27	2024-11-16	153440.0	0.268998	570414.0	705.0	23.0	2157	2025-03-13
22000	C22000A	S	H146Q	KP.2.3*,XEE*,XES*	2024-10-27	2024-11-16	1173992.0	0.041505	28285234.0	805.0	42.0	2157	2025-03-13
22107	A22107G	S	K182R	LF.7*,LB.1.3.3*,XFC*,KP.2.2.2*,XEC.1*,XER*,MC.15*	2024-10-27	2024-11-16	375285.0	0.01947	19275253.0	614.0	31.0	2157	2025-03-13
22111	G22111T	S	Q183H	LB.1*,LY.2*,JN.1.9*,JN.1.32.1*,XFB*	2024-10-27	2024-11-16	1108967.0	0.029424	37688985.0	751.0	58.0	2157	2025-03-13
22132	G22132T	S	R190S	LP.8.1*,LF.7*,XEL.4*,NL.1*,MA.1*,LP.7*,LZ.4*,NK.1*,KP.4.2.6*,LP.1.2*,JN.1.59.1*,NL.5.2*,XER*,KP.4.2.4*,NC.1*,LB.1.4.1*	2024-10-27	2024-11-16	881914.0	0.044419	19854559.0	886.0	58.0	2157	2025-03-13
22599	G22599C	S	R346T	MC.19*,KS.1*,KP.2*,MC.17.1*,MC.10.1.6*,MF.1*,XDK.1*,MC.31*,JN.1.25.1*,XEM*,LE.1*,JN.1.9.2*,JN.1.4.4*,XES*,LU.2*,MK.3*,JN.1.49.1*,JN.1.39.2*,XED*,XDD.1.1.1*,JN.1.1.5*,JN.1.44.1*,MZ.3*,JN.1.48*,JN.1.29.1*,JN.1.16.1*,MC.13.2.1*,MC.13.3.1*,KR.5*,JN.1.18*,JN.1.24.1*,NU.1*,JN.1.18.8*,KQ.1*,JN.1.30.1*,JN.1.26*,JN.1.1.3*,JN.1.11.2*,JN.1.6.1*,JN.1.7.3*,KP.4.1*,JN.1.58.2*,LN.1.1*,LU.1*,JN.1.8.2*,XEH*,JN.1.42.2*,MU.3*,JN.1.59.1*,KZ.1.1*,MC.33.1*,MQ.1*,LG.1*,MC.32.1*,LF.8*,JN.1.50.1*,MC.28.1.1*,XDR.1*,LF.6*	2024-10-27	2024-11-16	7624846.0	0.137722	55364063.0	798.0	169.0	2157	2025-03-13
22865	G22865T	S	A435S	MC.10.1*,MC.28.1*,MU.2.1.1*,MC.31*,MC.21.1*,MU.6*,KP.3.3.5*,KP.3.3.2*,MC.30.1.1*,MC.13.2*,KP.3.7*,LP.10.1.1*,KP.2.14.2*,XDV.1.9.1*,XFB*,XDY.3*,XDY.1*,XEP*	2024-10-06	2024-10-26	9063.0	0.009547	949272.0	290.0	1.0	2232	2025-03-13
22865	G22865T	S	A435S	MC.10.1*,MC.28.1*,MU.2.1.1*,MC.31*,MC.21.1*,MU.6*,KP.3.3.5*,KP.3.3.2*,MC.30.1.1*,MC.13.2*,KP.3.7*,LP.10.1.1*,KP.2.14.2*,XDV.1.9.1*,XFB*,XDY.3*,XDY.1*,XEP*	2024-10-27	2024-11-16	54323.0	0.057886	938454.0	274.0	5.0	2157	2025-03-13
22893	A22893G	S	K444R	LF.7*,JN.1.61*,XER*,JN.1.23*,NA.1.1*	2024-10-27	2024-11-16	35268.0	0.022407	1573955.0	296.0	6.0	2157	2025-03-13
22893	A22893G	S	K444R	LF.7*,JN.1.61*,XER*,JN.1.23*,NA.1.1*	2024-10-06	2024-10-26	17494.0	0.01028	1701787.0	308.0	3.0	2232	2025-03-13
22895	G22895C, T22896G	S	V445R	MC.19.1*,MC.32.1*,MK.3*,LP.8*,NZ.1*,MC.33.1*	2024-10-06	2024-10-26	9466.0	0.00447	2117885.0	283.0	3.0	2232	2025-03-13
22895	G22895C, T22896G	S	V445R	MC.19.1*,MC.32.1*,MK.3*,LP.8*,NZ.1*,MC.33.1*	2024-10-27	2024-11-16	46471.0	0.022403	2074308.0	291.0	10.0	2157	2025-03-13
22896	T22896C	S	V445P	LB.1.3.1*,LB.1.10*,NC.1.2*,KP.2.28.1*,JN.1.1.8*,MU.2.1.1*,NN.1*,MU.5*,LP.1.2.1*,LF.7.7.2*,NS.1.1*,LK.1*,LF.3.1*,LP.9*,MA.1.1.1*,PC.2*,KP.2.3.4*,PA.1*,JN.1.50*	2024-10-27	2024-11-16	36099.0	0.022931	1574234.0	280.0	8.0	2157	2025-03-13
22926	T22926C	S	L455S		2024-10-27	2024-11-16	1502580.0	0.834782	1799967.0	1068.0	342.0	2157	2025-03-13
22928	T22928C	S	F456L	JN.1.16*,KS.1*,LL.1*,JN.1.18.5*,JN.1.55.1*,JN.1.18.4*,JN.1.39.1*,LZ.2.2*,JN.1.1.8*,JN.1.67.1*,JN.1.7.9*,JN.1.48*,KR.5*,JN.1.29.1*,XDK.6*,KU.2*,JN.1.18.9*,LR.3*,JN.1.15.1*,KR.3*,LZ.2.1*,MD.3.1*,XDV.1*,LZ.1*,LN.1.1*,LE.1.3.1*,LQ.1*,XDK.3*,JN.1.65.1*,LM.1*,KR.1*,XDD.3*,MD.1*,JN.1.55.2*,JN.1.11.1*,XDR.1.1*,JN.1.62*,XDK.4.1*,LR.1*,XDK.1.2*,JN.1.51.1*,NS.3*,KW.1.1*,LF.8*,JN.1.50*,XDK.5*,JN.1.4.9*,LF.6*,JN.1.7.8*,JN.1.1.6*	2024-10-27	2024-11-16	1472362.0	0.96551	1524958.0	1067.0	338.0	2157	2025-03-13
22953	T22953A	S	F464Y		2024-10-27	2024-11-16	557.0	0.000367	1517257.0	164.0	0.0	2157	2025-03-13
23005	TGG23005-23007del, T23008A	S	NG481-482Kdel		2024-10-27	2024-11-16	3614.0	0.002412	1498313.0	442.0	0.0	2157	2025-03-13
23039	C23039G	S	Q493E	XEQ*,KP.3*,XDY.2*,JN.1.16.4*,XDY.6*,XDY.5*,XDY.7*,KP.3.4*,LP.8*,XET*,JN.1.16.5*,XEF*,XDY.3*,XDY.1*,XDY*	2024-10-27	2024-11-16	2700151.0	0.790117	3417406.0	1000.0	370.0	2157	2025-03-13
23277	C23277T	S	T572I	MC.1*,XEC.4*,LD.1*,MZ.5*,LP.4*,XDK*,KP.2.2.2*,MC.6.1*,MC.8.1*,XFB*,KP.2.3.8*,KP.2.15.1*,MG.1*,JN.1.47.2*,JN.1.32*,XDY.1.1*,KP.1.2*,LF.7.7*,MC.13.4*,JN.1.16.3*,LB.1.2.2*,XDY.5.1*,MU.1*,KP.2.27*,KP.2.14.1*,MC.30.1.1*,JN.1.65*,XDD.3*,LZ.3*,XEC.21*,NB.1.3.1*,KP.5*,KV.2*,JN.1.7*,JN.1.9.1*,JN.1.1.1*,JN.1.62*,JN.1.4.3*,KP.2.3.6*,XEF.3*,KP.2.9*,XDV.1.3*,KW.1*,MC.26.1*,MH.1*,NL.5.1*	2024-10-27	2024-11-16	2248780.0	0.082828	27149961.0	771.0	146.0	2157	2025-03-13
24092	A24092G	S	I844V		2024-10-27	2024-11-16	534969.0	0.021575	24795455.0	563.0	1.0	2157	2025-03-13
24092	A24092G	S	I844V		2024-10-06	2024-10-26	3061.0	0.000124	24732805.0	649.0	0.0	2232	2025-03-13
24095	G24095T	S	A845S	LB.1.4.3*,MC.2*	2024-10-27	2024-11-16	314240.0	0.01161	27066439.0	591.0	21.0	2157	2025-03-13
24819	A24819G	S	K1086R	KP.1.1*,KP.1*	2024-10-27	2024-11-16	971186.0	0.024177	40170112.0	684.0	26.0	2157	2025-03-13
24872	G24872T	S	V1104L	XEQ*,XDY.2*,LB.1.1*,XDY.6*,JN.1.11*,XDY.5*,XDY.7*,XEF*,XDY.3*,XDY.1*,XDY*	2024-10-27	2024-11-16	36609975.0	0.809562	45221951.0	1486.0	593.0	2157	2025-03-13
25593	G25593T	ORF3a	K67N	KP.2.3*	2024-10-27	2024-11-16	797910.0	0.015266	52267072.0	761.0	22.0	2157	2025-03-13
25595	G25595T	ORF3a	R68I	XFB*,MC.24*,MC.24.1*,MC.24.2*	2024-10-27	2024-11-16	718767.0	0.022605	31797082.0	698.0	28.0	2157	2025-03-13
25892	T25892G	ORF3a	I167S		2024-10-27	2024-11-16	6537.0	0.002661	2456934.0	508.0	0.0	2157	2025-03-13
25892	T25892C	ORF3a	I167T		2024-10-27	2024-11-16	9059.0	0.003687	2456934.0	420.0	0.0	2157	2025-03-13
25894	G25894T	ORF3a	V168F		2024-10-27	2024-11-16	16167.0	0.007199	2245633.0	512.0	2.0	2157	2025-03-13
26781	C26781T	M	L87F		2024-10-27	2024-11-16	181019.0	0.044927	4029174.0	158.0	1.0	2157	2025-03-13
26781	C26781T	M	L87F		2024-10-06	2024-10-26	460.0	0.0001	4619788.0	193.0	0.0	2232	2025-03-13
27810	T27810C	ORF7b	F19L		2024-10-27	2024-11-16	29189684.0	0.684235	42660328.0	1641.0	754.0	2157	2025-03-13
28883	G28883C, G28884C	N	G204P	KP.3.3*,XEP*	2024-10-27	2024-11-16	5763864.0	0.242261	23791985.0	1312.0	461.0	2157	2025-03-13
435	A435-435del	ORF1	57fs		2024-09-29	2024-10-19	23579.0	0.005907	3992024.0	371.0	1.0	2154	2025-03-13
435	A435-435del	ORF1	57fs		2024-10-20	2024-11-09	42756.0	0.020823	2053330.0	627.0	4.0	2197	2025-03-13
569	G569T	ORF1	E102*		2024-10-20	2024-11-09	1899.0	0.002205	861364.0	194.0	0.0	2197	2025-03-13
569	G569T	ORF1	E102*		2024-09-29	2024-10-19	30413.0	0.024516	1240539.0	210.0	5.0	2154	2025-03-13
621	G621A	ORF1	R119H		2024-09-29	2024-10-19	53677.0	0.024546	2186814.0	253.0	15.0	2154	2025-03-13
621	G621A	ORF1	R119H		2024-10-20	2024-11-09	1744.0	0.001432	1217978.0	334.0	0.0	2197	2025-03-13
2060	G2060A	ORF1	A599T	XEC*	2024-10-20	2024-11-09	2181900.0	0.136157	16024941.0	971.0	176.0	2197	2025-03-13
2060	G2060A	ORF1	A599T	XEC*	2024-09-29	2024-10-19	1415065.0	0.066796	21184889.0	646.0	116.0	2154	2025-03-13
4842	A4842-4842del	ORF1	1526fs		2024-09-29	2024-10-19	123.0	3e-06	44144032.0	77.0	0.0	2154	2025-03-13
4842	A4842-4842del	ORF1	1526fs		2024-10-20	2024-11-09	623487.0	0.020891	29844870.0	114.0	1.0	2197	2025-03-13
7113	C7113T	ORF1	T2283I	KU.2*,XDV*,JN.1.11.1*	2024-10-20	2024-11-09	26188894.0	0.532384	49191770.0	1433.0	494.0	2197	2025-03-13
7113	C7113T	ORF1	T2283I	KU.2*,XDV*,JN.1.11.1*	2024-09-29	2024-10-19	23451844.0	0.365582	64149258.0	1026.0	435.0	2154	2025-03-13
11727	G11727A	ORF1	R3821K		2024-09-29	2024-10-19	804044.0	0.571628	1406585.0	1035.0	298.0	2154	2025-03-13
11727	G11727A	ORF1	R3821K		2024-10-20	2024-11-09	984977.0	0.97693	1008237.0	1425.0	330.0	2197	2025-03-13
13121	A13121T	ORF1	S4286C	KP.3.1.1*,XEW*	2024-10-20	2024-11-09	4436938.0	0.480074	9242200.0	1249.0	321.0	2197	2025-03-13
13121	A13121T	ORF1	S4286C	KP.3.1.1*,XEW*	2024-09-29	2024-10-19	3365158.0	0.280515	11996354.0	881.0	360.0	2154	2025-03-13
13424	C13424T	ORF1	R4387C		2024-09-29	2024-10-19	6157.0	0.000609	10103911.0	239.0	1.0	2154	2025-03-13
13424	C13424T	ORF1	R4387C		2024-10-20	2024-11-09	194289.0	0.028236	6880853.0	303.0	1.0	2197	2025-03-13
14512	G14512T	ORF1	D4750Y		2024-10-20	2024-11-09	17619.0	0.022564	780847.0	111.0	1.0	2197	2025-03-13
14512	G14512T	ORF1	D4750Y		2024-09-29	2024-10-19	143.0	7.2e-05	1977280.0	86.0	0.0	2154	2025-03-13
14704	T14704-14704del	ORF1	4814fs		2024-09-29	2024-10-19	16300.0	0.005011	3253163.0	196.0	0.0	2154	2025-03-13
14704	T14704-14704del	ORF1	4814fs		2024-10-20	2024-11-09	35613.0	0.02797	1273261.0	407.0	5.0	2197	2025-03-13
16342	T16342C	ORF1	S5360P		2024-09-29	2024-10-19	108328.0	0.001894	57205400.0	709.0	6.0	2154	2025-03-13
16342	T16342C	ORF1	S5360P		2024-10-20	2024-11-09	1515164.0	0.023349	64890754.0	951.0	6.0	2197	2025-03-13
17012	C17012A	ORF1	S5583*		2024-09-29	2024-10-19	317108.0	0.052762	6010112.0	409.0	63.0	2154	2025-03-13
17012	C17012A	ORF1	S5583*		2024-10-20	2024-11-09	15622.0	0.003656	4272937.0	527.0	2.0	2197	2025-03-13
18131	C18131T	ORF1	T5956I		2024-10-20	2024-11-09	137970.0	0.031464	4385014.0	345.0	25.0	2197	2025-03-13
18131	C18131T	ORF1	T5956I		2024-09-29	2024-10-19	87181.0	0.013786	6323829.0	264.0	22.0	2154	2025-03-13
21149	G21149T	ORF1	G6962V		2024-09-29	2024-10-19	31565.0	0.00164	19252263.0	481.0	3.0	2154	2025-03-13
21149	G21149T	ORF1	G6962V		2024-10-20	2024-11-09	260822.0	0.023299	11194343.0	645.0	1.0	2197	2025-03-13
21627	C21627A	S	T22N	XEC*,LF.7*,XEQ*,KP.2.26*,XEN*,KS.1.1*,XEL*,KP.3.6*,PB.1*,LF.8.1.1*,KP.2.14*,KP.3.1.9*,JN.1.16.5*,MJ.1.1*,XFC*,LP.8.1.6*,PB.2*,NG.1*,LP.8.1.8*,KP.3.3.9*,KP.2.2.1*,KS.1.5*,MR.2*,MU.3*,KP.2.18*,NB.1*,MT.1.1*,XDV.1.7.1*,LJ.1*,MU.6*,MB.1.1*,XER*,MG.3*	2024-10-20	2024-11-09	376065.0	0.287134	1309721.0	755.0	61.0	2197	2025-03-13
21627	C21627A	S	T22N	XEC*,LF.7*,XEQ*,KP.2.26*,XEN*,KS.1.1*,XEL*,KP.3.6*,PB.1*,LF.8.1.1*,KP.2.14*,KP.3.1.9*,JN.1.16.5*,MJ.1.1*,XFC*,LP.8.1.6*,PB.2*,NG.1*,LP.8.1.8*,KP.3.3.9*,KP.2.2.1*,KS.1.5*,MR.2*,MU.3*,KP.2.18*,NB.1*,MT.1.1*,XDV.1.7.1*,LJ.1*,MU.6*,MB.1.1*,XER*,MG.3*	2024-09-29	2024-10-19	137143.0	0.059076	2321473.0	469.0	31.0	2154	2025-03-13
21652	TTC21652-21654del	S	NS30-31Ndel		2024-09-29	2024-10-19	900499.0	0.355065	2536152.0	923.0	137.0	2154	2025-03-13
21652	TTC21652-21654del	S	NS30-31Ndel		2024-10-20	2024-11-09	904158.0	0.613229	1474421.0	1299.0	170.0	2197	2025-03-13
21653	T21653C	S	S31P	LF.7*,KP.3.2.6*,KP.2.26*,XFC*,MT.1*,JN.1.40*,MJ.1*,XER*,NF.1*	2024-09-29	2024-10-19	18152.0	0.007328	2476909.0	94.0	4.0	2154	2025-03-13
21653	T21653C	S	S31P	LF.7*,KP.3.2.6*,KP.2.26*,XFC*,MT.1*,JN.1.40*,MJ.1*,XER*,NF.1*	2024-10-20	2024-11-09	34298.0	0.022591	1518213.0	164.0	3.0	2197	2025-03-13
21654	C21654T	S	S31F	JN.1.20*,MB.1*,JN.1.58.3*,LF.8.1*,KP.3.1.3*,KP.1.1.6*,JN.1.1.7*,LC.1*,KP.3.4.1*,KP.2.14*,MK.1*,KP.2.7*,KP.4.2.1*,MZ.1*,KP.3.3.9*,XEN*,MD.3.1.4*	2024-10-20	2024-11-09	31229.0	0.020666	1511125.0	92.0	7.0	2197	2025-03-13
21654	C21654T	S	S31F	JN.1.20*,MB.1*,JN.1.58.3*,LF.8.1*,KP.3.1.3*,KP.1.1.6*,JN.1.1.7*,LC.1*,KP.3.4.1*,KP.2.14*,MK.1*,KP.2.7*,KP.4.2.1*,MZ.1*,KP.3.3.9*,XEN*,MD.3.1.4*	2024-09-29	2024-10-19	8425.0	0.003266	2579233.0	54.0	2.0	2154	2025-03-13
21738	T21738C	S	F59S	XEC*,JN.1.18.6*,KS.1*,JN.1.13.1*,XEM*,MZ.3*,JN.1.18.9*,KP.3.3.8*,MR.2*,MU.3*,NB.1*,KP.3.1.8*,KP.2.10*,KR.1.4*,JN.1.42.1*,MN.1*,XDR.1*,JN.1.18.2*,KP.1.1.5*	2024-09-29	2024-10-19	96757.0	0.08974	1078194.0	427.0	19.0	2154	2025-03-13
21738	T21738C	S	F59S	XEC*,JN.1.18.6*,KS.1*,JN.1.13.1*,XEM*,MZ.3*,JN.1.18.9*,KP.3.3.8*,MR.2*,MU.3*,NB.1*,KP.3.1.8*,KP.2.10*,KR.1.4*,JN.1.42.1*,MN.1*,XDR.1*,JN.1.18.2*,KP.1.1.5*	2024-10-20	2024-11-09	118668.0	0.230774	514218.0	688.0	16.0	2197	2025-03-13
22000	C22000A	S	H146Q	KP.2.3*,XEE*,XES*	2024-10-20	2024-11-09	1408538.0	0.042638	33034674.0	806.0	50.0	2197	2025-03-13
22000	C22000A	S	H146Q	KP.2.3*,XEE*,XES*	2024-09-29	2024-10-19	959731.0	0.020983	45737625.0	625.0	77.0	2154	2025-03-13
22111	G22111T	S	Q183H	LB.1*,LY.2*,JN.1.9*,JN.1.32.1*,XFB*	2024-09-29	2024-10-19	1450024.0	0.025368	57160687.0	586.0	72.0	2154	2025-03-13
22111	G22111T	S	Q183H	LB.1*,LY.2*,JN.1.9*,JN.1.32.1*,XFB*	2024-10-20	2024-11-09	1394905.0	0.031875	43761800.0	780.0	71.0	2197	2025-03-13
22132	G22132T	S	R190S	LP.8.1*,LF.7*,XEL.4*,NL.1*,MA.1*,LP.7*,LZ.4*,NK.1*,KP.4.2.6*,LP.1.2*,JN.1.59.1*,NL.5.2*,XER*,KP.4.2.4*,NC.1*,LB.1.4.1*	2024-10-20	2024-11-09	677106.0	0.030784	21995090.0	898.0	47.0	2197	2025-03-13
22132	G22132T	S	R190S	LP.8.1*,LF.7*,XEL.4*,NL.1*,MA.1*,LP.7*,LZ.4*,NK.1*,KP.4.2.6*,LP.1.2*,JN.1.59.1*,NL.5.2*,XER*,KP.4.2.4*,NC.1*,LB.1.4.1*	2024-09-29	2024-10-19	446473.0	0.01453	30726700.0	615.0	26.0	2154	2025-03-13
22599	G22599C	S	R346T	MC.19*,KS.1*,KP.2*,MC.17.1*,MC.10.1.6*,MF.1*,XDK.1*,MC.31*,JN.1.25.1*,XEM*,LE.1*,JN.1.9.2*,JN.1.4.4*,XES*,LU.2*,MK.3*,JN.1.49.1*,JN.1.39.2*,XED*,XDD.1.1.1*,JN.1.1.5*,JN.1.44.1*,MZ.3*,JN.1.48*,JN.1.29.1*,JN.1.16.1*,MC.13.2.1*,MC.13.3.1*,KR.5*,JN.1.18*,JN.1.24.1*,NU.1*,JN.1.18.8*,KQ.1*,JN.1.30.1*,JN.1.26*,JN.1.1.3*,JN.1.11.2*,JN.1.6.1*,JN.1.7.3*,KP.4.1*,JN.1.58.2*,LN.1.1*,LU.1*,JN.1.8.2*,XEH*,JN.1.42.2*,MU.3*,JN.1.59.1*,KZ.1.1*,MC.33.1*,MQ.1*,LG.1*,MC.32.1*,LF.8*,JN.1.50.1*,MC.28.1.1*,XDR.1*,LF.6*	2024-09-29	2024-10-19	4568289.0	0.124865	36585928.0	580.0	175.0	2154	2025-03-13
22599	G22599C	S	R346T	MC.19*,KS.1*,KP.2*,MC.17.1*,MC.10.1.6*,MF.1*,XDK.1*,MC.31*,JN.1.25.1*,XEM*,LE.1*,JN.1.9.2*,JN.1.4.4*,XES*,LU.2*,MK.3*,JN.1.49.1*,JN.1.39.2*,XED*,XDD.1.1.1*,JN.1.1.5*,JN.1.44.1*,MZ.3*,JN.1.48*,JN.1.29.1*,JN.1.16.1*,MC.13.2.1*,MC.13.3.1*,KR.5*,JN.1.18*,JN.1.24.1*,NU.1*,JN.1.18.8*,KQ.1*,JN.1.30.1*,JN.1.26*,JN.1.1.3*,JN.1.11.2*,JN.1.6.1*,JN.1.7.3*,KP.4.1*,JN.1.58.2*,LN.1.1*,LU.1*,JN.1.8.2*,XEH*,JN.1.42.2*,MU.3*,JN.1.59.1*,KZ.1.1*,MC.33.1*,MQ.1*,LG.1*,MC.32.1*,LF.8*,JN.1.50.1*,MC.28.1.1*,XDR.1*,LF.6*	2024-10-20	2024-11-09	6555233.0	0.13586	48249983.0	806.0	169.0	2197	2025-03-13
22896	T22896C	S	V445P	LB.1.3.1*,LB.1.10*,NC.1.2*,KP.2.28.1*,JN.1.1.8*,MU.2.1.1*,NN.1*,MU.5*,LP.1.2.1*,LF.7.7.2*,NS.1.1*,LK.1*,LF.3.1*,LP.9*,MA.1.1.1*,PC.2*,KP.2.3.4*,PA.1*,JN.1.50*	2024-10-20	2024-11-09	32274.0	0.02283	1413670.0	227.0	8.0	2197	2025-03-13
22896	T22896C	S	V445P	LB.1.3.1*,LB.1.10*,NC.1.2*,KP.2.28.1*,JN.1.1.8*,MU.2.1.1*,NN.1*,MU.5*,LP.1.2.1*,LF.7.7.2*,NS.1.1*,LK.1*,LF.3.1*,LP.9*,MA.1.1.1*,PC.2*,KP.2.3.4*,PA.1*,JN.1.50*	2024-09-29	2024-10-19	34892.0	0.01431	2438335.0	214.0	12.0	2154	2025-03-13
22926	T22926C	S	L455S		2024-09-29	2024-10-19	1310513.0	0.35243	3718506.0	838.0	285.0	2154	2025-03-13
22926	T22926C	S	L455S		2024-10-20	2024-11-09	1350744.0	0.798562	1691470.0	1081.0	294.0	2197	2025-03-13
22928	T22928C	S	F456L	JN.1.16*,KS.1*,LL.1*,JN.1.18.5*,JN.1.55.1*,JN.1.18.4*,JN.1.39.1*,LZ.2.2*,JN.1.1.8*,JN.1.67.1*,JN.1.7.9*,JN.1.48*,KR.5*,JN.1.29.1*,XDK.6*,KU.2*,JN.1.18.9*,LR.3*,JN.1.15.1*,KR.3*,LZ.2.1*,MD.3.1*,XDV.1*,LZ.1*,LN.1.1*,LE.1.3.1*,LQ.1*,XDK.3*,JN.1.65.1*,LM.1*,KR.1*,XDD.3*,MD.1*,JN.1.55.2*,JN.1.11.1*,XDR.1.1*,JN.1.62*,XDK.4.1*,LR.1*,XDK.1.2*,JN.1.51.1*,NS.3*,KW.1.1*,LF.8*,JN.1.50*,XDK.5*,JN.1.4.9*,LF.6*,JN.1.7.8*,JN.1.1.6*	2024-10-20	2024-11-09	1346691.0	0.968084	1391089.0	1075.0	294.0	2197	2025-03-13
22928	T22928C	S	F456L	JN.1.16*,KS.1*,LL.1*,JN.1.18.5*,JN.1.55.1*,JN.1.18.4*,JN.1.39.1*,LZ.2.2*,JN.1.1.8*,JN.1.67.1*,JN.1.7.9*,JN.1.48*,KR.5*,JN.1.29.1*,XDK.6*,KU.2*,JN.1.18.9*,LR.3*,JN.1.15.1*,KR.3*,LZ.2.1*,MD.3.1*,XDV.1*,LZ.1*,LN.1.1*,LE.1.3.1*,LQ.1*,XDK.3*,JN.1.65.1*,LM.1*,KR.1*,XDD.3*,MD.1*,JN.1.55.2*,JN.1.11.1*,XDR.1.1*,JN.1.62*,XDK.4.1*,LR.1*,XDK.1.2*,JN.1.51.1*,NS.3*,KW.1.1*,LF.8*,JN.1.50*,XDK.5*,JN.1.4.9*,LF.6*,JN.1.7.8*,JN.1.1.6*	2024-09-29	2024-10-19	1302962.0	0.41637	3129337.0	844.0	284.0	2154	2025-03-13
22953	T22953A	S	F464Y		2024-09-29	2024-10-19	424.0	0.000171	2484997.0	134.0	0.0	2154	2025-03-13
22953	T22953A	S	F464Y		2024-10-20	2024-11-09	82813.0	0.056155	1474717.0	167.0	1.0	2197	2025-03-13
23005	TGG23005-23007del, T23008A	S	NG481-482Kdel		2024-10-20	2024-11-09	42950.0	0.029595	1451279.0	387.0	1.0	2197	2025-03-13
23005	TGG23005-23007del, T23008A	S	NG481-482Kdel		2024-09-29	2024-10-19	14304.0	0.006141	2329241.0	374.0	1.0	2154	2025-03-13
23039	C23039G	S	Q493E	XEQ*,KP.3*,XDY.2*,JN.1.16.4*,XDY.6*,XDY.5*,XDY.7*,KP.3.4*,LP.8*,XET*,JN.1.16.5*,XEF*,XDY.3*,XDY.1*,XDY*	2024-09-29	2024-10-19	2072226.0	0.418307	4953838.0	770.0	297.0	2154	2025-03-13
23039	C23039G	S	Q493E	XEQ*,KP.3*,XDY.2*,JN.1.16.4*,XDY.6*,XDY.5*,XDY.7*,KP.3.4*,LP.8*,XET*,JN.1.16.5*,XEF*,XDY.3*,XDY.1*,XDY*	2024-10-20	2024-11-09	2485201.0	0.767855	3236549.0	988.0	339.0	2197	2025-03-13
23277	C23277T	S	T572I	MC.1*,XEC.4*,LD.1*,MZ.5*,LP.4*,XDK*,KP.2.2.2*,MC.6.1*,MC.8.1*,XFB*,KP.2.3.8*,KP.2.15.1*,MG.1*,JN.1.47.2*,JN.1.32*,XDY.1.1*,KP.1.2*,LF.7.7*,MC.13.4*,JN.1.16.3*,LB.1.2.2*,XDY.5.1*,MU.1*,KP.2.27*,KP.2.14.1*,MC.30.1.1*,JN.1.65*,XDD.3*,LZ.3*,XEC.21*,NB.1.3.1*,KP.5*,KV.2*,JN.1.7*,JN.1.9.1*,JN.1.1.1*,JN.1.62*,JN.1.4.3*,KP.2.3.6*,XEF.3*,KP.2.9*,XDV.1.3*,KW.1*,MC.26.1*,MH.1*,NL.5.1*	2024-10-20	2024-11-09	2462898.0	0.086844	28359998.0	764.0	134.0	2197	2025-03-13
23277	C23277T	S	T572I	MC.1*,XEC.4*,LD.1*,MZ.5*,LP.4*,XDK*,KP.2.2.2*,MC.6.1*,MC.8.1*,XFB*,KP.2.3.8*,KP.2.15.1*,MG.1*,JN.1.47.2*,JN.1.32*,XDY.1.1*,KP.1.2*,LF.7.7*,MC.13.4*,JN.1.16.3*,LB.1.2.2*,XDY.5.1*,MU.1*,KP.2.27*,KP.2.14.1*,MC.30.1.1*,JN.1.65*,XDD.3*,LZ.3*,XEC.21*,NB.1.3.1*,KP.5*,KV.2*,JN.1.7*,JN.1.9.1*,JN.1.1.1*,JN.1.62*,JN.1.4.3*,KP.2.3.6*,XEF.3*,KP.2.9*,XDV.1.3*,KW.1*,MC.26.1*,MH.1*,NL.5.1*	2024-09-29	2024-10-19	980574.0	0.019527	50217088.0	560.0	104.0	2154	2025-03-13
24092	A24092G	S	I844V		2024-09-29	2024-10-19	1899.0	7.5e-05	25454556.0	444.0	0.0	2154	2025-03-13
24092	A24092G	S	I844V		2024-10-20	2024-11-09	535192.0	0.022	24326824.0	576.0	1.0	2197	2025-03-13
24819	A24819G	S	K1086R	KP.1.1*,KP.1*	2024-10-20	2024-11-09	1029081.0	0.027998	36755935.0	670.0	24.0	2197	2025-03-13
24819	A24819G	S	K1086R	KP.1.1*,KP.1*	2024-09-29	2024-10-19	421985.0	0.014004	30132515.0	494.0	30.0	2154	2025-03-13
24872	G24872T	S	V1104L	XEQ*,XDY.2*,LB.1.1*,XDY.6*,JN.1.11*,XDY.5*,XDY.7*,XEF*,XDY.3*,XDY.1*,XDY*	2024-09-29	2024-10-19	22008663.0	0.650138	33852273.0	1045.0	498.0	2154	2025-03-13
24872	G24872T	S	V1104L	XEQ*,XDY.2*,LB.1.1*,XDY.6*,JN.1.11*,XDY.5*,XDY.7*,XEF*,XDY.3*,XDY.1*,XDY*	2024-10-20	2024-11-09	34216493.0	0.836524	40903174.0	1544.0	575.0	2197	2025-03-13
25595	G25595T	ORF3a	R68I	XFB*,MC.24*,MC.24.1*,MC.24.2*	2024-09-29	2024-10-19	715432.0	0.020962	34129214.0	502.0	32.0	2154	2025-03-13
25595	G25595T	ORF3a	R68I	XFB*,MC.24*,MC.24.1*,MC.24.2*	2024-10-20	2024-11-09	693020.0	0.021701	31934394.0	712.0	34.0	2197	2025-03-13
25892	T25892G	ORF3a	I167S		2024-10-20	2024-11-09	5894.0	0.003349	1760060.0	514.0	0.0	2197	2025-03-13
25892	T25892G	ORF3a	I167S		2024-09-29	2024-10-19	162354.0	0.029528	5498324.0	435.0	37.0	2154	2025-03-13
25892	T25892C	ORF3a	I167T		2024-10-20	2024-11-09	4595.0	0.002611	1760060.0	410.0	0.0	2197	2025-03-13
25892	T25892C	ORF3a	I167T		2024-09-29	2024-10-19	135139.0	0.024578	5498324.0	358.0	36.0	2154	2025-03-13
26781	C26781T	M	L87F		2024-09-29	2024-10-19	385.0	4.4e-05	8822169.0	139.0	0.0	2154	2025-03-13
26781	C26781T	M	L87F		2024-10-20	2024-11-09	181021.0	0.041557	4355990.0	173.0	1.0	2197	2025-03-13
27810	T27810C	ORF7b	F19L		2024-10-20	2024-11-09	30842265.0	0.686192	44946961.0	1703.0	768.0	2197	2025-03-13
27810	T27810C	ORF7b	F19L		2024-09-29	2024-10-19	22591984.0	0.41107	54959000.0	1168.0	611.0	2154	2025-03-13
28883	G28883C, G28884C	N	G204P	KP.3.3*,XEP*	2024-10-20	2024-11-09	5308576.0	0.236052	22488996.0	1307.0	435.0	2197	2025-03-13
28883	G28883C, G28884C	N	G204P	KP.3.3*,XEP*	2024-09-29	2024-10-19	3475423.0	0.106743	32558762.0	883.0	308.0	2154	2025-03-13
29409	C29409T	N	T379I	LB.1.3.1*,NT.1*,XEC.2.3*,NS.3*,XDS*,MC.10.1.3*	2024-09-29	2024-10-19	1873385.0	0.008284	226132483.0	634.0	30.0	2154	2025-03-13
29409	C29409T	N	T379I	LB.1.3.1*,NT.1*,XEC.2.3*,NS.3*,XDS*,MC.10.1.3*	2024-10-20	2024-11-09	5801914.0	0.020645	281034841.0	880.0	50.0	2197	2025-03-13
2060	G2060A	ORF1	A599T	XEC*	2024-10-13	2024-11-02	2238135.0	0.121626	18401757.0	972.0	168.0	2193	2025-03-13
2060	G2060A	ORF1	A599T	XEC*	2024-09-22	2024-10-12	1119136.0	0.043961	25457361.0	689.0	102.0	2163	2025-03-13
4842	A4842-4842del	ORF1	1526fs		2024-09-22	2024-10-12	1610.0	2.7e-05	59923669.0	112.0	1.0	2163	2025-03-13
4842	A4842-4842del	ORF1	1526fs		2024-10-13	2024-11-02	623489.0	0.022065	28256639.0	110.0	1.0	2193	2025-03-13
7113	C7113T	ORF1	T2283I	KU.2*,XDV*,JN.1.11.1*	2024-10-13	2024-11-02	32031124.0	0.554034	57814389.0	1507.0	545.0	2193	2025-03-13
7113	C7113T	ORF1	T2283I	KU.2*,XDV*,JN.1.11.1*	2024-09-22	2024-10-12	30686077.0	0.386466	79401794.0	1100.0	495.0	2163	2025-03-13
7628	TG7628-7629del	ORF1	2455fs		2024-09-22	2024-10-12	82499.0	0.027466	3003669.0	18.0	1.0	2163	2025-03-13
7628	TG7628-7629del	ORF1	2455fs		2024-10-13	2024-11-02	20.0	8e-06	2470510.0	11.0	0.0	2193	2025-03-13
11083	G11083T	ORF1	L3606F	LK.1*,KP.3.4.1*,KP.2.20*,MM.2*	2024-10-13	2024-11-02	153360.0	0.013874	11053669.0	764.0	25.0	2193	2025-03-13
11083	G11083T	ORF1	L3606F	LK.1*,KP.3.4.1*,KP.2.20*,MM.2*	2024-09-22	2024-10-12	1145546.0	0.027585	41527885.0	628.0	39.0	2163	2025-03-13
11727	G11727A	ORF1	R3821K		2024-09-22	2024-10-12	1080501.0	0.625454	1727548.0	1079.0	365.0	2163	2025-03-13
11727	G11727A	ORF1	R3821K		2024-10-13	2024-11-02	1007453.0	0.984441	1023376.0	1481.0	360.0	2193	2025-03-13
12080	G12080A	ORF1	A3939T		2024-10-13	2024-11-02	2126383.0	0.020231	105103559.0	684.0	4.0	2193	2025-03-13
12080	G12080A	ORF1	A3939T		2024-09-22	2024-10-12	240518.0	0.004338	55442488.0	501.0	9.0	2163	2025-03-13
13121	A13121T	ORF1	S4286C	KP.3.1.1*,XEW*	2024-10-13	2024-11-02	5735747.0	0.510707	11230986.0	1289.0	404.0	2193	2025-03-13
13121	A13121T	ORF1	S4286C	KP.3.1.1*,XEW*	2024-09-22	2024-10-12	4788547.0	0.188059	25463027.0	967.0	381.0	2163	2025-03-13
13424	C13424T	ORF1	R4387C		2024-09-22	2024-10-12	3676.0	0.000203	18127134.0	308.0	0.0	2163	2025-03-13
13424	C13424T	ORF1	R4387C		2024-10-13	2024-11-02	199719.0	0.02371	8423513.0	332.0	2.0	2193	2025-03-13
14512	G14512T	ORF1	D4750Y		2024-10-13	2024-11-02	17615.0	0.021703	811631.0	99.0	1.0	2193	2025-03-13
14512	G14512T	ORF1	D4750Y		2024-09-22	2024-10-12	1182.0	0.000306	3869029.0	237.0	0.0	2163	2025-03-13
14704	T14704-14704del	ORF1	4814fs		2024-09-22	2024-10-12	21026.0	0.003557	5911080.0	219.0	3.0	2163	2025-03-13
14704	T14704-14704del	ORF1	4814fs		2024-10-13	2024-11-02	37607.0	0.027151	1385102.0	374.0	4.0	2193	2025-03-13
17012	C17012A	ORF1	S5583*		2024-10-13	2024-11-02	186369.0	0.036972	5040862.0	511.0	30.0	2193	2025-03-13
17012	C17012A	ORF1	S5583*		2024-09-22	2024-10-12	196935.0	0.026492	7433760.0	491.0	49.0	2163	2025-03-13
18131	C18131T	ORF1	T5956I		2024-09-22	2024-10-12	134442.0	0.016423	8186336.0	326.0	30.0	2163	2025-03-13
18131	C18131T	ORF1	T5956I		2024-10-13	2024-11-02	130067.0	0.030695	4237468.0	357.0	30.0	2193	2025-03-13
21149	G21149T	ORF1	G6962V		2024-09-22	2024-10-12	75662.0	0.002243	33727304.0	562.0	8.0	2163	2025-03-13
21149	G21149T	ORF1	G6962V		2024-10-13	2024-11-02	254585.0	0.026516	9601104.0	662.0	1.0	2193	2025-03-13
21627	C21627A	S	T22N	XEC*,LF.7*,XEQ*,KP.2.26*,XEN*,KS.1.1*,XEL*,KP.3.6*,PB.1*,LF.8.1.1*,KP.2.14*,KP.3.1.9*,JN.1.16.5*,MJ.1.1*,XFC*,LP.8.1.6*,PB.2*,NG.1*,LP.8.1.8*,KP.3.3.9*,KP.2.2.1*,KS.1.5*,MR.2*,MU.3*,KP.2.18*,NB.1*,MT.1.1*,XDV.1.7.1*,LJ.1*,MU.6*,MB.1.1*,XER*,MG.3*	2024-10-13	2024-11-02	345895.0	0.239281	1445558.0	738.0	53.0	2193	2025-03-13
21627	C21627A	S	T22N	XEC*,LF.7*,XEQ*,KP.2.26*,XEN*,KS.1.1*,XEL*,KP.3.6*,PB.1*,LF.8.1.1*,KP.2.14*,KP.3.1.9*,JN.1.16.5*,MJ.1.1*,XFC*,LP.8.1.6*,PB.2*,NG.1*,LP.8.1.8*,KP.3.3.9*,KP.2.2.1*,KS.1.5*,MR.2*,MU.3*,KP.2.18*,NB.1*,MT.1.1*,XDV.1.7.1*,LJ.1*,MU.6*,MB.1.1*,XER*,MG.3*	2024-09-22	2024-10-12	202299.0	0.049833	4059522.0	518.0	37.0	2163	2025-03-13
21652	TTC21652-21654del	S	NS30-31Ndel		2024-09-22	2024-10-12	1816094.0	0.407817	4453204.0	1003.0	213.0	2163	2025-03-13
21652	TTC21652-21654del	S	NS30-31Ndel		2024-10-13	2024-11-02	1077124.0	0.631474	1705730.0	1355.0	181.0	2193	2025-03-13
21653	T21653C	S	S31P	LF.7*,KP.3.2.6*,KP.2.26*,XFC*,MT.1*,JN.1.40*,MJ.1*,XER*,NF.1*	2024-10-13	2024-11-02	35167.0	0.020975	1676631.0	161.0	5.0	2193	2025-03-13
21653	T21653C	S	S31P	LF.7*,KP.3.2.6*,KP.2.26*,XFC*,MT.1*,JN.1.40*,MJ.1*,XER*,NF.1*	2024-09-22	2024-10-12	6754.0	0.001539	4389029.0	97.0	2.0	2163	2025-03-13
21738	T21738C	S	F59S	XEC*,JN.1.18.6*,KS.1*,JN.1.13.1*,XEM*,MZ.3*,JN.1.18.9*,KP.3.3.8*,MR.2*,MU.3*,NB.1*,KP.3.1.8*,KP.2.10*,KR.1.4*,JN.1.42.1*,MN.1*,XDR.1*,JN.1.18.2*,KP.1.1.5*	2024-09-22	2024-10-12	79793.0	0.060536	1318103.0	446.0	18.0	2163	2025-03-13
21738	T21738C	S	F59S	XEC*,JN.1.18.6*,KS.1*,JN.1.13.1*,XEM*,MZ.3*,JN.1.18.9*,KP.3.3.8*,MR.2*,MU.3*,NB.1*,KP.3.1.8*,KP.2.10*,KR.1.4*,JN.1.42.1*,MN.1*,XDR.1*,JN.1.18.2*,KP.1.1.5*	2024-10-13	2024-11-02	111301.0	0.177244	627952.0	659.0	20.0	2193	2025-03-13
22000	C22000A	S	H146Q	KP.2.3*,XEE*,XES*	2024-10-13	2024-11-02	1777086.0	0.048616	36553548.0	844.0	72.0	2193	2025-03-13
22000	C22000A	S	H146Q	KP.2.3*,XEE*,XES*	2024-09-22	2024-10-12	2004930.0	0.029043	69034008.0	734.0	104.0	2163	2025-03-13
22107	A22107G	S	K182R	LF.7*,LB.1.3.3*,XFC*,KP.2.2.2*,XEC.1*,XER*,MC.15*	2024-10-13	2024-11-02	637424.0	0.02435	26177841.0	654.0	24.0	2193	2025-03-13
22107	A22107G	S	K182R	LF.7*,LB.1.3.3*,XFC*,KP.2.2.2*,XEC.1*,XER*,MC.15*	2024-09-22	2024-10-12	258213.0	0.00617	41852446.0	534.0	12.0	2163	2025-03-13
22108	A22108C	S	K182N	XEC.11*,MB.1.1*,KP.1.1.1*,LU.2.1.1*	2024-09-22	2024-10-12	126208.0	0.003074	41057313.0	598.0	14.0	2163	2025-03-13
22108	A22108C	S	K182N	XEC.11*,MB.1.1*,KP.1.1.1*,LU.2.1.1*	2024-10-13	2024-11-02	556404.0	0.021532	25840378.0	726.0	19.0	2193	2025-03-13
22111	G22111T	S	Q183H	LB.1*,LY.2*,JN.1.9*,JN.1.32.1*,XFB*	2024-10-13	2024-11-02	1728769.0	0.033927	50955336.0	794.0	83.0	2193	2025-03-13
22111	G22111T	S	Q183H	LB.1*,LY.2*,JN.1.9*,JN.1.32.1*,XFB*	2024-09-22	2024-10-12	2319622.0	0.030573	75872249.0	677.0	107.0	2163	2025-03-13
22132	G22132T	S	R190S	LP.8.1*,LF.7*,XEL.4*,NL.1*,MA.1*,LP.7*,LZ.4*,NK.1*,KP.4.2.6*,LP.1.2*,JN.1.59.1*,NL.5.2*,XER*,KP.4.2.4*,NC.1*,LB.1.4.1*	2024-09-22	2024-10-12	470158.0	0.011905	39492119.0	686.0	36.0	2163	2025-03-13
22132	G22132T	S	R190S	LP.8.1*,LF.7*,XEL.4*,NL.1*,MA.1*,LP.7*,LZ.4*,NK.1*,KP.4.2.6*,LP.1.2*,JN.1.59.1*,NL.5.2*,XER*,KP.4.2.4*,NC.1*,LB.1.4.1*	2024-10-13	2024-11-02	768238.0	0.029982	25623000.0	896.0	35.0	2193	2025-03-13
22599	G22599C	S	R346T	MC.19*,KS.1*,KP.2*,MC.17.1*,MC.10.1.6*,MF.1*,XDK.1*,MC.31*,JN.1.25.1*,XEM*,LE.1*,JN.1.9.2*,JN.1.4.4*,XES*,LU.2*,MK.3*,JN.1.49.1*,JN.1.39.2*,XED*,XDD.1.1.1*,JN.1.1.5*,JN.1.44.1*,MZ.3*,JN.1.48*,JN.1.29.1*,JN.1.16.1*,MC.13.2.1*,MC.13.3.1*,KR.5*,JN.1.18*,JN.1.24.1*,NU.1*,JN.1.18.8*,KQ.1*,JN.1.30.1*,JN.1.26*,JN.1.1.3*,JN.1.11.2*,JN.1.6.1*,JN.1.7.3*,KP.4.1*,JN.1.58.2*,LN.1.1*,LU.1*,JN.1.8.2*,XEH*,JN.1.42.2*,MU.3*,JN.1.59.1*,KZ.1.1*,MC.33.1*,MQ.1*,LG.1*,MC.32.1*,LF.8*,JN.1.50.1*,MC.28.1.1*,XDR.1*,LF.6*	2024-10-13	2024-11-02	7259049.0	0.136897	53025589.0	834.0	186.0	2193	2025-03-13
22599	G22599C	S	R346T	MC.19*,KS.1*,KP.2*,MC.17.1*,MC.10.1.6*,MF.1*,XDK.1*,MC.31*,JN.1.25.1*,XEM*,LE.1*,JN.1.9.2*,JN.1.4.4*,XES*,LU.2*,MK.3*,JN.1.49.1*,JN.1.39.2*,XED*,XDD.1.1.1*,JN.1.1.5*,JN.1.44.1*,MZ.3*,JN.1.48*,JN.1.29.1*,JN.1.16.1*,MC.13.2.1*,MC.13.3.1*,KR.5*,JN.1.18*,JN.1.24.1*,NU.1*,JN.1.18.8*,KQ.1*,JN.1.30.1*,JN.1.26*,JN.1.1.3*,JN.1.11.2*,JN.1.6.1*,JN.1.7.3*,KP.4.1*,JN.1.58.2*,LN.1.1*,LU.1*,JN.1.8.2*,XEH*,JN.1.42.2*,MU.3*,JN.1.59.1*,KZ.1.1*,MC.33.1*,MQ.1*,LG.1*,MC.32.1*,LF.8*,JN.1.50.1*,MC.28.1.1*,XDR.1*,LF.6*	2024-09-22	2024-10-12	3487597.0	0.160164	21775208.0	704.0	226.0	2163	2025-03-13
22896	T22896C	S	V445P	LB.1.3.1*,LB.1.10*,NC.1.2*,KP.2.28.1*,JN.1.1.8*,MU.2.1.1*,NN.1*,MU.5*,LP.1.2.1*,LF.7.7.2*,NS.1.1*,LK.1*,LF.3.1*,LP.9*,MA.1.1.1*,PC.2*,KP.2.3.4*,PA.1*,JN.1.50*	2024-09-22	2024-10-12	42939.0	0.007491	5731918.0	289.0	11.0	2163	2025-03-13
22896	T22896C	S	V445P	LB.1.3.1*,LB.1.10*,NC.1.2*,KP.2.28.1*,JN.1.1.8*,MU.2.1.1*,NN.1*,MU.5*,LP.1.2.1*,LF.7.7.2*,NS.1.1*,LK.1*,LF.3.1*,LP.9*,MA.1.1.1*,PC.2*,KP.2.3.4*,PA.1*,JN.1.50*	2024-10-13	2024-11-02	30417.0	0.021113	1440654.0	235.0	10.0	2193	2025-03-13
22926	T22926C	S	L455S		2024-09-22	2024-10-12	2073888.0	0.184395	11246982.0	892.0	325.0	2163	2025-03-13
22926	T22926C	S	L455S		2024-10-13	2024-11-02	1387518.0	0.856304	1620357.0	1136.0	316.0	2193	2025-03-13
22928	T22928C	S	F456L	JN.1.16*,KS.1*,LL.1*,JN.1.18.5*,JN.1.55.1*,JN.1.18.4*,JN.1.39.1*,LZ.2.2*,JN.1.1.8*,JN.1.67.1*,JN.1.7.9*,JN.1.48*,KR.5*,JN.1.29.1*,XDK.6*,KU.2*,JN.1.18.9*,LR.3*,JN.1.15.1*,KR.3*,LZ.2.1*,MD.3.1*,XDV.1*,LZ.1*,LN.1.1*,LE.1.3.1*,LQ.1*,XDK.3*,JN.1.65.1*,LM.1*,KR.1*,XDD.3*,MD.1*,JN.1.55.2*,JN.1.11.1*,XDR.1.1*,JN.1.62*,XDK.4.1*,LR.1*,XDK.1.2*,JN.1.51.1*,NS.3*,KW.1.1*,LF.8*,JN.1.50*,XDK.5*,JN.1.4.9*,LF.6*,JN.1.7.8*,JN.1.1.6*	2024-09-22	2024-10-12	2066495.0	0.270535	7638540.0	895.0	321.0	2163	2025-03-13
22928	T22928C	S	F456L	JN.1.16*,KS.1*,LL.1*,JN.1.18.5*,JN.1.55.1*,JN.1.18.4*,JN.1.39.1*,LZ.2.2*,JN.1.1.8*,JN.1.67.1*,JN.1.7.9*,JN.1.48*,KR.5*,JN.1.29.1*,XDK.6*,KU.2*,JN.1.18.9*,LR.3*,JN.1.15.1*,KR.3*,LZ.2.1*,MD.3.1*,XDV.1*,LZ.1*,LN.1.1*,LE.1.3.1*,LQ.1*,XDK.3*,JN.1.65.1*,LM.1*,KR.1*,XDD.3*,MD.1*,JN.1.55.2*,JN.1.11.1*,XDR.1.1*,JN.1.62*,XDK.4.1*,LR.1*,XDK.1.2*,JN.1.51.1*,NS.3*,KW.1.1*,LF.8*,JN.1.50*,XDK.5*,JN.1.4.9*,LF.6*,JN.1.7.8*,JN.1.1.6*	2024-10-13	2024-11-02	1383913.0	0.969852	1426932.0	1130.0	317.0	2193	2025-03-13
22953	T22953A	S	F464Y		2024-09-22	2024-10-12	1154.0	0.000231	4994360.0	203.0	0.0	2163	2025-03-13
22953	T22953A	S	F464Y		2024-10-13	2024-11-02	82703.0	0.054678	1512541.0	159.0	1.0	2193	2025-03-13
23005	TGG23005-23007del, T23008A	S	NG481-482Kdel		2024-10-13	2024-11-02	43180.0	0.02893	1492580.0	399.0	1.0	2193	2025-03-13
23005	TGG23005-23007del, T23008A	S	NG481-482Kdel		2024-09-22	2024-10-12	16430.0	0.003842	4275934.0	419.0	1.0	2163	2025-03-13
23039	C23039G	S	Q493E	XEQ*,KP.3*,XDY.2*,JN.1.16.4*,XDY.6*,XDY.5*,XDY.7*,KP.3.4*,LP.8*,XET*,JN.1.16.5*,XEF*,XDY.3*,XDY.1*,XDY*	2024-09-22	2024-10-12	2244253.0	0.222064	10106334.0	822.0	318.0	2163	2025-03-13
23039	C23039G	S	Q493E	XEQ*,KP.3*,XDY.2*,JN.1.16.4*,XDY.6*,XDY.5*,XDY.7*,KP.3.4*,LP.8*,XET*,JN.1.16.5*,XEF*,XDY.3*,XDY.1*,XDY*	2024-10-13	2024-11-02	2715275.0	0.785155	3458265.0	1023.0	350.0	2193	2025-03-13
23277	C23277T	S	T572I	MC.1*,XEC.4*,LD.1*,MZ.5*,LP.4*,XDK*,KP.2.2.2*,MC.6.1*,MC.8.1*,XFB*,KP.2.3.8*,KP.2.15.1*,MG.1*,JN.1.47.2*,JN.1.32*,XDY.1.1*,KP.1.2*,LF.7.7*,MC.13.4*,JN.1.16.3*,LB.1.2.2*,XDY.5.1*,MU.1*,KP.2.27*,KP.2.14.1*,MC.30.1.1*,JN.1.65*,XDD.3*,LZ.3*,XEC.21*,NB.1.3.1*,KP.5*,KV.2*,JN.1.7*,JN.1.9.1*,JN.1.1.1*,JN.1.62*,JN.1.4.3*,KP.2.3.6*,XEF.3*,KP.2.9*,XDV.1.3*,KW.1*,MC.26.1*,MH.1*,NL.5.1*	2024-10-13	2024-11-02	2419717.0	0.074951	32284184.0	779.0	143.0	2193	2025-03-13
23277	C23277T	S	T572I	MC.1*,XEC.4*,LD.1*,MZ.5*,LP.4*,XDK*,KP.2.2.2*,MC.6.1*,MC.8.1*,XFB*,KP.2.3.8*,KP.2.15.1*,MG.1*,JN.1.47.2*,JN.1.32*,XDY.1.1*,KP.1.2*,LF.7.7*,MC.13.4*,JN.1.16.3*,LB.1.2.2*,XDY.5.1*,MU.1*,KP.2.27*,KP.2.14.1*,MC.30.1.1*,JN.1.65*,XDD.3*,LZ.3*,XEC.21*,NB.1.3.1*,KP.5*,KV.2*,JN.1.7*,JN.1.9.1*,JN.1.1.1*,JN.1.62*,JN.1.4.3*,KP.2.3.6*,XEF.3*,KP.2.9*,XDV.1.3*,KW.1*,MC.26.1*,MH.1*,NL.5.1*	2024-09-22	2024-10-12	2023632.0	0.025516	79309084.0	662.0	115.0	2163	2025-03-13
24092	A24092G	S	I844V		2024-09-22	2024-10-12	2656.0	0.000101	26249738.0	451.0	0.0	2163	2025-03-13
24092	A24092G	S	I844V		2024-10-13	2024-11-02	534345.0	0.022813	23422976.0	590.0	1.0	2193	2025-03-13
24095	G24095T	S	A845S	LB.1.4.3*,MC.2*	2024-10-13	2024-11-02	560280.0	0.020475	27364183.0	628.0	27.0	2193	2025-03-13
24095	G24095T	S	A845S	LB.1.4.3*,MC.2*	2024-09-22	2024-10-12	267206.0	0.009598	27841028.0	501.0	16.0	2163	2025-03-13
24819	A24819G	S	K1086R	KP.1.1*,KP.1*	2024-09-22	2024-10-12	661603.0	0.025289	26162130.0	551.0	53.0	2163	2025-03-13
24819	A24819G	S	K1086R	KP.1.1*,KP.1*	2024-10-13	2024-11-02	1120822.0	0.027788	40334604.0	696.0	27.0	2193	2025-03-13
24872	G24872T	S	V1104L	XEQ*,XDY.2*,LB.1.1*,XDY.6*,JN.1.11*,XDY.5*,XDY.7*,XEF*,XDY.3*,XDY.1*,XDY*	2024-10-13	2024-11-02	37448429.0	0.847374	44193519.0	1582.0	626.0	2193	2025-03-13
24872	G24872T	S	V1104L	XEQ*,XDY.2*,LB.1.1*,XDY.6*,JN.1.11*,XDY.5*,XDY.7*,XEF*,XDY.3*,XDY.1*,XDY*	2024-09-22	2024-10-12	16739628.0	0.469385	35662870.0	1104.0	534.0	2163	2025-03-13
25593	G25593T	ORF3a	K67N	KP.2.3*	2024-09-22	2024-10-12	1613144.0	0.021656	74488545.0	714.0	94.0	2163	2025-03-13
25593	G25593T	ORF3a	K67N	KP.2.3*	2024-10-13	2024-11-02	1219559.0	0.020993	58094154.0	817.0	41.0	2193	2025-03-13
25595	G25595T	ORF3a	R68I	XFB*,MC.24*,MC.24.1*,MC.24.2*	2024-10-13	2024-11-02	980343.0	0.027269	35950615.0	730.0	38.0	2193	2025-03-13
25595	G25595T	ORF3a	R68I	XFB*,MC.24*,MC.24.1*,MC.24.2*	2024-09-22	2024-10-12	492986.0	0.012061	40875662.0	605.0	34.0	2163	2025-03-13
25892	T25892G	ORF3a	I167S		2024-09-22	2024-10-12	169796.0	0.022816	7442056.0	511.0	37.0	2163	2025-03-13
25892	T25892G	ORF3a	I167S		2024-10-13	2024-11-02	4174.0	0.001673	2494646.0	487.0	0.0	2193	2025-03-13
26781	C26781T	M	L87F		2024-10-13	2024-11-02	180634.0	0.038521	4689205.0	166.0	1.0	2193	2025-03-13
26781	C26781T	M	L87F		2024-09-22	2024-10-12	913.0	5.8e-05	15806817.0	254.0	0.0	2163	2025-03-13
27810	T27810C	ORF7b	F19L		2024-09-22	2024-10-12	29511372.0	0.430144	68608118.0	1217.0	660.0	2163	2025-03-13
27810	T27810C	ORF7b	F19L		2024-10-13	2024-11-02	29629470.0	0.749839	39514445.0	1739.0	822.0	2193	2025-03-13
28883	G28883C, G28884C	N	G204P	KP.3.3*,XEP*	2024-10-13	2024-11-02	5582655.0	0.214241	26057846.0	1308.0	458.0	2193	2025-03-13
28883	G28883C, G28884C	N	G204P	KP.3.3*,XEP*	2024-09-22	2024-10-12	2640984.0	0.066103	39952391.0	922.0	263.0	2163	2025-03-13
569	G569T	ORF1	E102*		2024-09-15	2024-10-05	18978.0	0.006027	3148942.0	100.0	8.0	1932	2025-03-13
569	G569T	ORF1	E102*		2024-10-06	2024-10-26	30617.0	0.029927	1023068.0	265.0	5.0	2232	2025-03-13
621	G621A	ORF1	R119H		2024-10-06	2024-10-26	54203.0	0.029201	1856187.0	370.0	15.0	2232	2025-03-13
621	G621A	ORF1	R119H		2024-09-15	2024-10-05	1826.0	0.00054	3383016.0	139.0	0.0	1932	2025-03-13
936	C936T	ORF1	T224I	KP.3.3.9*,LF.7.6*,MB.1.1.1*	2024-09-15	2024-10-05	134486.0	0.002955	45517745.0	241.0	8.0	1932	2025-03-13
936	C936T	ORF1	T224I	KP.3.3.9*,LF.7.6*,MB.1.1.1*	2024-10-06	2024-10-26	772892.0	0.026229	29466720.0	521.0	20.0	2232	2025-03-13
2060	G2060A	ORF1	A599T	XEC*	2024-10-06	2024-10-26	2244070.0	0.112257	19990437.0	993.0	179.0	2232	2025-03-13
2060	G2060A	ORF1	A599T	XEC*	2024-09-15	2024-10-05	417258.0	0.020808	20053018.0	351.0	38.0	1932	2025-03-13
7113	C7113T	ORF1	T2283I	KU.2*,XDV*,JN.1.11.1*	2024-09-15	2024-10-05	17799264.0	0.288874	61615910.0	567.0	259.0	1932	2025-03-13
7113	C7113T	ORF1	T2283I	KU.2*,XDV*,JN.1.11.1*	2024-10-06	2024-10-26	33563207.0	0.543147	61794000.0	1569.0	624.0	2232	2025-03-13
7628	TG7628-7629del	ORF1	2455fs		2024-10-06	2024-10-26	56.0	2.2e-05	2519774.0	16.0	0.0	2232	2025-03-13
7628	TG7628-7629del	ORF1	2455fs		2024-09-15	2024-10-05	82455.0	0.027341	3015843.0	11.0	1.0	1932	2025-03-13
11083	G11083T	ORF1	L3606F	LK.1*,KP.3.4.1*,KP.2.20*,MM.2*	2024-10-06	2024-10-26	166552.0	0.01219	13662476.0	816.0	23.0	2232	2025-03-13
11083	G11083T	ORF1	L3606F	LK.1*,KP.3.4.1*,KP.2.20*,MM.2*	2024-09-15	2024-10-05	1083382.0	0.026822	40390930.0	327.0	34.0	1932	2025-03-13
11727	G11727A	ORF1	R3821K		2024-09-15	2024-10-05	660593.0	0.424972	1554438.0	536.0	219.0	1932	2025-03-13
11727	G11727A	ORF1	R3821K		2024-10-06	2024-10-26	1095766.0	0.989486	1107409.0	1547.0	395.0	2232	2025-03-13
12080	G12080A	ORF1	A3939T		2024-10-06	2024-10-26	2294285.0	0.021849	105004320.0	731.0	6.0	2232	2025-03-13
12080	G12080A	ORF1	A3939T		2024-09-15	2024-10-05	66328.0	0.001934	34297680.0	232.0	6.0	1932	2025-03-13
13121	A13121T	ORF1	S4286C	KP.3.1.1*,XEW*	2024-09-15	2024-10-05	3362876.0	0.101289	33200877.0	496.0	195.0	1932	2025-03-13
13121	A13121T	ORF1	S4286C	KP.3.1.1*,XEW*	2024-10-06	2024-10-26	4913863.0	0.564148	8710232.0	1340.0	469.0	2232	2025-03-13
14704	T14704-14704del	ORF1	4814fs		2024-10-06	2024-10-26	29184.0	0.023112	1262729.0	345.0	2.0	2232	2025-03-13
14704	T14704-14704del	ORF1	4814fs		2024-09-15	2024-10-05	15368.0	0.002237	6869044.0	119.0	3.0	1932	2025-03-13
15009	T15009A	ORF1	D4915E		2024-09-15	2024-10-05	31338.0	0.004538	6905428.0	282.0	2.0	1932	2025-03-13
15009	T15009A	ORF1	D4915E		2024-10-06	2024-10-26	58917.0	0.022684	2597257.0	677.0	5.0	2232	2025-03-13
17012	C17012A	ORF1	S5583*		2024-10-06	2024-10-26	319333.0	0.067805	4709612.0	566.0	63.0	2232	2025-03-13
17012	C17012A	ORF1	S5583*		2024-09-15	2024-10-05	61728.0	0.008904	6932666.0	233.0	16.0	1932	2025-03-13
18131	C18131T	ORF1	T5956I		2024-09-15	2024-10-05	92127.0	0.011492	8016482.0	179.0	21.0	1932	2025-03-13
18131	C18131T	ORF1	T5956I		2024-10-06	2024-10-26	105740.0	0.022544	4690473.0	379.0	26.0	2232	2025-03-13
21627	C21627A	S	T22N	XEC*,LF.7*,XEQ*,KP.2.26*,XEN*,KS.1.1*,XEL*,KP.3.6*,PB.1*,LF.8.1.1*,KP.2.14*,KP.3.1.9*,JN.1.16.5*,MJ.1.1*,XFC*,LP.8.1.6*,PB.2*,NG.1*,LP.8.1.8*,KP.3.3.9*,KP.2.2.1*,KS.1.5*,MR.2*,MU.3*,KP.2.18*,NB.1*,MT.1.1*,XDV.1.7.1*,LJ.1*,MU.6*,MB.1.1*,XER*,MG.3*	2024-10-06	2024-10-26	275238.0	0.171618	1603783.0	725.0	52.0	2232	2025-03-13
21627	C21627A	S	T22N	XEC*,LF.7*,XEQ*,KP.2.26*,XEN*,KS.1.1*,XEL*,KP.3.6*,PB.1*,LF.8.1.1*,KP.2.14*,KP.3.1.9*,JN.1.16.5*,MJ.1.1*,XFC*,LP.8.1.6*,PB.2*,NG.1*,LP.8.1.8*,KP.3.3.9*,KP.2.2.1*,KS.1.5*,MR.2*,MU.3*,KP.2.18*,NB.1*,MT.1.1*,XDV.1.7.1*,LJ.1*,MU.6*,MB.1.1*,XER*,MG.3*	2024-09-15	2024-10-05	121090.0	0.030675	3947548.0	272.0	17.0	1932	2025-03-13
21652	TTC21652-21654del	S	NS30-31Ndel		2024-09-15	2024-10-05	1292653.0	0.299497	4316077.0	518.0	135.0	1932	2025-03-13
21652	TTC21652-21654del	S	NS30-31Ndel		2024-10-06	2024-10-26	1180541.0	0.652113	1810331.0	1397.0	193.0	2232	2025-03-13
21738	T21738C	S	F59S	XEC*,JN.1.18.6*,KS.1*,JN.1.13.1*,XEM*,MZ.3*,JN.1.18.9*,KP.3.3.8*,MR.2*,MU.3*,NB.1*,KP.3.1.8*,KP.2.10*,KR.1.4*,JN.1.42.1*,MN.1*,XDR.1*,JN.1.18.2*,KP.1.1.5*	2024-10-06	2024-10-26	121126.0	0.170704	709566.0	669.0	24.0	2232	2025-03-13
21738	T21738C	S	F59S	XEC*,JN.1.18.6*,KS.1*,JN.1.13.1*,XEM*,MZ.3*,JN.1.18.9*,KP.3.3.8*,MR.2*,MU.3*,NB.1*,KP.3.1.8*,KP.2.10*,KR.1.4*,JN.1.42.1*,MN.1*,XDR.1*,JN.1.18.2*,KP.1.1.5*	2024-09-15	2024-10-05	41652.0	0.029106	1431041.0	220.0	11.0	1932	2025-03-13
22000	C22000A	S	H146Q	KP.2.3*,XEE*,XES*	2024-09-15	2024-10-05	1573093.0	0.027926	56331548.0	382.0	62.0	1932	2025-03-13
22000	C22000A	S	H146Q	KP.2.3*,XEE*,XES*	2024-10-06	2024-10-26	1393561.0	0.034249	40688886.0	902.0	98.0	2232	2025-03-13
22107	A22107G	S	K182R	LF.7*,LB.1.3.3*,XFC*,KP.2.2.2*,XEC.1*,XER*,MC.15*	2024-10-06	2024-10-26	623836.0	0.022066	28271298.0	708.0	24.0	2232	2025-03-13
22107	A22107G	S	K182R	LF.7*,LB.1.3.3*,XFC*,KP.2.2.2*,XEC.1*,XER*,MC.15*	2024-09-15	2024-10-05	173774.0	0.004961	35028308.0	260.0	4.0	1932	2025-03-13
22111	G22111T	S	Q183H	LB.1*,LY.2*,JN.1.9*,JN.1.32.1*,XFB*	2024-09-15	2024-10-05	1379909.0	0.022522	61270577.0	338.0	61.0	1932	2025-03-13
22111	G22111T	S	Q183H	LB.1*,LY.2*,JN.1.9*,JN.1.32.1*,XFB*	2024-10-06	2024-10-26	2033178.0	0.039662	51262085.0	855.0	104.0	2232	2025-03-13
22132	G22132T	S	R190S	LP.8.1*,LF.7*,XEL.4*,NL.1*,MA.1*,LP.7*,LZ.4*,NK.1*,KP.4.2.6*,LP.1.2*,JN.1.59.1*,NL.5.2*,XER*,KP.4.2.4*,NC.1*,LB.1.4.1*	2024-10-06	2024-10-26	667269.0	0.024372	27378977.0	913.0	38.0	2232	2025-03-13
22132	G22132T	S	R190S	LP.8.1*,LF.7*,XEL.4*,NL.1*,MA.1*,LP.7*,LZ.4*,NK.1*,KP.4.2.6*,LP.1.2*,JN.1.59.1*,NL.5.2*,XER*,KP.4.2.4*,NC.1*,LB.1.4.1*	2024-09-15	2024-10-05	330927.0	0.010063	32883948.0	333.0	18.0	1932	2025-03-13
22599	G22599C	S	R346T	MC.19*,KS.1*,KP.2*,MC.17.1*,MC.10.1.6*,MF.1*,XDK.1*,MC.31*,JN.1.25.1*,XEM*,LE.1*,JN.1.9.2*,JN.1.4.4*,XES*,LU.2*,MK.3*,JN.1.49.1*,JN.1.39.2*,XED*,XDD.1.1.1*,JN.1.1.5*,JN.1.44.1*,MZ.3*,JN.1.48*,JN.1.29.1*,JN.1.16.1*,MC.13.2.1*,MC.13.3.1*,KR.5*,JN.1.18*,JN.1.24.1*,NU.1*,JN.1.18.8*,KQ.1*,JN.1.30.1*,JN.1.26*,JN.1.1.3*,JN.1.11.2*,JN.1.6.1*,JN.1.7.3*,KP.4.1*,JN.1.58.2*,LN.1.1*,LU.1*,JN.1.8.2*,XEH*,JN.1.42.2*,MU.3*,JN.1.59.1*,KZ.1.1*,MC.33.1*,MQ.1*,LG.1*,MC.32.1*,LF.8*,JN.1.50.1*,MC.28.1.1*,XDR.1*,LF.6*	2024-09-15	2024-10-05	1649237.0	0.145787	11312678.0	389.0	127.0	1932	2025-03-13
22599	G22599C	S	R346T	MC.19*,KS.1*,KP.2*,MC.17.1*,MC.10.1.6*,MF.1*,XDK.1*,MC.31*,JN.1.25.1*,XEM*,LE.1*,JN.1.9.2*,JN.1.4.4*,XES*,LU.2*,MK.3*,JN.1.49.1*,JN.1.39.2*,XED*,XDD.1.1.1*,JN.1.1.5*,JN.1.44.1*,MZ.3*,JN.1.48*,JN.1.29.1*,JN.1.16.1*,MC.13.2.1*,MC.13.3.1*,KR.5*,JN.1.18*,JN.1.24.1*,NU.1*,JN.1.18.8*,KQ.1*,JN.1.30.1*,JN.1.26*,JN.1.1.3*,JN.1.11.2*,JN.1.6.1*,JN.1.7.3*,KP.4.1*,JN.1.58.2*,LN.1.1*,LU.1*,JN.1.8.2*,XEH*,JN.1.42.2*,MU.3*,JN.1.59.1*,KZ.1.1*,MC.33.1*,MQ.1*,LG.1*,MC.32.1*,LF.8*,JN.1.50.1*,MC.28.1.1*,XDR.1*,LF.6*	2024-10-06	2024-10-26	7334515.0	0.14474	50673758.0	863.0	237.0	2232	2025-03-13
22896	T22896C	S	V445P	LB.1.3.1*,LB.1.10*,NC.1.2*,KP.2.28.1*,JN.1.1.8*,MU.2.1.1*,NN.1*,MU.5*,LP.1.2.1*,LF.7.7.2*,NS.1.1*,LK.1*,LF.3.1*,LP.9*,MA.1.1.1*,PC.2*,KP.2.3.4*,PA.1*,JN.1.50*	2024-10-06	2024-10-26	40299.0	0.023572	1709617.0	274.0	13.0	2232	2025-03-13
22896	T22896C	S	V445P	LB.1.3.1*,LB.1.10*,NC.1.2*,KP.2.28.1*,JN.1.1.8*,MU.2.1.1*,NN.1*,MU.5*,LP.1.2.1*,LF.7.7.2*,NS.1.1*,LK.1*,LF.3.1*,LP.9*,MA.1.1.1*,PC.2*,KP.2.3.4*,PA.1*,JN.1.50*	2024-09-15	2024-10-05	20041.0	0.002954	6784598.0	167.0	5.0	1932	2025-03-13
22926	T22926C	S	L455S		2024-09-15	2024-10-05	1344123.0	0.094411	14236862.0	449.0	172.0	1932	2025-03-13
22926	T22926C	S	L455S		2024-10-06	2024-10-26	1669978.0	0.817543	2042679.0	1219.0	367.0	2232	2025-03-13
22928	T22928C	S	F456L	JN.1.16*,KS.1*,LL.1*,JN.1.18.5*,JN.1.55.1*,JN.1.18.4*,JN.1.39.1*,LZ.2.2*,JN.1.1.8*,JN.1.67.1*,JN.1.7.9*,JN.1.48*,KR.5*,JN.1.29.1*,XDK.6*,KU.2*,JN.1.18.9*,LR.3*,JN.1.15.1*,KR.3*,LZ.2.1*,MD.3.1*,XDV.1*,LZ.1*,LN.1.1*,LE.1.3.1*,LQ.1*,XDK.3*,JN.1.65.1*,LM.1*,KR.1*,XDD.3*,MD.1*,JN.1.55.2*,JN.1.11.1*,XDR.1.1*,JN.1.62*,XDK.4.1*,LR.1*,XDK.1.2*,JN.1.51.1*,NS.3*,KW.1.1*,LF.8*,JN.1.50*,XDK.5*,JN.1.4.9*,LF.6*,JN.1.7.8*,JN.1.1.6*	2024-10-06	2024-10-26	1679173.0	0.985643	1703632.0	1221.0	368.0	2232	2025-03-13
22928	T22928C	S	F456L	JN.1.16*,KS.1*,LL.1*,JN.1.18.5*,JN.1.55.1*,JN.1.18.4*,JN.1.39.1*,LZ.2.2*,JN.1.1.8*,JN.1.67.1*,JN.1.7.9*,JN.1.48*,KR.5*,JN.1.29.1*,XDK.6*,KU.2*,JN.1.18.9*,LR.3*,JN.1.15.1*,KR.3*,LZ.2.1*,MD.3.1*,XDV.1*,LZ.1*,LN.1.1*,LE.1.3.1*,LQ.1*,XDK.3*,JN.1.65.1*,LM.1*,KR.1*,XDD.3*,MD.1*,JN.1.55.2*,JN.1.11.1*,XDR.1.1*,JN.1.62*,XDK.4.1*,LR.1*,XDK.1.2*,JN.1.51.1*,NS.3*,KW.1.1*,LF.8*,JN.1.50*,XDK.5*,JN.1.4.9*,LF.6*,JN.1.7.8*,JN.1.1.6*	2024-09-15	2024-10-05	1340753.0	0.14094	9512931.0	447.0	169.0	1932	2025-03-13
22953	T22953A	S	F464Y		2024-09-15	2024-10-05	840.0	0.000143	5873538.0	122.0	0.0	1932	2025-03-13
22953	T22953A	S	F464Y		2024-10-06	2024-10-26	82784.0	0.046058	1797393.0	186.0	1.0	2232	2025-03-13
23005	TGG23005-23007del, T23008A	S	NG481-482Kdel		2024-10-06	2024-10-26	55523.0	0.031096	1785552.0	489.0	2.0	2232	2025-03-13
23005	TGG23005-23007del, T23008A	S	NG481-482Kdel		2024-09-15	2024-10-05	3177.0	0.000675	4706757.0	203.0	0.0	1932	2025-03-13
23039	C23039G	S	Q493E	XEQ*,KP.3*,XDY.2*,JN.1.16.4*,XDY.6*,XDY.5*,XDY.7*,KP.3.4*,LP.8*,XET*,JN.1.16.5*,XEF*,XDY.3*,XDY.1*,XDY*	2024-09-15	2024-10-05	1299146.0	0.108966	11922470.0	408.0	158.0	1932	2025-03-13
23039	C23039G	S	Q493E	XEQ*,KP.3*,XDY.2*,JN.1.16.4*,XDY.6*,XDY.5*,XDY.7*,KP.3.4*,LP.8*,XET*,JN.1.16.5*,XEF*,XDY.3*,XDY.1*,XDY*	2024-10-06	2024-10-26	2826107.0	0.762411	3706803.0	1107.0	399.0	2232	2025-03-13
23277	C23277T	S	T572I	MC.1*,XEC.4*,LD.1*,MZ.5*,LP.4*,XDK*,KP.2.2.2*,MC.6.1*,MC.8.1*,XFB*,KP.2.3.8*,KP.2.15.1*,MG.1*,JN.1.47.2*,JN.1.32*,XDY.1.1*,KP.1.2*,LF.7.7*,MC.13.4*,JN.1.16.3*,LB.1.2.2*,XDY.5.1*,MU.1*,KP.2.27*,KP.2.14.1*,MC.30.1.1*,JN.1.65*,XDD.3*,LZ.3*,XEC.21*,NB.1.3.1*,KP.5*,KV.2*,JN.1.7*,JN.1.9.1*,JN.1.1.1*,JN.1.62*,JN.1.4.3*,KP.2.3.6*,XEF.3*,KP.2.9*,XDV.1.3*,KW.1*,MC.26.1*,MH.1*,NL.5.1*	2024-10-06	2024-10-26	1687662.0	0.049731	33936135.0	802.0	143.0	2232	2025-03-13
23277	C23277T	S	T572I	MC.1*,XEC.4*,LD.1*,MZ.5*,LP.4*,XDK*,KP.2.2.2*,MC.6.1*,MC.8.1*,XFB*,KP.2.3.8*,KP.2.15.1*,MG.1*,JN.1.47.2*,JN.1.32*,XDY.1.1*,KP.1.2*,LF.7.7*,MC.13.4*,JN.1.16.3*,LB.1.2.2*,XDY.5.1*,MU.1*,KP.2.27*,KP.2.14.1*,MC.30.1.1*,JN.1.65*,XDD.3*,LZ.3*,XEC.21*,NB.1.3.1*,KP.5*,KV.2*,JN.1.7*,JN.1.9.1*,JN.1.1.1*,JN.1.62*,JN.1.4.3*,KP.2.3.6*,XEF.3*,KP.2.9*,XDV.1.3*,KW.1*,MC.26.1*,MH.1*,NL.5.1*	2024-09-15	2024-10-05	1515101.0	0.019438	77943951.0	353.0	64.0	1932	2025-03-13
24095	G24095T	S	A845S	LB.1.4.3*,MC.2*	2024-09-15	2024-10-05	137777.0	0.006009	22927022.0	256.0	9.0	1932	2025-03-13
24095	G24095T	S	A845S	LB.1.4.3*,MC.2*	2024-10-06	2024-10-26	599794.0	0.021491	27908641.0	683.0	25.0	2232	2025-03-13
24819	A24819G	S	K1086R	KP.1.1*,KP.1*	2024-10-06	2024-10-26	843533.0	0.022998	36678772.0	725.0	37.0	2232	2025-03-13
24819	A24819G	S	K1086R	KP.1.1*,KP.1*	2024-09-15	2024-10-05	468092.0	0.022209	21076647.0	291.0	34.0	1932	2025-03-13
24872	G24872T	S	V1104L	XEQ*,XDY.2*,LB.1.1*,XDY.6*,JN.1.11*,XDY.5*,XDY.7*,XEF*,XDY.3*,XDY.1*,XDY*	2024-09-15	2024-10-05	8010568.0	0.257883	31062817.0	563.0	269.0	1932	2025-03-13
24872	G24872T	S	V1104L	XEQ*,XDY.2*,LB.1.1*,XDY.6*,JN.1.11*,XDY.5*,XDY.7*,XEF*,XDY.3*,XDY.1*,XDY*	2024-10-06	2024-10-26	33533070.0	0.838208	40005688.0	1609.0	692.0	2232	2025-03-13
25593	G25593T	ORF3a	K67N	KP.2.3*	2024-10-06	2024-10-26	1075181.0	0.020787	51722698.0	866.0	71.0	2232	2025-03-13
25593	G25593T	ORF3a	K67N	KP.2.3*	2024-09-15	2024-10-05	1307080.0	0.020617	63397204.0	381.0	56.0	1932	2025-03-13
25595	G25595T	ORF3a	R68I	XFB*,MC.24*,MC.24.1*,MC.24.2*	2024-09-15	2024-10-05	215642.0	0.00532	40537975.0	339.0	16.0	1932	2025-03-13
25595	G25595T	ORF3a	R68I	XFB*,MC.24*,MC.24.1*,MC.24.2*	2024-10-06	2024-10-26	940718.0	0.030047	31307723.0	756.0	46.0	2232	2025-03-13
25892	T25892G	ORF3a	I167S		2024-10-06	2024-10-26	162819.0	0.048031	3389849.0	606.0	37.0	2232	2025-03-13
25892	T25892G	ORF3a	I167S		2024-09-15	2024-10-05	7880.0	0.001058	7446853.0	239.0	0.0	1932	2025-03-13
25892	T25892C	ORF3a	I167T		2024-09-15	2024-10-05	8289.0	0.001113	7446853.0	187.0	0.0	1932	2025-03-13
25892	T25892C	ORF3a	I167T		2024-10-06	2024-10-26	136141.0	0.040161	3389849.0	487.0	36.0	2232	2025-03-13
25894	G25894T	ORF3a	V168F		2024-10-06	2024-10-26	62576.0	0.021242	2945799.0	563.0	20.0	2232	2025-03-13
25894	G25894T	ORF3a	V168F		2024-09-15	2024-10-05	5443.0	0.00069	7887025.0	252.0	0.0	1932	2025-03-13
27810	T27810C	ORF7b	F19L		2024-09-15	2024-10-05	18256072.0	0.302015	60447644.0	619.0	348.0	1932	2025-03-13
27810	T27810C	ORF7b	F19L		2024-10-06	2024-10-26	31829716.0	0.69811	45594104.0	1774.0	878.0	2232	2025-03-13
28883	G28883C, G28884C	N	G204P	KP.3.3*,XEP*	2024-10-06	2024-10-26	4985521.0	0.183041	27237163.0	1329.0	447.0	2232	2025-03-13
28883	G28883C, G28884C	N	G204P	KP.3.3*,XEP*	2024-09-15	2024-10-05	1362394.0	0.037135	36687881.0	462.0	122.0	1932	2025-03-13
593	C593T	ORF1	H110Y	XEK*,MC.36.1*,XEU*	2025-01-19	2025-02-08	14841.0	0.013832	1072931.0	216.0	4.0	1351	2025-03-14
2193	G2193T	ORF1	R643I		2024-12-29	2025-01-18	8300.0	0.000564	14709360.0	700.0	1.0	1104	2025-03-14
7925	G7925T	ORF1	A2554S		2025-01-19	2025-02-08	42222.0	0.001347	31340487.0	591.0	1.0	1351	2025-03-14
9431	G9431A	ORF1	V3056I		2025-01-19	2025-02-08	54767.0	0.006988	7837081.0	335.0	13.0	1351	2025-03-14
11003	C11003T	ORF1	H3580Y		2025-01-19	2025-02-08	147843.0	0.009489	15580670.0	462.0	10.0	1351	2025-03-14
11570	T11570A	ORF1	F3769I		2024-12-29	2025-01-18	241.0	0.000247	975671.0	159.0	0.0	1104	2025-03-14
12423	G12423T	ORF1	R4053I		2024-12-29	2025-01-18	5034.0	0.000395	12748432.0	694.0	0.0	1104	2025-03-14
15007	G15007A, T15009C	ORF1	D4915N		2024-12-29	2025-01-18	2301.0	0.00104	2212371.0	165.0	0.0	1104	2025-03-14
15007	G15007A	ORF1	D4915N		2024-12-29	2025-01-18	8820.0	0.003987	2212371.0	283.0	0.0	1104	2025-03-14
15757	C15757A	ORF1	Q5165K		2024-12-29	2025-01-18	3330.0	0.000823	4043852.0	667.0	0.0	1104	2025-03-14
16943	G16943T	ORF1	S5560I		2025-01-19	2025-02-08	502967.0	0.016988	29607849.0	625.0	52.0	1351	2025-03-14
17012	C17012A	ORF1	S5583*		2024-12-29	2025-01-18	10143.0	0.001714	5917780.0	699.0	0.0	1104	2025-03-14
17329	G17329T	ORF1	E5689*		2024-12-29	2025-01-18	13283.0	0.000713	18624274.0	792.0	0.0	1104	2025-03-14
21351	G21351T	ORF1	W7029C		2024-12-29	2025-01-18	6828.0	0.000503	13564185.0	659.0	0.0	1104	2025-03-14
21654	C21654T	S	S31F	KP.4.2.1*,JN.1.20*,MB.1*,JN.1.58.3*,KP.3.1.3*,KP.2.14*,MK.1*,LF.8.1*,KP.3.4.1*,JN.1.1.7*,MZ.1*,KP.3.3.9*,KP.2.7*,LC.1*,MD.3.1.4*,KP.1.1.6*,XEN*	2024-12-29	2025-01-18	5149.0	0.004343	1185458.0	55.0	2.0	1104	2025-03-14
21707	C21707T	S	H49Y	NB.1.3.1*	2024-12-29	2025-01-18	309.0	0.000537	575772.0	86.0	0.0	1104	2025-03-14
21728	T21728G	S	L56V	KP.2.11*,MJ.2.1.1*	2025-01-19	2025-02-08	183.0	0.000438	417603.0	112.0	0.0	1351	2025-03-14
21737	T21737C	S	F59L	JN.1.11.2*,NJ.1*,KP.2.2*,MD.1.2*,KR.1.1*	2025-01-19	2025-02-08	256.0	0.000614	417035.0	111.0	0.0	1351	2025-03-14
21761	G21761T	S	A67S		2024-12-29	2025-01-18	660.0	0.001428	462172.0	168.0	0.0	1104	2025-03-14
21780	C21780A	S	T73N		2024-12-29	2025-01-18	254.0	0.000589	431546.0	137.0	0.0	1104	2025-03-14
21789	C21789T	S	T76I		2024-12-29	2025-01-18	321.0	0.00086	373245.0	36.0	0.0	1104	2025-03-14
21793	G21793C	S	K77N		2024-12-29	2025-01-18	141.0	0.000363	388811.0	82.0	0.0	1104	2025-03-14
21823	T21823A	S	N87K		2024-12-29	2025-01-18	54.0	0.000151	357080.0	50.0	0.0	1104	2025-03-14
22986	C22986T	S	A475V	LF.7.1.2*,PC.2*,LF.7.3.1*,KP.2.3.1*,LP.8.1.9*,NY.6*,LP.8.2.1*,LP.10.1*,LF.7.2.1*	2024-12-29	2025-01-18	12685.0	0.01107	1145905.0	183.0	4.0	1104	2025-03-14
23915	G23915T	S	V785F		2024-12-29	2025-01-18	49558.0	0.001896	26137484.0	512.0	0.0	1104	2025-03-14
24185	T24185C	S	S875P		2024-12-29	2025-01-18	6954.0	0.000294	23629400.0	549.0	1.0	1104	2025-03-14
28892	C28892A	N	P207T		2024-12-29	2025-01-18	16031.0	0.000811	19766589.0	847.0	0.0	1104	2025-03-14
593	C593T	ORF1	H110Y	XEK*,MC.36.1*,XEU*	2025-01-12	2025-02-01	6889.0	0.008123	848066.0	187.0	2.0	1219	2025-03-14
816	G816-816del	ORF1	184fs		2025-01-12	2025-02-01	20.0	1e-06	27993528.0	12.0	0.0	1219	2025-03-14
2949	T2949G	ORF1	I895S		2025-01-12	2025-02-01	33923.0	0.019318	1756068.0	543.0	1.0	1219	2025-03-14
4230	C4230T	ORF1	T1322I		2025-01-12	2025-02-01	152107.0	0.011343	13409744.0	259.0	17.0	1219	2025-03-14
7925	G7925T	ORF1	A2554S		2025-01-12	2025-02-01	45221.0	0.001886	23982710.0	547.0	1.0	1219	2025-03-14
9431	G9431A	ORF1	V3056I		2025-01-12	2025-02-01	45179.0	0.006743	6699692.0	252.0	11.0	1219	2025-03-14
11003	C11003T	ORF1	H3580Y		2025-01-12	2025-02-01	119788.0	0.011481	10433432.0	319.0	8.0	1219	2025-03-14
11570	T11570A	ORF1	F3769I		2024-12-22	2025-01-11	216.0	0.000263	820867.0	150.0	0.0	1088	2025-03-14
21728	T21728G	S	L56V	KP.2.11*,MJ.2.1.1*	2025-01-12	2025-02-01	310.0	0.001033	300171.0	155.0	0.0	1219	2025-03-14
21737	T21737C	S	F59L	JN.1.11.2*,NJ.1*,KP.2.2*,MD.1.2*,KR.1.1*	2025-01-12	2025-02-01	146.0	0.000484	301640.0	74.0	0.0	1219	2025-03-14
23915	G23915T	S	V785F		2024-12-22	2025-01-11	43587.0	0.002026	21508768.0	511.0	0.0	1088	2025-03-14
24185	T24185C	S	S875P		2024-12-22	2025-01-11	6565.0	0.000323	20300031.0	558.0	1.0	1088	2025-03-14
28045	C28045T	ORF8	A51V		2025-01-12	2025-02-01	25061.0	0.001796	13951361.0	416.0	6.0	1219	2025-03-14
593	C593T	ORF1	H110Y	XEK*,MC.36.1*,XEU*	2025-01-05	2025-01-25	18575.0	0.016621	1117546.0	228.0	5.0	1197	2025-03-14
816	G816-816del	ORF1	184fs		2025-01-05	2025-01-25	20.0	1e-06	22967992.0	18.0	0.0	1197	2025-03-14
6701	C6701T	ORF1	L2146F	XEQ*,XEL*,KS.1.1.2*,MC.38*	2025-01-05	2025-01-25	18479.0	0.009767	1891889.0	200.0	4.0	1197	2025-03-14
7119	C7119T	ORF1	S2285F		2024-12-15	2025-01-04	13049.0	0.000524	24907613.0	404.0	4.0	1181	2025-03-14
7925	G7925T	ORF1	A2554S		2024-12-15	2025-01-04	18751.0	0.001421	13192107.0	472.0	1.0	1181	2025-03-14
10323	A10323G	ORF1	K3353R	MC.10.2*,JN.1.52*,LP.8.1.5*	2025-01-05	2025-01-25	55263.0	0.009005	6137217.0	421.0	19.0	1197	2025-03-14
11003	C11003T	ORF1	H3580Y		2024-12-15	2025-01-04	76466.0	0.015659	4883048.0	228.0	9.0	1181	2025-03-14
21728	T21728G	S	L56V	KP.2.11*,MJ.2.1.1*	2024-12-15	2025-01-04	1182.0	0.00236	500854.0	190.0	0.0	1181	2025-03-14
21737	T21737C	S	F59L	JN.1.11.2*,NJ.1*,KP.2.2*,MD.1.2*,KR.1.1*	2024-12-15	2025-01-04	514.0	0.001091	471332.0	120.0	0.0	1181	2025-03-14
22592	G22592T	S	A344S		2025-01-05	2025-01-25	233874.0	0.005277	44321411.0	609.0	25.0	1197	2025-03-14
28045	C28045T	ORF8	A51V		2025-01-05	2025-01-25	37219.0	0.003656	10179146.0	399.0	7.0	1197	2025-03-14
515	GTTATG515-520del	ORF1	VM84-85del	LB.1.3.1*	2024-12-29	2025-01-18	10503.0	0.022318	470612.0	120.0	2.0	1104	2025-03-14
515	GTTATG515-520del	ORF1	VM84-85del	LB.1.3.1*	2024-12-08	2024-12-28	5782.0	0.013877	416659.0	124.0	0.0	1490	2025-03-14
593	C593T	ORF1	H110Y	XEK*,MC.36.1*,XEU*	2024-12-29	2025-01-18	25689.0	0.021326	1204605.0	229.0	7.0	1104	2025-03-14
2060	G2060A	ORF1	A599T	XEC*	2024-12-29	2025-01-18	4899503.0	0.333342	14698142.0	777.0	446.0	1104	2025-03-14
4230	C4230T	ORF1	T1322I		2024-12-29	2025-01-18	160605.0	0.016184	9923945.0	228.0	22.0	1104	2025-03-14
4364	A4364C	ORF1	I1367L	XEP*,KP.3.3.4*,XEC.2*	2024-12-29	2025-01-18	480471.0	0.054615	8797384.0	612.0	61.0	1104	2025-03-14
5180	G5180A	ORF1	D1639N	NC.1.1*	2024-12-29	2025-01-18	58987.0	0.01846	3195405.0	221.0	19.0	1104	2025-03-14
6255	C6255T	ORF1	A1997V	LP.11*,LP.8*	2024-12-29	2025-01-18	4900579.0	0.126057	38875830.0	719.0	200.0	1104	2025-03-14
7113	C7113T	ORF1	T2283I	JN.1.11.1*,XDV*,KU.2*	2024-12-29	2025-01-18	11385888.0	0.383113	29719418.0	846.0	438.0	1104	2025-03-14
7212	G7212T	ORF1	W2316L		2024-12-29	2025-01-18	200.0	0.000501	399258.0	140.0	0.0	1104	2025-03-14
7869	C7869T	ORF1	S2535L	LF.7*	2024-12-08	2024-12-28	264401.0	0.017645	14984702.0	429.0	26.0	1490	2025-03-14
7869	C7869T	ORF1	S2535L	LF.7*	2024-12-29	2025-01-18	729892.0	0.031575	23115933.0	443.0	49.0	1104	2025-03-14
7925	G7925T	ORF1	A2554S		2024-12-29	2025-01-18	892270.0	0.045237	19724159.0	548.0	1.0	1104	2025-03-14
7925	G7925T	ORF1	A2554S		2024-12-08	2024-12-28	17421.0	0.001299	13408073.0	459.0	1.0	1490	2025-03-14
9431	G9431A	ORF1	V3056I		2024-12-08	2024-12-28	29150.0	0.009912	2940826.0	212.0	10.0	1490	2025-03-14
9431	G9431A	ORF1	V3056I		2024-12-29	2025-01-18	79614.0	0.02174	3662057.0	242.0	19.0	1104	2025-03-14
10323	A10323G	ORF1	K3353R	MC.10.2*,JN.1.52*,LP.8.1.5*	2024-12-29	2025-01-18	36488.0	0.00692	5272694.0	370.0	14.0	1104	2025-03-14
11003	C11003T	ORF1	H3580Y		2024-12-08	2024-12-28	39300.0	0.008817	4457263.0	231.0	6.0	1490	2025-03-14
11003	C11003T	ORF1	H3580Y		2024-12-29	2025-01-18	196035.0	0.028193	6953272.0	273.0	12.0	1104	2025-03-14
11727	G11727A	ORF1	R3821K		2024-12-29	2025-01-18	877850.0	0.991729	885171.0	927.0	360.0	1104	2025-03-14
13121	A13121T	ORF1	S4286C	KP.3.1.1*,XEW*	2024-12-29	2025-01-18	1856214.0	0.25582	7255941.0	618.0	287.0	1104	2025-03-14
14704	T14704-14704del	ORF1	4814fs		2024-12-29	2025-01-18	290.0	0.000327	887506.0	39.0	0.0	1104	2025-03-14
14964	A14964C	ORF1	K4900N		2024-12-08	2024-12-28	30750.0	0.019173	1603847.0	553.0	0.0	1490	2025-03-14
14964	A14964C	ORF1	K4900N		2024-12-29	2025-01-18	49398.0	0.021159	2334602.0	593.0	0.0	1104	2025-03-14
16943	G16943T	ORF1	S5560I		2024-12-29	2025-01-18	443343.0	0.023299	19028817.0	614.0	58.0	1104	2025-03-14
18131	C18131T	ORF1	T5956I		2024-12-29	2025-01-18	122474.0	0.032155	3808889.0	281.0	42.0	1104	2025-03-14
21627	C21627A	S	T22N	XEC*,LF.7*,XEQ*,MJ.1.1*,NB.1*,LF.8.1.1*,XDV.1.7.1*,LJ.1*,KP.2.18*,MB.1.1*,MG.3*,KP.2.26*,KP.3.6*,XEL*,KS.1.1*,PB.2*,JN.1.16.5*,LP.8.1.8*,MR.2*,KP.3.1.9*,MU.3*,KS.1.5*,XFC*,KP.2.14*,MU.6*,KP.3.3.9*,PB.1*,NG.1*,MT.1.1*,KP.2.2.1*,XER*,LP.8.1.6*,XEN*	2024-12-29	2025-01-18	569591.0	0.513288	1109690.0	752.0	140.0	1104	2025-03-14
21652	TTC21652-21654del	S	NS30-31Ndel		2024-12-29	2025-01-18	549209.0	0.459007	1196516.0	701.0	116.0	1104	2025-03-14
21653	T21653C	S	S31P	LF.7*,MJ.1*,MT.1*,JN.1.40*,NF.1*,XER*,KP.3.2.6*,KP.2.26*,XFC*	2024-12-29	2025-01-18	38580.0	0.031634	1219558.0	233.0	11.0	1104	2025-03-14
21728	T21728G	S	L56V	KP.2.11*,MJ.2.1.1*	2024-12-29	2025-01-18	13305.0	0.027985	475427.0	227.0	1.0	1104	2025-03-14
21728	T21728G	S	L56V	KP.2.11*,MJ.2.1.1*	2024-12-08	2024-12-28	722.0	0.001242	581422.0	211.0	0.0	1490	2025-03-14
21737	T21737C	S	F59L	JN.1.11.2*,NJ.1*,KP.2.2*,MD.1.2*,KR.1.1*	2024-12-08	2024-12-28	870.0	0.001624	535773.0	148.0	0.0	1490	2025-03-14
21737	T21737C	S	F59L	JN.1.11.2*,NJ.1*,KP.2.2*,MD.1.2*,KR.1.1*	2024-12-29	2025-01-18	12379.0	0.026312	470472.0	109.0	1.0	1104	2025-03-14
21738	T21738C	S	F59S	XEC*,JN.1.18.6*,KS.1*,KR.1.4*,NB.1*,JN.1.18.2*,KP.3.3.8*,MN.1*,MR.2*,MU.3*,KP.2.10*,JN.1.13.1*,KP.3.1.8*,MZ.3*,XDR.1*,JN.1.42.1*,KP.1.1.5*,JN.1.18.9*,XEM*	2024-12-29	2025-01-18	224533.0	0.476001	471707.0	671.0	42.0	1104	2025-03-14
21746	G21746C	S	V62L		2024-12-29	2025-01-18	392.0	0.00089	440300.0	161.0	0.0	1104	2025-03-14
22107	A22107G	S	K182R	LF.7*,LB.1.3.3*,XER*,MC.15*,XEC.1*,KP.2.2.2*,XFC*	2024-12-29	2025-01-18	831762.0	0.045768	18173358.0	639.0	79.0	1104	2025-03-14
22111	G22111T	S	Q183H	LB.1*,JN.1.32.1*,LY.2*,XFB*,JN.1.9*	2024-12-29	2025-01-18	349994.0	0.011262	31077335.0	704.0	70.0	1104	2025-03-14
22120	C22120A	S	F186L	LP.8.1*,LP.8.2*	2024-12-29	2025-01-18	2121605.0	0.077626	27331229.0	755.0	191.0	1104	2025-03-14
22132	G22132T	S	R190S	LP.8.1*,LF.7*,NC.1*,JN.1.59.1*,LB.1.4.1*,XER*,KP.4.2.4*,XEL.4*,NK.1*,KP.4.2.6*,LZ.4*,NL.5.2*,MA.1*,LP.7*,NL.1*,LP.1.2*	2024-12-29	2025-01-18	2970117.0	0.168005	17678726.0	817.0	247.0	1104	2025-03-14
22599	G22599C	S	R346T	MC.19*,KS.1*,KP.2*,KP.4.1*,MC.28.1.1*,JN.1.8.2*,JN.1.58.2*,JN.1.50.1*,JN.1.4.4*,MC.31*,MK.3*,LE.1*,JN.1.9.2*,JN.1.39.2*,XEM*,MC.13.2.1*,JN.1.25.1*,XED*,MC.13.3.1*,LN.1.1*,XES*,JN.1.59.1*,LU.1*,JN.1.16.1*,MC.33.1*,MQ.1*,LF.6*,LF.8*,XEH*,MU.3*,JN.1.18*,MF.1*,JN.1.48*,JN.1.18.8*,KQ.1*,JN.1.1.5*,JN.1.49.1*,JN.1.24.1*,JN.1.44.1*,JN.1.1.3*,XDK.1*,MC.17.1*,NU.1*,JN.1.42.2*,JN.1.11.2*,MC.32.1*,LG.1*,KZ.1.1*,MZ.3*,XDD.1.1.1*,LU.2*,XDR.1*,JN.1.7.3*,JN.1.30.1*,JN.1.29.1*,MC.10.1.6*,KR.5*,JN.1.6.1*,JN.1.26*	2024-12-29	2025-01-18	10896922.0	0.152431	71487513.0	716.0	328.0	1104	2025-03-14
22865	G22865T	S	A435S	MC.10.1*,MC.28.1*,KP.3.3.2*,MC.30.1.1*,LP.10.1.1*,MC.31*,XEP*,XDY.3*,XDY.1*,MC.13.2*,KP.3.3.5*,MC.21.1*,MU.2.1.1*,MU.6*,KP.3.7*,KP.2.14.2*,XFB*,XDV.1.9.1*	2024-12-29	2025-01-18	33355.0	0.0428	779319.0	363.0	6.0	1104	2025-03-14
22893	A22893G	S	K444R	LF.7*,XER*,JN.1.61*,NA.1.1*,JN.1.23*	2024-12-29	2025-01-18	47855.0	0.042232	1133141.0	294.0	12.0	1104	2025-03-14
22895	G22895C, T22896C	S	V445P	LB.1.3.1*,PC.2*,PA.1*,MU.5*,KP.2.3.4*,LP.9*,NC.1.2*,LK.1*,NN.1*,LF.7.7.2*,LP.1.2.1*,KP.2.28.1*,MU.2.1.1*,LF.3.1*,LB.1.10*,JN.1.50*,NS.1.1*,JN.1.1.8*,MA.1.1.1*	2024-12-29	2025-01-18	73204.0	0.048247	1517282.0	305.0	17.0	1104	2025-03-14
22895	G22895C, T22896G	S	V445R	MC.32.1*,MC.33.1*,MC.19.1*,LP.8*,MK.3*,NZ.1*	2024-12-29	2025-01-18	156493.0	0.10314	1517282.0	429.0	43.0	1104	2025-03-14
22926	T22926C	S	L455S		2024-12-29	2025-01-18	1077535.0	0.911835	1181722.0	891.0	288.0	1104	2025-03-14
22928	T22928C	S	F456L	JN.1.16*,KS.1*,JN.1.39.1*,XDK.3*,LZ.2.2*,JN.1.1.6*,JN.1.65.1*,JN.1.4.9*,KU.2*,JN.1.55.2*,JN.1.11.1*,KR.3*,JN.1.18.5*,MD.3.1*,JN.1.62*,KW.1.1*,LN.1.1*,XDK.4.1*,LF.6*,LM.1*,NS.3*,LZ.2.1*,LF.8*,LZ.1*,XDK.1.2*,LQ.1*,JN.1.55.1*,JN.1.51.1*,JN.1.7.8*,JN.1.7.9*,JN.1.48*,XDK.6*,MD.1*,JN.1.67.1*,LR.1*,JN.1.15.1*,LE.1.3.1*,XDK.5*,JN.1.50*,LL.1*,XDV.1*,XDR.1.1*,LR.3*,KR.1*,JN.1.18.4*,JN.1.1.8*,JN.1.18.9*,JN.1.29.1*,KR.5*,XDD.3*	2024-12-29	2025-01-18	1071816.0	0.965504	1110110.0	891.0	287.0	1104	2025-03-14
23039	C23039G	S	Q493E	XEQ*,KP.3*,XEF*,XDY.5*,XDY.7*,JN.1.16.5*,KP.3.4*,XET*,LP.8*,XDY*,XDY.3*,XDY.1*,XDY.6*,XDY.2*,JN.1.16.4*	2024-12-29	2025-01-18	2111346.0	0.792785	2663200.0	863.0	297.0	1104	2025-03-14
23277	C23277T	S	T572I	MC.1*,XEC.4*,MC.30.1.1*,MC.6.1*,NB.1.3.1*,JN.1.32*,LD.1*,KP.2.3.6*,JN.1.62*,MU.1*,XEC.21*,XEF.3*,KP.2.9*,KW.1*,LF.7.7*,MH.1*,KP.1.2*,JN.1.4.3*,LZ.3*,KP.2.15.1*,JN.1.47.2*,JN.1.7*,JN.1.1.1*,MZ.5*,LB.1.2.2*,MC.13.4*,KP.2.3.8*,XDV.1.3*,KP.5*,JN.1.9.1*,XDY.1.1*,XDK*,XDY.5.1*,XFB*,MC.26.1*,KV.2*,JN.1.16.3*,MC.8.1*,LP.4*,JN.1.65*,NL.5.1*,KP.2.14.1*,KP.2.27*,KP.2.2.2*,MG.1*,XDD.3*	2024-12-29	2025-01-18	2095144.0	0.08158	25682025.0	665.0	223.0	1104	2025-03-14
24819	A24819G	S	K1086R	KP.1*,KP.1.1*	2024-12-29	2025-01-18	4826256.0	0.118083	40871774.0	725.0	182.0	1104	2025-03-14
24872	G24872T	S	V1104L	XEQ*,XEF*,LB.1.1*,XDY.7*,XDY.5*,XDY*,JN.1.11*,XDY.3*,XDY.1*,XDY.6*,XDY.2*	2024-12-29	2025-01-18	37153190.0	0.867225	42841489.0	937.0	640.0	1104	2025-03-14
25263	T25263-25263del	S	1234fs		2024-12-29	2025-01-18	626.0	0.00047	1332813.0	38.0	0.0	1104	2025-03-14
25925	C25925T	ORF3a	P178L	LP.11*,LP.8*	2024-12-29	2025-01-18	205858.0	0.139045	1480517.0	439.0	63.0	1104	2025-03-14
27008	G27008T	M	K162N		2024-12-29	2025-01-18	26180.0	0.00084	31167248.0	696.0	1.0	1104	2025-03-14
27112	G27112C	M	S197T		2024-12-29	2025-01-18	7275.0	0.000233	31180048.0	551.0	1.0	1104	2025-03-14
27147	G27147A	M	D209N		2024-12-29	2025-01-18	4649.0	0.00013	35684312.0	627.0	0.0	1104	2025-03-14
27230	C27230A	ORF6	T10N		2024-12-29	2025-01-18	116597.0	0.003766	30963601.0	624.0	1.0	1104	2025-03-14
27476	C27476T	ORF7a	T28I	LB.1.3.1*,JN.1.8.1*,JN.1.8*	2024-12-29	2025-01-18	1212025.0	0.038073	31833924.0	651.0	102.0	1104	2025-03-14
27810	T27810C	ORF7b	F19L		2024-12-29	2025-01-18	29124377.0	0.72827	39991170.0	998.0	728.0	1104	2025-03-14
28883	G28883C, G28884C	N	G204P	XEP*,KP.3.3*	2024-12-29	2025-01-18	9842998.0	0.47393	20768894.0	996.0	688.0	1104	2025-03-14
29409	C29409T	N	T379I	LB.1.3.1*,MC.10.1.3*,NS.3*,NT.1*,XDS*,XEC.2.3*	2024-12-29	2025-01-18	7867150.0	0.029938	262784178.0	815.0	116.0	1104	2025-03-14
435	A435-435del	ORF1	57fs		2024-12-22	2025-01-11	1321.0	0.000956	1381375.0	175.0	0.0	1088	2025-03-14
515	GTTATG515-520del	ORF1	VM84-85del	LB.1.3.1*	2024-12-22	2025-01-11	9351.0	0.021357	437850.0	109.0	2.0	1088	2025-03-14
593	C593T	ORF1	H110Y	XEK*,MC.36.1*,XEU*	2024-12-22	2025-01-11	30112.0	0.025635	1174623.0	216.0	8.0	1088	2025-03-14
816	G816-816del	ORF1	184fs		2024-12-01	2024-12-21	19.0	1e-06	19122219.0	13.0	0.0	1677	2025-03-14
816	G816-816del	ORF1	184fs		2024-12-22	2025-01-11	427390.0	0.02096	20390390.0	21.0	1.0	1088	2025-03-14
2060	G2060A	ORF1	A599T	XEC*	2024-12-22	2025-01-11	4884654.0	0.351488	13897083.0	750.0	450.0	1088	2025-03-14
2949	T2949G	ORF1	I895S		2024-12-01	2024-12-21	21050.0	0.012963	1623843.0	453.0	0.0	1677	2025-03-14
2949	T2949G	ORF1	I895S		2024-12-22	2025-01-11	26463.0	0.020072	1318392.0	545.0	0.0	1088	2025-03-14
4230	C4230T	ORF1	T1322I		2024-12-22	2025-01-11	188878.0	0.022179	8516228.0	226.0	24.0	1088	2025-03-14
4230	C4230T	ORF1	T1322I		2024-12-01	2024-12-21	112504.0	0.015486	7264810.0	244.0	8.0	1677	2025-03-14
4364	A4364C	ORF1	I1367L	XEP*,KP.3.3.4*,XEC.2*	2024-12-22	2025-01-11	493993.0	0.063168	7820336.0	585.0	71.0	1088	2025-03-14
6255	C6255T	ORF1	A1997V	LP.11*,LP.8*	2024-12-22	2025-01-11	3775214.0	0.111395	33890223.0	684.0	184.0	1088	2025-03-14
7113	C7113T	ORF1	T2283I	JN.1.11.1*,XDV*,KU.2*	2024-12-22	2025-01-11	11188968.0	0.413809	27038981.0	837.0	450.0	1088	2025-03-14
7212	G7212T	ORF1	W2316L		2024-12-22	2025-01-11	196.0	0.000536	365935.0	132.0	0.0	1088	2025-03-14
7869	C7869T	ORF1	S2535L	LF.7*	2024-12-22	2025-01-11	537067.0	0.026059	20609894.0	407.0	41.0	1088	2025-03-14
7925	G7925T	ORF1	A2554S		2024-12-01	2024-12-21	16324.0	0.001207	13529771.0	426.0	0.0	1677	2025-03-14
7925	G7925T	ORF1	A2554S		2024-12-22	2025-01-11	891380.0	0.051198	17410287.0	549.0	2.0	1088	2025-03-14
9431	G9431A	ORF1	V3056I		2024-12-22	2025-01-11	73215.0	0.023543	3109802.0	231.0	20.0	1088	2025-03-14
9431	G9431A	ORF1	V3056I		2024-12-01	2024-12-21	21004.0	0.006456	3253245.0	200.0	6.0	1677	2025-03-14
10323	A10323G	ORF1	K3353R	MC.10.2*,JN.1.52*,LP.8.1.5*	2024-12-22	2025-01-11	52332.0	0.010926	4789572.0	362.0	15.0	1088	2025-03-14
11003	C11003T	ORF1	H3580Y		2024-12-22	2025-01-11	163329.0	0.029016	5628878.0	238.0	11.0	1088	2025-03-14
11003	C11003T	ORF1	H3580Y		2024-12-01	2024-12-21	27986.0	0.006534	4283155.0	256.0	4.0	1677	2025-03-14
11727	G11727A	ORF1	R3821K		2024-12-22	2025-01-11	732301.0	0.992999	737464.0	883.0	295.0	1088	2025-03-14
13121	A13121T	ORF1	S4286C	KP.3.1.1*,XEW*	2024-12-22	2025-01-11	1844572.0	0.271542	6792942.0	638.0	308.0	1088	2025-03-14
14704	T14704-14704del	ORF1	4814fs		2024-12-22	2025-01-11	287.0	0.000372	771092.0	34.0	0.0	1088	2025-03-14
14964	A14964C	ORF1	K4900N		2024-12-22	2025-01-11	46383.0	0.023163	2002474.0	594.0	0.0	1088	2025-03-14
14964	A14964C	ORF1	K4900N		2024-12-01	2024-12-21	24632.0	0.016428	1499376.0	506.0	0.0	1677	2025-03-14
16943	G16943T	ORF1	S5560I		2024-12-22	2025-01-11	364227.0	0.021995	16559359.0	588.0	59.0	1088	2025-03-14
18131	C18131T	ORF1	T5956I		2024-12-22	2025-01-11	112337.0	0.033877	3316070.0	252.0	36.0	1088	2025-03-14
21627	C21627A	S	T22N	XEC*,LF.7*,XEQ*,MJ.1.1*,NB.1*,LF.8.1.1*,XDV.1.7.1*,LJ.1*,KP.2.18*,MB.1.1*,MG.3*,KP.2.26*,KP.3.6*,XEL*,KS.1.1*,PB.2*,JN.1.16.5*,LP.8.1.8*,MR.2*,KP.3.1.9*,MU.3*,KS.1.5*,XFC*,KP.2.14*,MU.6*,KP.3.3.9*,PB.1*,NG.1*,MT.1.1*,KP.2.2.1*,XER*,LP.8.1.6*,XEN*	2024-12-22	2025-01-11	560677.0	0.516902	1084687.0	741.0	141.0	1088	2025-03-14
21652	TTC21652-21654del	S	NS30-31Ndel		2024-12-22	2025-01-11	513452.0	0.437117	1174632.0	708.0	117.0	1088	2025-03-14
21653	T21653C	S	S31P	LF.7*,MJ.1*,MT.1*,JN.1.40*,NF.1*,XER*,KP.3.2.6*,KP.2.26*,XFC*	2024-12-22	2025-01-11	42785.0	0.036237	1180689.0	210.0	11.0	1088	2025-03-14
21728	T21728G	S	L56V	KP.2.11*,MJ.2.1.1*	2024-12-01	2024-12-21	787.0	0.001183	665006.0	209.0	0.0	1677	2025-03-14
21728	T21728G	S	L56V	KP.2.11*,MJ.2.1.1*	2024-12-22	2025-01-11	13262.0	0.02859	463869.0	215.0	1.0	1088	2025-03-14
21737	T21737C	S	F59L	JN.1.11.2*,NJ.1*,KP.2.2*,MD.1.2*,KR.1.1*	2024-12-22	2025-01-11	12402.0	0.027021	458982.0	109.0	1.0	1088	2025-03-14
21737	T21737C	S	F59L	JN.1.11.2*,NJ.1*,KP.2.2*,MD.1.2*,KR.1.1*	2024-12-01	2024-12-21	1124.0	0.001853	606490.0	210.0	0.0	1677	2025-03-14
21738	T21738C	S	F59S	XEC*,JN.1.18.6*,KS.1*,KR.1.4*,NB.1*,JN.1.18.2*,KP.3.3.8*,MN.1*,MR.2*,MU.3*,KP.2.10*,JN.1.13.1*,KP.3.1.8*,MZ.3*,XDR.1*,JN.1.42.1*,KP.1.1.5*,JN.1.18.9*,XEM*	2024-12-22	2025-01-11	217934.0	0.471605	462111.0	657.0	43.0	1088	2025-03-14
21746	G21746C	S	V62L		2024-12-22	2025-01-11	376.0	0.000874	430114.0	152.0	0.0	1088	2025-03-14
22107	A22107G	S	K182R	LF.7*,LB.1.3.3*,XER*,MC.15*,XEC.1*,KP.2.2.2*,XFC*	2024-12-22	2025-01-11	528387.0	0.031943	16541384.0	608.0	70.0	1088	2025-03-14
22111	G22111T	S	Q183H	LB.1*,JN.1.32.1*,LY.2*,XFB*,JN.1.9*	2024-12-22	2025-01-11	448800.0	0.016763	26772618.0	706.0	76.0	1088	2025-03-14
22120	C22120A	S	F186L	LP.8.1*,LP.8.2*	2024-12-22	2025-01-11	1585858.0	0.065275	24294975.0	737.0	173.0	1088	2025-03-14
22132	G22132T	S	R190S	LP.8.1*,LF.7*,NC.1*,JN.1.59.1*,LB.1.4.1*,XER*,KP.4.2.4*,XEL.4*,NK.1*,KP.4.2.6*,LZ.4*,NL.5.2*,MA.1*,LP.7*,NL.1*,LP.1.2*	2024-12-22	2025-01-11	2161484.0	0.133856	16147871.0	813.0	222.0	1088	2025-03-14
22599	G22599C	S	R346T	MC.19*,KS.1*,KP.2*,KP.4.1*,MC.28.1.1*,JN.1.8.2*,JN.1.58.2*,JN.1.50.1*,JN.1.4.4*,MC.31*,MK.3*,LE.1*,JN.1.9.2*,JN.1.39.2*,XEM*,MC.13.2.1*,JN.1.25.1*,XED*,MC.13.3.1*,LN.1.1*,XES*,JN.1.59.1*,LU.1*,JN.1.16.1*,MC.33.1*,MQ.1*,LF.6*,LF.8*,XEH*,MU.3*,JN.1.18*,MF.1*,JN.1.48*,JN.1.18.8*,KQ.1*,JN.1.1.5*,JN.1.49.1*,JN.1.24.1*,JN.1.44.1*,JN.1.1.3*,XDK.1*,MC.17.1*,NU.1*,JN.1.42.2*,JN.1.11.2*,MC.32.1*,LG.1*,KZ.1.1*,MZ.3*,XDD.1.1.1*,LU.2*,XDR.1*,JN.1.7.3*,JN.1.30.1*,JN.1.29.1*,MC.10.1.6*,KR.5*,JN.1.6.1*,JN.1.26*	2024-12-22	2025-01-11	7686829.0	0.143453	53584382.0	691.0	321.0	1088	2025-03-14
22865	G22865T	S	A435S	MC.10.1*,MC.28.1*,KP.3.3.2*,MC.30.1.1*,LP.10.1.1*,MC.31*,XEP*,XDY.3*,XDY.1*,MC.13.2*,KP.3.3.5*,MC.21.1*,MU.2.1.1*,MU.6*,KP.3.7*,KP.2.14.2*,XFB*,XDV.1.9.1*	2024-12-22	2025-01-11	29465.0	0.043516	677102.0	357.0	3.0	1088	2025-03-14
22893	A22893G	S	K444R	LF.7*,XER*,JN.1.61*,NA.1.1*,JN.1.23*	2024-12-22	2025-01-11	35445.0	0.035678	993456.0	265.0	8.0	1088	2025-03-14
22895	G22895C, T22896C	S	V445P	LB.1.3.1*,PC.2*,PA.1*,MU.5*,KP.2.3.4*,LP.9*,NC.1.2*,LK.1*,NN.1*,LF.7.7.2*,LP.1.2.1*,KP.2.28.1*,MU.2.1.1*,LF.3.1*,LB.1.10*,JN.1.50*,NS.1.1*,JN.1.1.8*,MA.1.1.1*	2024-12-22	2025-01-11	48738.0	0.038018	1281972.0	260.0	10.0	1088	2025-03-14
22895	G22895C, T22896G	S	V445R	MC.32.1*,MC.33.1*,MC.19.1*,LP.8*,MK.3*,NZ.1*	2024-12-22	2025-01-11	110231.0	0.085985	1281972.0	389.0	29.0	1088	2025-03-14
22926	T22926C	S	L455S		2024-12-22	2025-01-11	942675.0	0.887191	1062539.0	880.0	259.0	1088	2025-03-14
22928	T22928C	S	F456L	JN.1.16*,KS.1*,JN.1.39.1*,XDK.3*,LZ.2.2*,JN.1.1.6*,JN.1.65.1*,JN.1.4.9*,KU.2*,JN.1.55.2*,JN.1.11.1*,KR.3*,JN.1.18.5*,MD.3.1*,JN.1.62*,KW.1.1*,LN.1.1*,XDK.4.1*,LF.6*,LM.1*,NS.3*,LZ.2.1*,LF.8*,LZ.1*,XDK.1.2*,LQ.1*,JN.1.55.1*,JN.1.51.1*,JN.1.7.8*,JN.1.7.9*,JN.1.48*,XDK.6*,MD.1*,JN.1.67.1*,LR.1*,JN.1.15.1*,LE.1.3.1*,XDK.5*,JN.1.50*,LL.1*,XDV.1*,XDR.1.1*,LR.3*,KR.1*,JN.1.18.4*,JN.1.1.8*,JN.1.18.9*,JN.1.29.1*,KR.5*,XDD.3*	2024-12-22	2025-01-11	937378.0	0.960292	976139.0	881.0	257.0	1088	2025-03-14
22986	C22986T	S	A475V	LF.7.1.2*,PC.2*,LF.7.3.1*,KP.2.3.1*,LP.8.1.9*,NY.6*,LP.8.2.1*,LP.10.1*,LF.7.2.1*	2024-12-22	2025-01-11	10041.0	0.010644	943316.0	163.0	2.0	1088	2025-03-14
23039	C23039G	S	Q493E	XEQ*,KP.3*,XEF*,XDY.5*,XDY.7*,JN.1.16.5*,KP.3.4*,XET*,LP.8*,XDY*,XDY.3*,XDY.1*,XDY.6*,XDY.2*,JN.1.16.4*	2024-12-22	2025-01-11	1932432.0	0.798416	2420331.0	855.0	279.0	1088	2025-03-14
23277	C23277T	S	T572I	MC.1*,XEC.4*,MC.30.1.1*,MC.6.1*,NB.1.3.1*,JN.1.32*,LD.1*,KP.2.3.6*,JN.1.62*,MU.1*,XEC.21*,XEF.3*,KP.2.9*,KW.1*,LF.7.7*,MH.1*,KP.1.2*,JN.1.4.3*,LZ.3*,KP.2.15.1*,JN.1.47.2*,JN.1.7*,JN.1.1.1*,MZ.5*,LB.1.2.2*,MC.13.4*,KP.2.3.8*,XDV.1.3*,KP.5*,JN.1.9.1*,XDY.1.1*,XDK*,XDY.5.1*,XFB*,MC.26.1*,KV.2*,JN.1.16.3*,MC.8.1*,LP.4*,JN.1.65*,NL.5.1*,KP.2.14.1*,KP.2.27*,KP.2.2.2*,MG.1*,XDD.3*	2024-12-22	2025-01-11	1781240.0	0.077426	23005636.0	653.0	229.0	1088	2025-03-14
24819	A24819G	S	K1086R	KP.1*,KP.1.1*	2024-12-22	2025-01-11	3946111.0	0.114909	34341264.0	682.0	167.0	1088	2025-03-14
24872	G24872T	S	V1104L	XEQ*,XEF*,LB.1.1*,XDY.7*,XDY.5*,XDY*,JN.1.11*,XDY.3*,XDY.1*,XDY.6*,XDY.2*	2024-12-22	2025-01-11	31971379.0	0.885069	36123028.0	916.0	618.0	1088	2025-03-14
25263	T25263-25263del	S	1234fs		2024-12-22	2025-01-11	787.0	0.000664	1184823.0	34.0	0.0	1088	2025-03-14
25925	C25925T	ORF3a	P178L	LP.11*,LP.8*	2024-12-22	2025-01-11	144297.0	0.115035	1254376.0	387.0	41.0	1088	2025-03-14
27008	G27008T	M	K162N		2024-12-22	2025-01-11	21973.0	0.000834	26346549.0	679.0	0.0	1088	2025-03-14
27112	G27112C	M	S197T		2024-12-22	2025-01-11	7522.0	0.000289	26029591.0	549.0	2.0	1088	2025-03-14
27147	G27147A	M	D209N		2024-12-22	2025-01-11	4200.0	0.000147	28655269.0	605.0	0.0	1088	2025-03-14
27230	C27230A	ORF6	T10N		2024-12-22	2025-01-11	94706.0	0.003614	26204869.0	629.0	0.0	1088	2025-03-14
27476	C27476T	ORF7a	T28I	LB.1.3.1*,JN.1.8.1*,JN.1.8*	2024-12-22	2025-01-11	1061841.0	0.039612	26806088.0	621.0	105.0	1088	2025-03-14
27810	T27810C	ORF7b	F19L		2024-12-22	2025-01-11	24904586.0	0.710957	35029643.0	968.0	703.0	1088	2025-03-14
28045	C28045T	ORF8	A51V		2024-12-22	2025-01-11	152894.0	0.020765	7362918.0	330.0	8.0	1088	2025-03-14
28045	C28045T	ORF8	A51V		2024-12-01	2024-12-21	22261.0	0.00293	7598758.0	449.0	7.0	1677	2025-03-14
28093	C28093T	ORF8	S67F	NK.1*	2024-12-22	2025-01-11	38325.0	0.005055	7581690.0	285.0	10.0	1088	2025-03-14
28883	G28883C, G28884C	N	G204P	XEP*,KP.3.3*	2024-12-22	2025-01-11	8854684.0	0.489264	18097974.0	971.0	672.0	1088	2025-03-14
29409	C29409T	N	T379I	LB.1.3.1*,MC.10.1.3*,NS.3*,NT.1*,XDS*,XEC.2.3*	2024-12-22	2025-01-11	6155835.0	0.027001	227988815.0	790.0	125.0	1088	2025-03-14
515	GTTATG515-520del	ORF1	VM84-85del	LB.1.3.1*	2024-12-15	2025-01-04	7153.0	0.016067	445211.0	112.0	1.0	1181	2025-03-14
515	GTTATG515-520del	ORF1	VM84-85del	LB.1.3.1*	2024-11-24	2024-12-14	9862.0	0.022231	443615.0	146.0	1.0	1749	2025-03-14
593	C593T	ORF1	H110Y	XEK*,MC.36.1*,XEU*	2024-12-15	2025-01-04	27205.0	0.02474	1099643.0	226.0	7.0	1181	2025-03-14
593	C593T	ORF1	H110Y	XEK*,MC.36.1*,XEU*	2024-11-24	2024-12-14	31749.0	0.021864	1452100.0	302.0	8.0	1749	2025-03-14
816	G816-816del	ORF1	184fs		2024-11-24	2024-12-14	15.0	1e-06	19183607.0	8.0	0.0	1749	2025-03-14
816	G816-816del	ORF1	184fs		2024-12-15	2025-01-04	427390.0	0.025101	17026919.0	17.0	1.0	1181	2025-03-14
2060	G2060A	ORF1	A599T	XEC*	2024-12-15	2025-01-04	3769705.0	0.341935	11024631.0	781.0	371.0	1181	2025-03-14
2060	G2060A	ORF1	A599T	XEC*	2024-11-24	2024-12-14	3754378.0	0.249235	15063592.0	1062.0	350.0	1749	2025-03-14
4364	A4364C	ORF1	I1367L	XEP*,KP.3.3.4*,XEC.2*	2024-11-24	2024-12-14	128705.0	0.024947	5159080.0	519.0	24.0	1749	2025-03-14
4364	A4364C	ORF1	I1367L	XEP*,KP.3.3.4*,XEC.2*	2024-12-15	2025-01-04	415448.0	0.061911	6710392.0	552.0	64.0	1181	2025-03-14
6255	C6255T	ORF1	A1997V	LP.11*,LP.8*	2024-12-15	2025-01-04	2126768.0	0.080659	26367526.0	647.0	130.0	1181	2025-03-14
6255	C6255T	ORF1	A1997V	LP.11*,LP.8*	2024-11-24	2024-12-14	1050660.0	0.040798	25752811.0	659.0	61.0	1749	2025-03-14
6701	C6701T	ORF1	L2146F	XEQ*,XEL*,KS.1.1.2*,MC.38*	2024-11-24	2024-12-14	18780.0	0.012828	1463943.0	169.0	4.0	1749	2025-03-14
6701	C6701T	ORF1	L2146F	XEQ*,XEL*,KS.1.1.2*,MC.38*	2024-12-15	2025-01-04	31012.0	0.022845	1357519.0	162.0	8.0	1181	2025-03-14
7086	C7086T	ORF1	T2274I	MZ.1*,XEC.9*	2024-12-15	2025-01-04	200588.0	0.009239	21711285.0	510.0	28.0	1181	2025-03-14
7086	C7086T	ORF1	T2274I	MZ.1*,XEC.9*	2024-11-24	2024-12-14	613972.0	0.022689	27060517.0	495.0	26.0	1749	2025-03-14
7113	C7113T	ORF1	T2283I	JN.1.11.1*,XDV*,KU.2*	2024-11-24	2024-12-14	13804120.0	0.489931	28175666.0	1201.0	507.0	1749	2025-03-14
7113	C7113T	ORF1	T2283I	JN.1.11.1*,XDV*,KU.2*	2024-12-15	2025-01-04	11357024.0	0.462144	24574633.0	882.0	426.0	1181	2025-03-14
7212	G7212T	ORF1	W2316L		2024-12-15	2025-01-04	724.0	0.002062	351181.0	134.0	0.0	1181	2025-03-14
7212	G7212T	ORF1	W2316L		2024-11-24	2024-12-14	84354.0	0.16387	514762.0	136.0	1.0	1749	2025-03-14
7869	C7869T	ORF1	S2535L	LF.7*	2024-11-24	2024-12-14	359533.0	0.026881	13375218.0	450.0	27.0	1749	2025-03-14
7869	C7869T	ORF1	S2535L	LF.7*	2024-12-15	2025-01-04	186687.0	0.012752	14639694.0	395.0	29.0	1181	2025-03-14
10323	A10323G	ORF1	K3353R	MC.10.2*,JN.1.52*,LP.8.1.5*	2024-12-15	2025-01-04	87708.0	0.020338	4312602.0	346.0	11.0	1181	2025-03-14
10323	A10323G	ORF1	K3353R	MC.10.2*,JN.1.52*,LP.8.1.5*	2024-11-24	2024-12-14	92906.0	0.029812	3116397.0	353.0	6.0	1749	2025-03-14
11083	G11083T	ORF1	L3606F	MM.2*,KP.2.20*,KP.3.4.1*,LK.1*	2024-11-24	2024-12-14	138641.0	0.02012	6890749.0	648.0	22.0	1749	2025-03-14
11083	G11083T	ORF1	L3606F	MM.2*,KP.2.20*,KP.3.4.1*,LK.1*	2024-12-15	2025-01-04	83200.0	0.011441	7271801.0	631.0	23.0	1181	2025-03-14
11727	G11727A	ORF1	R3821K		2024-12-15	2025-01-04	616028.0	0.987555	623791.0	908.0	244.0	1181	2025-03-14
11727	G11727A	ORF1	R3821K		2024-11-24	2024-12-14	843459.0	0.982154	858785.0	1208.0	279.0	1749	2025-03-14
13121	A13121T	ORF1	S4286C	KP.3.1.1*,XEW*	2024-11-24	2024-12-14	2265555.0	0.335581	6751142.0	1025.0	289.0	1749	2025-03-14
13121	A13121T	ORF1	S4286C	KP.3.1.1*,XEW*	2024-12-15	2025-01-04	1797872.0	0.307644	5844007.0	716.0	282.0	1181	2025-03-14
14704	T14704-14704del	ORF1	4814fs		2024-12-15	2025-01-04	10461.0	0.013938	750521.0	84.0	1.0	1181	2025-03-14
14704	T14704-14704del	ORF1	4814fs		2024-11-24	2024-12-14	25122.0	0.020903	1201834.0	294.0	2.0	1749	2025-03-14
14964	A14964C	ORF1	K4900N		2024-11-24	2024-12-14	25715.0	0.017172	1497533.0	561.0	0.0	1749	2025-03-14
14964	A14964C	ORF1	K4900N		2024-12-15	2025-01-04	34843.0	0.021511	1619739.0	537.0	0.0	1181	2025-03-14
15009	T15009A	ORF1	D4915E		2024-12-15	2025-01-04	26735.0	0.016953	1576995.0	539.0	0.0	1181	2025-03-14
15009	T15009A	ORF1	D4915E		2024-11-24	2024-12-14	32093.0	0.020742	1547239.0	563.0	0.0	1749	2025-03-14
16516	A16516-16516del	ORF1	5418fs		2024-11-24	2024-12-14	11716.0	0.020953	559156.0	389.0	0.0	1749	2025-03-14
16516	A16516-16516del	ORF1	5418fs		2024-12-15	2025-01-04	3415.0	0.007893	432661.0	177.0	0.0	1181	2025-03-14
16943	G16943T	ORF1	S5560I		2024-12-15	2025-01-04	301505.0	0.02318	13007035.0	554.0	53.0	1181	2025-03-14
16943	G16943T	ORF1	S5560I		2024-11-24	2024-12-14	126655.0	0.011598	10920740.0	495.0	16.0	1749	2025-03-14
18131	C18131T	ORF1	T5956I		2024-11-24	2024-12-14	102613.0	0.043628	2351976.0	359.0	36.0	1749	2025-03-14
18131	C18131T	ORF1	T5956I		2024-12-15	2025-01-04	87555.0	0.034947	2505348.0	265.0	27.0	1181	2025-03-14
21627	C21627A	S	T22N	XEC*,LF.7*,XEQ*,MJ.1.1*,NB.1*,LF.8.1.1*,XDV.1.7.1*,LJ.1*,KP.2.18*,MB.1.1*,MG.3*,KP.2.26*,KP.3.6*,XEL*,KS.1.1*,PB.2*,JN.1.16.5*,LP.8.1.8*,MR.2*,KP.3.1.9*,MU.3*,KS.1.5*,XFC*,KP.2.14*,MU.6*,KP.3.3.9*,PB.1*,NG.1*,MT.1.1*,KP.2.2.1*,XER*,LP.8.1.6*,XEN*	2024-12-15	2025-01-04	438645.0	0.489805	895551.0	779.0	116.0	1181	2025-03-14
21627	C21627A	S	T22N	XEC*,LF.7*,XEQ*,MJ.1.1*,NB.1*,LF.8.1.1*,XDV.1.7.1*,LJ.1*,KP.2.18*,MB.1.1*,MG.3*,KP.2.26*,KP.3.6*,XEL*,KS.1.1*,PB.2*,JN.1.16.5*,LP.8.1.8*,MR.2*,KP.3.1.9*,MU.3*,KS.1.5*,XFC*,KP.2.14*,MU.6*,KP.3.3.9*,PB.1*,NG.1*,MT.1.1*,KP.2.2.1*,XER*,LP.8.1.6*,XEN*	2024-11-24	2024-12-14	417018.0	0.42823	973817.0	906.0	87.0	1749	2025-03-14
21652	TTC21652-21654del	S	NS30-31Ndel		2024-11-24	2024-12-14	583657.0	0.519493	1123513.0	1033.0	108.0	1749	2025-03-14
21652	TTC21652-21654del	S	NS30-31Ndel		2024-12-15	2025-01-04	464860.0	0.450513	1031845.0	780.0	108.0	1181	2025-03-14
21653	T21653C	S	S31P	LF.7*,MJ.1*,MT.1*,JN.1.40*,NF.1*,XER*,KP.3.2.6*,KP.2.26*,XFC*	2024-12-15	2025-01-04	29191.0	0.028098	1038911.0	185.0	4.0	1181	2025-03-14
21653	T21653C	S	S31P	LF.7*,MJ.1*,MT.1*,JN.1.40*,NF.1*,XER*,KP.3.2.6*,KP.2.26*,XFC*	2024-11-24	2024-12-14	48081.0	0.043994	1092906.0	250.0	14.0	1749	2025-03-14
21738	T21738C	S	F59S	XEC*,JN.1.18.6*,KS.1*,KR.1.4*,NB.1*,JN.1.18.2*,KP.3.3.8*,MN.1*,MR.2*,MU.3*,KP.2.10*,JN.1.13.1*,KP.3.1.8*,MZ.3*,XDR.1*,JN.1.42.1*,KP.1.1.5*,JN.1.18.9*,XEM*	2024-11-24	2024-12-14	173193.0	0.343906	503605.0	746.0	33.0	1749	2025-03-14
21738	T21738C	S	F59S	XEC*,JN.1.18.6*,KS.1*,KR.1.4*,NB.1*,JN.1.18.2*,KP.3.3.8*,MN.1*,MR.2*,MU.3*,KP.2.10*,JN.1.13.1*,KP.3.1.8*,MZ.3*,XDR.1*,JN.1.42.1*,KP.1.1.5*,JN.1.18.9*,XEM*	2024-12-15	2025-01-04	208431.0	0.453928	459172.0	671.0	35.0	1181	2025-03-14
22107	A22107G	S	K182R	LF.7*,LB.1.3.3*,XER*,MC.15*,XEC.1*,KP.2.2.2*,XFC*	2024-12-15	2025-01-04	398628.0	0.029987	13293378.0	553.0	46.0	1181	2025-03-14
22107	A22107G	S	K182R	LF.7*,LB.1.3.3*,XER*,MC.15*,XEC.1*,KP.2.2.2*,XFC*	2024-11-24	2024-12-14	885474.0	0.042984	20600285.0	674.0	51.0	1749	2025-03-14
22111	G22111T	S	Q183H	LB.1*,JN.1.32.1*,LY.2*,XFB*,JN.1.9*	2024-11-24	2024-12-14	697569.0	0.018746	37210694.0	788.0	85.0	1749	2025-03-14
22111	G22111T	S	Q183H	LB.1*,JN.1.32.1*,LY.2*,XFB*,JN.1.9*	2024-12-15	2025-01-04	548448.0	0.027246	20129203.0	687.0	62.0	1181	2025-03-14
22120	C22120A	S	F186L	LP.8.1*,LP.8.2*	2024-12-15	2025-01-04	1030523.0	0.053989	19087616.0	672.0	128.0	1181	2025-03-14
22120	C22120A	S	F186L	LP.8.1*,LP.8.2*	2024-11-24	2024-12-14	993497.0	0.031517	31522804.0	753.0	77.0	1749	2025-03-14
22132	G22132T	S	R190S	LP.8.1*,LF.7*,NC.1*,JN.1.59.1*,LB.1.4.1*,XER*,KP.4.2.4*,XEL.4*,NK.1*,KP.4.2.6*,LZ.4*,NL.5.2*,MA.1*,LP.7*,NL.1*,LP.1.2*	2024-11-24	2024-12-14	1722527.0	0.086058	20015811.0	922.0	134.0	1749	2025-03-14
22132	G22132T	S	R190S	LP.8.1*,LF.7*,NC.1*,JN.1.59.1*,LB.1.4.1*,XER*,KP.4.2.4*,XEL.4*,NK.1*,KP.4.2.6*,LZ.4*,NL.5.2*,MA.1*,LP.7*,NL.1*,LP.1.2*	2024-12-15	2025-01-04	1434549.0	0.109795	13065743.0	810.0	163.0	1181	2025-03-14
22592	G22592T	S	A344S		2024-12-15	2025-01-04	577580.0	0.02173	26579969.0	485.0	4.0	1181	2025-03-14
22592	G22592T	S	A344S		2024-11-24	2024-12-14	174369.0	0.004717	36964321.0	560.0	7.0	1749	2025-03-14
22599	G22599C	S	R346T	MC.19*,KS.1*,KP.2*,KP.4.1*,MC.28.1.1*,JN.1.8.2*,JN.1.58.2*,JN.1.50.1*,JN.1.4.4*,MC.31*,MK.3*,LE.1*,JN.1.9.2*,JN.1.39.2*,XEM*,MC.13.2.1*,JN.1.25.1*,XED*,MC.13.3.1*,LN.1.1*,XES*,JN.1.59.1*,LU.1*,JN.1.16.1*,MC.33.1*,MQ.1*,LF.6*,LF.8*,XEH*,MU.3*,JN.1.18*,MF.1*,JN.1.48*,JN.1.18.8*,KQ.1*,JN.1.1.5*,JN.1.49.1*,JN.1.24.1*,JN.1.44.1*,JN.1.1.3*,XDK.1*,MC.17.1*,NU.1*,JN.1.42.2*,JN.1.11.2*,MC.32.1*,LG.1*,KZ.1.1*,MZ.3*,XDD.1.1.1*,LU.2*,XDR.1*,JN.1.7.3*,JN.1.30.1*,JN.1.29.1*,MC.10.1.6*,KR.5*,JN.1.6.1*,JN.1.26*	2024-11-24	2024-12-14	6469196.0	0.118504	54590512.0	834.0	242.0	1749	2025-03-14
22599	G22599C	S	R346T	MC.19*,KS.1*,KP.2*,KP.4.1*,MC.28.1.1*,JN.1.8.2*,JN.1.58.2*,JN.1.50.1*,JN.1.4.4*,MC.31*,MK.3*,LE.1*,JN.1.9.2*,JN.1.39.2*,XEM*,MC.13.2.1*,JN.1.25.1*,XED*,MC.13.3.1*,LN.1.1*,XES*,JN.1.59.1*,LU.1*,JN.1.16.1*,MC.33.1*,MQ.1*,LF.6*,LF.8*,XEH*,MU.3*,JN.1.18*,MF.1*,JN.1.48*,JN.1.18.8*,KQ.1*,JN.1.1.5*,JN.1.49.1*,JN.1.24.1*,JN.1.44.1*,JN.1.1.3*,XDK.1*,MC.17.1*,NU.1*,JN.1.42.2*,JN.1.11.2*,MC.32.1*,LG.1*,KZ.1.1*,MZ.3*,XDD.1.1.1*,LU.2*,XDR.1*,JN.1.7.3*,JN.1.30.1*,JN.1.29.1*,MC.10.1.6*,KR.5*,JN.1.6.1*,JN.1.26*	2024-12-15	2025-01-04	5268858.0	0.146273	36020710.0	673.0	253.0	1181	2025-03-14
22865	G22865T	S	A435S	MC.10.1*,MC.28.1*,KP.3.3.2*,MC.30.1.1*,LP.10.1.1*,MC.31*,XEP*,XDY.3*,XDY.1*,MC.13.2*,KP.3.3.5*,MC.21.1*,MU.2.1.1*,MU.6*,KP.3.7*,KP.2.14.2*,XFB*,XDV.1.9.1*	2024-12-15	2025-01-04	36655.0	0.06138	597177.0	337.0	5.0	1181	2025-03-14
22865	G22865T	S	A435S	MC.10.1*,MC.28.1*,KP.3.3.2*,MC.30.1.1*,LP.10.1.1*,MC.31*,XEP*,XDY.3*,XDY.1*,MC.13.2*,KP.3.3.5*,MC.21.1*,MU.2.1.1*,MU.6*,KP.3.7*,KP.2.14.2*,XFB*,XDV.1.9.1*	2024-11-24	2024-12-14	29357.0	0.044216	663940.0	265.0	8.0	1749	2025-03-14
22893	A22893G	S	K444R	LF.7*,XER*,JN.1.61*,NA.1.1*,JN.1.23*	2024-11-24	2024-12-14	90582.0	0.077065	1175400.0	286.0	15.0	1749	2025-03-14
22893	A22893G	S	K444R	LF.7*,XER*,JN.1.61*,NA.1.1*,JN.1.23*	2024-12-15	2025-01-04	27741.0	0.032518	853099.0	221.0	4.0	1181	2025-03-14
22895	G22895C, T22896C	S	V445P	LB.1.3.1*,PC.2*,PA.1*,MU.5*,KP.2.3.4*,LP.9*,NC.1.2*,LK.1*,NN.1*,LF.7.7.2*,LP.1.2.1*,KP.2.28.1*,MU.2.1.1*,LF.3.1*,LB.1.10*,JN.1.50*,NS.1.1*,JN.1.1.8*,MA.1.1.1*	2024-12-15	2025-01-04	37575.0	0.036089	1041169.0	218.0	4.0	1181	2025-03-14
22895	G22895C, T22896C	S	V445P	LB.1.3.1*,PC.2*,PA.1*,MU.5*,KP.2.3.4*,LP.9*,NC.1.2*,LK.1*,NN.1*,LF.7.7.2*,LP.1.2.1*,KP.2.28.1*,MU.2.1.1*,LF.3.1*,LB.1.10*,JN.1.50*,NS.1.1*,JN.1.1.8*,MA.1.1.1*	2024-11-24	2024-12-14	53901.0	0.038459	1401519.0	242.0	10.0	1749	2025-03-14
22895	G22895C, T22896G	S	V445R	MC.32.1*,MC.33.1*,MC.19.1*,LP.8*,MK.3*,NZ.1*	2024-11-24	2024-12-14	52020.0	0.037117	1401519.0	297.0	12.0	1749	2025-03-14
22895	G22895C, T22896G	S	V445R	MC.32.1*,MC.33.1*,MC.19.1*,LP.8*,MK.3*,NZ.1*	2024-12-15	2025-01-04	64699.0	0.062141	1041169.0	334.0	13.0	1181	2025-03-14
22926	T22926C	S	L455S		2024-12-15	2025-01-04	824401.0	0.907623	908308.0	871.0	237.0	1181	2025-03-14
22926	T22926C	S	L455S		2024-11-24	2024-12-14	1217861.0	0.84403	1442912.0	915.0	293.0	1749	2025-03-14
22928	T22928C	S	F456L	JN.1.16*,KS.1*,JN.1.39.1*,XDK.3*,LZ.2.2*,JN.1.1.6*,JN.1.65.1*,JN.1.4.9*,KU.2*,JN.1.55.2*,JN.1.11.1*,KR.3*,JN.1.18.5*,MD.3.1*,JN.1.62*,KW.1.1*,LN.1.1*,XDK.4.1*,LF.6*,LM.1*,NS.3*,LZ.2.1*,LF.8*,LZ.1*,XDK.1.2*,LQ.1*,JN.1.55.1*,JN.1.51.1*,JN.1.7.8*,JN.1.7.9*,JN.1.48*,XDK.6*,MD.1*,JN.1.67.1*,LR.1*,JN.1.15.1*,LE.1.3.1*,XDK.5*,JN.1.50*,LL.1*,XDV.1*,XDR.1.1*,LR.3*,KR.1*,JN.1.18.4*,JN.1.1.8*,JN.1.18.9*,JN.1.29.1*,KR.5*,XDD.3*	2024-11-24	2024-12-14	1203019.0	0.972429	1237128.0	915.0	289.0	1749	2025-03-14
22928	T22928C	S	F456L	JN.1.16*,KS.1*,JN.1.39.1*,XDK.3*,LZ.2.2*,JN.1.1.6*,JN.1.65.1*,JN.1.4.9*,KU.2*,JN.1.55.2*,JN.1.11.1*,KR.3*,JN.1.18.5*,MD.3.1*,JN.1.62*,KW.1.1*,LN.1.1*,XDK.4.1*,LF.6*,LM.1*,NS.3*,LZ.2.1*,LF.8*,LZ.1*,XDK.1.2*,LQ.1*,JN.1.55.1*,JN.1.51.1*,JN.1.7.8*,JN.1.7.9*,JN.1.48*,XDK.6*,MD.1*,JN.1.67.1*,LR.1*,JN.1.15.1*,LE.1.3.1*,XDK.5*,JN.1.50*,LL.1*,XDV.1*,XDR.1.1*,LR.3*,KR.1*,JN.1.18.4*,JN.1.1.8*,JN.1.18.9*,JN.1.29.1*,KR.5*,XDD.3*	2024-12-15	2025-01-04	817557.0	0.980902	833475.0	871.0	233.0	1181	2025-03-14
22986	C22986T	S	A475V	LF.7.1.2*,PC.2*,LF.7.3.1*,KP.2.3.1*,LP.8.1.9*,NY.6*,LP.8.2.1*,LP.10.1*,LF.7.2.1*	2024-12-15	2025-01-04	7252.0	0.008706	832980.0	135.0	1.0	1181	2025-03-14
22986	C22986T	S	A475V	LF.7.1.2*,PC.2*,LF.7.3.1*,KP.2.3.1*,LP.8.1.9*,NY.6*,LP.8.2.1*,LP.10.1*,LF.7.2.1*	2024-11-24	2024-12-14	32732.0	0.026724	1224833.0	171.0	4.0	1749	2025-03-14
23039	C23039G	S	Q493E	XEQ*,KP.3*,XEF*,XDY.5*,XDY.7*,JN.1.16.5*,KP.3.4*,XET*,LP.8*,XDY*,XDY.3*,XDY.1*,XDY.6*,XDY.2*,JN.1.16.4*	2024-12-15	2025-01-04	1492303.0	0.872747	1709892.0	849.0	255.0	1181	2025-03-14
23039	C23039G	S	Q493E	XEQ*,KP.3*,XEF*,XDY.5*,XDY.7*,JN.1.16.5*,KP.3.4*,XET*,LP.8*,XDY*,XDY.3*,XDY.1*,XDY.6*,XDY.2*,JN.1.16.4*	2024-11-24	2024-12-14	2871550.0	0.808136	3553301.0	851.0	309.0	1749	2025-03-14
23277	C23277T	S	T572I	MC.1*,XEC.4*,MC.30.1.1*,MC.6.1*,NB.1.3.1*,JN.1.32*,LD.1*,KP.2.3.6*,JN.1.62*,MU.1*,XEC.21*,XEF.3*,KP.2.9*,KW.1*,LF.7.7*,MH.1*,KP.1.2*,JN.1.4.3*,LZ.3*,KP.2.15.1*,JN.1.47.2*,JN.1.7*,JN.1.1.1*,MZ.5*,LB.1.2.2*,MC.13.4*,KP.2.3.8*,XDV.1.3*,KP.5*,JN.1.9.1*,XDY.1.1*,XDK*,XDY.5.1*,XFB*,MC.26.1*,KV.2*,JN.1.16.3*,MC.8.1*,LP.4*,JN.1.65*,NL.5.1*,KP.2.14.1*,KP.2.27*,KP.2.2.2*,MG.1*,XDD.3*	2024-11-24	2024-12-14	1523494.0	0.079149	19248488.0	745.0	181.0	1749	2025-03-14
23277	C23277T	S	T572I	MC.1*,XEC.4*,MC.30.1.1*,MC.6.1*,NB.1.3.1*,JN.1.32*,LD.1*,KP.2.3.6*,JN.1.62*,MU.1*,XEC.21*,XEF.3*,KP.2.9*,KW.1*,LF.7.7*,MH.1*,KP.1.2*,JN.1.4.3*,LZ.3*,KP.2.15.1*,JN.1.47.2*,JN.1.7*,JN.1.1.1*,MZ.5*,LB.1.2.2*,MC.13.4*,KP.2.3.8*,XDV.1.3*,KP.5*,JN.1.9.1*,XDY.1.1*,XDK*,XDY.5.1*,XFB*,MC.26.1*,KV.2*,JN.1.16.3*,MC.8.1*,LP.4*,JN.1.65*,NL.5.1*,KP.2.14.1*,KP.2.27*,KP.2.2.2*,MG.1*,XDD.3*	2024-12-15	2025-01-04	1672944.0	0.089518	18688287.0	675.0	190.0	1181	2025-03-14
24819	A24819G	S	K1086R	KP.1*,KP.1.1*	2024-11-24	2024-12-14	1635378.0	0.048069	34021315.0	714.0	68.0	1749	2025-03-14
24819	A24819G	S	K1086R	KP.1*,KP.1.1*	2024-12-15	2025-01-04	2035903.0	0.084283	24155426.0	621.0	108.0	1181	2025-03-14
24872	G24872T	S	V1104L	XEQ*,XEF*,LB.1.1*,XDY.7*,XDY.5*,XDY*,JN.1.11*,XDY.3*,XDY.1*,XDY.6*,XDY.2*	2024-12-15	2025-01-04	22506551.0	0.880587	25558566.0	961.0	547.0	1181	2025-03-14
24872	G24872T	S	V1104L	XEQ*,XEF*,LB.1.1*,XDY.7*,XDY.5*,XDY*,JN.1.11*,XDY.3*,XDY.1*,XDY.6*,XDY.2*	2024-11-24	2024-12-14	29612353.0	0.838607	35311371.0	1345.0	635.0	1749	2025-03-14
25925	C25925T	ORF3a	P178L	LP.11*,LP.8*	2024-11-24	2024-12-14	63516.0	0.03989	1592293.0	277.0	20.0	1749	2025-03-14
25925	C25925T	ORF3a	P178L	LP.11*,LP.8*	2024-12-15	2025-01-04	94879.0	0.085487	1109869.0	358.0	25.0	1181	2025-03-14
26440	A26440T	E	N66Y		2024-12-15	2025-01-04	551.0	0.000165	3345802.0	248.0	0.0	1181	2025-03-14
26440	A26440T	E	N66Y		2024-11-24	2024-12-14	52203.0	0.020453	2552396.0	184.0	1.0	1749	2025-03-14
26607	C26607T	M	L29F	PC.2*	2024-11-24	2024-12-14	52754.0	0.022984	2295230.0	86.0	1.0	1749	2025-03-14
26607	C26607T	M	L29F	PC.2*	2024-12-15	2025-01-04	2625.0	0.000847	3099454.0	120.0	1.0	1181	2025-03-14
27008	G27008T	M	K162N		2024-12-15	2025-01-04	18142.0	0.000895	20276912.0	589.0	0.0	1181	2025-03-14
27008	G27008T	M	K162N		2024-11-24	2024-12-14	516592.0	0.024194	21351878.0	658.0	2.0	1749	2025-03-14
27112	G27112C	M	S197T		2024-11-24	2024-12-14	498988.0	0.024198	20621215.0	431.0	1.0	1749	2025-03-14
27112	G27112C	M	S197T		2024-12-15	2025-01-04	4072.0	0.000203	20068978.0	466.0	1.0	1181	2025-03-14
27147	G27147A	M	D209N		2024-12-15	2025-01-04	3484.0	0.000166	20951757.0	538.0	0.0	1181	2025-03-14
27147	G27147A	M	D209N		2024-11-24	2024-12-14	496257.0	0.02201	22547112.0	583.0	1.0	1749	2025-03-14
27230	C27230A	ORF6	T10N		2024-11-24	2024-12-14	669991.0	0.031571	21221995.0	593.0	3.0	1749	2025-03-14
27230	C27230A	ORF6	T10N		2024-12-15	2025-01-04	68397.0	0.003354	20391046.0	561.0	0.0	1181	2025-03-14
27476	C27476T	ORF7a	T28I	LB.1.3.1*,JN.1.8.1*,JN.1.8*	2024-12-15	2025-01-04	791022.0	0.039876	19837012.0	578.0	78.0	1181	2025-03-14
27476	C27476T	ORF7a	T28I	LB.1.3.1*,JN.1.8.1*,JN.1.8*	2024-11-24	2024-12-14	1113034.0	0.037258	29873383.0	711.0	76.0	1749	2025-03-14
27810	T27810C	ORF7b	F19L		2024-11-24	2024-12-14	18013201.0	0.742827	24249528.0	1363.0	720.0	1749	2025-03-14
27810	T27810C	ORF7b	F19L		2024-12-15	2025-01-04	18931627.0	0.711617	26603666.0	1027.0	669.0	1181	2025-03-14
28045	C28045T	ORF8	A51V		2024-12-15	2025-01-04	132627.0	0.022331	5939173.0	311.0	5.0	1181	2025-03-14
28045	C28045T	ORF8	A51V		2024-11-24	2024-12-14	23744.0	0.002797	8487607.0	483.0	7.0	1749	2025-03-14
28883	G28883C, G28884C	N	G204P	XEP*,KP.3.3*	2024-12-15	2025-01-04	6093992.0	0.457461	13321337.0	991.0	571.0	1181	2025-03-14
28883	G28883C, G28884C	N	G204P	XEP*,KP.3.3*	2024-11-24	2024-12-14	4709037.0	0.373035	12623571.0	1228.0	539.0	1749	2025-03-14
29409	C29409T	N	T379I	LB.1.3.1*,MC.10.1.3*,NS.3*,NT.1*,XDS*,XEC.2.3*	2024-11-24	2024-12-14	4125498.0	0.021191	194685780.0	911.0	85.0	1749	2025-03-14
29409	C29409T	N	T379I	LB.1.3.1*,MC.10.1.3*,NS.3*,NT.1*,XDS*,XEC.2.3*	2024-12-15	2025-01-04	5883850.0	0.037195	158188350.0	760.0	113.0	1181	2025-03-14
593	C593T	ORF1	H110Y	XEK*,MC.36.1*,XEU*	2024-12-08	2024-12-28	18090.0	0.017082	1059007.0	241.0	3.0	1490	2025-03-14
593	C593T	ORF1	H110Y	XEK*,MC.36.1*,XEU*	2024-11-17	2024-12-07	40461.0	0.025327	1597557.0	309.0	10.0	1849	2025-03-14
2060	G2060A	ORF1	A599T	XEC*	2024-11-17	2024-12-07	3786249.0	0.225489	16791282.0	1074.0	310.0	1849	2025-03-14
2060	G2060A	ORF1	A599T	XEC*	2024-12-08	2024-12-28	3698316.0	0.317435	11650619.0	932.0	371.0	1490	2025-03-14
4230	C4230T	ORF1	T1322I		2024-12-08	2024-12-28	154585.0	0.021307	7255062.0	240.0	14.0	1490	2025-03-14
4230	C4230T	ORF1	T1322I		2024-11-17	2024-12-07	4879.0	0.000806	6050074.0	208.0	1.0	1849	2025-03-14
4364	A4364C	ORF1	I1367L	XEP*,KP.3.3.4*,XEC.2*	2024-11-17	2024-12-07	170389.0	0.031238	5454583.0	567.0	28.0	1849	2025-03-14
4364	A4364C	ORF1	I1367L	XEP*,KP.3.3.4*,XEC.2*	2024-12-08	2024-12-28	305309.0	0.045916	6649252.0	546.0	47.0	1490	2025-03-14
5180	G5180A	ORF1	D1639N	NC.1.1*	2024-12-08	2024-12-28	59093.0	0.024224	2439399.0	189.0	15.0	1490	2025-03-14
5180	G5180A	ORF1	D1639N	NC.1.1*	2024-11-17	2024-12-07	7489.0	0.00233	3213710.0	235.0	2.0	1849	2025-03-14
6255	C6255T	ORF1	A1997V	LP.11*,LP.8*	2024-11-17	2024-12-07	906583.0	0.031291	28972584.0	657.0	42.0	1849	2025-03-14
6255	C6255T	ORF1	A1997V	LP.11*,LP.8*	2024-12-08	2024-12-28	1673964.0	0.062558	26758533.0	658.0	109.0	1490	2025-03-14
7113	C7113T	ORF1	T2283I	JN.1.11.1*,XDV*,KU.2*	2024-11-17	2024-12-07	16768756.0	0.525289	31922928.0	1270.0	515.0	1849	2025-03-14
7113	C7113T	ORF1	T2283I	JN.1.11.1*,XDV*,KU.2*	2024-12-08	2024-12-28	10990158.0	0.44963	24442649.0	1037.0	449.0	1490	2025-03-14
7212	G7212T	ORF1	W2316L		2024-11-17	2024-12-07	217.0	0.000523	415259.0	139.0	0.0	1849	2025-03-14
7212	G7212T	ORF1	W2316L		2024-12-08	2024-12-28	84868.0	0.175495	483591.0	140.0	1.0	1490	2025-03-14
10323	A10323G	ORF1	K3353R	MC.10.2*,JN.1.52*,LP.8.1.5*	2024-12-08	2024-12-28	169148.0	0.038711	4369545.0	379.0	16.0	1490	2025-03-14
10323	A10323G	ORF1	K3353R	MC.10.2*,JN.1.52*,LP.8.1.5*	2024-11-17	2024-12-07	60409.0	0.017016	3550199.0	366.0	6.0	1849	2025-03-14
11727	G11727A	ORF1	R3821K		2024-11-17	2024-12-07	883098.0	0.983281	898114.0	1318.0	315.0	1849	2025-03-14
11727	G11727A	ORF1	R3821K		2024-12-08	2024-12-28	669978.0	0.986434	679192.0	1034.0	244.0	1490	2025-03-14
13121	A13121T	ORF1	S4286C	KP.3.1.1*,XEW*	2024-11-17	2024-12-07	3038120.0	0.366024	8300339.0	1083.0	297.0	1849	2025-03-14
13121	A13121T	ORF1	S4286C	KP.3.1.1*,XEW*	2024-12-08	2024-12-28	1908809.0	0.322938	5910767.0	881.0	291.0	1490	2025-03-14
14704	T14704-14704del	ORF1	4814fs		2024-12-08	2024-12-28	19457.0	0.022002	884335.0	150.0	2.0	1490	2025-03-14
14704	T14704-14704del	ORF1	4814fs		2024-11-17	2024-12-07	24017.0	0.019012	1263278.0	356.0	1.0	1849	2025-03-14
15009	T15009A	ORF1	D4915E		2024-12-08	2024-12-28	26663.0	0.016317	1634023.0	585.0	0.0	1490	2025-03-14
15009	T15009A	ORF1	D4915E		2024-11-17	2024-12-07	42488.0	0.022345	1901420.0	567.0	0.0	1849	2025-03-14
16516	A16516-16516del	ORF1	5418fs		2024-11-17	2024-12-07	11999.0	0.021974	546058.0	453.0	0.0	1849	2025-03-14
16516	A16516-16516del	ORF1	5418fs		2024-12-08	2024-12-28	6826.0	0.012996	525225.0	241.0	0.0	1490	2025-03-14
16943	G16943T	ORF1	S5560I		2024-12-08	2024-12-28	320275.0	0.024004	13342740.0	548.0	46.0	1490	2025-03-14
16943	G16943T	ORF1	S5560I		2024-11-17	2024-12-07	107518.0	0.008509	12636441.0	563.0	12.0	1849	2025-03-14
17926	G17926A	ORF1	A5888T		2024-11-17	2024-12-07	41684.0	0.020049	2079102.0	222.0	1.0	1849	2025-03-14
17926	G17926A	ORF1	A5888T		2024-12-08	2024-12-28	299.0	0.000154	1942306.0	203.0	0.0	1490	2025-03-14
18131	C18131T	ORF1	T5956I		2024-12-08	2024-12-28	93818.0	0.0397	2363197.0	309.0	33.0	1490	2025-03-14
18131	C18131T	ORF1	T5956I		2024-11-17	2024-12-07	94474.0	0.035435	2666144.0	353.0	31.0	1849	2025-03-14
21627	C21627A	S	T22N	XEC*,LF.7*,XEQ*,MJ.1.1*,NB.1*,LF.8.1.1*,XDV.1.7.1*,LJ.1*,KP.2.18*,MB.1.1*,MG.3*,KP.2.26*,KP.3.6*,XEL*,KS.1.1*,PB.2*,JN.1.16.5*,LP.8.1.8*,MR.2*,KP.3.1.9*,MU.3*,KS.1.5*,XFC*,KP.2.14*,MU.6*,KP.3.3.9*,PB.1*,NG.1*,MT.1.1*,KP.2.2.1*,XER*,LP.8.1.6*,XEN*	2024-11-17	2024-12-07	425940.0	0.394395	1079984.0	903.0	85.0	1849	2025-03-14
21627	C21627A	S	T22N	XEC*,LF.7*,XEQ*,MJ.1.1*,NB.1*,LF.8.1.1*,XDV.1.7.1*,LJ.1*,KP.2.18*,MB.1.1*,MG.3*,KP.2.26*,KP.3.6*,XEL*,KS.1.1*,PB.2*,JN.1.16.5*,LP.8.1.8*,MR.2*,KP.3.1.9*,MU.3*,KS.1.5*,XFC*,KP.2.14*,MU.6*,KP.3.3.9*,PB.1*,NG.1*,MT.1.1*,KP.2.2.1*,XER*,LP.8.1.6*,XEN*	2024-12-08	2024-12-28	475148.0	0.484621	980452.0	870.0	112.0	1490	2025-03-14
21652	TTC21652-21654del	S	NS30-31Ndel		2024-12-08	2024-12-28	534461.0	0.457479	1168274.0	913.0	109.0	1490	2025-03-14
21652	TTC21652-21654del	S	NS30-31Ndel		2024-11-17	2024-12-07	656164.0	0.533934	1228923.0	1130.0	129.0	1849	2025-03-14
21653	T21653C	S	S31P	LF.7*,MJ.1*,MT.1*,JN.1.40*,NF.1*,XER*,KP.3.2.6*,KP.2.26*,XFC*	2024-11-17	2024-12-07	34861.0	0.030649	1137435.0	228.0	11.0	1849	2025-03-14
21653	T21653C	S	S31P	LF.7*,MJ.1*,MT.1*,JN.1.40*,NF.1*,XER*,KP.3.2.6*,KP.2.26*,XFC*	2024-12-08	2024-12-28	40827.0	0.036074	1131756.0	223.0	7.0	1490	2025-03-14
21738	T21738C	S	F59S	XEC*,JN.1.18.6*,KS.1*,KR.1.4*,NB.1*,JN.1.18.2*,KP.3.3.8*,MN.1*,MR.2*,MU.3*,KP.2.10*,JN.1.13.1*,KP.3.1.8*,MZ.3*,XDR.1*,JN.1.42.1*,KP.1.1.5*,JN.1.18.9*,XEM*	2024-12-08	2024-12-28	206228.0	0.398666	517295.0	727.0	35.0	1490	2025-03-14
21738	T21738C	S	F59S	XEC*,JN.1.18.6*,KS.1*,KR.1.4*,NB.1*,JN.1.18.2*,KP.3.3.8*,MN.1*,MR.2*,MU.3*,KP.2.10*,JN.1.13.1*,KP.3.1.8*,MZ.3*,XDR.1*,JN.1.42.1*,KP.1.1.5*,JN.1.18.9*,XEM*	2024-11-17	2024-12-07	163299.0	0.382363	427078.0	775.0	27.0	1849	2025-03-14
21746	G21746C	S	V62L		2024-11-17	2024-12-07	229.0	0.000549	417216.0	123.0	0.0	1849	2025-03-14
21746	G21746C	S	V62L		2024-12-08	2024-12-28	11895.0	0.024313	489242.0	128.0	2.0	1490	2025-03-14
22107	A22107G	S	K182R	LF.7*,LB.1.3.3*,XER*,MC.15*,XEC.1*,KP.2.2.2*,XFC*	2024-12-08	2024-12-28	486733.0	0.032336	15052140.0	601.0	52.0	1490	2025-03-14
22107	A22107G	S	K182R	LF.7*,LB.1.3.3*,XER*,MC.15*,XEC.1*,KP.2.2.2*,XFC*	2024-11-17	2024-12-07	737914.0	0.032717	22554134.0	696.0	46.0	1849	2025-03-14
22111	G22111T	S	Q183H	LB.1*,JN.1.32.1*,LY.2*,XFB*,JN.1.9*	2024-12-08	2024-12-28	646952.0	0.027628	23416475.0	754.0	68.0	1490	2025-03-14
22111	G22111T	S	Q183H	LB.1*,JN.1.32.1*,LY.2*,XFB*,JN.1.9*	2024-11-17	2024-12-07	669122.0	0.015848	42221558.0	804.0	74.0	1849	2025-03-14
22120	C22120A	S	F186L	LP.8.1*,LP.8.2*	2024-11-17	2024-12-07	876223.0	0.024293	36069229.0	726.0	52.0	1849	2025-03-14
22120	C22120A	S	F186L	LP.8.1*,LP.8.2*	2024-12-08	2024-12-28	1004796.0	0.046245	21727678.0	728.0	109.0	1490	2025-03-14
22132	G22132T	S	R190S	LP.8.1*,LF.7*,NC.1*,JN.1.59.1*,LB.1.4.1*,XER*,KP.4.2.4*,XEL.4*,NK.1*,KP.4.2.6*,LZ.4*,NL.5.2*,MA.1*,LP.7*,NL.1*,LP.1.2*	2024-12-08	2024-12-28	1444009.0	0.095845	15066124.0	892.0	155.0	1490	2025-03-14
22132	G22132T	S	R190S	LP.8.1*,LF.7*,NC.1*,JN.1.59.1*,LB.1.4.1*,XER*,KP.4.2.4*,XEL.4*,NK.1*,KP.4.2.6*,LZ.4*,NL.5.2*,MA.1*,LP.7*,NL.1*,LP.1.2*	2024-11-17	2024-12-07	1568737.0	0.071592	21912309.0	922.0	100.0	1849	2025-03-14
22599	G22599C	S	R346T	MC.19*,KS.1*,KP.2*,KP.4.1*,MC.28.1.1*,JN.1.8.2*,JN.1.58.2*,JN.1.50.1*,JN.1.4.4*,MC.31*,MK.3*,LE.1*,JN.1.9.2*,JN.1.39.2*,XEM*,MC.13.2.1*,JN.1.25.1*,XED*,MC.13.3.1*,LN.1.1*,XES*,JN.1.59.1*,LU.1*,JN.1.16.1*,MC.33.1*,MQ.1*,LF.6*,LF.8*,XEH*,MU.3*,JN.1.18*,MF.1*,JN.1.48*,JN.1.18.8*,KQ.1*,JN.1.1.5*,JN.1.49.1*,JN.1.24.1*,JN.1.44.1*,JN.1.1.3*,XDK.1*,MC.17.1*,NU.1*,JN.1.42.2*,JN.1.11.2*,MC.32.1*,LG.1*,KZ.1.1*,MZ.3*,XDD.1.1.1*,LU.2*,XDR.1*,JN.1.7.3*,JN.1.30.1*,JN.1.29.1*,MC.10.1.6*,KR.5*,JN.1.6.1*,JN.1.26*	2024-11-17	2024-12-07	7744592.0	0.1184	65410167.0	824.0	220.0	1849	2025-03-14
22599	G22599C	S	R346T	MC.19*,KS.1*,KP.2*,KP.4.1*,MC.28.1.1*,JN.1.8.2*,JN.1.58.2*,JN.1.50.1*,JN.1.4.4*,MC.31*,MK.3*,LE.1*,JN.1.9.2*,JN.1.39.2*,XEM*,MC.13.2.1*,JN.1.25.1*,XED*,MC.13.3.1*,LN.1.1*,XES*,JN.1.59.1*,LU.1*,JN.1.16.1*,MC.33.1*,MQ.1*,LF.6*,LF.8*,XEH*,MU.3*,JN.1.18*,MF.1*,JN.1.48*,JN.1.18.8*,KQ.1*,JN.1.1.5*,JN.1.49.1*,JN.1.24.1*,JN.1.44.1*,JN.1.1.3*,XDK.1*,MC.17.1*,NU.1*,JN.1.42.2*,JN.1.11.2*,MC.32.1*,LG.1*,KZ.1.1*,MZ.3*,XDD.1.1.1*,LU.2*,XDR.1*,JN.1.7.3*,JN.1.30.1*,JN.1.29.1*,MC.10.1.6*,KR.5*,JN.1.6.1*,JN.1.26*	2024-12-08	2024-12-28	5315731.0	0.149706	35507694.0	767.0	253.0	1490	2025-03-14
22865	G22865T	S	A435S	MC.10.1*,MC.28.1*,KP.3.3.2*,MC.30.1.1*,LP.10.1.1*,MC.31*,XEP*,XDY.3*,XDY.1*,MC.13.2*,KP.3.3.5*,MC.21.1*,MU.2.1.1*,MU.6*,KP.3.7*,KP.2.14.2*,XFB*,XDV.1.9.1*	2024-12-08	2024-12-28	42616.0	0.073303	581369.0	318.0	8.0	1490	2025-03-14
22865	G22865T	S	A435S	MC.10.1*,MC.28.1*,KP.3.3.2*,MC.30.1.1*,LP.10.1.1*,MC.31*,XEP*,XDY.3*,XDY.1*,MC.13.2*,KP.3.3.5*,MC.21.1*,MU.2.1.1*,MU.6*,KP.3.7*,KP.2.14.2*,XFB*,XDV.1.9.1*	2024-11-17	2024-12-07	26909.0	0.037469	718158.0	275.0	9.0	1849	2025-03-14
22893	A22893G	S	K444R	LF.7*,XER*,JN.1.61*,NA.1.1*,JN.1.23*	2024-11-17	2024-12-07	70917.0	0.056136	1263311.0	295.0	12.0	1849	2025-03-14
22893	A22893G	S	K444R	LF.7*,XER*,JN.1.61*,NA.1.1*,JN.1.23*	2024-12-08	2024-12-28	42996.0	0.048541	885766.0	231.0	8.0	1490	2025-03-14
22895	G22895C, T22896C	S	V445P	LB.1.3.1*,PC.2*,PA.1*,MU.5*,KP.2.3.4*,LP.9*,NC.1.2*,LK.1*,NN.1*,LF.7.7.2*,LP.1.2.1*,KP.2.28.1*,MU.2.1.1*,LF.3.1*,LB.1.10*,JN.1.50*,NS.1.1*,JN.1.1.8*,MA.1.1.1*	2024-12-08	2024-12-28	33350.0	0.03136	1063467.0	213.0	7.0	1490	2025-03-14
22895	G22895C, T22896C	S	V445P	LB.1.3.1*,PC.2*,PA.1*,MU.5*,KP.2.3.4*,LP.9*,NC.1.2*,LK.1*,NN.1*,LF.7.7.2*,LP.1.2.1*,KP.2.28.1*,MU.2.1.1*,LF.3.1*,LB.1.10*,JN.1.50*,NS.1.1*,JN.1.1.8*,MA.1.1.1*	2024-11-17	2024-12-07	60245.0	0.041172	1463246.0	259.0	11.0	1849	2025-03-14
22895	G22895C, T22896G	S	V445R	MC.32.1*,MC.33.1*,MC.19.1*,LP.8*,MK.3*,NZ.1*	2024-11-17	2024-12-07	39269.0	0.026837	1463246.0	285.0	8.0	1849	2025-03-14
22895	G22895C, T22896G	S	V445R	MC.32.1*,MC.33.1*,MC.19.1*,LP.8*,MK.3*,NZ.1*	2024-12-08	2024-12-28	53812.0	0.050601	1063467.0	301.0	10.0	1490	2025-03-14
22926	T22926C	S	L455S		2024-12-08	2024-12-28	859960.0	0.937963	916838.0	940.0	250.0	1490	2025-03-14
22926	T22926C	S	L455S		2024-11-17	2024-12-07	1410978.0	0.814627	1732054.0	970.0	320.0	1849	2025-03-14
22928	T22928C	S	F456L	JN.1.16*,KS.1*,JN.1.39.1*,XDK.3*,LZ.2.2*,JN.1.1.6*,JN.1.65.1*,JN.1.4.9*,KU.2*,JN.1.55.2*,JN.1.11.1*,KR.3*,JN.1.18.5*,MD.3.1*,JN.1.62*,KW.1.1*,LN.1.1*,XDK.4.1*,LF.6*,LM.1*,NS.3*,LZ.2.1*,LF.8*,LZ.1*,XDK.1.2*,LQ.1*,JN.1.55.1*,JN.1.51.1*,JN.1.7.8*,JN.1.7.9*,JN.1.48*,XDK.6*,MD.1*,JN.1.67.1*,LR.1*,JN.1.15.1*,LE.1.3.1*,XDK.5*,JN.1.50*,LL.1*,XDV.1*,XDR.1.1*,LR.3*,KR.1*,JN.1.18.4*,JN.1.1.8*,JN.1.18.9*,JN.1.29.1*,KR.5*,XDD.3*	2024-11-17	2024-12-07	1401512.0	0.970796	1443673.0	971.0	317.0	1849	2025-03-14
22928	T22928C	S	F456L	JN.1.16*,KS.1*,JN.1.39.1*,XDK.3*,LZ.2.2*,JN.1.1.6*,JN.1.65.1*,JN.1.4.9*,KU.2*,JN.1.55.2*,JN.1.11.1*,KR.3*,JN.1.18.5*,MD.3.1*,JN.1.62*,KW.1.1*,LN.1.1*,XDK.4.1*,LF.6*,LM.1*,NS.3*,LZ.2.1*,LF.8*,LZ.1*,XDK.1.2*,LQ.1*,JN.1.55.1*,JN.1.51.1*,JN.1.7.8*,JN.1.7.9*,JN.1.48*,XDK.6*,MD.1*,JN.1.67.1*,LR.1*,JN.1.15.1*,LE.1.3.1*,XDK.5*,JN.1.50*,LL.1*,XDV.1*,XDR.1.1*,LR.3*,KR.1*,JN.1.18.4*,JN.1.1.8*,JN.1.18.9*,JN.1.29.1*,KR.5*,XDD.3*	2024-12-08	2024-12-28	846152.0	0.973652	869050.0	939.0	244.0	1490	2025-03-14
22986	C22986T	S	A475V	LF.7.1.2*,PC.2*,LF.7.3.1*,KP.2.3.1*,LP.8.1.9*,NY.6*,LP.8.2.1*,LP.10.1*,LF.7.2.1*	2024-12-08	2024-12-28	6719.0	0.007725	869791.0	132.0	0.0	1490	2025-03-14
22986	C22986T	S	A475V	LF.7.1.2*,PC.2*,LF.7.3.1*,KP.2.3.1*,LP.8.1.9*,NY.6*,LP.8.2.1*,LP.10.1*,LF.7.2.1*	2024-11-17	2024-12-07	31857.0	0.022438	1419753.0	172.0	4.0	1849	2025-03-14
23039	C23039G	S	Q493E	XEQ*,KP.3*,XEF*,XDY.5*,XDY.7*,JN.1.16.5*,KP.3.4*,XET*,LP.8*,XDY*,XDY.3*,XDY.1*,XDY.6*,XDY.2*,JN.1.16.4*	2024-11-17	2024-12-07	3093723.0	0.803534	3850147.0	896.0	342.0	1849	2025-03-14
23039	C23039G	S	Q493E	XEQ*,KP.3*,XEF*,XDY.5*,XDY.7*,JN.1.16.5*,KP.3.4*,XET*,LP.8*,XDY*,XDY.3*,XDY.1*,XDY.6*,XDY.2*,JN.1.16.4*	2024-12-08	2024-12-28	1608096.0	0.816013	1970674.0	913.0	266.0	1490	2025-03-14
23277	C23277T	S	T572I	MC.1*,XEC.4*,MC.30.1.1*,MC.6.1*,NB.1.3.1*,JN.1.32*,LD.1*,KP.2.3.6*,JN.1.62*,MU.1*,XEC.21*,XEF.3*,KP.2.9*,KW.1*,LF.7.7*,MH.1*,KP.1.2*,JN.1.4.3*,LZ.3*,KP.2.15.1*,JN.1.47.2*,JN.1.7*,JN.1.1.1*,MZ.5*,LB.1.2.2*,MC.13.4*,KP.2.3.8*,XDV.1.3*,KP.5*,JN.1.9.1*,XDY.1.1*,XDK*,XDY.5.1*,XFB*,MC.26.1*,KV.2*,JN.1.16.3*,MC.8.1*,LP.4*,JN.1.65*,NL.5.1*,KP.2.14.1*,KP.2.27*,KP.2.2.2*,MG.1*,XDD.3*	2024-12-08	2024-12-28	1856838.0	0.094127	19726856.0	759.0	209.0	1490	2025-03-14
23277	C23277T	S	T572I	MC.1*,XEC.4*,MC.30.1.1*,MC.6.1*,NB.1.3.1*,JN.1.32*,LD.1*,KP.2.3.6*,JN.1.62*,MU.1*,XEC.21*,XEF.3*,KP.2.9*,KW.1*,LF.7.7*,MH.1*,KP.1.2*,JN.1.4.3*,LZ.3*,KP.2.15.1*,JN.1.47.2*,JN.1.7*,JN.1.1.1*,MZ.5*,LB.1.2.2*,MC.13.4*,KP.2.3.8*,XDV.1.3*,KP.5*,JN.1.9.1*,XDY.1.1*,XDK*,XDY.5.1*,XFB*,MC.26.1*,KV.2*,JN.1.16.3*,MC.8.1*,LP.4*,JN.1.65*,NL.5.1*,KP.2.14.1*,KP.2.27*,KP.2.2.2*,MG.1*,XDD.3*	2024-11-17	2024-12-07	1774284.0	0.085583	20731642.0	743.0	152.0	1849	2025-03-14
24819	A24819G	S	K1086R	KP.1*,KP.1.1*	2024-11-17	2024-12-07	1596199.0	0.044348	35992498.0	702.0	51.0	1849	2025-03-14
24819	A24819G	S	K1086R	KP.1*,KP.1.1*	2024-12-08	2024-12-28	1817663.0	0.072313	25135879.0	662.0	93.0	1490	2025-03-14
24872	G24872T	S	V1104L	XEQ*,XEF*,LB.1.1*,XDY.7*,XDY.5*,XDY*,JN.1.11*,XDY.3*,XDY.1*,XDY.6*,XDY.2*	2024-12-08	2024-12-28	22403842.0	0.854622	26214926.0	1171.0	573.0	1490	2025-03-14
24872	G24872T	S	V1104L	XEQ*,XEF*,LB.1.1*,XDY.7*,XDY.5*,XDY*,JN.1.11*,XDY.3*,XDY.1*,XDY.6*,XDY.2*	2024-11-17	2024-12-07	32547274.0	0.878339	37055474.0	1404.0	640.0	1849	2025-03-14
25263	T25263-25263del	S	1234fs		2024-11-17	2024-12-07	29667.0	0.016348	1814703.0	393.0	1.0	1849	2025-03-14
25263	T25263-25263del	S	1234fs		2024-12-08	2024-12-28	23993.0	0.020032	1197743.0	164.0	1.0	1490	2025-03-14
25595	G25595T	ORF3a	R68I	MC.24*,XFB*,MC.24.1*,MC.24.2*	2024-12-08	2024-12-28	408738.0	0.017585	23243734.0	676.0	37.0	1490	2025-03-14
25595	G25595T	ORF3a	R68I	MC.24*,XFB*,MC.24.1*,MC.24.2*	2024-11-17	2024-12-07	701815.0	0.024135	29079006.0	699.0	36.0	1849	2025-03-14
25925	C25925T	ORF3a	P178L	LP.11*,LP.8*	2024-11-17	2024-12-07	53222.0	0.028145	1890980.0	268.0	16.0	1849	2025-03-14
25925	C25925T	ORF3a	P178L	LP.11*,LP.8*	2024-12-08	2024-12-28	79976.0	0.064187	1245975.0	334.0	23.0	1490	2025-03-14
27008	G27008T	M	K162N		2024-12-08	2024-12-28	513566.0	0.023441	21909132.0	597.0	1.0	1490	2025-03-14
27008	G27008T	M	K162N		2024-11-17	2024-12-07	30791.0	0.001118	27550948.0	682.0	1.0	1849	2025-03-14
27112	G27112C	M	S197T		2024-12-08	2024-12-28	500531.0	0.023272	21508085.0	444.0	2.0	1490	2025-03-14
27112	G27112C	M	S197T		2024-11-17	2024-12-07	4362.0	0.000164	26614971.0	484.0	0.0	1849	2025-03-14
27147	G27147A	M	D209N		2024-11-17	2024-12-07	4745.0	0.000163	29112383.0	641.0	0.0	1849	2025-03-14
27147	G27147A	M	D209N		2024-12-08	2024-12-28	496017.0	0.021631	22930647.0	538.0	1.0	1490	2025-03-14
27230	C27230A	ORF6	T10N		2024-12-08	2024-12-28	665605.0	0.029506	22558268.0	568.0	2.0	1490	2025-03-14
27230	C27230A	ORF6	T10N		2024-11-17	2024-12-07	96431.0	0.003656	26379124.0	625.0	3.0	1849	2025-03-14
27476	C27476T	ORF7a	T28I	LB.1.3.1*,JN.1.8.1*,JN.1.8*	2024-12-08	2024-12-28	825729.0	0.037507	22015403.0	641.0	81.0	1490	2025-03-14
27476	C27476T	ORF7a	T28I	LB.1.3.1*,JN.1.8.1*,JN.1.8*	2024-11-17	2024-12-07	1333166.0	0.040224	33143741.0	718.0	64.0	1849	2025-03-14
27810	T27810C	ORF7b	F19L		2024-11-17	2024-12-07	22746593.0	0.730053	31157466.0	1504.0	795.0	1849	2025-03-14
27810	T27810C	ORF7b	F19L		2024-12-08	2024-12-28	19113779.0	0.698296	27372024.0	1195.0	685.0	1490	2025-03-14
28883	G28883C, G28884C	N	G204P	XEP*,KP.3.3*	2024-11-17	2024-12-07	5273133.0	0.331104	15925908.0	1304.0	545.0	1849	2025-03-14
28883	G28883C, G28884C	N	G204P	XEP*,KP.3.3*	2024-12-08	2024-12-28	4989309.0	0.426625	11694824.0	1112.0	542.0	1490	2025-03-14
29409	C29409T	N	T379I	LB.1.3.1*,MC.10.1.3*,NS.3*,NT.1*,XDS*,XEC.2.3*	2024-12-08	2024-12-28	3955862.0	0.025866	152933802.0	831.0	101.0	1490	2025-03-14
29409	C29409T	N	T379I	LB.1.3.1*,MC.10.1.3*,NS.3*,NT.1*,XDS*,XEC.2.3*	2024-11-17	2024-12-07	5912212.0	0.028297	208936527.0	920.0	77.0	1849	2025-03-14
435	A435-435del	ORF1	57fs		2024-11-10	2024-11-30	35860.0	0.012938	2771700.0	607.0	2.0	2061	2025-03-14
435	A435-435del	ORF1	57fs		2024-12-01	2024-12-21	41821.0	0.022096	1892685.0	453.0	3.0	1677	2025-03-14
515	GTTATG515-520del	ORF1	VM84-85del	LB.1.3.1*	2024-11-10	2024-11-30	14549.0	0.021101	689485.0	101.0	3.0	2061	2025-03-14
515	GTTATG515-520del	ORF1	VM84-85del	LB.1.3.1*	2024-12-01	2024-12-21	6545.0	0.014059	465523.0	156.0	0.0	1677	2025-03-14
569	G569T	ORF1	E102*		2024-12-01	2024-12-21	308.0	0.000391	788566.0	110.0	0.0	1677	2025-03-14
569	G569T	ORF1	E102*		2024-11-10	2024-11-30	30505.0	0.031519	967817.0	255.0	1.0	2061	2025-03-14
591	C591A	ORF1	P109H		2024-12-01	2024-12-21	661.0	0.000547	1209098.0	185.0	0.0	1677	2025-03-14
591	C591A	ORF1	P109H		2024-11-10	2024-11-30	51375.0	0.025739	1996018.0	247.0	8.0	2061	2025-03-14
593	C593T	ORF1	H110Y	XEK*,MC.36.1*,XEU*	2024-11-10	2024-11-30	43922.0	0.021474	2045357.0	311.0	12.0	2061	2025-03-14
593	C593T	ORF1	H110Y	XEK*,MC.36.1*,XEU*	2024-12-01	2024-12-21	30428.0	0.023358	1302695.0	307.0	7.0	1677	2025-03-14
1485	G1485T	ORF1	G407V		2024-12-01	2024-12-21	1060.0	0.00074	1432890.0	211.0	0.0	1677	2025-03-14
1485	G1485T	ORF1	G407V		2024-11-10	2024-11-30	62322.0	0.025382	2455386.0	309.0	14.0	2061	2025-03-14
2060	G2060A	ORF1	A599T	XEC*	2024-11-10	2024-11-30	3770786.0	0.214556	17574861.0	1105.0	300.0	2061	2025-03-14
2060	G2060A	ORF1	A599T	XEC*	2024-12-01	2024-12-21	3654550.0	0.267684	13652461.0	1053.0	362.0	1677	2025-03-14
4364	A4364C	ORF1	I1367L	XEP*,KP.3.3.4*,XEC.2*	2024-12-01	2024-12-21	222129.0	0.035415	6272224.0	532.0	35.0	1677	2025-03-14
4364	A4364C	ORF1	I1367L	XEP*,KP.3.3.4*,XEC.2*	2024-11-10	2024-11-30	148142.0	0.021828	6786921.0	638.0	25.0	2061	2025-03-14
6255	C6255T	ORF1	A1997V	LP.11*,LP.8*	2024-11-10	2024-11-30	1049243.0	0.03218	32605115.0	664.0	34.0	2061	2025-03-14
6255	C6255T	ORF1	A1997V	LP.11*,LP.8*	2024-12-01	2024-12-21	1333385.0	0.051323	25980451.0	662.0	73.0	1677	2025-03-14
7113	C7113T	ORF1	T2283I	JN.1.11.1*,XDV*,KU.2*	2024-12-01	2024-12-21	12803168.0	0.476249	26883340.0	1161.0	458.0	1677	2025-03-14
7113	C7113T	ORF1	T2283I	JN.1.11.1*,XDV*,KU.2*	2024-11-10	2024-11-30	16755053.0	0.510486	32821738.0	1331.0	514.0	2061	2025-03-14
7212	G7212T	ORF1	W2316L		2024-11-10	2024-11-30	193.0	0.000513	376445.0	142.0	0.0	2061	2025-03-14
7212	G7212T	ORF1	W2316L		2024-12-01	2024-12-21	84898.0	0.15151	560346.0	151.0	1.0	1677	2025-03-14
7869	C7869T	ORF1	S2535L	LF.7*	2024-12-01	2024-12-21	315226.0	0.020704	15225018.0	472.0	26.0	1677	2025-03-14
7869	C7869T	ORF1	S2535L	LF.7*	2024-11-10	2024-11-30	286369.0	0.016892	16953016.0	523.0	33.0	2061	2025-03-14
10323	A10323G	ORF1	K3353R	MC.10.2*,JN.1.52*,LP.8.1.5*	2024-12-01	2024-12-21	145008.0	0.038512	3765269.0	368.0	11.0	1677	2025-03-14
10323	A10323G	ORF1	K3353R	MC.10.2*,JN.1.52*,LP.8.1.5*	2024-11-10	2024-11-30	66809.0	0.017355	3849554.0	384.0	9.0	2061	2025-03-14
11727	G11727A	ORF1	R3821K		2024-12-01	2024-12-21	782514.0	0.979597	798812.0	1159.0	293.0	1677	2025-03-14
11727	G11727A	ORF1	R3821K		2024-11-10	2024-11-30	982226.0	0.990781	991365.0	1432.0	337.0	2061	2025-03-14
13121	A13121T	ORF1	S4286C	KP.3.1.1*,XEW*	2024-12-01	2024-12-21	1951461.0	0.329981	5913859.0	1020.0	266.0	1677	2025-03-14
13121	A13121T	ORF1	S4286C	KP.3.1.1*,XEW*	2024-11-10	2024-11-30	4177249.0	0.434147	9621735.0	1142.0	365.0	2061	2025-03-14
14704	T14704-14704del	ORF1	4814fs		2024-11-10	2024-11-30	24420.0	0.017886	1365320.0	372.0	2.0	2061	2025-03-14
14704	T14704-14704del	ORF1	4814fs		2024-12-01	2024-12-21	29172.0	0.026608	1096348.0	253.0	3.0	1677	2025-03-14
15009	T15009A	ORF1	D4915E		2024-12-01	2024-12-21	27298.0	0.01721	1586214.0	524.0	0.0	1677	2025-03-14
15009	T15009A	ORF1	D4915E		2024-11-10	2024-11-30	43270.0	0.021085	2052158.0	623.0	0.0	2061	2025-03-14
16433	G16433T	ORF1	G5390V		2024-11-10	2024-11-30	23541.0	0.020215	1164516.0	388.0	1.0	2061	2025-03-14
16433	G16433T	ORF1	G5390V		2024-12-01	2024-12-21	649.0	0.000563	1151971.0	303.0	0.0	1677	2025-03-14
16516	A16516-16516del	ORF1	5418fs		2024-12-01	2024-12-21	12086.0	0.019304	626087.0	361.0	0.0	1677	2025-03-14
16516	A16516-16516del	ORF1	5418fs		2024-11-10	2024-11-30	13277.0	0.022326	594684.0	465.0	1.0	2061	2025-03-14
16943	G16943T	ORF1	S5560I		2024-12-01	2024-12-21	254370.0	0.02114	12032849.0	494.0	31.0	1677	2025-03-14
16943	G16943T	ORF1	S5560I		2024-11-10	2024-11-30	87495.0	0.005902	14825602.0	635.0	11.0	2061	2025-03-14
17012	C17012A	ORF1	S5583*		2024-12-01	2024-12-21	8445.0	0.001885	4480673.0	562.0	0.0	1677	2025-03-14
17012	C17012A	ORF1	S5583*		2024-11-10	2024-11-30	163868.0	0.0339	4833851.0	624.0	51.0	2061	2025-03-14
18131	C18131T	ORF1	T5956I		2024-11-10	2024-11-30	87640.0	0.028631	3061037.0	343.0	27.0	2061	2025-03-14
18131	C18131T	ORF1	T5956I		2024-12-01	2024-12-21	85794.0	0.037172	2308056.0	362.0	31.0	1677	2025-03-14
21627	C21627A	S	T22N	XEC*,LF.7*,XEQ*,MJ.1.1*,NB.1*,LF.8.1.1*,XDV.1.7.1*,LJ.1*,KP.2.18*,MB.1.1*,MG.3*,KP.2.26*,KP.3.6*,XEL*,KS.1.1*,PB.2*,JN.1.16.5*,LP.8.1.8*,MR.2*,KP.3.1.9*,MU.3*,KS.1.5*,XFC*,KP.2.14*,MU.6*,KP.3.3.9*,PB.1*,NG.1*,MT.1.1*,KP.2.2.1*,XER*,LP.8.1.6*,XEN*	2024-12-01	2024-12-21	439627.0	0.461659	952276.0	909.0	96.0	1677	2025-03-14
21627	C21627A	S	T22N	XEC*,LF.7*,XEQ*,MJ.1.1*,NB.1*,LF.8.1.1*,XDV.1.7.1*,LJ.1*,KP.2.18*,MB.1.1*,MG.3*,KP.2.26*,KP.3.6*,XEL*,KS.1.1*,PB.2*,JN.1.16.5*,LP.8.1.8*,MR.2*,KP.3.1.9*,MU.3*,KS.1.5*,XFC*,KP.2.14*,MU.6*,KP.3.3.9*,PB.1*,NG.1*,MT.1.1*,KP.2.2.1*,XER*,LP.8.1.6*,XEN*	2024-11-10	2024-11-30	425055.0	0.382863	1110201.0	917.0	82.0	2061	2025-03-14
21652	TTC21652-21654del	S	NS30-31Ndel		2024-11-10	2024-11-30	682037.0	0.52977	1287421.0	1220.0	134.0	2061	2025-03-14
21652	TTC21652-21654del	S	NS30-31Ndel		2024-12-01	2024-12-21	561252.0	0.484756	1157804.0	996.0	105.0	1677	2025-03-14
21653	T21653C	S	S31P	LF.7*,MJ.1*,MT.1*,JN.1.40*,NF.1*,XER*,KP.3.2.6*,KP.2.26*,XFC*	2024-12-01	2024-12-21	35767.0	0.031429	1138030.0	247.0	7.0	1677	2025-03-14
21653	T21653C	S	S31P	LF.7*,MJ.1*,MT.1*,JN.1.40*,NF.1*,XER*,KP.3.2.6*,KP.2.26*,XFC*	2024-11-10	2024-11-30	49520.0	0.042333	1169769.0	227.0	15.0	2061	2025-03-14
21738	T21738C	S	F59S	XEC*,JN.1.18.6*,KS.1*,KR.1.4*,NB.1*,JN.1.18.2*,KP.3.3.8*,MN.1*,MR.2*,MU.3*,KP.2.10*,JN.1.13.1*,KP.3.1.8*,MZ.3*,XDR.1*,JN.1.42.1*,KP.1.1.5*,JN.1.18.9*,XEM*	2024-11-10	2024-11-30	177846.0	0.351722	505644.0	823.0	29.0	2061	2025-03-14
21738	T21738C	S	F59S	XEC*,JN.1.18.6*,KS.1*,KR.1.4*,NB.1*,JN.1.18.2*,KP.3.3.8*,MN.1*,MR.2*,MU.3*,KP.2.10*,JN.1.13.1*,KP.3.1.8*,MZ.3*,XDR.1*,JN.1.42.1*,KP.1.1.5*,JN.1.18.9*,XEM*	2024-12-01	2024-12-21	219840.0	0.37811	581418.0	766.0	39.0	1677	2025-03-14
21746	G21746C	S	V62L		2024-12-01	2024-12-21	11875.0	0.021616	549363.0	119.0	2.0	1677	2025-03-14
21746	G21746C	S	V62L		2024-11-10	2024-11-30	230.0	0.000472	487076.0	126.0	0.0	2061	2025-03-14
22107	A22107G	S	K182R	LF.7*,LB.1.3.3*,XER*,MC.15*,XEC.1*,KP.2.2.2*,XFC*	2024-11-10	2024-11-30	557825.0	0.02619	21299058.0	714.0	50.0	2061	2025-03-14
22107	A22107G	S	K182R	LF.7*,LB.1.3.3*,XER*,MC.15*,XEC.1*,KP.2.2.2*,XFC*	2024-12-01	2024-12-21	782888.0	0.043597	17957205.0	619.0	48.0	1677	2025-03-14
22111	G22111T	S	Q183H	LB.1*,JN.1.32.1*,LY.2*,XFB*,JN.1.9*	2024-12-01	2024-12-21	709384.0	0.02327	30484691.0	763.0	70.0	1677	2025-03-14
22111	G22111T	S	Q183H	LB.1*,JN.1.32.1*,LY.2*,XFB*,JN.1.9*	2024-11-10	2024-11-30	703635.0	0.018251	38553857.0	820.0	68.0	2061	2025-03-14
22120	C22120A	S	F186L	LP.8.1*,LP.8.2*	2024-11-10	2024-11-30	724975.0	0.021861	33162783.0	741.0	42.0	2061	2025-03-14
22120	C22120A	S	F186L	LP.8.1*,LP.8.2*	2024-12-01	2024-12-21	974004.0	0.036516	26673071.0	717.0	78.0	1677	2025-03-14
22132	G22132T	S	R190S	LP.8.1*,LF.7*,NC.1*,JN.1.59.1*,LB.1.4.1*,XER*,KP.4.2.4*,XEL.4*,NK.1*,KP.4.2.6*,LZ.4*,NL.5.2*,MA.1*,LP.7*,NL.1*,LP.1.2*	2024-12-01	2024-12-21	1501919.0	0.085548	17556395.0	923.0	126.0	1677	2025-03-14
22132	G22132T	S	R190S	LP.8.1*,LF.7*,NC.1*,JN.1.59.1*,LB.1.4.1*,XER*,KP.4.2.4*,XEL.4*,NK.1*,KP.4.2.6*,LZ.4*,NL.5.2*,MA.1*,LP.7*,NL.1*,LP.1.2*	2024-11-10	2024-11-30	1493254.0	0.070255	21254815.0	937.0	93.0	2061	2025-03-14
22599	G22599C	S	R346T	MC.19*,KS.1*,KP.2*,KP.4.1*,MC.28.1.1*,JN.1.8.2*,JN.1.58.2*,JN.1.50.1*,JN.1.4.4*,MC.31*,MK.3*,LE.1*,JN.1.9.2*,JN.1.39.2*,XEM*,MC.13.2.1*,JN.1.25.1*,XED*,MC.13.3.1*,LN.1.1*,XES*,JN.1.59.1*,LU.1*,JN.1.16.1*,MC.33.1*,MQ.1*,LF.6*,LF.8*,XEH*,MU.3*,JN.1.18*,MF.1*,JN.1.48*,JN.1.18.8*,KQ.1*,JN.1.1.5*,JN.1.49.1*,JN.1.24.1*,JN.1.44.1*,JN.1.1.3*,XDK.1*,MC.17.1*,NU.1*,JN.1.42.2*,JN.1.11.2*,MC.32.1*,LG.1*,KZ.1.1*,MZ.3*,XDD.1.1.1*,LU.2*,XDR.1*,JN.1.7.3*,JN.1.30.1*,JN.1.29.1*,MC.10.1.6*,KR.5*,JN.1.6.1*,JN.1.26*	2024-12-01	2024-12-21	4737572.0	0.115909	40873081.0	793.0	213.0	1677	2025-03-14
22599	G22599C	S	R346T	MC.19*,KS.1*,KP.2*,KP.4.1*,MC.28.1.1*,JN.1.8.2*,JN.1.58.2*,JN.1.50.1*,JN.1.4.4*,MC.31*,MK.3*,LE.1*,JN.1.9.2*,JN.1.39.2*,XEM*,MC.13.2.1*,JN.1.25.1*,XED*,MC.13.3.1*,LN.1.1*,XES*,JN.1.59.1*,LU.1*,JN.1.16.1*,MC.33.1*,MQ.1*,LF.6*,LF.8*,XEH*,MU.3*,JN.1.18*,MF.1*,JN.1.48*,JN.1.18.8*,KQ.1*,JN.1.1.5*,JN.1.49.1*,JN.1.24.1*,JN.1.44.1*,JN.1.1.3*,XDK.1*,MC.17.1*,NU.1*,JN.1.42.2*,JN.1.11.2*,MC.32.1*,LG.1*,KZ.1.1*,MZ.3*,XDD.1.1.1*,LU.2*,XDR.1*,JN.1.7.3*,JN.1.30.1*,JN.1.29.1*,MC.10.1.6*,KR.5*,JN.1.6.1*,JN.1.26*	2024-11-10	2024-11-30	10437702.0	0.138942	75122778.0	863.0	231.0	2061	2025-03-14
22865	G22865T	S	A435S	MC.10.1*,MC.28.1*,KP.3.3.2*,MC.30.1.1*,LP.10.1.1*,MC.31*,XEP*,XDY.3*,XDY.1*,MC.13.2*,KP.3.3.5*,MC.21.1*,MU.2.1.1*,MU.6*,KP.3.7*,KP.2.14.2*,XFB*,XDV.1.9.1*	2024-11-10	2024-11-30	65064.0	0.088268	737120.0	301.0	10.0	2061	2025-03-14
22865	G22865T	S	A435S	MC.10.1*,MC.28.1*,KP.3.3.2*,MC.30.1.1*,LP.10.1.1*,MC.31*,XEP*,XDY.3*,XDY.1*,MC.13.2*,KP.3.3.5*,MC.21.1*,MU.2.1.1*,MU.6*,KP.3.7*,KP.2.14.2*,XFB*,XDV.1.9.1*	2024-12-01	2024-12-21	44488.0	0.06764	657720.0	286.0	11.0	1677	2025-03-14
22893	A22893G	S	K444R	LF.7*,XER*,JN.1.61*,NA.1.1*,JN.1.23*	2024-12-01	2024-12-21	58771.0	0.056145	1046764.0	264.0	11.0	1677	2025-03-14
22893	A22893G	S	K444R	LF.7*,XER*,JN.1.61*,NA.1.1*,JN.1.23*	2024-11-10	2024-11-30	69334.0	0.04732	1465203.0	298.0	14.0	2061	2025-03-14
22895	G22895C, T22896C	S	V445P	LB.1.3.1*,PC.2*,PA.1*,MU.5*,KP.2.3.4*,LP.9*,NC.1.2*,LK.1*,NN.1*,LF.7.7.2*,LP.1.2.1*,KP.2.28.1*,MU.2.1.1*,LF.3.1*,LB.1.10*,JN.1.50*,NS.1.1*,JN.1.1.8*,MA.1.1.1*	2024-12-01	2024-12-21	38003.0	0.030402	1250035.0	228.0	7.0	1677	2025-03-14
22895	G22895C, T22896C	S	V445P	LB.1.3.1*,PC.2*,PA.1*,MU.5*,KP.2.3.4*,LP.9*,NC.1.2*,LK.1*,NN.1*,LF.7.7.2*,LP.1.2.1*,KP.2.28.1*,MU.2.1.1*,LF.3.1*,LB.1.10*,JN.1.50*,NS.1.1*,JN.1.1.8*,MA.1.1.1*	2024-11-10	2024-11-30	60485.0	0.035224	1717156.0	305.0	12.0	2061	2025-03-14
22895	G22895C, T22896G	S	V445R	MC.32.1*,MC.33.1*,MC.19.1*,LP.8*,MK.3*,NZ.1*	2024-12-01	2024-12-21	52630.0	0.042103	1250035.0	307.0	9.0	1677	2025-03-14
22895	G22895C, T22896G	S	V445R	MC.32.1*,MC.33.1*,MC.19.1*,LP.8*,MK.3*,NZ.1*	2024-11-10	2024-11-30	51109.0	0.029764	1717156.0	285.0	12.0	2061	2025-03-14
22926	T22926C	S	L455S		2024-11-10	2024-11-30	1639918.0	0.854239	1919742.0	1099.0	371.0	2061	2025-03-14
22926	T22926C	S	L455S		2024-12-01	2024-12-21	982846.0	0.913871	1075476.0	926.0	279.0	1677	2025-03-14
22928	T22928C	S	F456L	JN.1.16*,KS.1*,JN.1.39.1*,XDK.3*,LZ.2.2*,JN.1.1.6*,JN.1.65.1*,JN.1.4.9*,KU.2*,JN.1.55.2*,JN.1.11.1*,KR.3*,JN.1.18.5*,MD.3.1*,JN.1.62*,KW.1.1*,LN.1.1*,XDK.4.1*,LF.6*,LM.1*,NS.3*,LZ.2.1*,LF.8*,LZ.1*,XDK.1.2*,LQ.1*,JN.1.55.1*,JN.1.51.1*,JN.1.7.8*,JN.1.7.9*,JN.1.48*,XDK.6*,MD.1*,JN.1.67.1*,LR.1*,JN.1.15.1*,LE.1.3.1*,XDK.5*,JN.1.50*,LL.1*,XDV.1*,XDR.1.1*,LR.3*,KR.1*,JN.1.18.4*,JN.1.1.8*,JN.1.18.9*,JN.1.29.1*,KR.5*,XDD.3*	2024-12-01	2024-12-21	971400.0	0.975062	996244.0	923.0	273.0	1677	2025-03-14
22928	T22928C	S	F456L	JN.1.16*,KS.1*,JN.1.39.1*,XDK.3*,LZ.2.2*,JN.1.1.6*,JN.1.65.1*,JN.1.4.9*,KU.2*,JN.1.55.2*,JN.1.11.1*,KR.3*,JN.1.18.5*,MD.3.1*,JN.1.62*,KW.1.1*,LN.1.1*,XDK.4.1*,LF.6*,LM.1*,NS.3*,LZ.2.1*,LF.8*,LZ.1*,XDK.1.2*,LQ.1*,JN.1.55.1*,JN.1.51.1*,JN.1.7.8*,JN.1.7.9*,JN.1.48*,XDK.6*,MD.1*,JN.1.67.1*,LR.1*,JN.1.15.1*,LE.1.3.1*,XDK.5*,JN.1.50*,LL.1*,XDV.1*,XDR.1.1*,LR.3*,KR.1*,JN.1.18.4*,JN.1.1.8*,JN.1.18.9*,JN.1.29.1*,KR.5*,XDD.3*	2024-11-10	2024-11-30	1620551.0	0.970153	1670407.0	1102.0	367.0	2061	2025-03-14
22986	C22986T	S	A475V	LF.7.1.2*,PC.2*,LF.7.3.1*,KP.2.3.1*,LP.8.1.9*,NY.6*,LP.8.2.1*,LP.10.1*,LF.7.2.1*	2024-11-10	2024-11-30	19117.0	0.011722	1630861.0	177.0	3.0	2061	2025-03-14
22986	C22986T	S	A475V	LF.7.1.2*,PC.2*,LF.7.3.1*,KP.2.3.1*,LP.8.1.9*,NY.6*,LP.8.2.1*,LP.10.1*,LF.7.2.1*	2024-12-01	2024-12-21	22877.0	0.022702	1007694.0	156.0	3.0	1677	2025-03-14
23039	C23039G	S	Q493E	XEQ*,KP.3*,XEF*,XDY.5*,XDY.7*,JN.1.16.5*,KP.3.4*,XET*,LP.8*,XDY*,XDY.3*,XDY.1*,XDY.6*,XDY.2*,JN.1.16.4*	2024-12-01	2024-12-21	2160759.0	0.804293	2686533.0	884.0	296.0	1677	2025-03-14
23039	C23039G	S	Q493E	XEQ*,KP.3*,XEF*,XDY.5*,XDY.7*,JN.1.16.5*,KP.3.4*,XET*,LP.8*,XDY*,XDY.3*,XDY.1*,XDY.6*,XDY.2*,JN.1.16.4*	2024-11-10	2024-11-30	3246333.0	0.799789	4058989.0	1025.0	383.0	2061	2025-03-14
23277	C23277T	S	T572I	MC.1*,XEC.4*,MC.30.1.1*,MC.6.1*,NB.1.3.1*,JN.1.32*,LD.1*,KP.2.3.6*,JN.1.62*,MU.1*,XEC.21*,XEF.3*,KP.2.9*,KW.1*,LF.7.7*,MH.1*,KP.1.2*,JN.1.4.3*,LZ.3*,KP.2.15.1*,JN.1.47.2*,JN.1.7*,JN.1.1.1*,MZ.5*,LB.1.2.2*,MC.13.4*,KP.2.3.8*,XDV.1.3*,KP.5*,JN.1.9.1*,XDY.1.1*,XDK*,XDY.5.1*,XFB*,MC.26.1*,KV.2*,JN.1.16.3*,MC.8.1*,LP.4*,JN.1.65*,NL.5.1*,KP.2.14.1*,KP.2.27*,KP.2.2.2*,MG.1*,XDD.3*	2024-11-10	2024-11-30	1884332.0	0.085595	22014554.0	774.0	160.0	2061	2025-03-14
23277	C23277T	S	T572I	MC.1*,XEC.4*,MC.30.1.1*,MC.6.1*,NB.1.3.1*,JN.1.32*,LD.1*,KP.2.3.6*,JN.1.62*,MU.1*,XEC.21*,XEF.3*,KP.2.9*,KW.1*,LF.7.7*,MH.1*,KP.1.2*,JN.1.4.3*,LZ.3*,KP.2.15.1*,JN.1.47.2*,JN.1.7*,JN.1.1.1*,MZ.5*,LB.1.2.2*,MC.13.4*,KP.2.3.8*,XDV.1.3*,KP.5*,JN.1.9.1*,XDY.1.1*,XDK*,XDY.5.1*,XFB*,MC.26.1*,KV.2*,JN.1.16.3*,MC.8.1*,LP.4*,JN.1.65*,NL.5.1*,KP.2.14.1*,KP.2.27*,KP.2.2.2*,MG.1*,XDD.3*	2024-12-01	2024-12-21	1676999.0	0.082959	20214875.0	783.0	180.0	1677	2025-03-14
24819	A24819G	S	K1086R	KP.1*,KP.1.1*	2024-12-01	2024-12-21	1414003.0	0.048877	28929773.0	682.0	70.0	1677	2025-03-14
24819	A24819G	S	K1086R	KP.1*,KP.1.1*	2024-11-10	2024-11-30	1559993.0	0.038546	40470784.0	749.0	45.0	2061	2025-03-14
24872	G24872T	S	V1104L	XEQ*,XEF*,LB.1.1*,XDY.7*,XDY.5*,XDY*,JN.1.11*,XDY.3*,XDY.1*,XDY.6*,XDY.2*	2024-12-01	2024-12-21	25712601.0	0.862325	29817753.0	1310.0	592.0	1677	2025-03-14
24872	G24872T	S	V1104L	XEQ*,XEF*,LB.1.1*,XDY.7*,XDY.5*,XDY*,JN.1.11*,XDY.3*,XDY.1*,XDY.6*,XDY.2*	2024-11-10	2024-11-30	35998214.0	0.83439	43143137.0	1501.0	679.0	2061	2025-03-14
25263	T25263-25263del	S	1234fs		2024-11-10	2024-11-30	30092.0	0.01175	2560963.0	402.0	2.0	2061	2025-03-14
25263	T25263-25263del	S	1234fs		2024-12-01	2024-12-21	35663.0	0.023981	1487161.0	288.0	1.0	1677	2025-03-14
25595	G25595T	ORF3a	R68I	MC.24*,XFB*,MC.24.1*,MC.24.2*	2024-11-10	2024-11-30	878198.0	0.027725	31675473.0	737.0	36.0	2061	2025-03-14
25595	G25595T	ORF3a	R68I	MC.24*,XFB*,MC.24.1*,MC.24.2*	2024-12-01	2024-12-21	324720.0	0.012577	25819185.0	685.0	30.0	1677	2025-03-14
25925	C25925T	ORF3a	P178L	LP.11*,LP.8*	2024-12-01	2024-12-21	85584.0	0.059436	1439941.0	316.0	26.0	1677	2025-03-14
25925	C25925T	ORF3a	P178L	LP.11*,LP.8*	2024-11-10	2024-11-30	37569.0	0.015133	2482658.0	296.0	12.0	2061	2025-03-14
26958	C26958A	M	R146S		2024-11-10	2024-11-30	125428.0	0.020534	6108411.0	548.0	37.0	2061	2025-03-14
26958	C26958A	M	R146S		2024-12-01	2024-12-21	1515.0	0.00032	4737943.0	435.0	0.0	1677	2025-03-14
27008	G27008T	M	K162N		2024-12-01	2024-12-21	513013.0	0.024549	20897780.0	566.0	1.0	1677	2025-03-14
27008	G27008T	M	K162N		2024-11-10	2024-11-30	35714.0	0.00108	33070814.0	775.0	1.0	2061	2025-03-14
27112	G27112C	M	S197T		2024-11-10	2024-11-30	5118.0	0.000164	31244782.0	531.0	0.0	2061	2025-03-14
27112	G27112C	M	S197T		2024-12-01	2024-12-21	498563.0	0.024624	20247442.0	387.0	1.0	1677	2025-03-14
27147	G27147A	M	D209N		2024-12-01	2024-12-21	495945.0	0.023024	21540289.0	532.0	1.0	1677	2025-03-14
27147	G27147A	M	D209N		2024-11-10	2024-11-30	5329.0	0.000156	34100767.0	683.0	0.0	2061	2025-03-14
27230	C27230A	ORF6	T10N		2024-12-01	2024-12-21	660346.0	0.031248	21132337.0	511.0	2.0	1677	2025-03-14
27230	C27230A	ORF6	T10N		2024-11-10	2024-11-30	110135.0	0.003556	30974834.0	682.0	3.0	2061	2025-03-14
27476	C27476T	ORF7a	T28I	LB.1.3.1*,JN.1.8.1*,JN.1.8*	2024-12-01	2024-12-21	1132594.0	0.043564	25998621.0	671.0	77.0	1677	2025-03-14
27476	C27476T	ORF7a	T28I	LB.1.3.1*,JN.1.8.1*,JN.1.8*	2024-11-10	2024-11-30	1124170.0	0.031704	35457877.0	754.0	58.0	2061	2025-03-14
27810	T27810C	ORF7b	F19L		2024-11-10	2024-11-30	25108787.0	0.731882	34307152.0	1634.0	885.0	2061	2025-03-14
27810	T27810C	ORF7b	F19L		2024-12-01	2024-12-21	18279924.0	0.726094	25175686.0	1320.0	664.0	1677	2025-03-14
28093	C28093T	ORF8	S67F	NK.1*	2024-11-10	2024-11-30	45346.0	0.004593	9871826.0	403.0	6.0	2061	2025-03-14
28093	C28093T	ORF8	S67F	NK.1*	2024-12-01	2024-12-21	160720.0	0.021408	7507300.0	359.0	13.0	1677	2025-03-14
28883	G28883C, G28884C	N	G204P	XEP*,KP.3.3*	2024-11-10	2024-11-30	5669775.0	0.289457	19587657.0	1377.0	552.0	2061	2025-03-14
28883	G28883C, G28884C	N	G204P	XEP*,KP.3.3*	2024-12-01	2024-12-21	4890780.0	0.413878	11816949.0	1206.0	527.0	1677	2025-03-14
29409	C29409T	N	T379I	LB.1.3.1*,MC.10.1.3*,NS.3*,NT.1*,XDS*,XEC.2.3*	2024-12-01	2024-12-21	3545744.0	0.021815	162535747.0	875.0	87.0	1677	2025-03-14
29409	C29409T	N	T379I	LB.1.3.1*,MC.10.1.3*,NS.3*,NT.1*,XDS*,XEC.2.3*	2024-11-10	2024-11-30	6687622.0	0.026231	254951883.0	933.0	72.0	2061	2025-03-14
515	GTTATG515-520del	ORF1	VM84-85del	LB.1.3.1*	2025-03-02	2025-03-22	6096.0	0.029943	203586.0	96.0	0.0	951	2025-04-01
1266	G1266T	ORF1	G334V		2025-03-02	2025-03-22	450955.0	0.033572	13432290.0	543.0	1.0	951	2025-04-01
1266	G1266T	ORF1	G334V		2025-02-09	2025-03-01	26039.0	0.001691	15394214.0	661.0	2.0	1352	2025-04-01
2060	G2060A	ORF1	A599T	XEC*,MC.24.1*	2025-03-02	2025-03-22	5367179.0	0.159573	33634708.0	520.0	199.0	951	2025-04-01
2949	T2949G	ORF1	I895S		2025-03-02	2025-03-22	59307.0	0.020265	2926618.0	430.0	1.0	951	2025-04-01
3896	G3896A	ORF1	V1211I		2025-03-02	2025-03-22	11990.0	0.000803	14924357.0	228.0	3.0	951	2025-04-01
4364	A4364C	ORF1	I1367L	XEP*,KP.3.3.4*,XEC.2*	2025-03-02	2025-03-22	942383.0	0.036971	25489773.0	469.0	42.0	951	2025-04-01
4424	A4424-4424del	ORF1	1387fs		2025-02-09	2025-03-01	169.0	4e-06	44932804.0	110.0	0.0	1352	2025-04-01
4424	A4424-4424del	ORF1	1387fs		2025-03-02	2025-03-22	651165.0	0.021632	30101669.0	66.0	1.0	951	2025-04-01
5162	G5162T	ORF1	E1633*		2025-03-02	2025-03-22	246741.0	0.039651	6222826.0	533.0	1.0	951	2025-04-01
5162	G5162T	ORF1	E1633*		2025-02-09	2025-03-01	16287.0	0.001939	8400916.0	602.0	0.0	1352	2025-04-01
5784	C5784T	ORF1	T1840I	MC.32*	2025-03-02	2025-03-22	600882.0	0.02791	21529277.0	167.0	5.0	951	2025-04-01
5907	C5907T	ORF1	T1881I	ND.1*,XET*	2025-03-02	2025-03-22	720452.0	0.030587	23554253.0	286.0	1.0	951	2025-04-01
5907	C5907T	ORF1	T1881I	ND.1*,XET*	2025-02-09	2025-03-01	12029.0	0.000428	28128118.0	380.0	1.0	1352	2025-04-01
6255	C6255T	ORF1	A1997V	LP.8*,LP.11*	2025-03-02	2025-03-22	25430450.0	0.406321	62587096.0	688.0	316.0	951	2025-04-01
6312	C6312T	ORF1	T2016I	XEC.4*,LU.1*	2025-03-02	2025-03-22	387454.0	0.016027	24175509.0	279.0	16.0	951	2025-04-01
6533	G6533T	ORF1	V2090F	XEC.11.1*	2025-03-02	2025-03-22	822180.0	0.035696	23032601.0	386.0	24.0	951	2025-04-01
6543	C6543T	ORF1	T2093I	KP.2.3.10*,KP.3.3.7*,KP.2.11*	2025-03-02	2025-03-22	536491.0	0.023857	22488141.0	303.0	10.0	951	2025-04-01
6543	C6543T	ORF1	T2093I	KP.2.3.10*,KP.3.3.7*,KP.2.11*	2025-02-09	2025-03-01	185541.0	0.005628	32967310.0	478.0	12.0	1352	2025-04-01
6701	C6701T	ORF1	L2146F	XEQ*,KS.1.1.2*,XEL*,MC.38*	2025-02-09	2025-03-01	43364.0	0.004688	9249035.0	231.0	8.0	1352	2025-04-01
6701	C6701T	ORF1	L2146F	XEQ*,KS.1.1.2*,XEL*,MC.38*	2025-03-02	2025-03-22	96993.0	0.029016	3342732.0	165.0	8.0	951	2025-04-01
7113	C7113T	ORF1	T2283I	KU.2*,XDV*,JN.1.11.1*	2025-03-02	2025-03-22	26338344.0	0.394383	66783720.0	632.0	329.0	951	2025-04-01
7262	C7262A	ORF1	L2333I		2025-03-02	2025-03-22	41018.0	0.029364	1396879.0	333.0	3.0	951	2025-04-01
7869	C7869T	ORF1	S2535L	LF.7*	2025-03-02	2025-03-22	3295693.0	0.057459	57357630.0	455.0	49.0	951	2025-04-01
8109	C8109T	ORF1	T2615I		2025-02-09	2025-03-01	4729.0	6.5e-05	72323225.0	527.0	0.0	1352	2025-04-01
8109	C8109T	ORF1	T2615I		2025-03-02	2025-03-22	1273222.0	0.0277	45965069.0	330.0	2.0	951	2025-04-01
10296	C10296T	ORF1	S3344F		2025-03-02	2025-03-22	46591.0	0.002766	16845933.0	198.0	2.0	951	2025-04-01
10301	C10301A	ORF1	Q3346K		2025-02-09	2025-03-01	52694.0	0.00187	28181141.0	440.0	2.0	1352	2025-04-01
10301	C10301A	ORF1	Q3346K		2025-03-02	2025-03-22	430032.0	0.025628	16779450.0	407.0	2.0	951	2025-04-01
10323	A10323G	ORF1	K3353R	MC.10.2*,JN.1.52*,LF.7.8*,LP.8.1.5*	2025-03-02	2025-03-22	533616.0	0.034061	15666590.0	408.0	31.0	951	2025-04-01
10499	G10499-10499del	ORF1	3412fs		2025-02-09	2025-03-01	243.0	8e-06	29244935.0	154.0	0.0	1352	2025-04-01
10499	G10499-10499del	ORF1	3412fs		2025-03-02	2025-03-22	513145.0	0.031618	16229451.0	98.0	1.0	951	2025-04-01
11727	G11727A	ORF1	R3821K		2025-03-02	2025-03-22	1411051.0	0.980438	1439204.0	639.0	436.0	951	2025-04-01
11742	A11742G	ORF1	Q3826R		2025-02-09	2025-03-01	943.0	0.000469	2008878.0	312.0	0.0	1352	2025-04-01
11742	A11742G	ORF1	Q3826R		2025-03-02	2025-03-22	35734.0	0.025132	1421854.0	237.0	1.0	951	2025-04-01
12674	G12674-12674del	ORF1	4137fs		2025-03-02	2025-03-22						951	2025-04-01
13121	A13121T	ORF1	S4286C	KP.3.1.1*,XFA*,XEW*	2025-03-02	2025-03-22	2733259.0	0.119489	22874609.0	377.0	108.0	951	2025-04-01
13170	C13170T	ORF1	T4302I		2025-03-02	2025-03-22	148469.0	0.007267	20430060.0	217.0	5.0	951	2025-04-01
13852	AA13852-13853del	ORF1	4530fs		2025-03-02	2025-03-22	1105575.0	0.036095	30629834.0	15.0	1.0	951	2025-04-01
13852	AA13852-13853del	ORF1	4530fs		2025-02-09	2025-03-01	2.0	0.0	37829484.0	2.0	0.0	1352	2025-04-01
14120	C14120T	ORF1	P4619L		2025-03-02	2025-03-22	767449.0	0.022434	34209075.0	368.0	5.0	951	2025-04-01
14120	C14120T	ORF1	P4619L		2025-02-09	2025-03-01	297498.0	0.005948	50012538.0	487.0	6.0	1352	2025-04-01
14189	C14189T	ORF1	A4642V		2025-02-09	2025-03-01	509744.0	0.009806	51984326.0	603.0	20.0	1352	2025-04-01
14189	C14189T	ORF1	A4642V		2025-03-02	2025-03-22	1052193.0	0.03038	34634924.0	424.0	23.0	951	2025-04-01
14964	A14964C	ORF1	K4900N		2025-03-02	2025-03-22	103738.0	0.019391	5349685.0	476.0	8.0	951	2025-04-01
15007	G15007A	ORF1	D4915N		2025-03-02	2025-03-22	5934.0	0.001157	5129012.0	189.0	1.0	951	2025-04-01
15009	T15009A	ORF1	D4915E		2025-02-09	2025-03-01	130701.0	0.017631	7412960.0	497.0	15.0	1352	2025-04-01
15009	T15009A	ORF1	D4915E		2025-03-02	2025-03-22	182112.0	0.035512	5128187.0	471.0	37.0	951	2025-04-01
17042	A17042G	ORF1	Y5593C		2025-03-02	2025-03-22	295409.0	0.021972	13444962.0	403.0	1.0	951	2025-04-01
17042	A17042G	ORF1	Y5593C		2025-02-09	2025-03-01	2189.0	0.000105	20915705.0	597.0	0.0	1352	2025-04-01
17093	C17093T	ORF1	T5610I		2025-02-09	2025-03-01	1508.0	6e-05	25306108.0	393.0	0.0	1352	2025-04-01
17093	C17093T	ORF1	T5610I		2025-03-02	2025-03-22	296895.0	0.020594	14416336.0	240.0	3.0	951	2025-04-01
18131	C18131T	ORF1	T5956I		2025-03-02	2025-03-22	183775.0	0.027254	6743018.0	238.0	38.0	951	2025-04-01
21627	C21627A	S	T22N	XEC*,LF.7*,XEQ*,MB.1.1*,MJ.1.1*,LJ.1*,KP.2.2.1*,KP.3.1.9*,LP.8.1.6*,XEN*,LP.8.1.8*,MC.24.1*,KP.2.14*,MT.1.1*,KP.3.3.9*,MR.2*,NG.1*,JN.1.16.5*,KS.1.5*,XFC*,XER*,KP.2.18*,PB.2*,KP.2.26*,MG.3*,MU.6*,MU.3*,KP.3.6*,XDV.1.7.1*,NB.1*,XEL*,KS.1.1*,LF.8.1.1*,PB.1*	2025-03-02	2025-03-22	883126.0	0.35804	2466557.0	522.0	116.0	951	2025-04-01
21652	TTC21652-21654del	S	NS30-31Ndel		2025-03-02	2025-03-22	1699805.0	0.581852	2921369.0	556.0	191.0	951	2025-04-01
21653	T21653C	S	S31P	LF.7*,KP.3.2.6*,MT.1*,NF.1*,XFC*,JN.1.40*,XER*,KP.2.26*,MJ.1*	2025-03-02	2025-03-22	101744.0	0.037522	2711614.0	189.0	22.0	951	2025-04-01
21738	T21738C	S	F59S	XEC*,JN.1.18.6*,KS.1*,KP.2.10*,JN.1.18.9*,KP.3.3.8*,KR.1.4*,JN.1.13.1*,KP.3.1.8*,MN.1*,JN.1.42.1*,MR.2*,JN.1.18.2*,XEM*,MZ.3*,MU.3*,NB.1*,XDR.1*,KP.1.1.5*	2025-03-02	2025-03-22	106874.0	0.288259	370757.0	328.0	25.0	951	2025-04-01
22107	A22107G	S	K182R	LF.7*,KP.2.2.2*,XEC.1*,XFC*,XER*,MC.15*,LB.1.3.3*	2025-03-02	2025-03-22	3369636.0	0.055378	60848117.0	562.0	64.0	951	2025-04-01
22108	A22108T	S	K182N	LU.2.1.1*,MB.1.1*,KP.1.1.1*,XEC.11*	2025-03-02	2025-03-22	591217.0	0.010304	57378520.0	493.0	20.0	951	2025-04-01
22120	C22120A	S	F186L	LP.8.1*,LP.8.2*	2025-03-02	2025-03-22	21983623.0	0.191534	114776896.0	656.0	323.0	951	2025-04-01
22132	G22132T	S	R190S	LP.8.1*,LF.7*,KP.4.2.6*,LP.7*,NL.5.2*,LZ.4*,NC.1*,XER*,XEL.4*,KP.4.2.4*,LP.1.2*,MA.1*,JN.1.59.1*,NL.1*,NK.1*,LB.1.4.1*	2025-03-02	2025-03-22	25894180.0	0.329677	78544046.0	674.0	372.0	951	2025-04-01
22599	G22599C	S	R346T	MC.19*,KS.1*,KP.2*,KP.4.1*,LU.1*,XDK.1*,KZ.1.1*,MC.33.1*,LF.6*,MC.31*,MC.13.3.1*,MF.1*,XEH*,JN.1.9.2*,JN.1.1.5*,MC.13.2.1*,JN.1.1.3*,XES*,JN.1.49.1*,LN.1.1*,LF.8*,JN.1.7.3*,JN.1.16.1*,JN.1.48*,JN.1.6.1*,JN.1.50.1*,JN.1.44.1*,MC.10.1.6*,JN.1.26*,LU.2*,JN.1.30.1*,JN.1.39.2*,MC.17.1*,JN.1.58.2*,JN.1.29.1*,JN.1.18.8*,JN.1.8.2*,XDD.1.1.1*,JN.1.59.1*,MK.3*,XEM*,XED*,JN.1.18*,MC.32.1*,JN.1.4.4*,LG.1*,MZ.3*,MU.3*,KQ.1*,JN.1.25.1*,NU.1*,JN.1.42.2*,MC.28.1.1*,JN.1.24.1*,MQ.1*,KR.5*,XDR.1*,LE.1*,JN.1.11.2*	2025-03-02	2025-03-22	11245827.0	0.371438	30276428.0	605.0	388.0	951	2025-04-01
22796	C22796T	S	P412S		2025-03-02	2025-03-22	829603.0	0.037212	22293793.0	294.0	1.0	951	2025-04-01
22796	C22796T	S	P412S		2025-02-09	2025-03-01	2171.0	8.3e-05	26087970.0	404.0	0.0	1352	2025-04-01
22865	G22865T	S	A435S	MC.10.1*,MC.28.1*,MC.30.1.1*,KP.3.7*,KP.3.3.2*,KP.3.3.5*,MU.6*,XDV.1.9.1*,MC.21.1*,XFB*,MC.13.2*,MU.2.1.1*,KP.2.14.2*,XEP*,MC.31*,XDY.1*,LP.10.1.1*,XDY.3*	2025-03-02	2025-03-22	102329.0	0.058108	1761015.0	326.0	18.0	951	2025-04-01
22893	A22893G	S	K444R	LF.7*,JN.1.23*,JN.1.61*,NA.1.1*,XER*	2025-03-02	2025-03-22	95396.0	0.046507	2051204.0	250.0	21.0	951	2025-04-01
22895	G22895C, T22896G	S	V445R	MC.19.1*,MC.32.1*,NZ.1*,MC.33.1*,LP.8*,MK.3*	2025-03-02	2025-03-22	1069679.0	0.246912	4332231.0	475.0	152.0	951	2025-04-01
22895	G22895C, T22896C	S	V445P	LB.1.3.1*,LP.1.2.1*,PA.1*,LK.1*,JN.1.50*,LF.7.8*,KP.2.28.1*,LB.1.10*,LF.7.9*,NC.1.2*,LP.9*,NS.1.1*,MU.5*,JN.1.1.8*,MU.2.1.1*,KP.2.3.4*,NN.1*,LF.3.1*,MA.1.1.1*,LF.7.7.2*	2025-03-02	2025-03-22	142969.0	0.033001	4332231.0	223.0	31.0	951	2025-04-01
22926	T22926C	S	L455S		2025-03-02	2025-03-22	1987358.0	0.623289	3188503.0	621.0	267.0	951	2025-04-01
22928	T22928C	S	F456L	JN.1.16*,KS.1*,JN.1.39.1*,MD.1*,LZ.2.1*,JN.1.50*,LE.1.3.1*,JN.1.18.9*,LF.6*,JN.1.67.1*,JN.1.51.1*,NS.3*,XDK.1.2*,LR.3*,XDR.1.1*,XDK.3*,KW.1.1*,XDK.4.1*,LN.1.1*,LR.1*,LF.8*,LQ.1*,XDK.6*,JN.1.55.1*,JN.1.62*,JN.1.48*,KU.2*,JN.1.7.8*,MD.3.1*,XDK.5*,XDV.1*,LM.1*,JN.1.55.2*,JN.1.1.8*,JN.1.29.1*,JN.1.18.5*,XDD.3*,JN.1.4.9*,JN.1.15.1*,JN.1.18.4*,JN.1.65.1*,KR.1*,KR.3*,LZ.2.2*,LZ.1*,JN.1.11.1*,JN.1.7.9*,LL.1*,JN.1.1.6*,KR.5*	2025-03-02	2025-03-22	1982874.0	0.986497	2010015.0	621.0	267.0	951	2025-04-01
22986	C22986T	S	A475V	LP.8.1.9*,LP.8.2.1*,LF.7.2.1*,LF.7.3.1*,LF.7.1.2*,LF.7.9*,LP.10.1*,KP.2.3.1*,NY.6*	2025-03-02	2025-03-22	47597.0	0.02442	1949114.0	137.0	5.0	951	2025-04-01
22994	A22994G, C22995A	S	T478E	LZ.2.1.1*,LF.7.8*,KP.2.13*,ND.2*	2025-03-02	2025-03-22	65653.0	0.02233	2940088.0	158.0	2.0	951	2025-04-01
22994	A22994G, C22995A	S	T478E	LZ.2.1.1*,LF.7.8*,KP.2.13*,ND.2*	2025-02-09	2025-03-01	9000.0	0.003436	2619165.0	248.0	1.0	1352	2025-04-01
23039	C23039G	S	Q493E	XEQ*,KP.3*,XEF*,XDY.6*,XET*,KP.3.4*,JN.1.16.5*,JN.1.16.4*,XDY.2*,XDY.7*,XDY.4*,XDY*,LP.8*,XDY.1*,XDY.3*,XDY.5*	2025-03-02	2025-03-22	2607864.0	0.746836	3491883.0	590.0	268.0	951	2025-04-01
23277	C23277T	S	T572I	XEC.4*,MC.1*,KP.2.2.2*,MH.1*,KP.2.3.8*,JN.1.1.1*,JN.1.7*,LD.1*,MC.30.1.1*,MC.6.1*,NL.5.1*,KP.2.15.1*,KV.2*,JN.1.32*,JN.1.9.1*,LF.7.7*,XFB*,JN.1.65*,LB.1.2.2*,XDV.1.3*,JN.1.62*,MZ.5*,MU.1*,NB.1.3.1*,XDY.1.1*,KP.2.27*,KP.1.2*,XDK*,MC.26.1*,MC.13.4*,MG.1*,KP.2.3.6*,MC.8.1*,LP.4*,JN.1.16.3*,XDD.3*,XFA*,KW.1*,XEC.21*,XDY.5.1*,XEF.3*,LZ.3*,KP.2.14.1*,KP.5*,KP.2.9*,JN.1.4.3*,JN.1.47.2*	2025-03-02	2025-03-22	6159057.0	0.052989	116231811.0	640.0	158.0	951	2025-04-01
23517	G23517T	S	G652V		2025-02-09	2025-03-01	8591.0	0.00077	11162002.0	580.0	0.0	1352	2025-04-01
23517	G23517T	S	G652V		2025-03-02	2025-03-22	247249.0	0.02651	9326696.0	535.0	1.0	951	2025-04-01
23578	TAG23578-23580del	S	AS672-673Adel		2025-03-02	2025-03-22	240072.0	0.02813	8534410.0	5.0	1.0	951	2025-04-01
23578	TAG23578-23580del	S	AS672-673Adel		2025-02-09	2025-03-01						1352	2025-04-01
24819	A24819G	S	K1086R	KP.1.1*,KP.1*	2025-03-02	2025-03-22	12479739.0	0.383249	32563042.0	596.0	279.0	951	2025-04-01
24872	G24872T	S	V1104L	XEQ*,XEF*,XDY.6*,LB.1.1*,XDY.2*,XDY.7*,XDY.4*,JN.1.11*,XDY*,XDY.1*,XDY.3*,XDY.5*	2025-03-02	2025-03-22	29017760.0	0.740114	39207146.0	670.0	464.0	951	2025-04-01
25324	C25324A	S	C1254*		2025-03-02	2025-03-22	33018.0	0.01374	2403057.0	467.0	1.0	951	2025-04-01
25693	C25693T	ORF3a	L101F	NW.1*	2025-03-02	2025-03-22	1909672.0	0.042772	44647699.0	477.0	12.0	951	2025-04-01
25693	C25693T	ORF3a	L101F	NW.1*	2025-02-09	2025-03-01	460104.0	0.007546	60971633.0	647.0	18.0	1352	2025-04-01
25925	C25925T	ORF3a	P178L	LP.8*,LP.11*	2025-03-02	2025-03-22	1261625.0	0.373931	3373954.0	507.0	295.0	951	2025-04-01
27476	C27476T	ORF7a	T28I	LB.1.3.1*,JN.1.8*,JN.1.8.1*	2025-03-02	2025-03-22	1763700.0	0.041186	42822652.0	541.0	69.0	951	2025-04-01
27810	T27810C	ORF7b	F19L		2025-03-02	2025-03-22	46208363.0	0.615228	75107749.0	794.0	609.0	951	2025-04-01
28883	G28883C, G28884C	N	G204P	XEP*,MC.24.1*,KP.3.3*	2025-03-02	2025-03-22	9635393.0	0.266574	36145276.0	755.0	456.0	951	2025-04-01
29409	C29409T	N	T379I	LB.1.3.1*,NS.3*,MC.10.1.3*,XDS*,NT.1*,XEC.2.3*	2025-03-02	2025-03-22	8227880.0	0.041916	196294164.0	619.0	77.0	951	2025-04-01
515	GTTATG515-520del	ORF1	VM84-85del	LB.1.3.1*	2025-02-23	2025-03-15	9207.0	0.033458	275184.0	121.0	1.0	1192	2025-04-01
1266	G1266T	ORF1	G334V		2025-02-02	2025-02-22	18497.0	0.001809	10224013.0	650.0	2.0	1387	2025-04-01
1266	G1266T	ORF1	G334V		2025-02-23	2025-03-15	453638.0	0.025215	17991023.0	622.0	1.0	1192	2025-04-01
2060	G2060A	ORF1	A599T	XEC*,MC.24.1*	2025-02-23	2025-03-15	8289328.0	0.180758	45858697.0	654.0	270.0	1192	2025-04-01
2193	G2193T	ORF1	R643I		2025-02-23	2025-03-15	15401.0	0.00028	54970090.0	636.0	0.0	1192	2025-04-01
3896	G3896A	ORF1	V1211I		2025-02-23	2025-03-15	13939.0	0.000777	17941561.0	286.0	4.0	1192	2025-04-01
4364	A4364C	ORF1	I1367L	XEP*,KP.3.3.4*,XEC.2*	2025-02-23	2025-03-15	1541323.0	0.042216	36509978.0	560.0	60.0	1192	2025-04-01
4422	G4422T	ORF1	R1386L		2025-02-23	2025-03-15	28326.0	0.000772	36681992.0	514.0	0.0	1192	2025-04-01
5162	G5162T	ORF1	E1633*		2025-02-02	2025-02-22	12135.0	0.001838	6600990.0	607.0	0.0	1387	2025-04-01
5162	G5162T	ORF1	E1633*		2025-02-23	2025-03-15	249209.0	0.029471	8456204.0	584.0	1.0	1192	2025-04-01
5784	C5784T	ORF1	T1840I	MC.32*	2025-02-23	2025-03-15	1181569.0	0.047291	24984826.0	193.0	8.0	1192	2025-04-01
5784	C5784T	ORF1	T1840I	MC.32*	2025-02-02	2025-02-22	65376.0	0.003366	19423384.0	277.0	8.0	1387	2025-04-01
6255	C6255T	ORF1	A1997V	LP.8*,LP.11*	2025-02-23	2025-03-15	33601020.0	0.363212	92510640.0	826.0	324.0	1192	2025-04-01
6312	C6312T	ORF1	T2016I	XEC.4*,LU.1*	2025-02-23	2025-03-15	478394.0	0.014335	33373357.0	367.0	16.0	1192	2025-04-01
6533	G6533T	ORF1	V2090F	XEC.11.1*	2025-02-02	2025-02-22	412438.0	0.014548	28349634.0	644.0	21.0	1387	2025-04-01
6533	G6533T	ORF1	V2090F	XEC.11.1*	2025-02-23	2025-03-15	1048519.0	0.0327	32064357.0	448.0	22.0	1192	2025-04-01
6701	C6701T	ORF1	L2146F	XEQ*,KS.1.1.2*,XEL*,MC.38*	2025-02-23	2025-03-15	97292.0	0.021393	4547816.0	192.0	9.0	1192	2025-04-01
6701	C6701T	ORF1	L2146F	XEQ*,KS.1.1.2*,XEL*,MC.38*	2025-02-02	2025-02-22	34054.0	0.004258	7996929.0	293.0	5.0	1387	2025-04-01
7113	C7113T	ORF1	T2283I	KU.2*,XDV*,JN.1.11.1*	2025-02-23	2025-03-15	36432901.0	0.36863	98833179.0	773.0	400.0	1192	2025-04-01
7262	C7262A	ORF1	L2333I		2025-02-23	2025-03-15	60071.0	0.030835	1948134.0	357.0	5.0	1192	2025-04-01
7262	C7262A	ORF1	L2333I		2025-02-02	2025-02-22	17577.0	0.011292	1556532.0	210.0	0.0	1387	2025-04-01
7869	C7869T	ORF1	S2535L	LF.7*	2025-02-23	2025-03-15	2776304.0	0.026424	105065884.0	556.0	48.0	1192	2025-04-01
9597	A9597T	ORF1	Y3111F		2025-02-23	2025-03-15	9892.0	0.000509	19447386.0	511.0	0.0	1192	2025-04-01
10296	C10296T	ORF1	S3344F		2025-02-23	2025-03-15	79576.0	0.002847	27947602.0	283.0	4.0	1192	2025-04-01
10323	A10323G	ORF1	K3353R	MC.10.2*,JN.1.52*,LF.7.8*,LP.8.1.5*	2025-02-23	2025-03-15	490838.0	0.020945	23434459.0	484.0	31.0	1192	2025-04-01
10323	A10323G	ORF1	K3353R	MC.10.2*,JN.1.52*,LF.7.8*,LP.8.1.5*	2025-02-02	2025-02-22	445579.0	0.019804	22499646.0	540.0	33.0	1387	2025-04-01
10499	G10499-10499del	ORF1	3412fs		2025-02-02	2025-02-22	152.0	6e-06	24281243.0	115.0	0.0	1387	2025-04-01
10499	G10499-10499del	ORF1	3412fs		2025-02-23	2025-03-15	513249.0	0.020929	24523366.0	150.0	1.0	1192	2025-04-01
11727	G11727A	ORF1	R3821K		2025-02-23	2025-03-15	1926639.0	0.972036	1982065.0	821.0	510.0	1192	2025-04-01
12423	G12423T	ORF1	R4053I		2025-02-23	2025-03-15	13647.0	0.00067	20368706.0	677.0	0.0	1192	2025-04-01
12674	G12674-12674del	ORF1	4137fs		2025-02-23	2025-03-15						1192	2025-04-01
13121	A13121T	ORF1	S4286C	KP.3.1.1*,XFA*,XEW*	2025-02-23	2025-03-15	3184386.0	0.11223	28373825.0	489.0	119.0	1192	2025-04-01
13170	C13170T	ORF1	T4302I		2025-02-23	2025-03-15	764498.0	0.028206	27104199.0	291.0	7.0	1192	2025-04-01
13170	C13170T	ORF1	T4302I		2025-02-02	2025-02-22	52285.0	0.003298	15855793.0	474.0	2.0	1387	2025-04-01
13852	AA13852-13853del	ORF1	4530fs		2025-02-02	2025-02-22						1387	2025-04-01
13852	AA13852-13853del	ORF1	4530fs		2025-02-23	2025-03-15	1105577.0	0.026736	41351965.0	17.0	1.0	1192	2025-04-01
14189	C14189T	ORF1	A4642V		2025-02-23	2025-03-15	1035465.0	0.022048	46965067.0	504.0	20.0	1192	2025-04-01
14189	C14189T	ORF1	A4642V		2025-02-02	2025-02-22	393853.0	0.009227	42683087.0	680.0	22.0	1387	2025-04-01
15007	G15007A	ORF1	D4915N		2025-02-23	2025-03-15	15223.0	0.00222	6857221.0	303.0	1.0	1192	2025-04-01
15007	G15007A, T15009C	ORF1	D4915N		2025-02-23	2025-03-15	2786.0	0.000406	6857221.0	144.0	0.0	1192	2025-04-01
15009	T15009A	ORF1	D4915E		2025-02-23	2025-03-15	197053.0	0.028738	6856859.0	528.0	37.0	1192	2025-04-01
15009	T15009A	ORF1	D4915E		2025-02-02	2025-02-22	77486.0	0.012335	6281561.0	387.0	10.0	1387	2025-04-01
15757	C15757A	ORF1	Q5165K		2025-02-23	2025-03-15	9313.0	0.000992	9392334.0	605.0	0.0	1192	2025-04-01
16686	TA16686-16687del	ORF1	5474fs		2025-02-23	2025-03-15	1020517.0	0.020109	50750073.0	8.0	1.0	1192	2025-04-01
16686	TA16686-16687del	ORF1	5474fs		2025-02-02	2025-02-22						1387	2025-04-01
17012	C17012A	ORF1	S5583*		2025-02-23	2025-03-15	13369.0	0.000703	19016413.0	652.0	1.0	1192	2025-04-01
18131	C18131T	ORF1	T5956I		2025-02-23	2025-03-15	263727.0	0.028048	9402670.0	319.0	44.0	1192	2025-04-01
21627	C21627A	S	T22N	XEC*,LF.7*,XEQ*,MB.1.1*,MJ.1.1*,LJ.1*,KP.2.2.1*,KP.3.1.9*,LP.8.1.6*,XEN*,LP.8.1.8*,MC.24.1*,KP.2.14*,MT.1.1*,KP.3.3.9*,MR.2*,NG.1*,JN.1.16.5*,KS.1.5*,XFC*,XER*,KP.2.18*,PB.2*,KP.2.26*,MG.3*,MU.6*,MU.3*,KP.3.6*,XDV.1.7.1*,NB.1*,XEL*,KS.1.1*,LF.8.1.1*,PB.1*	2025-02-23	2025-03-15	1266223.0	0.398761	3175397.0	622.0	144.0	1192	2025-04-01
21652	TTC21652-21654del	S	NS30-31Ndel		2025-02-23	2025-03-15	1977332.0	0.535438	3692921.0	650.0	212.0	1192	2025-04-01
21653	T21653C	S	S31P	LF.7*,KP.3.2.6*,MT.1*,NF.1*,XFC*,JN.1.40*,XER*,KP.2.26*,MJ.1*	2025-02-23	2025-03-15	145167.0	0.042312	3430886.0	216.0	22.0	1192	2025-04-01
21654	C21654T	S	S31F	KP.1.1.6*,MZ.1*,KP.3.1.3*,KP.3.4.1*,JN.1.1.7*,KP.2.14*,MK.1*,MD.3.1.4*,JN.1.20*,LF.8.1*,KP.2.7*,KP.4.2.1*,JN.1.58.3*,KP.3.3.9*,LC.1*,MB.1*,XEN*	2025-02-23	2025-03-15	2943.0	0.000922	3191793.0	30.0	1.0	1192	2025-04-01
21707	C21707T	S	H49Y	NB.1.3.1*	2025-02-23	2025-03-15	141.0	0.000261	540123.0	94.0	0.0	1192	2025-04-01
21738	T21738C	S	F59S	XEC*,JN.1.18.6*,KS.1*,KP.2.10*,JN.1.18.9*,KP.3.3.8*,KR.1.4*,JN.1.13.1*,KP.3.1.8*,MN.1*,JN.1.42.1*,MR.2*,JN.1.18.2*,XEM*,MZ.3*,MU.3*,NB.1*,XDR.1*,KP.1.1.5*	2025-02-23	2025-03-15	170765.0	0.35253	484398.0	440.0	29.0	1192	2025-04-01
21761	G21761T	S	A67S		2025-02-23	2025-03-15	569.0	0.001154	493234.0	142.0	0.0	1192	2025-04-01
21780	C21780A	S	T73N		2025-02-23	2025-03-15	374.0	0.000779	480013.0	115.0	0.0	1192	2025-04-01
21789	C21789T	S	T76I		2025-02-23	2025-03-15	65.0	0.000138	471160.0	49.0	0.0	1192	2025-04-01
21793	G21793C	S	K77N		2025-02-23	2025-03-15	222.0	0.000464	478537.0	83.0	0.0	1192	2025-04-01
21823	T21823A	S	N87K		2025-02-23	2025-03-15	109.0	0.000223	488384.0	61.0	0.0	1192	2025-04-01
22107	A22107G	S	K182R	LF.7*,KP.2.2.2*,XEC.1*,XFC*,XER*,MC.15*,LB.1.3.3*	2025-02-23	2025-03-15	5563461.0	0.062635	88823335.0	669.0	71.0	1192	2025-04-01
22108	A22108T	S	K182N	LU.2.1.1*,MB.1.1*,KP.1.1.1*,XEC.11*	2025-02-23	2025-03-15	1598842.0	0.018874	84709953.0	563.0	19.0	1192	2025-04-01
22120	C22120A	S	F186L	LP.8.1*,LP.8.2*	2025-02-23	2025-03-15	27565117.0	0.169261	162855924.0	785.0	341.0	1192	2025-04-01
22132	G22132T	S	R190S	LP.8.1*,LF.7*,KP.4.2.6*,LP.7*,NL.5.2*,LZ.4*,NC.1*,XER*,XEL.4*,KP.4.2.4*,LP.1.2*,MA.1*,JN.1.59.1*,NL.1*,NK.1*,LB.1.4.1*	2025-02-23	2025-03-15	33256406.0	0.310489	107109611.0	813.0	393.0	1192	2025-04-01
22599	G22599C	S	R346T	MC.19*,KS.1*,KP.2*,KP.4.1*,LU.1*,XDK.1*,KZ.1.1*,MC.33.1*,LF.6*,MC.31*,MC.13.3.1*,MF.1*,XEH*,JN.1.9.2*,JN.1.1.5*,MC.13.2.1*,JN.1.1.3*,XES*,JN.1.49.1*,LN.1.1*,LF.8*,JN.1.7.3*,JN.1.16.1*,JN.1.48*,JN.1.6.1*,JN.1.50.1*,JN.1.44.1*,MC.10.1.6*,JN.1.26*,LU.2*,JN.1.30.1*,JN.1.39.2*,MC.17.1*,JN.1.58.2*,JN.1.29.1*,JN.1.18.8*,JN.1.8.2*,XDD.1.1.1*,JN.1.59.1*,MK.3*,XEM*,XED*,JN.1.18*,MC.32.1*,JN.1.4.4*,LG.1*,MZ.3*,MU.3*,KQ.1*,JN.1.25.1*,NU.1*,JN.1.42.2*,MC.28.1.1*,JN.1.24.1*,MQ.1*,KR.5*,XDR.1*,LE.1*,JN.1.11.2*	2025-02-23	2025-03-15	15058147.0	0.308139	48868080.0	716.0	413.0	1192	2025-04-01
22796	C22796T	S	P412S		2025-02-23	2025-03-15	829918.0	0.02652	31294177.0	394.0	1.0	1192	2025-04-01
22796	C22796T	S	P412S		2025-02-02	2025-02-22	2784.0	0.000167	16663909.0	444.0	0.0	1387	2025-04-01
22865	G22865T	S	A435S	MC.10.1*,MC.28.1*,MC.30.1.1*,KP.3.7*,KP.3.3.2*,KP.3.3.5*,MU.6*,XDV.1.9.1*,MC.21.1*,XFB*,MC.13.2*,MU.2.1.1*,KP.2.14.2*,XEP*,MC.31*,XDY.1*,LP.10.1.1*,XDY.3*	2025-02-23	2025-03-15	211829.0	0.09199	2302730.0	395.0	29.0	1192	2025-04-01
22893	A22893G	S	K444R	LF.7*,JN.1.23*,JN.1.61*,NA.1.1*,XER*	2025-02-23	2025-03-15	87410.0	0.032806	2664488.0	312.0	23.0	1192	2025-04-01
22895	G22895C, T22896G	S	V445R	MC.19.1*,MC.32.1*,NZ.1*,MC.33.1*,LP.8*,MK.3*	2025-02-23	2025-03-15	1319235.0	0.241016	5473641.0	561.0	171.0	1192	2025-04-01
22895	G22895C, T22896C	S	V445P	LB.1.3.1*,LP.1.2.1*,PA.1*,LK.1*,JN.1.50*,LF.7.8*,KP.2.28.1*,LB.1.10*,LF.7.9*,NC.1.2*,LP.9*,NS.1.1*,MU.5*,JN.1.1.8*,MU.2.1.1*,KP.2.3.4*,NN.1*,LF.3.1*,MA.1.1.1*,LF.7.7.2*	2025-02-23	2025-03-15	289253.0	0.052845	5473641.0	275.0	40.0	1192	2025-04-01
22926	T22926C	S	L455S		2025-02-23	2025-03-15	2548986.0	0.614212	4150007.0	785.0	317.0	1192	2025-04-01
22928	T22928C	S	F456L	JN.1.16*,KS.1*,JN.1.39.1*,MD.1*,LZ.2.1*,JN.1.50*,LE.1.3.1*,JN.1.18.9*,LF.6*,JN.1.67.1*,JN.1.51.1*,NS.3*,XDK.1.2*,LR.3*,XDR.1.1*,XDK.3*,KW.1.1*,XDK.4.1*,LN.1.1*,LR.1*,LF.8*,LQ.1*,XDK.6*,JN.1.55.1*,JN.1.62*,JN.1.48*,KU.2*,JN.1.7.8*,MD.3.1*,XDK.5*,XDV.1*,LM.1*,JN.1.55.2*,JN.1.1.8*,JN.1.29.1*,JN.1.18.5*,XDD.3*,JN.1.4.9*,JN.1.15.1*,JN.1.18.4*,JN.1.65.1*,KR.1*,KR.3*,LZ.2.2*,LZ.1*,JN.1.11.1*,JN.1.7.9*,LL.1*,JN.1.1.6*,KR.5*	2025-02-23	2025-03-15	2533297.0	0.984501	2573180.0	782.0	317.0	1192	2025-04-01
22994	A22994G, C22995A	S	T478E	LZ.2.1.1*,LF.7.8*,KP.2.13*,ND.2*	2025-02-02	2025-02-22	2373.0	0.0011	2156765.0	267.0	0.0	1387	2025-04-01
22994	A22994G, C22995A	S	T478E	LZ.2.1.1*,LF.7.8*,KP.2.13*,ND.2*	2025-02-23	2025-03-15	73291.0	0.02061	3556167.0	210.0	3.0	1192	2025-04-01
23039	C23039G	S	Q493E	XEQ*,KP.3*,XEF*,XDY.6*,XET*,KP.3.4*,JN.1.16.5*,JN.1.16.4*,XDY.2*,XDY.7*,XDY.4*,XDY*,LP.8*,XDY.1*,XDY.3*,XDY.5*	2025-02-23	2025-03-15	3421769.0	0.738536	4633180.0	745.0	352.0	1192	2025-04-01
23277	C23277T	S	T572I	XEC.4*,MC.1*,KP.2.2.2*,MH.1*,KP.2.3.8*,JN.1.1.1*,JN.1.7*,LD.1*,MC.30.1.1*,MC.6.1*,NL.5.1*,KP.2.15.1*,KV.2*,JN.1.32*,JN.1.9.1*,LF.7.7*,XFB*,JN.1.65*,LB.1.2.2*,XDV.1.3*,JN.1.62*,MZ.5*,MU.1*,NB.1.3.1*,XDY.1.1*,KP.2.27*,KP.1.2*,XDK*,MC.26.1*,MC.13.4*,MG.1*,KP.2.3.6*,MC.8.1*,LP.4*,JN.1.16.3*,XDD.3*,XFA*,KW.1*,XEC.21*,XDY.5.1*,XEF.3*,LZ.3*,KP.2.14.1*,KP.5*,KP.2.9*,JN.1.4.3*,JN.1.47.2*	2025-02-23	2025-03-15	8344841.0	0.05679	146941233.0	750.0	170.0	1192	2025-04-01
23517	G23517T	S	G652V		2025-02-23	2025-03-15	247920.0	0.021068	11767521.0	583.0	1.0	1192	2025-04-01
23517	G23517T	S	G652V		2025-02-02	2025-02-22	6568.0	0.000726	9047908.0	541.0	0.0	1387	2025-04-01
23578	TAG23578-23580del	S	AS672-673Adel		2025-02-02	2025-02-22	9.0	1e-06	7930547.0	1.0	0.0	1387	2025-04-01
23578	TAG23578-23580del	S	AS672-673Adel		2025-02-23	2025-03-15	240072.0	0.022052	10886726.0	5.0	1.0	1192	2025-04-01
24819	A24819G	S	K1086R	KP.1.1*,KP.1*	2025-02-23	2025-03-15	16411123.0	0.361701	45372101.0	688.0	286.0	1192	2025-04-01
24872	G24872T	S	V1104L	XEQ*,XEF*,XDY.6*,LB.1.1*,XDY.2*,XDY.7*,XDY.4*,JN.1.11*,XDY*,XDY.1*,XDY.3*,XDY.5*	2025-02-23	2025-03-15	41284278.0	0.788417	52363515.0	807.0	543.0	1192	2025-04-01
25693	C25693T	ORF3a	L101F	NW.1*	2025-02-23	2025-03-15	2029657.0	0.032348	62745248.0	570.0	17.0	1192	2025-04-01
25693	C25693T	ORF3a	L101F	NW.1*	2025-02-02	2025-02-22	315962.0	0.006773	46647065.0	697.0	13.0	1387	2025-04-01
25925	C25925T	ORF3a	P178L	LP.8*,LP.11*	2025-02-23	2025-03-15	1578741.0	0.330442	4777667.0	626.0	331.0	1192	2025-04-01
27476	C27476T	ORF7a	T28I	LB.1.3.1*,JN.1.8*,JN.1.8.1*	2025-02-23	2025-03-15	1911218.0	0.032733	58388989.0	628.0	69.0	1192	2025-04-01
27810	T27810C	ORF7b	F19L		2025-02-23	2025-03-15	66396804.0	0.600038	110654362.0	1009.0	733.0	1192	2025-04-01
28883	G28883C, G28884C	N	G204P	XEP*,MC.24.1*,KP.3.3*	2025-02-23	2025-03-15	14069417.0	0.243707	57730805.0	931.0	560.0	1192	2025-04-01
28892	C28892A	N	P207T		2025-02-23	2025-03-15	32588.0	0.000641	50811743.0	915.0	0.0	1192	2025-04-01
29409	C29409T	N	T379I	LB.1.3.1*,NS.3*,MC.10.1.3*,XDS*,NT.1*,XEC.2.3*	2025-02-23	2025-03-15	9020293.0	0.03792	237879476.0	726.0	83.0	1192	2025-04-01
515	GTTATG515-520del	ORF1	VM84-85del	LB.1.3.1*	2025-02-16	2025-03-08	9907.0	0.031049	319077.0	128.0	1.0	1230	2025-04-01
1266	G1266T	ORF1	G334V		2025-01-26	2025-02-15	14585.0	0.00168	8683175.0	667.0	0.0	1422	2025-04-01
1266	G1266T	ORF1	G334V		2025-02-16	2025-03-08	459322.0	0.025976	17682425.0	630.0	3.0	1230	2025-04-01
2060	G2060A	ORF1	A599T	XEC*,MC.24.1*	2025-02-16	2025-03-08	9452601.0	0.224865	42036821.0	704.0	313.0	1230	2025-04-01
2193	G2193T	ORF1	R643I		2025-02-16	2025-03-08	15312.0	0.000316	48476213.0	672.0	0.0	1230	2025-04-01
2949	T2949G	ORF1	I895S		2025-01-26	2025-02-15	36270.0	0.014328	2531413.0	503.0	2.0	1422	2025-04-01
2949	T2949G	ORF1	I895S		2025-02-16	2025-03-08	87075.0	0.020625	4221865.0	490.0	2.0	1230	2025-04-01
3177	C3177T	ORF1	P971L	XEL.3*,KV.2*	2025-02-16	2025-03-08	3078.0	0.000753	4089097.0	169.0	1.0	1230	2025-04-01
3896	G3896A	ORF1	V1211I		2025-01-26	2025-02-15	100306.0	0.011293	8881888.0	457.0	12.0	1422	2025-04-01
3896	G3896A	ORF1	V1211I		2025-02-16	2025-03-08	341892.0	0.026485	12909024.0	291.0	7.0	1230	2025-04-01
4364	A4364C	ORF1	I1367L	XEP*,KP.3.3.4*,XEC.2*	2025-02-16	2025-03-08	2020813.0	0.054003	37420474.0	586.0	69.0	1230	2025-04-01
4422	G4422T	ORF1	R1386L		2025-02-16	2025-03-08	34151.0	0.000898	38013001.0	527.0	0.0	1230	2025-04-01
5784	C5784T	ORF1	T1840I	MC.32*	2025-02-16	2025-03-08	695265.0	0.030406	22866125.0	204.0	6.0	1230	2025-04-01
5784	C5784T	ORF1	T1840I	MC.32*	2025-01-26	2025-02-15	93727.0	0.005787	16196198.0	271.0	10.0	1422	2025-04-01
6255	C6255T	ORF1	A1997V	LP.8*,LP.11*	2025-02-16	2025-03-08	29619361.0	0.307702	96259793.0	865.0	322.0	1230	2025-04-01
6312	C6312T	ORF1	T2016I	XEC.4*,LU.1*	2025-01-26	2025-02-15	392926.0	0.016803	23383635.0	511.0	25.0	1422	2025-04-01
6312	C6312T	ORF1	T2016I	XEC.4*,LU.1*	2025-02-16	2025-03-08	807582.0	0.023632	34172639.0	422.0	24.0	1230	2025-04-01
6533	G6533T	ORF1	V2090F	XEC.11.1*	2025-02-16	2025-03-08	752715.0	0.022544	33388598.0	503.0	20.0	1230	2025-04-01
6533	G6533T	ORF1	V2090F	XEC.11.1*	2025-01-26	2025-02-15	197742.0	0.008612	22961801.0	662.0	17.0	1422	2025-04-01
7113	C7113T	ORF1	T2283I	KU.2*,XDV*,JN.1.11.1*	2025-02-16	2025-03-08	37394689.0	0.363152	102972692.0	816.0	437.0	1230	2025-04-01
7262	C7262A	ORF1	L2333I		2025-02-16	2025-03-08	54503.0	0.027139	2008266.0	359.0	2.0	1230	2025-04-01
7262	C7262A	ORF1	L2333I		2025-01-26	2025-02-15	9078.0	0.007503	1209982.0	218.0	0.0	1422	2025-04-01
7869	C7869T	ORF1	S2535L	LF.7*	2025-02-16	2025-03-08	2531444.0	0.023402	108169851.0	589.0	53.0	1230	2025-04-01
8777	T8777-8777del	ORF1	2838fs		2025-02-16	2025-03-08	191672.0	0.020074	9548104.0	189.0	2.0	1230	2025-04-01
8777	T8777-8777del	ORF1	2838fs		2025-01-26	2025-02-15	7370.0	0.000974	7563793.0	161.0	1.0	1422	2025-04-01
10296	C10296T	ORF1	S3344F		2025-01-26	2025-02-15	86296.0	0.00392	22012482.0	454.0	9.0	1422	2025-04-01
10296	C10296T	ORF1	S3344F		2025-02-16	2025-03-08	780267.0	0.024951	31271620.0	328.0	5.0	1230	2025-04-01
10323	A10323G	ORF1	K3353R	MC.10.2*,JN.1.52*,LF.7.8*,LP.8.1.5*	2025-02-16	2025-03-08	575548.0	0.021036	27359976.0	498.0	31.0	1230	2025-04-01
10323	A10323G	ORF1	K3353R	MC.10.2*,JN.1.52*,LF.7.8*,LP.8.1.5*	2025-01-26	2025-02-15	323620.0	0.019017	17017112.0	553.0	39.0	1422	2025-04-01
11570	T11570A	ORF1	F3769I		2025-02-16	2025-03-08	839.0	0.00035	2395225.0	377.0	0.0	1230	2025-04-01
11727	G11727A	ORF1	R3821K		2025-02-16	2025-03-08	2080475.0	0.915454	2272616.0	899.0	510.0	1230	2025-04-01
12423	G12423T	ORF1	R4053I		2025-02-16	2025-03-08	17375.0	0.000833	20848752.0	726.0	0.0	1230	2025-04-01
12674	G12674-12674del	ORF1	4137fs		2025-02-16	2025-03-08	27576.0	0.044315	622267.0	1.0	1.0	1230	2025-04-01
12674	G12674-12674del	ORF1	4137fs		2025-01-26	2025-02-15	11.0	2.2e-05	490487.0	1.0	0.0	1422	2025-04-01
13121	A13121T	ORF1	S4286C	KP.3.1.1*,XFA*,XEW*	2025-02-16	2025-03-08	4119449.0	0.159409	25841963.0	531.0	142.0	1230	2025-04-01
13170	C13170T	ORF1	T4302I		2025-02-16	2025-03-08	664304.0	0.02914	22796948.0	296.0	7.0	1230	2025-04-01
13170	C13170T	ORF1	T4302I		2025-01-26	2025-02-15	24620.0	0.001681	14647151.0	479.0	1.0	1422	2025-04-01
13852	AA13852-13853del	ORF1	4530fs		2025-02-16	2025-03-08	1105577.0	0.029919	36952842.0	17.0	1.0	1230	2025-04-01
13852	AA13852-13853del	ORF1	4530fs		2025-01-26	2025-02-15						1422	2025-04-01
14964	A14964C	ORF1	K4900N		2025-02-16	2025-03-08	182116.0	0.022058	8256273.0	546.0	21.0	1230	2025-04-01
15007	G15007A	ORF1	D4915N		2025-02-16	2025-03-08	17825.0	0.002296	7762313.0	367.0	1.0	1230	2025-04-01
15007	G15007A, T15009C	ORF1	D4915N		2025-02-16	2025-03-08	3226.0	0.000416	7762313.0	172.0	0.0	1230	2025-04-01
15009	T15009A	ORF1	D4915E		2025-02-16	2025-03-08	182835.0	0.023782	7687920.0	529.0	32.0	1230	2025-04-01
15009	T15009A	ORF1	D4915E		2025-01-26	2025-02-15	46339.0	0.009633	4810295.0	402.0	3.0	1422	2025-04-01
15757	C15757A	ORF1	Q5165K		2025-02-16	2025-03-08	8558.0	0.000981	8722050.0	635.0	0.0	1230	2025-04-01
17012	C17012A	ORF1	S5583*		2025-02-16	2025-03-08	17944.0	0.00092	19507903.0	683.0	1.0	1230	2025-04-01
17329	G17329T	ORF1	E5689*		2025-02-16	2025-03-08	49507.0	0.000673	73540777.0	762.0	1.0	1230	2025-04-01
18131	C18131T	ORF1	T5956I		2025-02-16	2025-03-08	264551.0	0.028154	9396436.0	336.0	45.0	1230	2025-04-01
21351	G21351T	ORF1	W7029C		2025-02-16	2025-03-08	55573.0	0.001105	50302417.0	731.0	2.0	1230	2025-04-01
21627	C21627A	S	T22N	XEC*,LF.7*,XEQ*,MB.1.1*,MJ.1.1*,LJ.1*,KP.2.2.1*,KP.3.1.9*,LP.8.1.6*,XEN*,LP.8.1.8*,MC.24.1*,KP.2.14*,MT.1.1*,KP.3.3.9*,MR.2*,NG.1*,JN.1.16.5*,KS.1.5*,XFC*,XER*,KP.2.18*,PB.2*,KP.2.26*,MG.3*,MU.6*,MU.3*,KP.3.6*,XDV.1.7.1*,NB.1*,XEL*,KS.1.1*,LF.8.1.1*,PB.1*	2025-02-16	2025-03-08	1315684.0	0.464252	2833989.0	657.0	165.0	1230	2025-04-01
21652	TTC21652-21654del	S	NS30-31Ndel		2025-02-16	2025-03-08	1537498.0	0.502211	3061460.0	694.0	199.0	1230	2025-04-01
21653	T21653C	S	S31P	LF.7*,KP.3.2.6*,MT.1*,NF.1*,XFC*,JN.1.40*,XER*,KP.2.26*,MJ.1*	2025-02-16	2025-03-08	156123.0	0.05152	3030321.0	217.0	26.0	1230	2025-04-01
21654	C21654T	S	S31F	KP.1.1.6*,MZ.1*,KP.3.1.3*,KP.3.4.1*,JN.1.1.7*,KP.2.14*,MK.1*,MD.3.1.4*,JN.1.20*,LF.8.1*,KP.2.7*,KP.4.2.1*,JN.1.58.3*,KP.3.3.9*,LC.1*,MB.1*,XEN*	2025-02-16	2025-03-08	23573.0	0.008233	2863293.0	36.0	2.0	1230	2025-04-01
21707	C21707T	S	H49Y	NB.1.3.1*	2025-02-16	2025-03-08	153.0	0.000299	511990.0	93.0	0.0	1230	2025-04-01
21738	T21738C	S	F59S	XEC*,JN.1.18.6*,KS.1*,KP.2.10*,JN.1.18.9*,KP.3.3.8*,KR.1.4*,JN.1.13.1*,KP.3.1.8*,MN.1*,JN.1.42.1*,MR.2*,JN.1.18.2*,XEM*,MZ.3*,MU.3*,NB.1*,XDR.1*,KP.1.1.5*	2025-02-16	2025-03-08	179330.0	0.390139	459657.0	485.0	29.0	1230	2025-04-01
21761	G21761T	S	A67S		2025-02-16	2025-03-08	502.0	0.001105	454100.0	158.0	0.0	1230	2025-04-01
21780	C21780A	S	T73N		2025-02-16	2025-03-08	351.0	0.000778	451392.0	130.0	0.0	1230	2025-04-01
21789	C21789T	S	T76I		2025-02-16	2025-03-08	118.0	0.00027	436417.0	50.0	0.0	1230	2025-04-01
21793	G21793C	S	K77N		2025-02-16	2025-03-08	199.0	0.000442	449723.0	94.0	0.0	1230	2025-04-01
21823	T21823A	S	N87K		2025-02-16	2025-03-08	82.0	0.000176	465604.0	56.0	0.0	1230	2025-04-01
22107	A22107G	S	K182R	LF.7*,KP.2.2.2*,XEC.1*,XFC*,XER*,MC.15*,LB.1.3.3*	2025-02-16	2025-03-08	3978077.0	0.05514	72145346.0	670.0	69.0	1230	2025-04-01
22108	A22108T	S	K182N	LU.2.1.1*,MB.1.1*,KP.1.1.1*,XEC.11*	2025-02-16	2025-03-08	1737141.0	0.025663	67690109.0	574.0	24.0	1230	2025-04-01
22111	G22111T	S	Q183H	LB.1*,JN.1.32.1*,XFB*,LY.2*,JN.1.9*	2025-02-16	2025-03-08	2198711.0	0.01509	145702995.0	657.0	60.0	1230	2025-04-01
22120	C22120A	S	F186L	LP.8.1*,LP.8.2*	2025-02-16	2025-03-08	17687288.0	0.136238	129826533.0	803.0	327.0	1230	2025-04-01
22132	G22132T	S	R190S	LP.8.1*,LF.7*,KP.4.2.6*,LP.7*,NL.5.2*,LZ.4*,NC.1*,XER*,XEL.4*,KP.4.2.4*,LP.1.2*,MA.1*,JN.1.59.1*,NL.1*,NK.1*,LB.1.4.1*	2025-02-16	2025-03-08	21463801.0	0.279559	76777277.0	835.0	365.0	1230	2025-04-01
22599	G22599C	S	R346T	MC.19*,KS.1*,KP.2*,KP.4.1*,LU.1*,XDK.1*,KZ.1.1*,MC.33.1*,LF.6*,MC.31*,MC.13.3.1*,MF.1*,XEH*,JN.1.9.2*,JN.1.1.5*,MC.13.2.1*,JN.1.1.3*,XES*,JN.1.49.1*,LN.1.1*,LF.8*,JN.1.7.3*,JN.1.16.1*,JN.1.48*,JN.1.6.1*,JN.1.50.1*,JN.1.44.1*,MC.10.1.6*,JN.1.26*,LU.2*,JN.1.30.1*,JN.1.39.2*,MC.17.1*,JN.1.58.2*,JN.1.29.1*,JN.1.18.8*,JN.1.8.2*,XDD.1.1.1*,JN.1.59.1*,MK.3*,XEM*,XED*,JN.1.18*,MC.32.1*,JN.1.4.4*,LG.1*,MZ.3*,MU.3*,KQ.1*,JN.1.25.1*,NU.1*,JN.1.42.2*,MC.28.1.1*,JN.1.24.1*,MQ.1*,KR.5*,XDR.1*,LE.1*,JN.1.11.2*	2025-02-16	2025-03-08	13344189.0	0.299853	44502404.0	736.0	390.0	1230	2025-04-01
22796	C22796T	S	P412S		2025-01-26	2025-02-15	1854.0	0.000124	14910417.0	446.0	0.0	1422	2025-04-01
22796	C22796T	S	P412S		2025-02-16	2025-03-08	830707.0	0.029097	28549130.0	377.0	1.0	1230	2025-04-01
22865	G22865T	S	A435S	MC.10.1*,MC.28.1*,MC.30.1.1*,KP.3.7*,KP.3.3.2*,KP.3.3.5*,MU.6*,XDV.1.9.1*,MC.21.1*,XFB*,MC.13.2*,MU.2.1.1*,KP.2.14.2*,XEP*,MC.31*,XDY.1*,LP.10.1.1*,XDY.3*	2025-02-16	2025-03-08	223644.0	0.10301	2171088.0	421.0	28.0	1230	2025-04-01
22893	A22893G	S	K444R	LF.7*,JN.1.23*,JN.1.61*,NA.1.1*,XER*	2025-02-16	2025-03-08	67271.0	0.025668	2620843.0	313.0	15.0	1230	2025-04-01
22895	G22895C, T22896G	S	V445R	MC.19.1*,MC.32.1*,NZ.1*,MC.33.1*,LP.8*,MK.3*	2025-02-16	2025-03-08	1105780.0	0.225938	4894164.0	562.0	154.0	1230	2025-04-01
22895	G22895C, T22896C	S	V445P	LB.1.3.1*,LP.1.2.1*,PA.1*,LK.1*,JN.1.50*,LF.7.8*,KP.2.28.1*,LB.1.10*,LF.7.9*,NC.1.2*,LP.9*,NS.1.1*,MU.5*,JN.1.1.8*,MU.2.1.1*,KP.2.3.4*,NN.1*,LF.3.1*,MA.1.1.1*,LF.7.7.2*	2025-02-16	2025-03-08	252597.0	0.051612	4894164.0	296.0	34.0	1230	2025-04-01
22926	T22926C	S	L455S		2025-02-16	2025-03-08	2407661.0	0.631562	3812235.0	830.0	320.0	1230	2025-04-01
22928	T22928C	S	F456L	JN.1.16*,KS.1*,JN.1.39.1*,MD.1*,LZ.2.1*,JN.1.50*,LE.1.3.1*,JN.1.18.9*,LF.6*,JN.1.67.1*,JN.1.51.1*,NS.3*,XDK.1.2*,LR.3*,XDR.1.1*,XDK.3*,KW.1.1*,XDK.4.1*,LN.1.1*,LR.1*,LF.8*,LQ.1*,XDK.6*,JN.1.55.1*,JN.1.62*,JN.1.48*,KU.2*,JN.1.7.8*,MD.3.1*,XDK.5*,XDV.1*,LM.1*,JN.1.55.2*,JN.1.1.8*,JN.1.29.1*,JN.1.18.5*,XDD.3*,JN.1.4.9*,JN.1.15.1*,JN.1.18.4*,JN.1.65.1*,KR.1*,KR.3*,LZ.2.2*,LZ.1*,JN.1.11.1*,JN.1.7.9*,LL.1*,JN.1.1.6*,KR.5*	2025-02-16	2025-03-08	2388676.0	0.983668	2428335.0	824.0	320.0	1230	2025-04-01
22986	C22986T	S	A475V	LP.8.1.9*,LP.8.2.1*,LF.7.2.1*,LF.7.3.1*,LF.7.1.2*,LF.7.9*,LP.10.1*,KP.2.3.1*,NY.6*	2025-02-16	2025-03-08	18019.0	0.007657	2353415.0	183.0	4.0	1230	2025-04-01
23039	C23039G	S	Q493E	XEQ*,KP.3*,XEF*,XDY.6*,XET*,KP.3.4*,JN.1.16.5*,JN.1.16.4*,XDY.2*,XDY.7*,XDY.4*,XDY*,LP.8*,XDY.1*,XDY.3*,XDY.5*	2025-02-16	2025-03-08	3392828.0	0.725383	4677294.0	785.0	371.0	1230	2025-04-01
23277	C23277T	S	T572I	XEC.4*,MC.1*,KP.2.2.2*,MH.1*,KP.2.3.8*,JN.1.1.1*,JN.1.7*,LD.1*,MC.30.1.1*,MC.6.1*,NL.5.1*,KP.2.15.1*,KV.2*,JN.1.32*,JN.1.9.1*,LF.7.7*,XFB*,JN.1.65*,LB.1.2.2*,XDV.1.3*,JN.1.62*,MZ.5*,MU.1*,NB.1.3.1*,XDY.1.1*,KP.2.27*,KP.1.2*,XDK*,MC.26.1*,MC.13.4*,MG.1*,KP.2.3.6*,MC.8.1*,LP.4*,JN.1.16.3*,XDD.3*,XFA*,KW.1*,XEC.21*,XDY.5.1*,XEF.3*,LZ.3*,KP.2.14.1*,KP.5*,KP.2.9*,JN.1.4.3*,JN.1.47.2*	2025-02-16	2025-03-08	8447735.0	0.069421	121688053.0	791.0	190.0	1230	2025-04-01
23517	G23517T	S	G652V		2025-02-16	2025-03-08	249259.0	0.021137	11792651.0	584.0	1.0	1230	2025-04-01
23517	G23517T	S	G652V		2025-01-26	2025-02-15	4628.0	0.000619	7479719.0	552.0	0.0	1422	2025-04-01
23578	TAG23578-23580del	S	AS672-673Adel		2025-02-16	2025-03-08	240068.0	0.021764	11030642.0	1.0	1.0	1230	2025-04-01
23578	TAG23578-23580del	S	AS672-673Adel		2025-01-26	2025-02-15	9.0	1e-06	6267703.0	1.0	0.0	1422	2025-04-01
24819	A24819G	S	K1086R	KP.1.1*,KP.1*	2025-02-16	2025-03-08	15159021.0	0.370409	40925115.0	715.0	284.0	1230	2025-04-01
24872	G24872T	S	V1104L	XEQ*,XEF*,XDY.6*,LB.1.1*,XDY.2*,XDY.7*,XDY.4*,JN.1.11*,XDY*,XDY.1*,XDY.3*,XDY.5*	2025-02-16	2025-03-08	37771217.0	0.84209	44854120.0	852.0	563.0	1230	2025-04-01
25324	C25324A	S	C1254*		2025-02-16	2025-03-08	69297.0	0.022617	3063942.0	499.0	4.0	1230	2025-04-01
25324	C25324A	S	C1254*		2025-01-26	2025-02-15	24084.0	0.011951	2015284.0	418.0	0.0	1422	2025-04-01
25925	C25925T	ORF3a	P178L	LP.8*,LP.11*	2025-02-16	2025-03-08	1422132.0	0.288061	4936906.0	656.0	295.0	1230	2025-04-01
27476	C27476T	ORF7a	T28I	LB.1.3.1*,JN.1.8*,JN.1.8.1*	2025-02-16	2025-03-08	2195865.0	0.041613	52768552.0	666.0	77.0	1230	2025-04-01
27810	T27810C	ORF7b	F19L		2025-02-16	2025-03-08	67085379.0	0.619418	108303941.0	1049.0	731.0	1230	2025-04-01
28883	G28883C, G28884C	N	G204P	XEP*,MC.24.1*,KP.3.3*	2025-02-16	2025-03-08	15286488.0	0.268244	56987346.0	988.0	580.0	1230	2025-04-01
28892	C28892A	N	P207T		2025-02-16	2025-03-08	36590.0	0.000728	50261375.0	943.0	0.0	1230	2025-04-01
29409	C29409T	N	T379I	LB.1.3.1*,NS.3*,MC.10.1.3*,XDS*,NT.1*,XEC.2.3*	2025-02-16	2025-03-08	8317083.0	0.036171	229937163.0	753.0	101.0	1230	2025-04-01
515	GTTATG515-520del	ORF1	VM84-85del	LB.1.3.1*	2025-01-19	2025-02-08	12752.0	0.027773	459158.0	159.0	1.0	1351	2025-04-01
515	GTTATG515-520del	ORF1	VM84-85del	LB.1.3.1*	2025-02-09	2025-03-01	12769.0	0.033242	384124.0	156.0	1.0	1352	2025-04-01
2060	G2060A	ORF1	A599T	XEC*,MC.24.1*	2025-02-09	2025-03-01	10478665.0	0.21207	49411425.0	868.0	394.0	1352	2025-04-01
2060	G2060A	ORF1	A599T	XEC*,MC.24.1*	2025-01-19	2025-02-08	6524649.0	0.291664	22370453.0	956.0	468.0	1351	2025-04-01
2193	G2193T	ORF1	R643I		2025-01-19	2025-02-08	459865.0	0.021191	21700923.0	845.0	135.0	1351	2025-04-01
2193	G2193T	ORF1	R643I		2025-02-09	2025-03-01	261352.0	0.005937	44021192.0	824.0	91.0	1352	2025-04-01
2949	T2949G	ORF1	I895S		2025-02-09	2025-03-01	88255.0	0.020352	4336427.0	490.0	3.0	1352	2025-04-01
2949	T2949G	ORF1	I895S		2025-01-19	2025-02-08	24111.0	0.012782	1886358.0	537.0	1.0	1351	2025-04-01
3896	G3896A	ORF1	V1211I		2025-01-19	2025-02-08	108896.0	0.015342	7098017.0	371.0	16.0	1351	2025-04-01
3896	G3896A	ORF1	V1211I		2025-02-09	2025-03-01	372537.0	0.028211	13205293.0	374.0	10.0	1352	2025-04-01
4364	A4364C	ORF1	I1367L	XEP*,KP.3.3.4*,XEC.2*	2025-01-19	2025-02-08	964612.0	0.061778	15614145.0	655.0	89.0	1351	2025-04-01
4364	A4364C	ORF1	I1367L	XEP*,KP.3.3.4*,XEC.2*	2025-02-09	2025-03-01	2009203.0	0.0568	35373285.0	626.0	86.0	1352	2025-04-01
5784	C5784T	ORF1	T1840I	MC.32*	2025-02-09	2025-03-01	635787.0	0.025498	24934317.0	258.0	8.0	1352	2025-04-01
5784	C5784T	ORF1	T1840I	MC.32*	2025-01-19	2025-02-08	46109.0	0.003674	12550057.0	223.0	8.0	1351	2025-04-01
6255	C6255T	ORF1	A1997V	LP.8*,LP.11*	2025-01-19	2025-02-08	9245078.0	0.200643	46077341.0	906.0	300.0	1351	2025-04-01
6255	C6255T	ORF1	A1997V	LP.8*,LP.11*	2025-02-09	2025-03-01	27349776.0	0.281465	97169470.0	968.0	313.0	1352	2025-04-01
6312	C6312T	ORF1	T2016I	XEC.4*,LU.1*	2025-02-09	2025-03-01	752230.0	0.020891	36007056.0	495.0	26.0	1352	2025-04-01
6312	C6312T	ORF1	T2016I	XEC.4*,LU.1*	2025-01-19	2025-02-08	307621.0	0.017497	17581171.0	438.0	24.0	1351	2025-04-01
6533	G6533T	ORF1	V2090F	XEC.11.1*	2025-01-19	2025-02-08	186487.0	0.011264	16555570.0	621.0	17.0	1351	2025-04-01
6533	G6533T	ORF1	V2090F	XEC.11.1*	2025-02-09	2025-03-01	738271.0	0.020615	35812603.0	598.0	20.0	1352	2025-04-01
7113	C7113T	ORF1	T2283I	KU.2*,XDV*,JN.1.11.1*	2025-02-09	2025-03-01	34522387.0	0.350834	98400907.0	952.0	498.0	1352	2025-04-01
7113	C7113T	ORF1	T2283I	KU.2*,XDV*,JN.1.11.1*	2025-01-19	2025-02-08	15839561.0	0.37302	42463089.0	980.0	480.0	1351	2025-04-01
7262	C7262A	ORF1	L2333I		2025-01-19	2025-02-08	6806.0	0.008439	806462.0	303.0	0.0	1351	2025-04-01
7262	C7262A	ORF1	L2333I		2025-02-09	2025-03-01	44100.0	0.022129	1992842.0	317.0	2.0	1352	2025-04-01
7869	C7869T	ORF1	S2535L	LF.7*	2025-02-09	2025-03-01	2290020.0	0.022621	101232703.0	643.0	48.0	1352	2025-04-01
7869	C7869T	ORF1	S2535L	LF.7*	2025-01-19	2025-02-08	1469408.0	0.044544	32987475.0	594.0	59.0	1351	2025-04-01
10296	C10296T	ORF1	S3344F		2025-01-19	2025-02-08	58346.0	0.00339	17210195.0	352.0	11.0	1351	2025-04-01
10296	C10296T	ORF1	S3344F		2025-02-09	2025-03-01	782839.0	0.024747	31634274.0	400.0	5.0	1352	2025-04-01
10323	A10323G	ORF1	K3353R	MC.10.2*,JN.1.52*,LF.7.8*,LP.8.1.5*	2025-02-09	2025-03-01	450088.0	0.016305	27604905.0	523.0	24.0	1352	2025-04-01
10323	A10323G	ORF1	K3353R	MC.10.2*,JN.1.52*,LF.7.8*,LP.8.1.5*	2025-01-19	2025-02-08	292552.0	0.023482	12458617.0	514.0	36.0	1351	2025-04-01
11570	T11570A	ORF1	F3769I		2025-01-19	2025-02-08	70610.0	0.049847	1416537.0	193.0	1.0	1351	2025-04-01
11570	T11570A	ORF1	F3769I		2025-02-09	2025-03-01	740.0	0.000313	2364569.0	356.0	0.0	1352	2025-04-01
11727	G11727A	ORF1	R3821K		2025-02-09	2025-03-01	1965257.0	0.914192	2149721.0	1045.0	522.0	1352	2025-04-01
11727	G11727A	ORF1	R3821K		2025-01-19	2025-02-08	1114077.0	0.980436	1136308.0	1095.0	435.0	1351	2025-04-01
12423	G12423T	ORF1	R4053I		2025-01-19	2025-02-08	471680.0	0.034842	13537559.0	830.0	132.0	1351	2025-04-01
12423	G12423T	ORF1	R4053I		2025-02-09	2025-03-01	138314.0	0.00657	21051353.0	832.0	52.0	1352	2025-04-01
12674	G12674-12674del	ORF1	4137fs		2025-02-09	2025-03-01	27576.0	0.04013	687169.0	1.0	1.0	1352	2025-04-01
12674	G12674-12674del	ORF1	4137fs		2025-01-19	2025-02-08	11.0	2.9e-05	383838.0	1.0	0.0	1351	2025-04-01
13121	A13121T	ORF1	S4286C	KP.3.1.1*,XFA*,XEW*	2025-01-19	2025-02-08	2820375.0	0.220231	12806416.0	674.0	236.0	1351	2025-04-01
13121	A13121T	ORF1	S4286C	KP.3.1.1*,XFA*,XEW*	2025-02-09	2025-03-01	4364108.0	0.176655	24704176.0	611.0	163.0	1352	2025-04-01
13170	C13170T	ORF1	T4302I		2025-02-09	2025-03-01	665235.0	0.030405	21878863.0	381.0	4.0	1352	2025-04-01
13170	C13170T	ORF1	T4302I		2025-01-19	2025-02-08	3918.0	0.000326	12029091.0	394.0	0.0	1351	2025-04-01
14964	A14964C	ORF1	K4900N		2025-01-19	2025-02-08	55571.0	0.014659	3790862.0	679.0	3.0	1351	2025-04-01
14964	A14964C	ORF1	K4900N		2025-02-09	2025-03-01	167960.0	0.020918	8029258.0	588.0	19.0	1352	2025-04-01
15007	G15007A	ORF1	D4915N		2025-02-09	2025-03-01	279735.0	0.037297	7500264.0	531.0	80.0	1352	2025-04-01
15007	G15007A	ORF1	D4915N		2025-01-19	2025-02-08	605912.0	0.164593	3681279.0	601.0	180.0	1351	2025-04-01
15007	G15007A, T15009C	ORF1	D4915N		2025-01-19	2025-02-08	124716.0	0.033878	3681279.0	396.0	29.0	1351	2025-04-01
15007	G15007A, T15009C	ORF1	D4915N		2025-02-09	2025-03-01	45568.0	0.006076	7500264.0	327.0	9.0	1352	2025-04-01
15757	C15757A	ORF1	Q5165K		2025-02-09	2025-03-01	114193.0	0.013114	8707901.0	750.0	45.0	1352	2025-04-01
15757	C15757A	ORF1	Q5165K		2025-01-19	2025-02-08	220806.0	0.044756	4933528.0	805.0	86.0	1351	2025-04-01
17012	C17012A	ORF1	S5583*		2025-01-19	2025-02-08	628171.0	0.058476	10742364.0	841.0	160.0	1351	2025-04-01
17012	C17012A	ORF1	S5583*		2025-02-09	2025-03-01	346845.0	0.01687	20559809.0	816.0	99.0	1352	2025-04-01
17329	G17329T	ORF1	E5689*		2025-02-09	2025-03-01	266243.0	0.003621	73520379.0	852.0	87.0	1352	2025-04-01
17329	G17329T	ORF1	E5689*		2025-01-19	2025-02-08	513707.0	0.022801	22530274.0	843.0	146.0	1351	2025-04-01
18131	C18131T	ORF1	T5956I		2025-01-19	2025-02-08	180602.0	0.040434	4466575.0	432.0	40.0	1351	2025-04-01
18131	C18131T	ORF1	T5956I		2025-02-09	2025-03-01	246578.0	0.027551	8949771.0	437.0	43.0	1352	2025-04-01
21351	G21351T	ORF1	W7029C		2025-01-19	2025-02-08	560898.0	0.027086	20707745.0	788.0	127.0	1351	2025-04-01
21351	G21351T	ORF1	W7029C		2025-02-09	2025-03-01	178214.0	0.003536	50398193.0	851.0	47.0	1352	2025-04-01
21627	C21627A	S	T22N	XEC*,LF.7*,XEQ*,MB.1.1*,MJ.1.1*,LJ.1*,KP.2.2.1*,KP.3.1.9*,LP.8.1.6*,XEN*,LP.8.1.8*,MC.24.1*,KP.2.14*,MT.1.1*,KP.3.3.9*,MR.2*,NG.1*,JN.1.16.5*,KS.1.5*,XFC*,XER*,KP.2.18*,PB.2*,KP.2.26*,MG.3*,MU.6*,MU.3*,KP.3.6*,XDV.1.7.1*,NB.1*,XEL*,KS.1.1*,LF.8.1.1*,PB.1*	2025-02-09	2025-03-01	1709504.0	0.508277	3363334.0	787.0	214.0	1352	2025-04-01
21627	C21627A	S	T22N	XEC*,LF.7*,XEQ*,MB.1.1*,MJ.1.1*,LJ.1*,KP.2.2.1*,KP.3.1.9*,LP.8.1.6*,XEN*,LP.8.1.8*,MC.24.1*,KP.2.14*,MT.1.1*,KP.3.3.9*,MR.2*,NG.1*,JN.1.16.5*,KS.1.5*,XFC*,XER*,KP.2.18*,PB.2*,KP.2.26*,MG.3*,MU.6*,MU.3*,KP.3.6*,XDV.1.7.1*,NB.1*,XEL*,KS.1.1*,LF.8.1.1*,PB.1*	2025-01-19	2025-02-08	886256.0	0.538972	1644346.0	829.0	172.0	1351	2025-04-01
21652	TTC21652-21654del	S	NS30-31Ndel		2025-01-19	2025-02-08	719632.0	0.430134	1673043.0	752.0	158.0	1351	2025-04-01
21652	TTC21652-21654del	S	NS30-31Ndel		2025-02-09	2025-03-01	1665828.0	0.442272	3766520.0	809.0	227.0	1352	2025-04-01
21653	T21653C	S	S31P	LF.7*,KP.3.2.6*,MT.1*,NF.1*,XFC*,JN.1.40*,XER*,KP.2.26*,MJ.1*	2025-02-09	2025-03-01	118797.0	0.033521	3543999.0	275.0	21.0	1352	2025-04-01
21653	T21653C	S	S31P	LF.7*,KP.3.2.6*,MT.1*,NF.1*,XFC*,JN.1.40*,XER*,KP.2.26*,MJ.1*	2025-01-19	2025-02-08	52537.0	0.031082	1690247.0	268.0	16.0	1351	2025-04-01
21654	C21654T	S	S31F	KP.1.1.6*,MZ.1*,KP.3.1.3*,KP.3.4.1*,JN.1.1.7*,KP.2.14*,MK.1*,MD.3.1.4*,JN.1.20*,LF.8.1*,KP.2.7*,KP.4.2.1*,JN.1.58.3*,KP.3.3.9*,LC.1*,MB.1*,XEN*	2025-01-19	2025-02-08	34753.0	0.020918	1661355.0	92.0	2.0	1351	2025-04-01
21654	C21654T	S	S31F	KP.1.1.6*,MZ.1*,KP.3.1.3*,KP.3.4.1*,JN.1.1.7*,KP.2.14*,MK.1*,MD.3.1.4*,JN.1.20*,LF.8.1*,KP.2.7*,KP.4.2.1*,JN.1.58.3*,KP.3.3.9*,LC.1*,MB.1*,XEN*	2025-02-09	2025-03-01	55292.0	0.015948	3466962.0	78.0	6.0	1352	2025-04-01
21707	C21707T	S	H49Y	NB.1.3.1*	2025-02-09	2025-03-01	890.0	0.001448	614833.0	106.0	0.0	1352	2025-04-01
21707	C21707T	S	H49Y	NB.1.3.1*	2025-01-19	2025-02-08	15443.0	0.034018	453971.0	100.0	1.0	1351	2025-04-01
21738	T21738C	S	F59S	XEC*,JN.1.18.6*,KS.1*,KP.2.10*,JN.1.18.9*,KP.3.3.8*,KR.1.4*,JN.1.13.1*,KP.3.1.8*,MN.1*,JN.1.42.1*,MR.2*,JN.1.18.2*,XEM*,MZ.3*,MU.3*,NB.1*,XDR.1*,KP.1.1.5*	2025-01-19	2025-02-08	164282.0	0.414686	396160.0	732.0	34.0	1351	2025-04-01
21738	T21738C	S	F59S	XEC*,JN.1.18.6*,KS.1*,KP.2.10*,JN.1.18.9*,KP.3.3.8*,KR.1.4*,JN.1.13.1*,KP.3.1.8*,MN.1*,JN.1.42.1*,MR.2*,JN.1.18.2*,XEM*,MZ.3*,MU.3*,NB.1*,XDR.1*,KP.1.1.5*	2025-02-09	2025-03-01	233583.0	0.4192	557211.0	627.0	42.0	1352	2025-04-01
21761	G21761T	S	A67S		2025-02-09	2025-03-01	535.0	0.000978	547139.0	169.0	0.0	1352	2025-04-01
21761	G21761T	S	A67S		2025-01-19	2025-02-08	15346.0	0.040303	380761.0	116.0	1.0	1351	2025-04-01
21780	C21780A	S	T73N		2025-01-19	2025-02-08	15283.0	0.040474	377598.0	107.0	1.0	1351	2025-04-01
21780	C21780A	S	T73N		2025-02-09	2025-03-01	404.0	0.000754	535546.0	149.0	0.0	1352	2025-04-01
21789	C21789T	S	T76I		2025-02-09	2025-03-01	136.0	0.000265	514058.0	62.0	0.0	1352	2025-04-01
21789	C21789T	S	T76I		2025-01-19	2025-02-08	15265.0	0.044724	341315.0	69.0	1.0	1351	2025-04-01
21793	G21793C	S	K77N		2025-01-19	2025-02-08	15281.0	0.043538	350981.0	58.0	1.0	1351	2025-04-01
21793	G21793C	S	K77N		2025-02-09	2025-03-01	233.0	0.00043	541440.0	105.0	0.0	1352	2025-04-01
21823	T21823A	S	N87K		2025-01-19	2025-02-08	15216.0	0.040615	374637.0	25.0	1.0	1351	2025-04-01
21823	T21823A	S	N87K		2025-02-09	2025-03-01	77.0	0.000141	545050.0	50.0	0.0	1352	2025-04-01
22107	A22107G	S	K182R	LF.7*,KP.2.2.2*,XEC.1*,XFC*,XER*,MC.15*,LB.1.3.3*	2025-02-09	2025-03-01	3245003.0	0.045175	71831579.0	767.0	64.0	1352	2025-04-01
22107	A22107G	S	K182R	LF.7*,KP.2.2.2*,XEC.1*,XFC*,XER*,MC.15*,LB.1.3.3*	2025-01-19	2025-02-08	889756.0	0.030295	29369545.0	752.0	70.0	1351	2025-04-01
22108	A22108T	S	K182N	LU.2.1.1*,MB.1.1*,KP.1.1.1*,XEC.11*	2025-01-19	2025-02-08	375448.0	0.013109	28640797.0	513.0	24.0	1351	2025-04-01
22108	A22108T	S	K182N	LU.2.1.1*,MB.1.1*,KP.1.1.1*,XEC.11*	2025-02-09	2025-03-01	2116893.0	0.029999	70564518.0	573.0	29.0	1352	2025-04-01
22111	G22111T	S	Q183H	LB.1*,JN.1.32.1*,XFB*,LY.2*,JN.1.9*	2025-02-09	2025-03-01	1622297.0	0.011225	144521988.0	751.0	75.0	1352	2025-04-01
22111	G22111T	S	Q183H	LB.1*,JN.1.32.1*,XFB*,LY.2*,JN.1.9*	2025-01-19	2025-02-08	1190184.0	0.02199	54123986.0	776.0	94.0	1351	2025-04-01
22120	C22120A	S	F186L	LP.8.1*,LP.8.2*	2025-01-19	2025-02-08	4524961.0	0.090345	50085489.0	881.0	264.0	1351	2025-04-01
22120	C22120A	S	F186L	LP.8.1*,LP.8.2*	2025-02-09	2025-03-01	16596533.0	0.12473	133059339.0	935.0	357.0	1352	2025-04-01
22132	G22132T	S	R190S	LP.8.1*,LF.7*,KP.4.2.6*,LP.7*,NL.5.2*,LZ.4*,NC.1*,XER*,XEL.4*,KP.4.2.4*,LP.1.2*,MA.1*,JN.1.59.1*,NL.1*,NK.1*,LB.1.4.1*	2025-02-09	2025-03-01	19587866.0	0.250199	78289157.0	984.0	390.0	1352	2025-04-01
22132	G22132T	S	R190S	LP.8.1*,LF.7*,KP.4.2.6*,LP.7*,NL.5.2*,LZ.4*,NC.1*,XER*,XEL.4*,KP.4.2.4*,LP.1.2*,MA.1*,JN.1.59.1*,NL.1*,NK.1*,LB.1.4.1*	2025-01-19	2025-02-08	5450725.0	0.174684	31203426.0	954.0	315.0	1351	2025-04-01
22599	G22599C	S	R346T	MC.19*,KS.1*,KP.2*,KP.4.1*,LU.1*,XDK.1*,KZ.1.1*,MC.33.1*,LF.6*,MC.31*,MC.13.3.1*,MF.1*,XEH*,JN.1.9.2*,JN.1.1.5*,MC.13.2.1*,JN.1.1.3*,XES*,JN.1.49.1*,LN.1.1*,LF.8*,JN.1.7.3*,JN.1.16.1*,JN.1.48*,JN.1.6.1*,JN.1.50.1*,JN.1.44.1*,MC.10.1.6*,JN.1.26*,LU.2*,JN.1.30.1*,JN.1.39.2*,MC.17.1*,JN.1.58.2*,JN.1.29.1*,JN.1.18.8*,JN.1.8.2*,XDD.1.1.1*,JN.1.59.1*,MK.3*,XEM*,XED*,JN.1.18*,MC.32.1*,JN.1.4.4*,LG.1*,MZ.3*,MU.3*,KQ.1*,JN.1.25.1*,NU.1*,JN.1.42.2*,MC.28.1.1*,JN.1.24.1*,MQ.1*,KR.5*,XDR.1*,LE.1*,JN.1.11.2*	2025-01-19	2025-02-08	5405047.0	0.200419	26968684.0	790.0	376.0	1351	2025-04-01
22599	G22599C	S	R346T	MC.19*,KS.1*,KP.2*,KP.4.1*,LU.1*,XDK.1*,KZ.1.1*,MC.33.1*,LF.6*,MC.31*,MC.13.3.1*,MF.1*,XEH*,JN.1.9.2*,JN.1.1.5*,MC.13.2.1*,JN.1.1.3*,XES*,JN.1.49.1*,LN.1.1*,LF.8*,JN.1.7.3*,JN.1.16.1*,JN.1.48*,JN.1.6.1*,JN.1.50.1*,JN.1.44.1*,MC.10.1.6*,JN.1.26*,LU.2*,JN.1.30.1*,JN.1.39.2*,MC.17.1*,JN.1.58.2*,JN.1.29.1*,JN.1.18.8*,JN.1.8.2*,XDD.1.1.1*,JN.1.59.1*,MK.3*,XEM*,XED*,JN.1.18*,MC.32.1*,JN.1.4.4*,LG.1*,MZ.3*,MU.3*,KQ.1*,JN.1.25.1*,NU.1*,JN.1.42.2*,MC.28.1.1*,JN.1.24.1*,MQ.1*,KR.5*,XDR.1*,LE.1*,JN.1.11.2*	2025-02-09	2025-03-01	10695253.0	0.262315	40772520.0	796.0	381.0	1352	2025-04-01
22865	G22865T	S	A435S	MC.10.1*,MC.28.1*,MC.30.1.1*,KP.3.7*,KP.3.3.2*,KP.3.3.5*,MU.6*,XDV.1.9.1*,MC.21.1*,XFB*,MC.13.2*,MU.2.1.1*,KP.2.14.2*,XEP*,MC.31*,XDY.1*,LP.10.1.1*,XDY.3*	2025-02-09	2025-03-01	212905.0	0.111248	1913783.0	445.0	25.0	1352	2025-04-01
22865	G22865T	S	A435S	MC.10.1*,MC.28.1*,MC.30.1.1*,KP.3.7*,KP.3.3.2*,KP.3.3.5*,MU.6*,XDV.1.9.1*,MC.21.1*,XFB*,MC.13.2*,MU.2.1.1*,KP.2.14.2*,XEP*,MC.31*,XDY.1*,LP.10.1.1*,XDY.3*	2025-01-19	2025-02-08	60507.0	0.063063	959466.0	361.0	14.0	1351	2025-04-01
22893	A22893G	S	K444R	LF.7*,JN.1.23*,JN.1.61*,NA.1.1*,XER*	2025-01-19	2025-02-08	50730.0	0.040301	1258780.0	315.0	9.0	1351	2025-04-01
22893	A22893G	S	K444R	LF.7*,JN.1.23*,JN.1.61*,NA.1.1*,XER*	2025-02-09	2025-03-01	64339.0	0.027316	2355379.0	363.0	10.0	1352	2025-04-01
22895	G22895C, T22896G	S	V445R	MC.19.1*,MC.32.1*,NZ.1*,MC.33.1*,LP.8*,MK.3*	2025-02-09	2025-03-01	667157.0	0.164405	4058013.0	624.0	148.0	1352	2025-04-01
22895	G22895C, T22896G	S	V445R	MC.19.1*,MC.32.1*,NZ.1*,MC.33.1*,LP.8*,MK.3*	2025-01-19	2025-02-08	237445.0	0.115136	2062295.0	551.0	69.0	1351	2025-04-01
22895	G22895C, T22896C	S	V445P	LB.1.3.1*,LP.1.2.1*,PA.1*,LK.1*,JN.1.50*,LF.7.8*,KP.2.28.1*,LB.1.10*,LF.7.9*,NC.1.2*,LP.9*,NS.1.1*,MU.5*,JN.1.1.8*,MU.2.1.1*,KP.2.3.4*,NN.1*,LF.3.1*,MA.1.1.1*,LF.7.7.2*	2025-01-19	2025-02-08	81593.0	0.039564	2062295.0	316.0	16.0	1351	2025-04-01
22895	G22895C, T22896C	S	V445P	LB.1.3.1*,LP.1.2.1*,PA.1*,LK.1*,JN.1.50*,LF.7.8*,KP.2.28.1*,LB.1.10*,LF.7.9*,NC.1.2*,LP.9*,NS.1.1*,MU.5*,JN.1.1.8*,MU.2.1.1*,KP.2.3.4*,NN.1*,LF.3.1*,MA.1.1.1*,LF.7.7.2*	2025-02-09	2025-03-01	213011.0	0.052491	4058013.0	333.0	26.0	1352	2025-04-01
22926	T22926C	S	L455S		2025-02-09	2025-03-01	2113294.0	0.654772	3227526.0	978.0	355.0	1352	2025-04-01
22926	T22926C	S	L455S		2025-01-19	2025-02-08	1112454.0	0.866727	1283512.0	1010.0	291.0	1351	2025-04-01
22928	T22928C	S	F456L	JN.1.16*,KS.1*,JN.1.39.1*,MD.1*,LZ.2.1*,JN.1.50*,LE.1.3.1*,JN.1.18.9*,LF.6*,JN.1.67.1*,JN.1.51.1*,NS.3*,XDK.1.2*,LR.3*,XDR.1.1*,XDK.3*,KW.1.1*,XDK.4.1*,LN.1.1*,LR.1*,LF.8*,LQ.1*,XDK.6*,JN.1.55.1*,JN.1.62*,JN.1.48*,KU.2*,JN.1.7.8*,MD.3.1*,XDK.5*,XDV.1*,LM.1*,JN.1.55.2*,JN.1.1.8*,JN.1.29.1*,JN.1.18.5*,XDD.3*,JN.1.4.9*,JN.1.15.1*,JN.1.18.4*,JN.1.65.1*,KR.1*,KR.3*,LZ.2.2*,LZ.1*,JN.1.11.1*,JN.1.7.9*,LL.1*,JN.1.1.6*,KR.5*	2025-01-19	2025-02-08	1117970.0	0.977194	1144062.0	1008.0	291.0	1351	2025-04-01
22928	T22928C	S	F456L	JN.1.16*,KS.1*,JN.1.39.1*,MD.1*,LZ.2.1*,JN.1.50*,LE.1.3.1*,JN.1.18.9*,LF.6*,JN.1.67.1*,JN.1.51.1*,NS.3*,XDK.1.2*,LR.3*,XDR.1.1*,XDK.3*,KW.1.1*,XDK.4.1*,LN.1.1*,LR.1*,LF.8*,LQ.1*,XDK.6*,JN.1.55.1*,JN.1.62*,JN.1.48*,KU.2*,JN.1.7.8*,MD.3.1*,XDK.5*,XDV.1*,LM.1*,JN.1.55.2*,JN.1.1.8*,JN.1.29.1*,JN.1.18.5*,XDD.3*,JN.1.4.9*,JN.1.15.1*,JN.1.18.4*,JN.1.65.1*,KR.1*,KR.3*,LZ.2.2*,LZ.1*,JN.1.11.1*,JN.1.7.9*,LL.1*,JN.1.1.6*,KR.5*	2025-02-09	2025-03-01	2095881.0	0.980623	2137296.0	968.0	355.0	1352	2025-04-01
22986	C22986T	S	A475V	LP.8.1.9*,LP.8.2.1*,LF.7.2.1*,LF.7.3.1*,LF.7.1.2*,LF.7.9*,LP.10.1*,KP.2.3.1*,NY.6*	2025-02-09	2025-03-01	17201.0	0.008283	2076611.0	217.0	3.0	1352	2025-04-01
22986	C22986T	S	A475V	LP.8.1.9*,LP.8.2.1*,LF.7.2.1*,LF.7.3.1*,LF.7.1.2*,LF.7.9*,LP.10.1*,KP.2.3.1*,NY.6*	2025-01-19	2025-02-08	30135.0	0.025663	1174256.0	205.0	7.0	1351	2025-04-01
23039	C23039G	S	Q493E	XEQ*,KP.3*,XEF*,XDY.6*,XET*,KP.3.4*,JN.1.16.5*,JN.1.16.4*,XDY.2*,XDY.7*,XDY.4*,XDY*,LP.8*,XDY.1*,XDY.3*,XDY.5*	2025-01-19	2025-02-08	2128829.0	0.748946	2842433.0	983.0	327.0	1351	2025-04-01
23039	C23039G	S	Q493E	XEQ*,KP.3*,XEF*,XDY.6*,XET*,KP.3.4*,JN.1.16.5*,JN.1.16.4*,XDY.2*,XDY.7*,XDY.4*,XDY*,LP.8*,XDY.1*,XDY.3*,XDY.5*	2025-02-09	2025-03-01	3193379.0	0.814202	3922099.0	925.0	423.0	1352	2025-04-01
23277	C23277T	S	T572I	XEC.4*,MC.1*,KP.2.2.2*,MH.1*,KP.2.3.8*,JN.1.1.1*,JN.1.7*,LD.1*,MC.30.1.1*,MC.6.1*,NL.5.1*,KP.2.15.1*,KV.2*,JN.1.32*,JN.1.9.1*,LF.7.7*,XFB*,JN.1.65*,LB.1.2.2*,XDV.1.3*,JN.1.62*,MZ.5*,MU.1*,NB.1.3.1*,XDY.1.1*,KP.2.27*,KP.1.2*,XDK*,MC.26.1*,MC.13.4*,MG.1*,KP.2.3.6*,MC.8.1*,LP.4*,JN.1.16.3*,XDD.3*,XFA*,KW.1*,XEC.21*,XDY.5.1*,XEF.3*,LZ.3*,KP.2.14.1*,KP.5*,KP.2.9*,JN.1.4.3*,JN.1.47.2*	2025-02-09	2025-03-01	9754870.0	0.075944	128448487.0	915.0	234.0	1352	2025-04-01
23277	C23277T	S	T572I	XEC.4*,MC.1*,KP.2.2.2*,MH.1*,KP.2.3.8*,JN.1.1.1*,JN.1.7*,LD.1*,MC.30.1.1*,MC.6.1*,NL.5.1*,KP.2.15.1*,KV.2*,JN.1.32*,JN.1.9.1*,LF.7.7*,XFB*,JN.1.65*,LB.1.2.2*,XDV.1.3*,JN.1.62*,MZ.5*,MU.1*,NB.1.3.1*,XDY.1.1*,KP.2.27*,KP.1.2*,XDK*,MC.26.1*,MC.13.4*,MG.1*,KP.2.3.6*,MC.8.1*,LP.4*,JN.1.16.3*,XDD.3*,XFA*,KW.1*,XEC.21*,XDY.5.1*,XEF.3*,LZ.3*,KP.2.14.1*,KP.5*,KP.2.9*,JN.1.4.3*,JN.1.47.2*	2025-01-19	2025-02-08	4901847.0	0.084403	58076843.0	890.0	268.0	1351	2025-04-01
23915	G23915T	S	V785F		2025-01-19	2025-02-08	421620.0	0.025123	16782399.0	526.0	1.0	1351	2025-04-01
23915	G23915T	S	V785F		2025-02-09	2025-03-01	139047.0	0.004079	34085592.0	494.0	4.0	1352	2025-04-01
24185	T24185C	S	S875P		2025-02-09	2025-03-01	7399.0	0.000245	30241720.0	567.0	1.0	1352	2025-04-01
24185	T24185C	S	S875P		2025-01-19	2025-02-08	402624.0	0.030592	13161123.0	518.0	1.0	1351	2025-04-01
24819	A24819G	S	K1086R	KP.1.1*,KP.1*	2025-02-09	2025-03-01	13064358.0	0.319934	40834502.0	815.0	261.0	1352	2025-04-01
24819	A24819G	S	K1086R	KP.1.1*,KP.1*	2025-01-19	2025-02-08	3418028.0	0.146552	23322903.0	766.0	215.0	1351	2025-04-01
24872	G24872T	S	V1104L	XEQ*,XEF*,XDY.6*,LB.1.1*,XDY.2*,XDY.7*,XDY.4*,JN.1.11*,XDY*,XDY.1*,XDY.3*,XDY.5*	2025-01-19	2025-02-08	20783921.0	0.842217	24677621.0	1064.0	677.0	1351	2025-04-01
24872	G24872T	S	V1104L	XEQ*,XEF*,XDY.6*,LB.1.1*,XDY.2*,XDY.7*,XDY.4*,JN.1.11*,XDY*,XDY.1*,XDY.3*,XDY.5*	2025-02-09	2025-03-01	37936243.0	0.85081	44588398.0	1009.0	672.0	1352	2025-04-01
25324	C25324A	S	C1254*		2025-02-09	2025-03-01	68467.0	0.024924	2746987.0	454.0	3.0	1352	2025-04-01
25324	C25324A	S	C1254*		2025-01-19	2025-02-08	16679.0	0.010623	1570050.0	506.0	0.0	1351	2025-04-01
25925	C25925T	ORF3a	P178L	LP.8*,LP.11*	2025-01-19	2025-02-08	478182.0	0.208226	2296462.0	629.0	122.0	1351	2025-04-01
25925	C25925T	ORF3a	P178L	LP.8*,LP.11*	2025-02-09	2025-03-01	1262377.0	0.26739	4721107.0	748.0	263.0	1352	2025-04-01
27476	C27476T	ORF7a	T28I	LB.1.3.1*,JN.1.8*,JN.1.8.1*	2025-02-09	2025-03-01	2062212.0	0.038027	54230700.0	767.0	84.0	1352	2025-04-01
27476	C27476T	ORF7a	T28I	LB.1.3.1*,JN.1.8*,JN.1.8.1*	2025-01-19	2025-02-08	998045.0	0.042338	23573424.0	726.0	89.0	1351	2025-04-01
27810	T27810C	ORF7b	F19L		2025-01-19	2025-02-08	27714624.0	0.77419	35798232.0	1203.0	809.0	1351	2025-04-01
27810	T27810C	ORF7b	F19L		2025-02-09	2025-03-01	64792138.0	0.618428	104769128.0	1193.0	802.0	1352	2025-04-01
28883	G28883C, G28884C	N	G204P	XEP*,MC.24.1*,KP.3.3*	2025-02-09	2025-03-01	15098614.0	0.276653	54575958.0	1115.0	657.0	1352	2025-04-01
28883	G28883C, G28884C	N	G204P	XEP*,MC.24.1*,KP.3.3*	2025-01-19	2025-02-08	9970132.0	0.447927	22258393.0	1177.0	751.0	1351	2025-04-01
28892	C28892A	N	P207T		2025-01-19	2025-02-08	904233.0	0.04009	22555123.0	1018.0	215.0	1351	2025-04-01
28892	C28892A	N	P207T		2025-02-09	2025-03-01	249053.0	0.005158	48281539.0	1057.0	79.0	1352	2025-04-01
29409	C29409T	N	T379I	LB.1.3.1*,NS.3*,MC.10.1.3*,XDS*,NT.1*,XEC.2.3*	2025-02-09	2025-03-01	7239603.0	0.027575	262540329.0	870.0	137.0	1352	2025-04-01
29409	C29409T	N	T379I	LB.1.3.1*,NS.3*,MC.10.1.3*,XDS*,NT.1*,XEC.2.3*	2025-01-19	2025-02-08	5816433.0	0.028868	201481309.0	921.0	160.0	1351	2025-04-01
515	GTTATG515-520del	ORF1	VM84-85del	LB.1.3.1*	2025-01-12	2025-02-01	10292.0	0.027087	379966.0	125.0	1.0	1219	2025-04-01
515	GTTATG515-520del	ORF1	VM84-85del	LB.1.3.1*	2025-02-02	2025-02-22	14123.0	0.029995	470847.0	180.0	0.0	1387	2025-04-01
2060	G2060A	ORF1	A599T	XEC*,MC.24.1*	2025-02-02	2025-02-22	9165754.0	0.23122	39640831.0	965.0	435.0	1387	2025-04-01
2060	G2060A	ORF1	A599T	XEC*,MC.24.1*	2025-01-12	2025-02-01	5706094.0	0.290303	19655666.0	847.0	424.0	1219	2025-04-01
2193	G2193T	ORF1	R643I		2025-01-12	2025-02-01	47343.0	0.00291	16269126.0	730.0	8.0	1219	2025-04-01
2193	G2193T	ORF1	R643I		2025-02-02	2025-02-22	670911.0	0.021146	31726870.0	915.0	218.0	1387	2025-04-01
3896	G3896A	ORF1	V1211I		2025-02-02	2025-02-22	404065.0	0.037723	10711286.0	462.0	12.0	1387	2025-04-01
3896	G3896A	ORF1	V1211I		2025-01-12	2025-02-01	107068.0	0.016308	6565229.0	243.0	20.0	1219	2025-04-01
4364	A4364C	ORF1	I1367L	XEP*,KP.3.3.4*,XEC.2*	2025-01-12	2025-02-01	770326.0	0.065215	11812130.0	638.0	65.0	1219	2025-04-01
4364	A4364C	ORF1	I1367L	XEP*,KP.3.3.4*,XEC.2*	2025-02-02	2025-02-22	1531358.0	0.058591	26136190.0	625.0	94.0	1387	2025-04-01
4422	G4422T	ORF1	R1386L		2025-02-02	2025-02-22	667419.0	0.025126	26562912.0	460.0	1.0	1387	2025-04-01
4422	G4422T	ORF1	R1386L		2025-01-12	2025-02-01	13215.0	0.001113	11873059.0	534.0	0.0	1219	2025-04-01
6255	C6255T	ORF1	A1997V	LP.8*,LP.11*	2025-01-12	2025-02-01	7524721.0	0.172586	43599787.0	791.0	255.0	1219	2025-04-01
6255	C6255T	ORF1	A1997V	LP.8*,LP.11*	2025-02-02	2025-02-22	17629018.0	0.244208	72188431.0	1000.0	326.0	1387	2025-04-01
6312	C6312T	ORF1	T2016I	XEC.4*,LU.1*	2025-02-02	2025-02-22	690562.0	0.024098	28656995.0	529.0	29.0	1387	2025-04-01
6312	C6312T	ORF1	T2016I	XEC.4*,LU.1*	2025-01-12	2025-02-01	255825.0	0.018919	13522457.0	346.0	22.0	1219	2025-04-01
7113	C7113T	ORF1	T2283I	KU.2*,XDV*,JN.1.11.1*	2025-01-12	2025-02-01	14093403.0	0.359475	39205540.0	871.0	430.0	1219	2025-04-01
7113	C7113T	ORF1	T2283I	KU.2*,XDV*,JN.1.11.1*	2025-02-02	2025-02-22	24784754.0	0.355271	69762976.0	1024.0	508.0	1387	2025-04-01
7869	C7869T	ORF1	S2535L	LF.7*	2025-02-02	2025-02-22	1689995.0	0.030636	55162983.0	672.0	49.0	1387	2025-04-01
7869	C7869T	ORF1	S2535L	LF.7*	2025-01-12	2025-02-01	1226260.0	0.046481	26381922.0	489.0	59.0	1219	2025-04-01
9597	A9597T	ORF1	Y3111F		2025-01-12	2025-02-01	5444.0	0.00063	8645723.0	538.0	0.0	1219	2025-04-01
9597	A9597T	ORF1	Y3111F		2025-02-02	2025-02-22	266895.0	0.020171	13231834.0	403.0	1.0	1387	2025-04-01
10296	C10296T	ORF1	S3344F		2025-02-02	2025-02-22	764080.0	0.028233	27063424.0	491.0	6.0	1387	2025-04-01
10296	C10296T	ORF1	S3344F		2025-01-12	2025-02-01	49577.0	0.00533	9301397.0	187.0	10.0	1219	2025-04-01
11570	T11570A	ORF1	F3769I		2025-02-02	2025-02-22	504.0	0.000268	1882817.0	247.0	0.0	1387	2025-04-01
11570	T11570A	ORF1	F3769I		2025-01-12	2025-02-01	70642.0	0.057317	1232488.0	210.0	1.0	1219	2025-04-01
11727	G11727A	ORF1	R3821K		2025-02-02	2025-02-22	1603287.0	0.913451	1755197.0	1103.0	519.0	1387	2025-04-01
11727	G11727A	ORF1	R3821K		2025-01-12	2025-02-01	982121.0	0.977116	1005122.0	982.0	376.0	1219	2025-04-01
12423	G12423T	ORF1	R4053I		2025-01-12	2025-02-01	30039.0	0.002503	12003402.0	726.0	5.0	1219	2025-04-01
12423	G12423T	ORF1	R4053I		2025-02-02	2025-02-22	574492.0	0.03398	16906907.0	882.0	179.0	1387	2025-04-01
12674	G12674-12674del	ORF1	4137fs		2025-02-02	2025-02-22	27587.0	0.049129	561517.0	2.0	1.0	1387	2025-04-01
12674	G12674-12674del	ORF1	4137fs		2025-01-12	2025-02-01						1219	2025-04-01
13121	A13121T	ORF1	S4286C	KP.3.1.1*,XFA*,XEW*	2025-02-02	2025-02-22	4011875.0	0.212315	18895857.0	657.0	180.0	1387	2025-04-01
13121	A13121T	ORF1	S4286C	KP.3.1.1*,XFA*,XEW*	2025-01-12	2025-02-01	2505897.0	0.231895	10806173.0	598.0	249.0	1219	2025-04-01
14964	A14964C	ORF1	K4900N		2025-01-12	2025-02-01	71235.0	0.02247	3170264.0	643.0	3.0	1219	2025-04-01
14964	A14964C	ORF1	K4900N		2025-02-02	2025-02-22	115320.0	0.017078	6752612.0	604.0	13.0	1387	2025-04-01
15007	G15007A	ORF1	D4915N		2025-01-12	2025-02-01	53836.0	0.017685	3044238.0	358.0	16.0	1219	2025-04-01
15007	G15007A	ORF1	D4915N		2025-02-02	2025-02-22	824494.0	0.130719	6307371.0	722.0	244.0	1387	2025-04-01
15007	G15007A, T15009C	ORF1	D4915N		2025-02-02	2025-02-22	157889.0	0.025032	6307371.0	517.0	37.0	1387	2025-04-01
15007	G15007A, T15009C	ORF1	D4915N		2025-01-12	2025-02-01	11184.0	0.003674	3044238.0	180.0	1.0	1219	2025-04-01
15757	C15757A	ORF1	Q5165K		2025-01-12	2025-02-01	16954.0	0.003642	4654769.0	708.0	5.0	1219	2025-04-01
15757	C15757A	ORF1	Q5165K		2025-02-02	2025-02-22	316514.0	0.046288	6838000.0	843.0	126.0	1387	2025-04-01
16943	G16943T	ORF1	S5560I		2025-02-02	2025-02-22	542832.0	0.008519	63722779.0	554.0	45.0	1387	2025-04-01
16943	G16943T	ORF1	S5560I		2025-01-12	2025-02-01	527985.0	0.024195	21821861.0	646.0	52.0	1219	2025-04-01
17012	C17012A	ORF1	S5583*		2025-01-12	2025-02-01	51136.0	0.005875	8704491.0	740.0	12.0	1219	2025-04-01
17012	C17012A	ORF1	S5583*		2025-02-02	2025-02-22	917965.0	0.056191	16336635.0	910.0	246.0	1387	2025-04-01
18131	C18131T	ORF1	T5956I		2025-02-02	2025-02-22	221740.0	0.032932	6733190.0	534.0	46.0	1387	2025-04-01
18131	C18131T	ORF1	T5956I		2025-01-12	2025-02-01	139066.0	0.035478	3919769.0	290.0	37.0	1219	2025-04-01
21627	C21627A	S	T22N	XEC*,LF.7*,XEQ*,MB.1.1*,MJ.1.1*,LJ.1*,KP.2.2.1*,KP.3.1.9*,LP.8.1.6*,XEN*,LP.8.1.8*,MC.24.1*,KP.2.14*,MT.1.1*,KP.3.3.9*,MR.2*,NG.1*,JN.1.16.5*,KS.1.5*,XFC*,XER*,KP.2.18*,PB.2*,KP.2.26*,MG.3*,MU.6*,MU.3*,KP.3.6*,XDV.1.7.1*,NB.1*,XEL*,KS.1.1*,LF.8.1.1*,PB.1*	2025-01-12	2025-02-01	565426.0	0.470828	1200918.0	763.0	135.0	1219	2025-04-01
21627	C21627A	S	T22N	XEC*,LF.7*,XEQ*,MB.1.1*,MJ.1.1*,LJ.1*,KP.2.2.1*,KP.3.1.9*,LP.8.1.6*,XEN*,LP.8.1.8*,MC.24.1*,KP.2.14*,MT.1.1*,KP.3.3.9*,MR.2*,NG.1*,JN.1.16.5*,KS.1.5*,XFC*,XER*,KP.2.18*,PB.2*,KP.2.26*,MG.3*,MU.6*,MU.3*,KP.3.6*,XDV.1.7.1*,NB.1*,XEL*,KS.1.1*,LF.8.1.1*,PB.1*	2025-02-02	2025-02-22	1528515.0	0.549107	2783639.0	848.0	230.0	1387	2025-04-01
21652	TTC21652-21654del	S	NS30-31Ndel		2025-02-02	2025-02-22	1256952.0	0.407816	3082154.0	859.0	219.0	1387	2025-04-01
21652	TTC21652-21654del	S	NS30-31Ndel		2025-01-12	2025-02-01	625322.0	0.513129	1218646.0	673.0	130.0	1219	2025-04-01
21653	T21653C	S	S31P	LF.7*,KP.3.2.6*,MT.1*,NF.1*,XFC*,JN.1.40*,XER*,KP.2.26*,MJ.1*	2025-01-12	2025-02-01	41616.0	0.033991	1224337.0	206.0	10.0	1219	2025-04-01
21653	T21653C	S	S31P	LF.7*,KP.3.2.6*,MT.1*,NF.1*,XFC*,JN.1.40*,XER*,KP.2.26*,MJ.1*	2025-02-02	2025-02-22	82952.0	0.028084	2953683.0	325.0	23.0	1387	2025-04-01
21654	C21654T	S	S31F	KP.1.1.6*,MZ.1*,KP.3.1.3*,KP.3.4.1*,JN.1.1.7*,KP.2.14*,MK.1*,MD.3.1.4*,JN.1.20*,LF.8.1*,KP.2.7*,KP.4.2.1*,JN.1.58.3*,KP.3.3.9*,LC.1*,MB.1*,XEN*	2025-02-02	2025-02-22	85419.0	0.029403	2905098.0	119.0	7.0	1387	2025-04-01
21654	C21654T	S	S31F	KP.1.1.6*,MZ.1*,KP.3.1.3*,KP.3.4.1*,JN.1.1.7*,KP.2.14*,MK.1*,MD.3.1.4*,JN.1.20*,LF.8.1*,KP.2.7*,KP.4.2.1*,JN.1.58.3*,KP.3.3.9*,LC.1*,MB.1*,XEN*	2025-01-12	2025-02-01	7029.0	0.005827	1206293.0	45.0	2.0	1219	2025-04-01
21707	C21707T	S	H49Y	NB.1.3.1*	2025-01-12	2025-02-01	183.0	0.000562	325410.0	63.0	0.0	1219	2025-04-01
21707	C21707T	S	H49Y	NB.1.3.1*	2025-02-02	2025-02-22	16120.0	0.025054	643418.0	123.0	1.0	1387	2025-04-01
21738	T21738C	S	F59S	XEC*,JN.1.18.6*,KS.1*,KP.2.10*,JN.1.18.9*,KP.3.3.8*,KR.1.4*,JN.1.13.1*,KP.3.1.8*,MN.1*,JN.1.42.1*,MR.2*,JN.1.18.2*,XEM*,MZ.3*,MU.3*,NB.1*,XDR.1*,KP.1.1.5*	2025-02-02	2025-02-22	213514.0	0.372134	573755.0	729.0	48.0	1387	2025-04-01
21738	T21738C	S	F59S	XEC*,JN.1.18.6*,KS.1*,KP.2.10*,JN.1.18.9*,KP.3.3.8*,KR.1.4*,JN.1.13.1*,KP.3.1.8*,MN.1*,JN.1.42.1*,MR.2*,JN.1.18.2*,XEM*,MZ.3*,MU.3*,NB.1*,XDR.1*,KP.1.1.5*	2025-01-12	2025-02-01	132232.0	0.463783	285116.0	636.0	24.0	1219	2025-04-01
21761	G21761T	S	A67S		2025-01-12	2025-02-01	239.0	0.000865	276333.0	132.0	0.0	1219	2025-04-01
21761	G21761T	S	A67S		2025-02-02	2025-02-22	15574.0	0.027921	557798.0	147.0	1.0	1387	2025-04-01
21780	C21780A	S	T73N		2025-02-02	2025-02-22	15436.0	0.028377	543967.0	141.0	1.0	1387	2025-04-01
21780	C21780A	S	T73N		2025-01-12	2025-02-01	222.0	0.000807	275079.0	119.0	0.0	1219	2025-04-01
21789	C21789T	S	T76I		2025-01-12	2025-02-01	73.0	0.000295	247447.0	34.0	0.0	1219	2025-04-01
21789	C21789T	S	T76I		2025-02-02	2025-02-22	15306.0	0.030005	510115.0	79.0	1.0	1387	2025-04-01
21793	G21793C	S	K77N		2025-02-02	2025-02-22	15361.0	0.028404	540798.0	81.0	1.0	1387	2025-04-01
21793	G21793C	S	K77N		2025-01-12	2025-02-01	133.0	0.000515	258062.0	84.0	0.0	1219	2025-04-01
21823	T21823A	S	N87K		2025-01-12	2025-02-01	34.0	0.000133	254920.0	28.0	0.0	1219	2025-04-01
21823	T21823A	S	N87K		2025-02-02	2025-02-22	15243.0	0.02746	555108.0	40.0	1.0	1387	2025-04-01
22107	A22107G	S	K182R	LF.7*,KP.2.2.2*,XEC.1*,XFC*,XER*,MC.15*,LB.1.3.3*	2025-02-02	2025-02-22	1003452.0	0.022483	44632072.0	804.0	61.0	1387	2025-04-01
22107	A22107G	S	K182R	LF.7*,KP.2.2.2*,XEC.1*,XFC*,XER*,MC.15*,LB.1.3.3*	2025-01-12	2025-02-01	927417.0	0.037262	24889133.0	668.0	75.0	1219	2025-04-01
22108	A22108T	S	K182N	LU.2.1.1*,MB.1.1*,KP.1.1.1*,XEC.11*	2025-02-02	2025-02-22	1209637.0	0.02714	44570832.0	464.0	33.0	1387	2025-04-01
22108	A22108T	S	K182N	LU.2.1.1*,MB.1.1*,KP.1.1.1*,XEC.11*	2025-01-12	2025-02-01	136170.0	0.005737	23733589.0	606.0	19.0	1219	2025-04-01
22120	C22120A	S	F186L	LP.8.1*,LP.8.2*	2025-01-12	2025-02-01	3775259.0	0.088774	42526469.0	787.0	223.0	1219	2025-04-01
22120	C22120A	S	F186L	LP.8.1*,LP.8.2*	2025-02-02	2025-02-22	8759406.0	0.105268	83210336.0	969.0	356.0	1387	2025-04-01
22132	G22132T	S	R190S	LP.8.1*,LF.7*,KP.4.2.6*,LP.7*,NL.5.2*,LZ.4*,NC.1*,XER*,XEL.4*,KP.4.2.4*,LP.1.2*,MA.1*,JN.1.59.1*,NL.1*,NK.1*,LB.1.4.1*	2025-02-02	2025-02-22	9874622.0	0.200182	49328313.0	1029.0	403.0	1387	2025-04-01
22132	G22132T	S	R190S	LP.8.1*,LF.7*,KP.4.2.6*,LP.7*,NL.5.2*,LZ.4*,NC.1*,XER*,XEL.4*,KP.4.2.4*,LP.1.2*,MA.1*,JN.1.59.1*,NL.1*,NK.1*,LB.1.4.1*	2025-01-12	2025-02-01	4674751.0	0.178583	26176907.0	851.0	270.0	1219	2025-04-01
22599	G22599C	S	R346T	MC.19*,KS.1*,KP.2*,KP.4.1*,LU.1*,XDK.1*,KZ.1.1*,MC.33.1*,LF.6*,MC.31*,MC.13.3.1*,MF.1*,XEH*,JN.1.9.2*,JN.1.1.5*,MC.13.2.1*,JN.1.1.3*,XES*,JN.1.49.1*,LN.1.1*,LF.8*,JN.1.7.3*,JN.1.16.1*,JN.1.48*,JN.1.6.1*,JN.1.50.1*,JN.1.44.1*,MC.10.1.6*,JN.1.26*,LU.2*,JN.1.30.1*,JN.1.39.2*,MC.17.1*,JN.1.58.2*,JN.1.29.1*,JN.1.18.8*,JN.1.8.2*,XDD.1.1.1*,JN.1.59.1*,MK.3*,XEM*,XED*,JN.1.18*,MC.32.1*,JN.1.4.4*,LG.1*,MZ.3*,MU.3*,KQ.1*,JN.1.25.1*,NU.1*,JN.1.42.2*,MC.28.1.1*,JN.1.24.1*,MQ.1*,KR.5*,XDR.1*,LE.1*,JN.1.11.2*	2025-01-12	2025-02-01	9005912.0	0.180342	49937991.0	764.0	336.0	1219	2025-04-01
22599	G22599C	S	R346T	MC.19*,KS.1*,KP.2*,KP.4.1*,LU.1*,XDK.1*,KZ.1.1*,MC.33.1*,LF.6*,MC.31*,MC.13.3.1*,MF.1*,XEH*,JN.1.9.2*,JN.1.1.5*,MC.13.2.1*,JN.1.1.3*,XES*,JN.1.49.1*,LN.1.1*,LF.8*,JN.1.7.3*,JN.1.16.1*,JN.1.48*,JN.1.6.1*,JN.1.50.1*,JN.1.44.1*,MC.10.1.6*,JN.1.26*,LU.2*,JN.1.30.1*,JN.1.39.2*,MC.17.1*,JN.1.58.2*,JN.1.29.1*,JN.1.18.8*,JN.1.8.2*,XDD.1.1.1*,JN.1.59.1*,MK.3*,XEM*,XED*,JN.1.18*,MC.32.1*,JN.1.4.4*,LG.1*,MZ.3*,MU.3*,KQ.1*,JN.1.25.1*,NU.1*,JN.1.42.2*,MC.28.1.1*,JN.1.24.1*,MQ.1*,KR.5*,XDR.1*,LE.1*,JN.1.11.2*	2025-02-02	2025-02-22	6184631.0	0.299917	20621166.0	796.0	386.0	1387	2025-04-01
22865	G22865T	S	A435S	MC.10.1*,MC.28.1*,MC.30.1.1*,KP.3.7*,KP.3.3.2*,KP.3.3.5*,MU.6*,XDV.1.9.1*,MC.21.1*,XFB*,MC.13.2*,MU.2.1.1*,KP.2.14.2*,XEP*,MC.31*,XDY.1*,LP.10.1.1*,XDY.3*	2025-02-02	2025-02-22	121127.0	0.079266	1528109.0	407.0	21.0	1387	2025-04-01
22865	G22865T	S	A435S	MC.10.1*,MC.28.1*,MC.30.1.1*,KP.3.7*,KP.3.3.2*,KP.3.3.5*,MU.6*,XDV.1.9.1*,MC.21.1*,XFB*,MC.13.2*,MU.2.1.1*,KP.2.14.2*,XEP*,MC.31*,XDY.1*,LP.10.1.1*,XDY.3*	2025-01-12	2025-02-01	32339.0	0.040666	795231.0	365.0	7.0	1219	2025-04-01
22893	A22893G	S	K444R	LF.7*,JN.1.23*,JN.1.61*,NA.1.1*,XER*	2025-01-12	2025-02-01	41559.0	0.040901	1016087.0	272.0	8.0	1219	2025-04-01
22893	A22893G	S	K444R	LF.7*,JN.1.23*,JN.1.61*,NA.1.1*,XER*	2025-02-02	2025-02-22	61004.0	0.030064	2029132.0	370.0	11.0	1387	2025-04-01
22895	G22895C, T22896G	S	V445R	MC.19.1*,MC.32.1*,NZ.1*,MC.33.1*,LP.8*,MK.3*	2025-02-02	2025-02-22	434132.0	0.123202	3523741.0	665.0	137.0	1387	2025-04-01
22895	G22895C, T22896G	S	V445R	MC.19.1*,MC.32.1*,NZ.1*,MC.33.1*,LP.8*,MK.3*	2025-01-12	2025-02-01	198523.0	0.131937	1504678.0	440.0	57.0	1219	2025-04-01
22895	G22895C, T22896C	S	V445P	LB.1.3.1*,LP.1.2.1*,PA.1*,LK.1*,JN.1.50*,LF.7.8*,KP.2.28.1*,LB.1.10*,LF.7.9*,NC.1.2*,LP.9*,NS.1.1*,MU.5*,JN.1.1.8*,MU.2.1.1*,KP.2.3.4*,NN.1*,LF.3.1*,MA.1.1.1*,LF.7.7.2*	2025-01-12	2025-02-01	61654.0	0.040975	1504678.0	292.0	12.0	1219	2025-04-01
22895	G22895C, T22896C	S	V445P	LB.1.3.1*,LP.1.2.1*,PA.1*,LK.1*,JN.1.50*,LF.7.8*,KP.2.28.1*,LB.1.10*,LF.7.9*,NC.1.2*,LP.9*,NS.1.1*,MU.5*,JN.1.1.8*,MU.2.1.1*,KP.2.3.4*,NN.1*,LF.3.1*,MA.1.1.1*,LF.7.7.2*	2025-02-02	2025-02-22	102847.0	0.029187	3523741.0	352.0	25.0	1387	2025-04-01
22926	T22926C	S	L455S		2025-01-12	2025-02-01	941253.0	0.874259	1076630.0	908.0	259.0	1219	2025-04-01
22926	T22926C	S	L455S		2025-02-02	2025-02-22	1763162.0	0.716271	2461584.0	1035.0	374.0	1387	2025-04-01
22928	T22928C	S	F456L	JN.1.16*,KS.1*,JN.1.39.1*,MD.1*,LZ.2.1*,JN.1.50*,LE.1.3.1*,JN.1.18.9*,LF.6*,JN.1.67.1*,JN.1.51.1*,NS.3*,XDK.1.2*,LR.3*,XDR.1.1*,XDK.3*,KW.1.1*,XDK.4.1*,LN.1.1*,LR.1*,LF.8*,LQ.1*,XDK.6*,JN.1.55.1*,JN.1.62*,JN.1.48*,KU.2*,JN.1.7.8*,MD.3.1*,XDK.5*,XDV.1*,LM.1*,JN.1.55.2*,JN.1.1.8*,JN.1.29.1*,JN.1.18.5*,XDD.3*,JN.1.4.9*,JN.1.15.1*,JN.1.18.4*,JN.1.65.1*,KR.1*,KR.3*,LZ.2.2*,LZ.1*,JN.1.11.1*,JN.1.7.9*,LL.1*,JN.1.1.6*,KR.5*	2025-02-02	2025-02-22	1757731.0	0.975982	1800988.0	1028.0	374.0	1387	2025-04-01
22928	T22928C	S	F456L	JN.1.16*,KS.1*,JN.1.39.1*,MD.1*,LZ.2.1*,JN.1.50*,LE.1.3.1*,JN.1.18.9*,LF.6*,JN.1.67.1*,JN.1.51.1*,NS.3*,XDK.1.2*,LR.3*,XDR.1.1*,XDK.3*,KW.1.1*,XDK.4.1*,LN.1.1*,LR.1*,LF.8*,LQ.1*,XDK.6*,JN.1.55.1*,JN.1.62*,JN.1.48*,KU.2*,JN.1.7.8*,MD.3.1*,XDK.5*,XDV.1*,LM.1*,JN.1.55.2*,JN.1.1.8*,JN.1.29.1*,JN.1.18.5*,XDD.3*,JN.1.4.9*,JN.1.15.1*,JN.1.18.4*,JN.1.65.1*,KR.1*,KR.3*,LZ.2.2*,LZ.1*,JN.1.11.1*,JN.1.7.9*,LL.1*,JN.1.1.6*,KR.5*	2025-01-12	2025-02-01	944507.0	0.987698	956271.0	906.0	259.0	1219	2025-04-01
23039	C23039G	S	Q493E	XEQ*,KP.3*,XEF*,XDY.6*,XET*,KP.3.4*,JN.1.16.5*,JN.1.16.4*,XDY.2*,XDY.7*,XDY.4*,XDY*,LP.8*,XDY.1*,XDY.3*,XDY.5*	2025-01-12	2025-02-01	1703106.0	0.83363	2043001.0	884.0	277.0	1219	2025-04-01
23039	C23039G	S	Q493E	XEQ*,KP.3*,XEF*,XDY.6*,XET*,KP.3.4*,JN.1.16.5*,JN.1.16.4*,XDY.2*,XDY.7*,XDY.4*,XDY*,LP.8*,XDY.1*,XDY.3*,XDY.5*	2025-02-02	2025-02-22	2983502.0	0.783507	3807881.0	990.0	428.0	1387	2025-04-01
23277	C23277T	S	T572I	XEC.4*,MC.1*,KP.2.2.2*,MH.1*,KP.2.3.8*,JN.1.1.1*,JN.1.7*,LD.1*,MC.30.1.1*,MC.6.1*,NL.5.1*,KP.2.15.1*,KV.2*,JN.1.32*,JN.1.9.1*,LF.7.7*,XFB*,JN.1.65*,LB.1.2.2*,XDV.1.3*,JN.1.62*,MZ.5*,MU.1*,NB.1.3.1*,XDY.1.1*,KP.2.27*,KP.1.2*,XDK*,MC.26.1*,MC.13.4*,MG.1*,KP.2.3.6*,MC.8.1*,LP.4*,JN.1.16.3*,XDD.3*,XFA*,KW.1*,XEC.21*,XDY.5.1*,XEF.3*,LZ.3*,KP.2.14.1*,KP.5*,KP.2.9*,JN.1.4.3*,JN.1.47.2*	2025-02-02	2025-02-22	7577915.0	0.077237	98113125.0	986.0	259.0	1387	2025-04-01
23277	C23277T	S	T572I	XEC.4*,MC.1*,KP.2.2.2*,MH.1*,KP.2.3.8*,JN.1.1.1*,JN.1.7*,LD.1*,MC.30.1.1*,MC.6.1*,NL.5.1*,KP.2.15.1*,KV.2*,JN.1.32*,JN.1.9.1*,LF.7.7*,XFB*,JN.1.65*,LB.1.2.2*,XDV.1.3*,JN.1.62*,MZ.5*,MU.1*,NB.1.3.1*,XDY.1.1*,KP.2.27*,KP.1.2*,XDK*,MC.26.1*,MC.13.4*,MG.1*,KP.2.3.6*,MC.8.1*,LP.4*,JN.1.16.3*,XDD.3*,XFA*,KW.1*,XEC.21*,XDY.5.1*,XEF.3*,LZ.3*,KP.2.14.1*,KP.5*,KP.2.9*,JN.1.4.3*,JN.1.47.2*	2025-01-12	2025-02-01	4079313.0	0.090639	45006101.0	751.0	241.0	1219	2025-04-01
23915	G23915T	S	V785F		2025-01-12	2025-02-01	435644.0	0.022538	19329319.0	517.0	1.0	1219	2025-04-01
23915	G23915T	S	V785F		2025-02-02	2025-02-22	41442.0	0.001779	23300174.0	505.0	2.0	1387	2025-04-01
24185	T24185C	S	S875P		2025-02-02	2025-02-22	6166.0	0.000329	18764605.0	559.0	1.0	1387	2025-04-01
24185	T24185C	S	S875P		2025-01-12	2025-02-01	402981.0	0.023853	16894417.0	483.0	1.0	1219	2025-04-01
24819	A24819G	S	K1086R	KP.1.1*,KP.1*	2025-01-12	2025-02-01	4094471.0	0.125896	32522612.0	714.0	191.0	1219	2025-04-01
24819	A24819G	S	K1086R	KP.1.1*,KP.1*	2025-02-02	2025-02-22	7042838.0	0.263854	26692221.0	845.0	249.0	1387	2025-04-01
24872	G24872T	S	V1104L	XEQ*,XEF*,XDY.6*,LB.1.1*,XDY.2*,XDY.7*,XDY.4*,JN.1.11*,XDY*,XDY.1*,XDY.3*,XDY.5*	2025-02-02	2025-02-22	24514017.0	0.829724	29544783.0	1088.0	723.0	1387	2025-04-01
24872	G24872T	S	V1104L	XEQ*,XEF*,XDY.6*,LB.1.1*,XDY.2*,XDY.7*,XDY.4*,JN.1.11*,XDY*,XDY.1*,XDY.3*,XDY.5*	2025-01-12	2025-02-01	28716388.0	0.832604	34489847.0	973.0	610.0	1219	2025-04-01
25925	C25925T	ORF3a	P178L	LP.8*,LP.11*	2025-01-12	2025-02-01	332938.0	0.182164	1827681.0	495.0	86.0	1219	2025-04-01
25925	C25925T	ORF3a	P178L	LP.8*,LP.11*	2025-02-02	2025-02-22	940867.0	0.260274	3614912.0	785.0	228.0	1387	2025-04-01
27476	C27476T	ORF7a	T28I	LB.1.3.1*,JN.1.8*,JN.1.8.1*	2025-02-02	2025-02-22	1395883.0	0.037192	37531741.0	837.0	84.0	1387	2025-04-01
27476	C27476T	ORF7a	T28I	LB.1.3.1*,JN.1.8*,JN.1.8.1*	2025-01-12	2025-02-01	1197836.0	0.042136	28427761.0	632.0	89.0	1219	2025-04-01
27810	T27810C	ORF7b	F19L		2025-01-12	2025-02-01	27889454.0	0.75373	37001925.0	1096.0	724.0	1219	2025-04-01
27810	T27810C	ORF7b	F19L		2025-02-02	2025-02-22	46862964.0	0.674548	69473106.0	1225.0	840.0	1387	2025-04-01
28883	G28883C, G28884C	N	G204P	XEP*,MC.24.1*,KP.3.3*	2025-02-02	2025-02-22	12444465.0	0.36414	34174929.0	1155.0	707.0	1387	2025-04-01
28883	G28883C, G28884C	N	G204P	XEP*,MC.24.1*,KP.3.3*	2025-01-12	2025-02-01	8966973.0	0.440969	20334683.0	1087.0	685.0	1219	2025-04-01
28892	C28892A	N	P207T		2025-02-02	2025-02-22	1074337.0	0.032446	33111164.0	1090.0	278.0	1387	2025-04-01
28892	C28892A	N	P207T		2025-01-12	2025-02-01	65826.0	0.003302	19934282.0	901.0	16.0	1219	2025-04-01
29409	C29409T	N	T379I	LB.1.3.1*,NS.3*,MC.10.1.3*,XDS*,NT.1*,XEC.2.3*	2025-01-12	2025-02-01	7867044.0	0.035385	222324009.0	840.0	133.0	1219	2025-04-01
29409	C29409T	N	T379I	LB.1.3.1*,NS.3*,MC.10.1.3*,XDS*,NT.1*,XEC.2.3*	2025-02-02	2025-02-22	6647114.0	0.027208	244307626.0	947.0	167.0	1387	2025-04-01
515	GTTATG515-520del	ORF1	VM84-85del	LB.1.3.1*	2025-01-05	2025-01-25	9185.0	0.021423	428742.0	133.0	1.0	1197	2025-04-01
515	GTTATG515-520del	ORF1	VM84-85del	LB.1.3.1*	2025-01-26	2025-02-15	15831.0	0.032563	486166.0	181.0	1.0	1422	2025-04-01
2060	G2060A	ORF1	A599T	XEC*,MC.24.1*	2025-01-26	2025-02-15	8496879.0	0.224526	37843652.0	1010.0	461.0	1422	2025-04-01
2060	G2060A	ORF1	A599T	XEC*,MC.24.1*	2025-01-05	2025-01-25	5174239.0	0.327786	15785441.0	849.0	479.0	1197	2025-04-01
2193	G2193T	ORF1	R643I		2025-01-05	2025-01-25	7914.0	0.000501	15805767.0	759.0	1.0	1197	2025-04-01
2193	G2193T	ORF1	R643I		2025-01-26	2025-02-15	707829.0	0.025275	28005655.0	931.0	226.0	1422	2025-04-01
3177	C3177T	ORF1	P971L	XEL.3*,KV.2*	2025-01-05	2025-01-25	1466.0	0.000785	1866933.0	121.0	0.0	1197	2025-04-01
3177	C3177T	ORF1	P971L	XEL.3*,KV.2*	2025-01-26	2025-02-15	60342.0	0.022313	2704288.0	297.0	3.0	1422	2025-04-01
4364	A4364C	ORF1	I1367L	XEP*,KP.3.3.4*,XEC.2*	2025-01-26	2025-02-15	1289766.0	0.061644	20922863.0	639.0	98.0	1422	2025-04-01
4364	A4364C	ORF1	I1367L	XEP*,KP.3.3.4*,XEC.2*	2025-01-05	2025-01-25	499223.0	0.05188	9622592.0	664.0	63.0	1197	2025-04-01
4422	G4422T	ORF1	R1386L		2025-01-05	2025-01-25	5418.0	0.000568	9541788.0	552.0	0.0	1197	2025-04-01
4422	G4422T	ORF1	R1386L		2025-01-26	2025-02-15	661778.0	0.03092	21402901.0	469.0	1.0	1422	2025-04-01
6255	C6255T	ORF1	A1997V	LP.8*,LP.11*	2025-01-05	2025-01-25	6406621.0	0.148547	43128638.0	789.0	244.0	1197	2025-04-01
6255	C6255T	ORF1	A1997V	LP.8*,LP.11*	2025-01-26	2025-02-15	13462927.0	0.24264	55485144.0	993.0	323.0	1422	2025-04-01
7113	C7113T	ORF1	T2283I	KU.2*,XDV*,JN.1.11.1*	2025-01-26	2025-02-15	20051055.0	0.389632	51461455.0	1038.0	511.0	1422	2025-04-01
7113	C7113T	ORF1	T2283I	KU.2*,XDV*,JN.1.11.1*	2025-01-05	2025-01-25	11338039.0	0.354102	32019089.0	887.0	442.0	1197	2025-04-01
7119	C7119T	ORF1	S2285F		2025-01-26	2025-02-15	114566.0	0.002181	52528179.0	638.0	6.0	1422	2025-04-01
7119	C7119T	ORF1	S2285F		2025-01-05	2025-01-25	612807.0	0.020934	29273614.0	452.0	3.0	1197	2025-04-01
7869	C7869T	ORF1	S2535L	LF.7*	2025-01-05	2025-01-25	1012666.0	0.037902	26717803.0	506.0	59.0	1197	2025-04-01
7869	C7869T	ORF1	S2535L	LF.7*	2025-01-26	2025-02-15	1585495.0	0.039693	39943709.0	660.0	56.0	1422	2025-04-01
7925	G7925T	ORF1	A2554S		2025-01-05	2025-01-25	899645.0	0.038795	23189698.0	587.0	2.0	1197	2025-04-01
7925	G7925T	ORF1	A2554S		2025-01-26	2025-02-15	53322.0	0.001307	40795544.0	578.0	1.0	1422	2025-04-01
11003	C11003T	ORF1	H3580Y		2025-01-05	2025-01-25	222803.0	0.0289	7709434.0	317.0	11.0	1197	2025-04-01
11003	C11003T	ORF1	H3580Y		2025-01-26	2025-02-15	114371.0	0.005113	22370023.0	539.0	10.0	1422	2025-04-01
11570	T11570A	ORF1	F3769I		2025-01-26	2025-02-15	70641.0	0.046469	1520161.0	210.0	1.0	1422	2025-04-01
11570	T11570A	ORF1	F3769I		2025-01-05	2025-01-25	282.0	0.00024	1176314.0	189.0	0.0	1197	2025-04-01
11727	G11727A	ORF1	R3821K		2025-01-05	2025-01-25	955044.0	0.990635	964073.0	1000.0	385.0	1197	2025-04-01
11727	G11727A	ORF1	R3821K		2025-01-26	2025-02-15	1284078.0	0.977673	1313403.0	1134.0	506.0	1422	2025-04-01
12423	G12423T	ORF1	R4053I		2025-01-26	2025-02-15	594726.0	0.040641	14633508.0	885.0	184.0	1422	2025-04-01
12423	G12423T	ORF1	R4053I		2025-01-05	2025-01-25	5421.0	0.000408	13279918.0	759.0	0.0	1197	2025-04-01
13121	A13121T	ORF1	S4286C	KP.3.1.1*,XFA*,XEW*	2025-01-05	2025-01-25	2094835.0	0.251765	8320600.0	645.0	308.0	1197	2025-04-01
13121	A13121T	ORF1	S4286C	KP.3.1.1*,XFA*,XEW*	2025-01-26	2025-02-15	3333823.0	0.217703	15313616.0	677.0	200.0	1422	2025-04-01
14964	A14964C	ORF1	K4900N		2025-01-26	2025-02-15	70398.0	0.014183	4963616.0	636.0	6.0	1422	2025-04-01
14964	A14964C	ORF1	K4900N		2025-01-05	2025-01-25	54330.0	0.020816	2610027.0	660.0	0.0	1197	2025-04-01
15007	G15007A	ORF1	D4915N		2025-01-05	2025-01-25	7983.0	0.003185	2506338.0	318.0	0.0	1197	2025-04-01
15007	G15007A	ORF1	D4915N		2025-01-26	2025-02-15	869421.0	0.182193	4771987.0	747.0	260.0	1422	2025-04-01
15007	G15007A, T15009C	ORF1	D4915N		2025-01-26	2025-02-15	167070.0	0.035011	4771987.0	538.0	38.0	1422	2025-04-01
15007	G15007A, T15009C	ORF1	D4915N		2025-01-05	2025-01-25	2037.0	0.000813	2506338.0	172.0	0.0	1197	2025-04-01
15757	C15757A	ORF1	Q5165K		2025-01-05	2025-01-25	3447.0	0.000751	4590034.0	741.0	0.0	1197	2025-04-01
15757	C15757A	ORF1	Q5165K		2025-01-26	2025-02-15	327708.0	0.054845	5975139.0	848.0	131.0	1422	2025-04-01
16943	G16943T	ORF1	S5560I		2025-01-26	2025-02-15	601761.0	0.016986	35426417.0	578.0	54.0	1422	2025-04-01
16943	G16943T	ORF1	S5560I		2025-01-05	2025-01-25	514281.0	0.023994	21434025.0	667.0	58.0	1197	2025-04-01
17012	C17012A	ORF1	S5583*		2025-01-05	2025-01-25	7767.0	0.001136	6838205.0	773.0	0.0	1197	2025-04-01
17012	C17012A	ORF1	S5583*		2025-01-26	2025-02-15	956901.0	0.065342	14644436.0	932.0	258.0	1422	2025-04-01
17329	G17329T	ORF1	E5689*		2025-01-26	2025-02-15	735971.0	0.025719	28615951.0	906.0	232.0	1422	2025-04-01
17329	G17329T	ORF1	E5689*		2025-01-05	2025-01-25	14994.0	0.000733	20464638.0	814.0	0.0	1197	2025-04-01
18131	C18131T	ORF1	T5956I		2025-01-05	2025-01-25	118198.0	0.030207	3912971.0	288.0	40.0	1197	2025-04-01
18131	C18131T	ORF1	T5956I		2025-01-26	2025-02-15	237623.0	0.041927	5667559.0	537.0	49.0	1422	2025-04-01
21351	G21351T	ORF1	W7029C		2025-01-26	2025-02-15	689693.0	0.025083	27496277.0	881.0	172.0	1422	2025-04-01
21351	G21351T	ORF1	W7029C		2025-01-05	2025-01-25	8092.0	0.000549	14747289.0	712.0	0.0	1197	2025-04-01
21627	C21627A	S	T22N	XEC*,LF.7*,XEQ*,MB.1.1*,MJ.1.1*,LJ.1*,KP.2.2.1*,KP.3.1.9*,LP.8.1.6*,XEN*,LP.8.1.8*,MC.24.1*,KP.2.14*,MT.1.1*,KP.3.3.9*,MR.2*,NG.1*,JN.1.16.5*,KS.1.5*,XFC*,XER*,KP.2.18*,PB.2*,KP.2.26*,MG.3*,MU.6*,MU.3*,KP.3.6*,XDV.1.7.1*,NB.1*,XEL*,KS.1.1*,LF.8.1.1*,PB.1*	2025-01-05	2025-01-25	616632.0	0.532164	1158726.0	782.0	152.0	1197	2025-04-01
21627	C21627A	S	T22N	XEC*,LF.7*,XEQ*,MB.1.1*,MJ.1.1*,LJ.1*,KP.2.2.1*,KP.3.1.9*,LP.8.1.6*,XEN*,LP.8.1.8*,MC.24.1*,KP.2.14*,MT.1.1*,KP.3.3.9*,MR.2*,NG.1*,JN.1.16.5*,KS.1.5*,XFC*,XER*,KP.2.18*,PB.2*,KP.2.26*,MG.3*,MU.6*,MU.3*,KP.3.6*,XDV.1.7.1*,NB.1*,XEL*,KS.1.1*,LF.8.1.1*,PB.1*	2025-01-26	2025-02-15	1299678.0	0.528057	2461247.0	876.0	215.0	1422	2025-04-01
21652	TTC21652-21654del	S	NS30-31Ndel		2025-01-26	2025-02-15	1125111.0	0.415685	2706642.0	825.0	215.0	1422	2025-04-01
21652	TTC21652-21654del	S	NS30-31Ndel		2025-01-05	2025-01-25	546692.0	0.447972	1220370.0	728.0	118.0	1197	2025-04-01
21653	T21653C	S	S31P	LF.7*,KP.3.2.6*,MT.1*,NF.1*,XFC*,JN.1.40*,XER*,KP.2.26*,MJ.1*	2025-01-26	2025-02-15	62353.0	0.02454	2540856.0	324.0	18.0	1422	2025-04-01
21653	T21653C	S	S31P	LF.7*,KP.3.2.6*,MT.1*,NF.1*,XFC*,JN.1.40*,XER*,KP.2.26*,MJ.1*	2025-01-05	2025-01-25	44719.0	0.037019	1208003.0	241.0	14.0	1197	2025-04-01
21654	C21654T	S	S31F	KP.1.1.6*,MZ.1*,KP.3.1.3*,KP.3.4.1*,JN.1.1.7*,KP.2.14*,MK.1*,MD.3.1.4*,JN.1.20*,LF.8.1*,KP.2.7*,KP.4.2.1*,JN.1.58.3*,KP.3.3.9*,LC.1*,MB.1*,XEN*	2025-01-05	2025-01-25	4031.0	0.003349	1203531.0	51.0	1.0	1197	2025-04-01
21654	C21654T	S	S31F	KP.1.1.6*,MZ.1*,KP.3.1.3*,KP.3.4.1*,JN.1.1.7*,KP.2.14*,MK.1*,MD.3.1.4*,JN.1.20*,LF.8.1*,KP.2.7*,KP.4.2.1*,JN.1.58.3*,KP.3.3.9*,LC.1*,MB.1*,XEN*	2025-01-26	2025-02-15	65459.0	0.025597	2557334.0	119.0	6.0	1422	2025-04-01
21707	C21707T	S	H49Y	NB.1.3.1*	2025-01-05	2025-01-25	201.0	0.000472	425894.0	79.0	0.0	1197	2025-04-01
21707	C21707T	S	H49Y	NB.1.3.1*	2025-01-26	2025-02-15	16178.0	0.027497	588361.0	116.0	1.0	1422	2025-04-01
21728	T21728G	S	L56V	MJ.2.1.1*,KP.2.11*	2025-01-05	2025-01-25	12609.0	0.031968	394425.0	211.0	1.0	1197	2025-04-01
21728	T21728G	S	L56V	MJ.2.1.1*,KP.2.11*	2025-01-26	2025-02-15	270.0	0.000505	534303.0	103.0	0.0	1422	2025-04-01
21737	T21737C	S	F59L	KR.1.1*,MD.1.2*,NJ.1*,KP.2.2*,JN.1.11.2*	2025-01-05	2025-01-25	12311.0	0.031111	395706.0	106.0	1.0	1197	2025-04-01
21737	T21737C	S	F59L	KR.1.1*,MD.1.2*,NJ.1*,KP.2.2*,JN.1.11.2*	2025-01-26	2025-02-15	286.0	0.000527	542846.0	134.0	0.0	1422	2025-04-01
21738	T21738C	S	F59S	XEC*,JN.1.18.6*,KS.1*,KP.2.10*,JN.1.18.9*,KP.3.3.8*,KR.1.4*,JN.1.13.1*,KP.3.1.8*,MN.1*,JN.1.42.1*,MR.2*,JN.1.18.2*,XEM*,MZ.3*,MU.3*,NB.1*,XDR.1*,KP.1.1.5*	2025-01-26	2025-02-15	188823.0	0.365002	517320.0	762.0	42.0	1422	2025-04-01
21738	T21738C	S	F59S	XEC*,JN.1.18.6*,KS.1*,KP.2.10*,JN.1.18.9*,KP.3.3.8*,KR.1.4*,JN.1.13.1*,KP.3.1.8*,MN.1*,JN.1.42.1*,MR.2*,JN.1.18.2*,XEM*,MZ.3*,MU.3*,NB.1*,XDR.1*,KP.1.1.5*	2025-01-05	2025-01-25	200907.0	0.510576	393491.0	701.0	38.0	1197	2025-04-01
21761	G21761T	S	A67S		2025-01-05	2025-01-25	367.0	0.000989	371167.0	169.0	0.0	1197	2025-04-01
21761	G21761T	S	A67S		2025-01-26	2025-02-15	15457.0	0.03129	493993.0	118.0	1.0	1422	2025-04-01
21780	C21780A	S	T73N		2025-01-26	2025-02-15	15355.0	0.031836	482323.0	114.0	1.0	1422	2025-04-01
21780	C21780A	S	T73N		2025-01-05	2025-01-25	227.0	0.000618	367556.0	148.0	0.0	1197	2025-04-01
21789	C21789T	S	T76I		2025-01-05	2025-01-25	84.0	0.000252	333138.0	38.0	0.0	1197	2025-04-01
21789	C21789T	S	T76I		2025-01-26	2025-02-15	15240.0	0.03427	444704.0	74.0	1.0	1422	2025-04-01
21793	G21793C	S	K77N		2025-01-26	2025-02-15	15325.0	0.032527	471152.0	65.0	1.0	1422	2025-04-01
21793	G21793C	S	K77N		2025-01-05	2025-01-25	144.0	0.000419	344052.0	91.0	0.0	1197	2025-04-01
21823	T21823A	S	N87K		2025-01-05	2025-01-25	44.0	0.000136	322826.0	39.0	0.0	1197	2025-04-01
21823	T21823A	S	N87K		2025-01-26	2025-02-15	15234.0	0.030896	493071.0	31.0	1.0	1422	2025-04-01
22107	A22107G	S	K182R	LF.7*,KP.2.2.2*,XEC.1*,XFC*,XER*,MC.15*,LB.1.3.3*	2025-01-26	2025-02-15	1026076.0	0.025104	40873064.0	829.0	67.0	1422	2025-04-01
22107	A22107G	S	K182R	LF.7*,KP.2.2.2*,XEC.1*,XFC*,XER*,MC.15*,LB.1.3.3*	2025-01-05	2025-01-25	835161.0	0.041721	20017934.0	683.0	91.0	1197	2025-04-01
22108	A22108T	S	K182N	LU.2.1.1*,MB.1.1*,KP.1.1.1*,XEC.11*	2025-01-05	2025-01-25	153854.0	0.008013	19199366.0	624.0	20.0	1197	2025-04-01
22108	A22108T	S	K182N	LU.2.1.1*,MB.1.1*,KP.1.1.1*,XEC.11*	2025-01-26	2025-02-15	834130.0	0.020291	41108945.0	482.0	31.0	1422	2025-04-01
22111	G22111T	S	Q183H	LB.1*,JN.1.32.1*,XFB*,LY.2*,JN.1.9*	2025-01-26	2025-02-15	1531580.0	0.020455	74875746.0	818.0	109.0	1422	2025-04-01
22111	G22111T	S	Q183H	LB.1*,JN.1.32.1*,XFB*,LY.2*,JN.1.9*	2025-01-05	2025-01-25	454628.0	0.012715	35755132.0	743.0	72.0	1197	2025-04-01
22120	C22120A	S	F186L	LP.8.1*,LP.8.2*	2025-01-05	2025-01-25	2658020.0	0.085529	31077355.0	805.0	213.0	1197	2025-04-01
22120	C22120A	S	F186L	LP.8.1*,LP.8.2*	2025-01-26	2025-02-15	7313799.0	0.098495	74255456.0	977.0	339.0	1422	2025-04-01
22132	G22132T	S	R190S	LP.8.1*,LF.7*,KP.4.2.6*,LP.7*,NL.5.2*,LZ.4*,NC.1*,XER*,XEL.4*,KP.4.2.4*,LP.1.2*,MA.1*,JN.1.59.1*,NL.1*,NK.1*,LB.1.4.1*	2025-01-26	2025-02-15	8418526.0	0.17987	46803399.0	1043.0	391.0	1422	2025-04-01
22132	G22132T	S	R190S	LP.8.1*,LF.7*,KP.4.2.6*,LP.7*,NL.5.2*,LZ.4*,NC.1*,XER*,XEL.4*,KP.4.2.4*,LP.1.2*,MA.1*,JN.1.59.1*,NL.1*,NK.1*,LB.1.4.1*	2025-01-05	2025-01-25	3453075.0	0.175465	19679604.0	864.0	269.0	1197	2025-04-01
22599	G22599C	S	R346T	MC.19*,KS.1*,KP.2*,KP.4.1*,LU.1*,XDK.1*,KZ.1.1*,MC.33.1*,LF.6*,MC.31*,MC.13.3.1*,MF.1*,XEH*,JN.1.9.2*,JN.1.1.5*,MC.13.2.1*,JN.1.1.3*,XES*,JN.1.49.1*,LN.1.1*,LF.8*,JN.1.7.3*,JN.1.16.1*,JN.1.48*,JN.1.6.1*,JN.1.50.1*,JN.1.44.1*,MC.10.1.6*,JN.1.26*,LU.2*,JN.1.30.1*,JN.1.39.2*,MC.17.1*,JN.1.58.2*,JN.1.29.1*,JN.1.18.8*,JN.1.8.2*,XDD.1.1.1*,JN.1.59.1*,MK.3*,XEM*,XED*,JN.1.18*,MC.32.1*,JN.1.4.4*,LG.1*,MZ.3*,MU.3*,KQ.1*,JN.1.25.1*,NU.1*,JN.1.42.2*,MC.28.1.1*,JN.1.24.1*,MQ.1*,KR.5*,XDR.1*,LE.1*,JN.1.11.2*	2025-01-05	2025-01-25	10984169.0	0.162247	67700398.0	763.0	345.0	1197	2025-04-01
22599	G22599C	S	R346T	MC.19*,KS.1*,KP.2*,KP.4.1*,LU.1*,XDK.1*,KZ.1.1*,MC.33.1*,LF.6*,MC.31*,MC.13.3.1*,MF.1*,XEH*,JN.1.9.2*,JN.1.1.5*,MC.13.2.1*,JN.1.1.3*,XES*,JN.1.49.1*,LN.1.1*,LF.8*,JN.1.7.3*,JN.1.16.1*,JN.1.48*,JN.1.6.1*,JN.1.50.1*,JN.1.44.1*,MC.10.1.6*,JN.1.26*,LU.2*,JN.1.30.1*,JN.1.39.2*,MC.17.1*,JN.1.58.2*,JN.1.29.1*,JN.1.18.8*,JN.1.8.2*,XDD.1.1.1*,JN.1.59.1*,MK.3*,XEM*,XED*,JN.1.18*,MC.32.1*,JN.1.4.4*,LG.1*,MZ.3*,MU.3*,KQ.1*,JN.1.25.1*,NU.1*,JN.1.42.2*,MC.28.1.1*,JN.1.24.1*,MQ.1*,KR.5*,XDR.1*,LE.1*,JN.1.11.2*	2025-01-26	2025-02-15	4957125.0	0.282682	17536034.0	819.0	395.0	1422	2025-04-01
22865	G22865T	S	A435S	MC.10.1*,MC.28.1*,MC.30.1.1*,KP.3.7*,KP.3.3.2*,KP.3.3.5*,MU.6*,XDV.1.9.1*,MC.21.1*,XFB*,MC.13.2*,MU.2.1.1*,KP.2.14.2*,XEP*,MC.31*,XDY.1*,LP.10.1.1*,XDY.3*	2025-01-26	2025-02-15	74581.0	0.058728	1269949.0	387.0	16.0	1422	2025-04-01
22865	G22865T	S	A435S	MC.10.1*,MC.28.1*,MC.30.1.1*,KP.3.7*,KP.3.3.2*,KP.3.3.5*,MU.6*,XDV.1.9.1*,MC.21.1*,XFB*,MC.13.2*,MU.2.1.1*,KP.2.14.2*,XEP*,MC.31*,XDY.1*,LP.10.1.1*,XDY.3*	2025-01-05	2025-01-25	36450.0	0.045791	796016.0	371.0	7.0	1197	2025-04-01
22893	A22893G	S	K444R	LF.7*,JN.1.23*,JN.1.61*,NA.1.1*,XER*	2025-01-05	2025-01-25	41581.0	0.037636	1104828.0	309.0	10.0	1197	2025-04-01
22893	A22893G	S	K444R	LF.7*,JN.1.23*,JN.1.61*,NA.1.1*,XER*	2025-01-26	2025-02-15	68757.0	0.041007	1676710.0	361.0	13.0	1422	2025-04-01
22895	G22895C, T22896G	S	V445R	MC.19.1*,MC.32.1*,NZ.1*,MC.33.1*,LP.8*,MK.3*	2025-01-26	2025-02-15	373873.0	0.122374	3055174.0	642.0	115.0	1422	2025-04-01
22895	G22895C, T22896G	S	V445R	MC.19.1*,MC.32.1*,NZ.1*,MC.33.1*,LP.8*,MK.3*	2025-01-05	2025-01-25	178534.0	0.114725	1556196.0	453.0	51.0	1197	2025-04-01
22895	G22895C, T22896C	S	V445P	LB.1.3.1*,LP.1.2.1*,PA.1*,LK.1*,JN.1.50*,LF.7.8*,KP.2.28.1*,LB.1.10*,LF.7.9*,NC.1.2*,LP.9*,NS.1.1*,MU.5*,JN.1.1.8*,MU.2.1.1*,KP.2.3.4*,NN.1*,LF.3.1*,MA.1.1.1*,LF.7.7.2*	2025-01-05	2025-01-25	64389.0	0.041376	1556196.0	319.0	16.0	1197	2025-04-01
22895	G22895C, T22896C	S	V445P	LB.1.3.1*,LP.1.2.1*,PA.1*,LK.1*,JN.1.50*,LF.7.8*,KP.2.28.1*,LB.1.10*,LF.7.9*,NC.1.2*,LP.9*,NS.1.1*,MU.5*,JN.1.1.8*,MU.2.1.1*,KP.2.3.4*,NN.1*,LF.3.1*,MA.1.1.1*,LF.7.7.2*	2025-01-26	2025-02-15	105584.0	0.034559	3055174.0	346.0	24.0	1422	2025-04-01
22926	T22926C	S	L455S		2025-01-26	2025-02-15	1504742.0	0.771556	1950269.0	1073.0	354.0	1422	2025-04-01
22926	T22926C	S	L455S		2025-01-05	2025-01-25	1026583.0	0.902165	1137911.0	942.0	286.0	1197	2025-04-01
22928	T22928C	S	F456L	JN.1.16*,KS.1*,JN.1.39.1*,MD.1*,LZ.2.1*,JN.1.50*,LE.1.3.1*,JN.1.18.9*,LF.6*,JN.1.67.1*,JN.1.51.1*,NS.3*,XDK.1.2*,LR.3*,XDR.1.1*,XDK.3*,KW.1.1*,XDK.4.1*,LN.1.1*,LR.1*,LF.8*,LQ.1*,XDK.6*,JN.1.55.1*,JN.1.62*,JN.1.48*,KU.2*,JN.1.7.8*,MD.3.1*,XDK.5*,XDV.1*,LM.1*,JN.1.55.2*,JN.1.1.8*,JN.1.29.1*,JN.1.18.5*,XDD.3*,JN.1.4.9*,JN.1.15.1*,JN.1.18.4*,JN.1.65.1*,KR.1*,KR.3*,LZ.2.2*,LZ.1*,JN.1.11.1*,JN.1.7.9*,LL.1*,JN.1.1.6*,KR.5*	2025-01-05	2025-01-25	1020995.0	0.964632	1058429.0	941.0	285.0	1197	2025-04-01
22928	T22928C	S	F456L	JN.1.16*,KS.1*,JN.1.39.1*,MD.1*,LZ.2.1*,JN.1.50*,LE.1.3.1*,JN.1.18.9*,LF.6*,JN.1.67.1*,JN.1.51.1*,NS.3*,XDK.1.2*,LR.3*,XDR.1.1*,XDK.3*,KW.1.1*,XDK.4.1*,LN.1.1*,LR.1*,LF.8*,LQ.1*,XDK.6*,JN.1.55.1*,JN.1.62*,JN.1.48*,KU.2*,JN.1.7.8*,MD.3.1*,XDK.5*,XDV.1*,LM.1*,JN.1.55.2*,JN.1.1.8*,JN.1.29.1*,JN.1.18.5*,XDD.3*,JN.1.4.9*,JN.1.15.1*,JN.1.18.4*,JN.1.65.1*,KR.1*,KR.3*,LZ.2.2*,LZ.1*,JN.1.11.1*,JN.1.7.9*,LL.1*,JN.1.1.6*,KR.5*	2025-01-26	2025-02-15	1508658.0	0.978023	1542559.0	1068.0	354.0	1422	2025-04-01
22986	C22986T	S	A475V	LP.8.1.9*,LP.8.2.1*,LF.7.2.1*,LF.7.3.1*,LF.7.1.2*,LF.7.9*,LP.10.1*,KP.2.3.1*,NY.6*	2025-01-26	2025-02-15	36720.0	0.023476	1564138.0	244.0	8.0	1422	2025-04-01
22986	C22986T	S	A475V	LP.8.1.9*,LP.8.2.1*,LF.7.2.1*,LF.7.3.1*,LF.7.1.2*,LF.7.9*,LP.10.1*,KP.2.3.1*,NY.6*	2025-01-05	2025-01-25	12793.0	0.011755	1088265.0	177.0	3.0	1197	2025-04-01
23039	C23039G	S	Q493E	XEQ*,KP.3*,XEF*,XDY.6*,XET*,KP.3.4*,JN.1.16.5*,JN.1.16.4*,XDY.2*,XDY.7*,XDY.4*,XDY*,LP.8*,XDY.1*,XDY.3*,XDY.5*	2025-01-26	2025-02-15	2575281.0	0.792846	3248146.0	1032.0	401.0	1422	2025-04-01
23039	C23039G	S	Q493E	XEQ*,KP.3*,XEF*,XDY.6*,XET*,KP.3.4*,JN.1.16.5*,JN.1.16.4*,XDY.2*,XDY.7*,XDY.4*,XDY*,LP.8*,XDY.1*,XDY.3*,XDY.5*	2025-01-05	2025-01-25	2116254.0	0.773051	2737534.0	918.0	302.0	1197	2025-04-01
23277	C23277T	S	T572I	XEC.4*,MC.1*,KP.2.2.2*,MH.1*,KP.2.3.8*,JN.1.1.1*,JN.1.7*,LD.1*,MC.30.1.1*,MC.6.1*,NL.5.1*,KP.2.15.1*,KV.2*,JN.1.32*,JN.1.9.1*,LF.7.7*,XFB*,JN.1.65*,LB.1.2.2*,XDV.1.3*,JN.1.62*,MZ.5*,MU.1*,NB.1.3.1*,XDY.1.1*,KP.2.27*,KP.1.2*,XDK*,MC.26.1*,MC.13.4*,MG.1*,KP.2.3.6*,MC.8.1*,LP.4*,JN.1.16.3*,XDD.3*,XFA*,KW.1*,XEC.21*,XDY.5.1*,XEF.3*,LZ.3*,KP.2.14.1*,KP.5*,KP.2.9*,JN.1.4.3*,JN.1.47.2*	2025-01-05	2025-01-25	2560031.0	0.08877	28838791.0	714.0	254.0	1197	2025-04-01
23277	C23277T	S	T572I	XEC.4*,MC.1*,KP.2.2.2*,MH.1*,KP.2.3.8*,JN.1.1.1*,JN.1.7*,LD.1*,MC.30.1.1*,MC.6.1*,NL.5.1*,KP.2.15.1*,KV.2*,JN.1.32*,JN.1.9.1*,LF.7.7*,XFB*,JN.1.65*,LB.1.2.2*,XDV.1.3*,JN.1.62*,MZ.5*,MU.1*,NB.1.3.1*,XDY.1.1*,KP.2.27*,KP.1.2*,XDK*,MC.26.1*,MC.13.4*,MG.1*,KP.2.3.6*,MC.8.1*,LP.4*,JN.1.16.3*,XDD.3*,XFA*,KW.1*,XEC.21*,XDY.5.1*,XEF.3*,LZ.3*,KP.2.14.1*,KP.5*,KP.2.9*,JN.1.4.3*,JN.1.47.2*	2025-01-26	2025-02-15	6739626.0	0.073179	92097804.0	997.0	268.0	1422	2025-04-01
24819	A24819G	S	K1086R	KP.1.1*,KP.1*	2025-01-26	2025-02-15	4468940.0	0.201914	22132930.0	836.0	237.0	1422	2025-04-01
24819	A24819G	S	K1086R	KP.1.1*,KP.1*	2025-01-05	2025-01-25	5132742.0	0.121997	42072602.0	767.0	200.0	1197	2025-04-01
24872	G24872T	S	V1104L	XEQ*,XEF*,XDY.6*,LB.1.1*,XDY.2*,XDY.7*,XDY.4*,JN.1.11*,XDY*,XDY.1*,XDY.3*,XDY.5*	2025-01-05	2025-01-25	37762623.0	0.854592	44187910.0	998.0	668.0	1197	2025-04-01
24872	G24872T	S	V1104L	XEQ*,XEF*,XDY.6*,LB.1.1*,XDY.2*,XDY.7*,XDY.4*,JN.1.11*,XDY*,XDY.1*,XDY.3*,XDY.5*	2025-01-26	2025-02-15	19497609.0	0.828708	23527718.0	1120.0	731.0	1422	2025-04-01
25925	C25925T	ORF3a	P178L	LP.8*,LP.11*	2025-01-05	2025-01-25	249499.0	0.156256	1596731.0	481.0	74.0	1197	2025-04-01
25925	C25925T	ORF3a	P178L	LP.8*,LP.11*	2025-01-26	2025-02-15	761666.0	0.244181	3119273.0	754.0	191.0	1422	2025-04-01
27476	C27476T	ORF7a	T28I	LB.1.3.1*,JN.1.8*,JN.1.8.1*	2025-01-26	2025-02-15	1027088.0	0.034685	29612059.0	814.0	92.0	1422	2025-04-01
27476	C27476T	ORF7a	T28I	LB.1.3.1*,JN.1.8*,JN.1.8.1*	2025-01-05	2025-01-25	1332526.0	0.039536	33703986.0	686.0	103.0	1197	2025-04-01
27810	T27810C	ORF7b	F19L		2025-01-05	2025-01-25	31253817.0	0.729513	42842001.0	1089.0	758.0	1197	2025-04-01
27810	T27810C	ORF7b	F19L		2025-01-26	2025-02-15	34585031.0	0.72807	47502320.0	1267.0	850.0	1422	2025-04-01
28883	G28883C, G28884C	N	G204P	XEP*,MC.24.1*,KP.3.3*	2025-01-26	2025-02-15	11226609.0	0.402918	27863255.0	1208.0	755.0	1422	2025-04-01
28883	G28883C, G28884C	N	G204P	XEP*,MC.24.1*,KP.3.3*	2025-01-05	2025-01-25	10040995.0	0.456453	21997853.0	1089.0	738.0	1197	2025-04-01
28892	C28892A	N	P207T		2025-01-05	2025-01-25	14750.0	0.000697	21175791.0	922.0	0.0	1197	2025-04-01
28892	C28892A	N	P207T		2025-01-26	2025-02-15	1121458.0	0.040171	27917399.0	1109.0	294.0	1422	2025-04-01
29409	C29409T	N	T379I	LB.1.3.1*,NS.3*,MC.10.1.3*,XDS*,NT.1*,XEC.2.3*	2025-01-05	2025-01-25	8017280.0	0.029071	275781697.0	873.0	130.0	1197	2025-04-01
29409	C29409T	N	T379I	LB.1.3.1*,NS.3*,MC.10.1.3*,XDS*,NT.1*,XEC.2.3*	2025-01-26	2025-02-15	6149306.0	0.028606	214965192.0	959.0	167.0	1422	2025-04-01
